solid OpenSCAD_Model
  facet normal 0.989169 0.146779 -1.82306e-20
    outer loop
      vertex 26.0634 4 17
      vertex 25.8927 5.15038 -17
      vertex 25.8927 5.15038 17
    endloop
  endfacet
  facet normal 0.989169 0.146779 -1.82306e-20
    outer loop
      vertex 25.8927 5.15038 -17
      vertex 26.0634 4 17
      vertex 26.0634 4 -17
    endloop
  endfacet
  facet normal 0.970032 0.242977 -1.07407e-18
    outer loop
      vertex 25.8927 5.15038 17
      vertex 25.2632 7.66352 -17
      vertex 25.2632 7.66352 17
    endloop
  endfacet
  facet normal 0.970032 0.242977 -1.07407e-18
    outer loop
      vertex 25.2632 7.66352 -17
      vertex 25.8927 5.15038 17
      vertex 25.8927 5.15038 -17
    endloop
  endfacet
  facet normal 0.989169 -0.146779 1.82306e-20
    outer loop
      vertex 25.8927 -5.15038 17
      vertex 26.0634 -4 -17
      vertex 26.0634 -4 17
    endloop
  endfacet
  facet normal 0.989169 -0.146779 1.82306e-20
    outer loop
      vertex 26.0634 -4 -17
      vertex 25.8927 -5.15038 17
      vertex 25.8927 -5.15038 -17
    endloop
  endfacet
  facet normal 0.803208 0.595699 2.28277e-18
    outer loop
      vertex 21.9508 14.6671 17
      vertex 20.4075 16.748 -17
      vertex 20.4075 16.748 17
    endloop
  endfacet
  facet normal 0.803208 0.595699 2.28277e-18
    outer loop
      vertex 20.4075 16.748 -17
      vertex 21.9508 14.6671 17
      vertex 21.9508 14.6671 -17
    endloop
  endfacet
  facet normal 0.595699 0.803208 -0
    outer loop
      vertex 16.748 20.4075 -17
      vertex 14.6671 21.9508 17
      vertex 16.748 20.4075 17
    endloop
  endfacet
  facet normal 0.595699 0.803208 0
    outer loop
      vertex 14.6671 21.9508 17
      vertex 16.748 20.4075 -17
      vertex 14.6671 21.9508 -17
    endloop
  endfacet
  facet normal 0.426961 0.90427 -0
    outer loop
      vertex 12.4449 23.2827 -17
      vertex 12.4 23.3039 17
      vertex 12.4449 23.2827 17
    endloop
  endfacet
  facet normal 0.426961 0.90427 0
    outer loop
      vertex 12.4 23.3039 17
      vertex 12.4449 23.2827 -17
      vertex 12.4 23.3039 -17
    endloop
  endfacet
  facet normal 0.941543 0.336894 -5.76313e-19
    outer loop
      vertex 25.2632 7.66352 17
      vertex 24.3904 10.1028 -17
      vertex 24.3904 10.1028 17
    endloop
  endfacet
  facet normal 0.941543 0.336894 -5.76313e-19
    outer loop
      vertex 24.3904 10.1028 -17
      vertex 25.2632 7.66352 17
      vertex 25.2632 7.66352 -17
    endloop
  endfacet
  facet normal 0.740937 -0.671575 1.16164e-18
    outer loop
      vertex 18.6676 -18.6676 17
      vertex 20.4075 -16.748 -17
      vertex 20.4075 -16.748 17
    endloop
  endfacet
  facet normal 0.740937 -0.671575 1.16164e-18
    outer loop
      vertex 20.4075 -16.748 -17
      vertex 18.6676 -18.6676 17
      vertex 18.6676 -18.6676 -17
    endloop
  endfacet
  facet normal 0.941543 -0.336894 5.76313e-19
    outer loop
      vertex 24.3904 -10.1028 17
      vertex 25.2632 -7.66352 -17
      vertex 25.2632 -7.66352 17
    endloop
  endfacet
  facet normal 0.941543 -0.336894 5.76313e-19
    outer loop
      vertex 25.2632 -7.66352 -17
      vertex 24.3904 -10.1028 17
      vertex 24.3904 -10.1028 -17
    endloop
  endfacet
  facet normal 0.803208 -0.595699 -2.28277e-18
    outer loop
      vertex 20.4075 -16.748 17
      vertex 21.9508 -14.6671 -17
      vertex 21.9508 -14.6671 17
    endloop
  endfacet
  facet normal 0.803208 -0.595699 -2.28277e-18
    outer loop
      vertex 21.9508 -14.6671 -17
      vertex 20.4075 -16.748 17
      vertex 20.4075 -16.748 -17
    endloop
  endfacet
  facet normal 0.903994 0.427545 1.86836e-18
    outer loop
      vertex 24.3904 10.1028 17
      vertex 23.2827 12.4449 -17
      vertex 23.2827 12.4449 17
    endloop
  endfacet
  facet normal 0.903994 0.427545 1.86836e-18
    outer loop
      vertex 23.2827 12.4449 -17
      vertex 24.3904 10.1028 17
      vertex 24.3904 10.1028 -17
    endloop
  endfacet
  facet normal 0.514093 0.857735 -0
    outer loop
      vertex 14.6671 21.9508 -17
      vertex 12.4449 23.2827 17
      vertex 14.6671 21.9508 17
    endloop
  endfacet
  facet normal 0.514093 0.857735 0
    outer loop
      vertex 12.4449 23.2827 17
      vertex 14.6671 21.9508 -17
      vertex 12.4449 23.2827 -17
    endloop
  endfacet
  facet normal 0.514093 -0.857735 0
    outer loop
      vertex 12.4449 -23.2827 -17
      vertex 14.6671 -21.9508 17
      vertex 12.4449 -23.2827 17
    endloop
  endfacet
  facet normal 0.514093 -0.857735 0
    outer loop
      vertex 14.6671 -21.9508 17
      vertex 12.4449 -23.2827 -17
      vertex 14.6671 -21.9508 -17
    endloop
  endfacet
  facet normal 0.426961 -0.90427 0
    outer loop
      vertex 12.4 -23.3039 -17
      vertex 12.4449 -23.2827 17
      vertex 12.4 -23.3039 17
    endloop
  endfacet
  facet normal 0.426961 -0.90427 0
    outer loop
      vertex 12.4449 -23.2827 17
      vertex 12.4 -23.3039 -17
      vertex 12.4449 -23.2827 -17
    endloop
  endfacet
  facet normal 0.671575 0.740937 -0
    outer loop
      vertex 18.6676 18.6676 -17
      vertex 16.748 20.4075 17
      vertex 18.6676 18.6676 17
    endloop
  endfacet
  facet normal 0.671575 0.740937 0
    outer loop
      vertex 16.748 20.4075 17
      vertex 18.6676 18.6676 -17
      vertex 16.748 20.4075 -17
    endloop
  endfacet
  facet normal 0.970032 -0.242977 1.07407e-18
    outer loop
      vertex 25.2632 -7.66352 17
      vertex 25.8927 -5.15038 -17
      vertex 25.8927 -5.15038 17
    endloop
  endfacet
  facet normal 0.970032 -0.242977 1.07407e-18
    outer loop
      vertex 25.8927 -5.15038 -17
      vertex 25.2632 -7.66352 17
      vertex 25.2632 -7.66352 -17
    endloop
  endfacet
  facet normal 0.857735 0.514093 -7.19683e-19
    outer loop
      vertex 23.2827 12.4449 17
      vertex 21.9508 14.6671 -17
      vertex 21.9508 14.6671 17
    endloop
  endfacet
  facet normal 0.857735 0.514093 -7.19683e-19
    outer loop
      vertex 21.9508 14.6671 -17
      vertex 23.2827 12.4449 17
      vertex 23.2827 12.4449 -17
    endloop
  endfacet
  facet normal 0.671575 -0.740937 0
    outer loop
      vertex 16.748 -20.4075 -17
      vertex 18.6676 -18.6676 17
      vertex 16.748 -20.4075 17
    endloop
  endfacet
  facet normal 0.671575 -0.740937 0
    outer loop
      vertex 18.6676 -18.6676 17
      vertex 16.748 -20.4075 -17
      vertex 18.6676 -18.6676 -17
    endloop
  endfacet
  facet normal 0.740937 0.671575 -1.16164e-18
    outer loop
      vertex 20.4075 16.748 17
      vertex 18.6676 18.6676 -17
      vertex 18.6676 18.6676 17
    endloop
  endfacet
  facet normal 0.740937 0.671575 -1.16164e-18
    outer loop
      vertex 18.6676 18.6676 -17
      vertex 20.4075 16.748 17
      vertex 20.4075 16.748 -17
    endloop
  endfacet
  facet normal 0.595699 -0.803208 0
    outer loop
      vertex 14.6671 -21.9508 -17
      vertex 16.748 -20.4075 17
      vertex 14.6671 -21.9508 17
    endloop
  endfacet
  facet normal 0.595699 -0.803208 0
    outer loop
      vertex 16.748 -20.4075 17
      vertex 14.6671 -21.9508 -17
      vertex 16.748 -20.4075 -17
    endloop
  endfacet
  facet normal 0.857735 -0.514093 7.19683e-19
    outer loop
      vertex 21.9508 -14.6671 17
      vertex 23.2827 -12.4449 -17
      vertex 23.2827 -12.4449 17
    endloop
  endfacet
  facet normal 0.857735 -0.514093 7.19683e-19
    outer loop
      vertex 23.2827 -12.4449 -17
      vertex 21.9508 -14.6671 17
      vertex 21.9508 -14.6671 -17
    endloop
  endfacet
  facet normal 0.903994 -0.427545 -1.86836e-18
    outer loop
      vertex 23.2827 -12.4449 17
      vertex 24.3904 -10.1028 -17
      vertex 24.3904 -10.1028 17
    endloop
  endfacet
  facet normal 0.903994 -0.427545 -1.86836e-18
    outer loop
      vertex 24.3904 -10.1028 -17
      vertex 23.2827 -12.4449 17
      vertex 23.2827 -12.4449 -17
    endloop
  endfacet
  facet normal -0 0 1
    outer loop
      vertex 26.0634 4 17
      vertex 46 2.5 17
      vertex 46 4 17
    endloop
  endfacet
  facet normal 0 0 1
    outer loop
      vertex 19.0272 3.78475 17
      vertex 25.8927 5.15038 17
      vertex 25.2632 7.66352 17
    endloop
  endfacet
  facet normal 0 0 1
    outer loop
      vertex 26.0634 4 17
      vertex 25.05 2.5 17
      vertex 46 2.5 17
    endloop
  endfacet
  facet normal 0 0 1
    outer loop
      vertex 25.8927 5.15038 17
      vertex 25.05 2.5 17
      vertex 26.0634 4 17
    endloop
  endfacet
  facet normal 0 -0 1
    outer loop
      vertex 19.0272 3.78475 17
      vertex 25.2632 7.66352 17
      vertex 18.5646 5.63152 17
    endloop
  endfacet
  facet normal 0 0 1
    outer loop
      vertex 18.5646 5.63152 17
      vertex 25.2632 7.66352 17
      vertex 24.3904 10.1028 17
    endloop
  endfacet
  facet normal 0 0 1
    outer loop
      vertex 46 -2.5 17
      vertex 26.0634 -4 17
      vertex 46 -4 17
    endloop
  endfacet
  facet normal 0 0 1
    outer loop
      vertex 25.05 -2.5 17
      vertex 25.8927 -5.15038 17
      vertex 26.0634 -4 17
    endloop
  endfacet
  facet normal -0 0 1
    outer loop
      vertex 25.05 -2.5 17
      vertex 26.0634 -4 17
      vertex 46 -2.5 17
    endloop
  endfacet
  facet normal -0 0 1
    outer loop
      vertex 19.0272 -3.78475 17
      vertex 25.8927 -5.15038 17
      vertex 25.05 -2.5 17
    endloop
  endfacet
  facet normal 0 -0 1
    outer loop
      vertex 19.3066 1.90153 17
      vertex 25.05 2.5 17
      vertex 19.0272 3.78475 17
    endloop
  endfacet
  facet normal -0 0 1
    outer loop
      vertex 19.3066 -1.90153 17
      vertex 25.05 -2.5 17
      vertex 19.4 0 17
    endloop
  endfacet
  facet normal 0 0 1
    outer loop
      vertex 17.9233 7.42406 17
      vertex 24.3904 10.1028 17
      vertex 23.2827 12.4449 17
    endloop
  endfacet
  facet normal 0 0 1
    outer loop
      vertex 19.0272 -3.78475 17
      vertex 25.05 -2.5 17
      vertex 19.3066 -1.90153 17
    endloop
  endfacet
  facet normal 0 0 1
    outer loop
      vertex 17.1093 9.1451 17
      vertex 23.2827 12.4449 17
      vertex 21.9508 14.6671 17
    endloop
  endfacet
  facet normal 0 0 1
    outer loop
      vertex 25.8927 -5.15038 17
      vertex 19.0272 -3.78475 17
      vertex 25.2632 -7.66352 17
    endloop
  endfacet
  facet normal 0 0 1
    outer loop
      vertex 16.1305 10.7781 17
      vertex 21.9508 14.6671 17
      vertex 20.4075 16.748 17
    endloop
  endfacet
  facet normal -0 0 1
    outer loop
      vertex 18.5646 -5.63152 17
      vertex 25.2632 -7.66352 17
      vertex 19.0272 -3.78475 17
    endloop
  endfacet
  facet normal 0 0 1
    outer loop
      vertex 25.2632 -7.66352 17
      vertex 18.5646 -5.63152 17
      vertex 24.3904 -10.1028 17
    endloop
  endfacet
  facet normal 0 0 1
    outer loop
      vertex 25.05 2.5 17
      vertex 19.4 0 17
      vertex 25.05 -2.5 17
    endloop
  endfacet
  facet normal 0 -0 1
    outer loop
      vertex 19.4 0 17
      vertex 25.05 2.5 17
      vertex 19.3066 1.90153 17
    endloop
  endfacet
  facet normal 0 0 1
    outer loop
      vertex 14.9964 12.3072 17
      vertex 20.4075 16.748 17
      vertex 18.6676 18.6676 17
    endloop
  endfacet
  facet normal 0 0 1
    outer loop
      vertex 25.8927 5.15038 17
      vertex 19.0272 3.78475 17
      vertex 25.05 2.5 17
    endloop
  endfacet
  facet normal 0 0 1
    outer loop
      vertex 24.3904 10.1028 17
      vertex 17.9233 7.42406 17
      vertex 18.5646 5.63152 17
    endloop
  endfacet
  facet normal 0 0 1
    outer loop
      vertex 23.2827 12.4449 17
      vertex 17.1093 9.1451 17
      vertex 17.9233 7.42406 17
    endloop
  endfacet
  facet normal 0 0 1
    outer loop
      vertex 13.7179 13.7179 17
      vertex 18.6676 18.6676 17
      vertex 16.748 20.4075 17
    endloop
  endfacet
  facet normal 0 0 1
    outer loop
      vertex 21.9508 14.6671 17
      vertex 16.1305 10.7781 17
      vertex 17.1093 9.1451 17
    endloop
  endfacet
  facet normal 0 0 1
    outer loop
      vertex 20.4075 16.748 17
      vertex 14.9964 12.3072 17
      vertex 16.1305 10.7781 17
    endloop
  endfacet
  facet normal 0 0 1
    outer loop
      vertex 12.3072 14.9964 17
      vertex 16.748 20.4075 17
      vertex 14.6671 21.9508 17
    endloop
  endfacet
  facet normal 0 0 1
    outer loop
      vertex 18.6676 18.6676 17
      vertex 13.7179 13.7179 17
      vertex 14.9964 12.3072 17
    endloop
  endfacet
  facet normal 0 0 1
    outer loop
      vertex 10.7781 16.1305 17
      vertex 14.6671 21.9508 17
      vertex 12.4449 23.2827 17
    endloop
  endfacet
  facet normal 0 0 1
    outer loop
      vertex 9.1451 17.1093 17
      vertex 12.4449 23.2827 17
      vertex 12.4 23.3039 17
    endloop
  endfacet
  facet normal 0 0 1
    outer loop
      vertex 16.748 20.4075 17
      vertex 12.3072 14.9964 17
      vertex 13.7179 13.7179 17
    endloop
  endfacet
  facet normal -0 0 1
    outer loop
      vertex 0 42.4 17
      vertex 12.4 23.3039 17
      vertex 12.4 42.4 17
    endloop
  endfacet
  facet normal 0 0 1
    outer loop
      vertex 14.6671 21.9508 17
      vertex 10.7781 16.1305 17
      vertex 12.3072 14.9964 17
    endloop
  endfacet
  facet normal 0 0 1
    outer loop
      vertex 12.4449 23.2827 17
      vertex 9.1451 17.1093 17
      vertex 10.7781 16.1305 17
    endloop
  endfacet
  facet normal 0 0 1
    outer loop
      vertex 12.4 23.3039 17
      vertex 7.42406 17.9233 17
      vertex 9.1451 17.1093 17
    endloop
  endfacet
  facet normal 0 0 1
    outer loop
      vertex 12.4 23.3039 17
      vertex 5.63152 18.5646 17
      vertex 7.42406 17.9233 17
    endloop
  endfacet
  facet normal 0 0 1
    outer loop
      vertex 12.4 23.3039 17
      vertex 3.78475 19.0272 17
      vertex 5.63152 18.5646 17
    endloop
  endfacet
  facet normal 0 -0 1
    outer loop
      vertex 1.90153 19.3066 17
      vertex 12.4 23.3039 17
      vertex 0 42.4 17
    endloop
  endfacet
  facet normal 0 0 1
    outer loop
      vertex 12.4 23.3039 17
      vertex 1.90153 19.3066 17
      vertex 3.78475 19.0272 17
    endloop
  endfacet
  facet normal 0 0 1
    outer loop
      vertex 1.90153 19.3066 17
      vertex 0 42.4 17
      vertex 0 19.4 17
    endloop
  endfacet
  facet normal -0 0 1
    outer loop
      vertex 17.9233 -7.42406 17
      vertex 24.3904 -10.1028 17
      vertex 18.5646 -5.63152 17
    endloop
  endfacet
  facet normal 0 0 1
    outer loop
      vertex 24.3904 -10.1028 17
      vertex 17.9233 -7.42406 17
      vertex 23.2827 -12.4449 17
    endloop
  endfacet
  facet normal -0 0 1
    outer loop
      vertex 17.1093 -9.1451 17
      vertex 23.2827 -12.4449 17
      vertex 17.9233 -7.42406 17
    endloop
  endfacet
  facet normal 0 0 1
    outer loop
      vertex 23.2827 -12.4449 17
      vertex 17.1093 -9.1451 17
      vertex 21.9508 -14.6671 17
    endloop
  endfacet
  facet normal -0 0 1
    outer loop
      vertex 16.1305 -10.7781 17
      vertex 21.9508 -14.6671 17
      vertex 17.1093 -9.1451 17
    endloop
  endfacet
  facet normal 0 0 1
    outer loop
      vertex 21.9508 -14.6671 17
      vertex 16.1305 -10.7781 17
      vertex 20.4075 -16.748 17
    endloop
  endfacet
  facet normal -0 0 1
    outer loop
      vertex 14.9964 -12.3072 17
      vertex 20.4075 -16.748 17
      vertex 16.1305 -10.7781 17
    endloop
  endfacet
  facet normal 0 0 1
    outer loop
      vertex 20.4075 -16.748 17
      vertex 14.9964 -12.3072 17
      vertex 18.6676 -18.6676 17
    endloop
  endfacet
  facet normal -0 0 1
    outer loop
      vertex 13.7179 -13.7179 17
      vertex 18.6676 -18.6676 17
      vertex 14.9964 -12.3072 17
    endloop
  endfacet
  facet normal 0 0 1
    outer loop
      vertex 18.6676 -18.6676 17
      vertex 13.7179 -13.7179 17
      vertex 16.748 -20.4075 17
    endloop
  endfacet
  facet normal -0 0 1
    outer loop
      vertex 12.3072 -14.9964 17
      vertex 16.748 -20.4075 17
      vertex 13.7179 -13.7179 17
    endloop
  endfacet
  facet normal 0 0 1
    outer loop
      vertex 16.748 -20.4075 17
      vertex 12.3072 -14.9964 17
      vertex 14.6671 -21.9508 17
    endloop
  endfacet
  facet normal -0 0 1
    outer loop
      vertex 10.7781 -16.1305 17
      vertex 14.6671 -21.9508 17
      vertex 12.3072 -14.9964 17
    endloop
  endfacet
  facet normal 0 0 1
    outer loop
      vertex 14.6671 -21.9508 17
      vertex 10.7781 -16.1305 17
      vertex 12.4449 -23.2827 17
    endloop
  endfacet
  facet normal -0 0 1
    outer loop
      vertex 9.1451 -17.1093 17
      vertex 12.4449 -23.2827 17
      vertex 10.7781 -16.1305 17
    endloop
  endfacet
  facet normal 0 0 1
    outer loop
      vertex 12.4449 -23.2827 17
      vertex 9.1451 -17.1093 17
      vertex 12.4 -23.3039 17
    endloop
  endfacet
  facet normal -0 0 1
    outer loop
      vertex 7.42406 -17.9233 17
      vertex 12.4 -23.3039 17
      vertex 9.1451 -17.1093 17
    endloop
  endfacet
  facet normal -0 0 1
    outer loop
      vertex 5.63152 -18.5646 17
      vertex 12.4 -23.3039 17
      vertex 7.42406 -17.9233 17
    endloop
  endfacet
  facet normal -0 0 1
    outer loop
      vertex 3.78475 -19.0272 17
      vertex 12.4 -23.3039 17
      vertex 5.63152 -18.5646 17
    endloop
  endfacet
  facet normal -0 0 1
    outer loop
      vertex 1.90153 -19.3066 17
      vertex 12.4 -23.3039 17
      vertex 3.78475 -19.0272 17
    endloop
  endfacet
  facet normal 0 0 1
    outer loop
      vertex 12.4 -23.3039 17
      vertex 1.90153 -19.3066 17
      vertex 0 -42.4 17
    endloop
  endfacet
  facet normal 0 0 1
    outer loop
      vertex 0 -42.4 17
      vertex 1.90153 -19.3066 17
      vertex 0 -19.4 17
    endloop
  endfacet
  facet normal 0 0 1
    outer loop
      vertex 12.4 -23.3039 17
      vertex 0 -42.4 17
      vertex 12.4 -42.4 17
    endloop
  endfacet
  facet normal 0 0 -1
    outer loop
      vertex 0 -42.4 -17
      vertex 12.4 -23.3039 -17
      vertex 12.4 -42.4 -17
    endloop
  endfacet
  facet normal 0 0 -1
    outer loop
      vertex 12.4 -23.3039 -17
      vertex 10.7781 -16.1305 -17
      vertex 12.3072 -14.9964 -17
    endloop
  endfacet
  facet normal 0 0 -1
    outer loop
      vertex 12.4 -23.3039 -17
      vertex 9.1451 -17.1093 -17
      vertex 10.7781 -16.1305 -17
    endloop
  endfacet
  facet normal 0 0 -1
    outer loop
      vertex 12.4 -23.3039 -17
      vertex 7.42406 -17.9233 -17
      vertex 9.1451 -17.1093 -17
    endloop
  endfacet
  facet normal 0 0 -1
    outer loop
      vertex 12.4 -23.3039 -17
      vertex 5.63152 -18.5646 -17
      vertex 7.42406 -17.9233 -17
    endloop
  endfacet
  facet normal 0 0 -1
    outer loop
      vertex 12.4 -23.3039 -17
      vertex 3.78475 -19.0272 -17
      vertex 5.63152 -18.5646 -17
    endloop
  endfacet
  facet normal 0 -0 -1
    outer loop
      vertex 1.90153 -19.3066 -17
      vertex 12.4 -23.3039 -17
      vertex 0 -42.4 -17
    endloop
  endfacet
  facet normal 0 0 -1
    outer loop
      vertex 12.4 -23.3039 -17
      vertex 1.90153 -19.3066 -17
      vertex 3.78475 -19.0272 -17
    endloop
  endfacet
  facet normal 0 0 -1
    outer loop
      vertex 1.90153 -19.3066 -17
      vertex 0 -42.4 -17
      vertex 0 -19.4 -17
    endloop
  endfacet
  facet normal 0 0 -1
    outer loop
      vertex 26.0634 -4 -17
      vertex 46 4 -17
      vertex 46 -4 -17
    endloop
  endfacet
  facet normal 0 0 -1
    outer loop
      vertex 26.0634 -4 -17
      vertex 26.0634 4 -17
      vertex 46 4 -17
    endloop
  endfacet
  facet normal 0 0 -1
    outer loop
      vertex 19.0272 -3.78475 -17
      vertex 26.0634 -4 -17
      vertex 25.8927 -5.15038 -17
    endloop
  endfacet
  facet normal 0 0 -1
    outer loop
      vertex 26.0634 -4 -17
      vertex 19.4 0 -17
      vertex 26.0634 4 -17
    endloop
  endfacet
  facet normal 0 0 -1
    outer loop
      vertex 19.0272 -3.78475 -17
      vertex 25.8927 -5.15038 -17
      vertex 25.2632 -7.66352 -17
    endloop
  endfacet
  facet normal 0 0 -1
    outer loop
      vertex 19.3066 1.90153 -17
      vertex 26.0634 4 -17
      vertex 19.4 0 -17
    endloop
  endfacet
  facet normal 0 0 -1
    outer loop
      vertex 18.5646 -5.63152 -17
      vertex 25.2632 -7.66352 -17
      vertex 24.3904 -10.1028 -17
    endloop
  endfacet
  facet normal 0 0 -1
    outer loop
      vertex 19.0272 3.78475 -17
      vertex 26.0634 4 -17
      vertex 19.3066 1.90153 -17
    endloop
  endfacet
  facet normal 0 0 -1
    outer loop
      vertex 17.9233 -7.42406 -17
      vertex 24.3904 -10.1028 -17
      vertex 23.2827 -12.4449 -17
    endloop
  endfacet
  facet normal -0 0 -1
    outer loop
      vertex 26.0634 4 -17
      vertex 19.0272 3.78475 -17
      vertex 25.8927 5.15038 -17
    endloop
  endfacet
  facet normal 0 0 -1
    outer loop
      vertex 17.1093 -9.1451 -17
      vertex 23.2827 -12.4449 -17
      vertex 21.9508 -14.6671 -17
    endloop
  endfacet
  facet normal -0 0 -1
    outer loop
      vertex 25.8927 5.15038 -17
      vertex 19.0272 3.78475 -17
      vertex 25.2632 7.66352 -17
    endloop
  endfacet
  facet normal 0 0 -1
    outer loop
      vertex 16.1305 -10.7781 -17
      vertex 21.9508 -14.6671 -17
      vertex 20.4075 -16.748 -17
    endloop
  endfacet
  facet normal 0 0 -1
    outer loop
      vertex 18.5646 5.63152 -17
      vertex 25.2632 7.66352 -17
      vertex 19.0272 3.78475 -17
    endloop
  endfacet
  facet normal -0 0 -1
    outer loop
      vertex 25.2632 7.66352 -17
      vertex 18.5646 5.63152 -17
      vertex 24.3904 10.1028 -17
    endloop
  endfacet
  facet normal 0 0 -1
    outer loop
      vertex 26.0634 -4 -17
      vertex 19.3066 -1.90153 -17
      vertex 19.4 0 -17
    endloop
  endfacet
  facet normal 0 0 -1
    outer loop
      vertex 26.0634 -4 -17
      vertex 19.0272 -3.78475 -17
      vertex 19.3066 -1.90153 -17
    endloop
  endfacet
  facet normal 0 0 -1
    outer loop
      vertex 14.9964 -12.3072 -17
      vertex 20.4075 -16.748 -17
      vertex 18.6676 -18.6676 -17
    endloop
  endfacet
  facet normal 0 0 -1
    outer loop
      vertex 25.2632 -7.66352 -17
      vertex 18.5646 -5.63152 -17
      vertex 19.0272 -3.78475 -17
    endloop
  endfacet
  facet normal 0 0 -1
    outer loop
      vertex 24.3904 -10.1028 -17
      vertex 17.9233 -7.42406 -17
      vertex 18.5646 -5.63152 -17
    endloop
  endfacet
  facet normal 0 0 -1
    outer loop
      vertex 23.2827 -12.4449 -17
      vertex 17.1093 -9.1451 -17
      vertex 17.9233 -7.42406 -17
    endloop
  endfacet
  facet normal 0 0 -1
    outer loop
      vertex 13.7179 -13.7179 -17
      vertex 18.6676 -18.6676 -17
      vertex 16.748 -20.4075 -17
    endloop
  endfacet
  facet normal 0 0 -1
    outer loop
      vertex 21.9508 -14.6671 -17
      vertex 16.1305 -10.7781 -17
      vertex 17.1093 -9.1451 -17
    endloop
  endfacet
  facet normal 0 0 -1
    outer loop
      vertex 20.4075 -16.748 -17
      vertex 14.9964 -12.3072 -17
      vertex 16.1305 -10.7781 -17
    endloop
  endfacet
  facet normal 0 0 -1
    outer loop
      vertex 12.3072 -14.9964 -17
      vertex 16.748 -20.4075 -17
      vertex 14.6671 -21.9508 -17
    endloop
  endfacet
  facet normal 0 0 -1
    outer loop
      vertex 18.6676 -18.6676 -17
      vertex 13.7179 -13.7179 -17
      vertex 14.9964 -12.3072 -17
    endloop
  endfacet
  facet normal 0 0 -1
    outer loop
      vertex 12.3072 -14.9964 -17
      vertex 14.6671 -21.9508 -17
      vertex 12.4449 -23.2827 -17
    endloop
  endfacet
  facet normal 0 0 -1
    outer loop
      vertex 12.3072 -14.9964 -17
      vertex 12.4449 -23.2827 -17
      vertex 12.4 -23.3039 -17
    endloop
  endfacet
  facet normal 0 0 -1
    outer loop
      vertex 16.748 -20.4075 -17
      vertex 12.3072 -14.9964 -17
      vertex 13.7179 -13.7179 -17
    endloop
  endfacet
  facet normal 0 0 -1
    outer loop
      vertex 17.9233 7.42406 -17
      vertex 24.3904 10.1028 -17
      vertex 18.5646 5.63152 -17
    endloop
  endfacet
  facet normal -0 0 -1
    outer loop
      vertex 24.3904 10.1028 -17
      vertex 17.9233 7.42406 -17
      vertex 23.2827 12.4449 -17
    endloop
  endfacet
  facet normal 0 0 -1
    outer loop
      vertex 17.1093 9.1451 -17
      vertex 23.2827 12.4449 -17
      vertex 17.9233 7.42406 -17
    endloop
  endfacet
  facet normal -0 0 -1
    outer loop
      vertex 23.2827 12.4449 -17
      vertex 17.1093 9.1451 -17
      vertex 21.9508 14.6671 -17
    endloop
  endfacet
  facet normal 0 0 -1
    outer loop
      vertex 16.1305 10.7781 -17
      vertex 21.9508 14.6671 -17
      vertex 17.1093 9.1451 -17
    endloop
  endfacet
  facet normal -0 0 -1
    outer loop
      vertex 21.9508 14.6671 -17
      vertex 16.1305 10.7781 -17
      vertex 20.4075 16.748 -17
    endloop
  endfacet
  facet normal 0 0 -1
    outer loop
      vertex 14.9964 12.3072 -17
      vertex 20.4075 16.748 -17
      vertex 16.1305 10.7781 -17
    endloop
  endfacet
  facet normal -0 0 -1
    outer loop
      vertex 20.4075 16.748 -17
      vertex 14.9964 12.3072 -17
      vertex 18.6676 18.6676 -17
    endloop
  endfacet
  facet normal 0 0 -1
    outer loop
      vertex 13.7179 13.7179 -17
      vertex 18.6676 18.6676 -17
      vertex 14.9964 12.3072 -17
    endloop
  endfacet
  facet normal -0 0 -1
    outer loop
      vertex 18.6676 18.6676 -17
      vertex 13.7179 13.7179 -17
      vertex 16.748 20.4075 -17
    endloop
  endfacet
  facet normal 0 0 -1
    outer loop
      vertex 12.3072 14.9964 -17
      vertex 16.748 20.4075 -17
      vertex 13.7179 13.7179 -17
    endloop
  endfacet
  facet normal -0 0 -1
    outer loop
      vertex 16.748 20.4075 -17
      vertex 12.3072 14.9964 -17
      vertex 14.6671 21.9508 -17
    endloop
  endfacet
  facet normal 0 0 -1
    outer loop
      vertex 10.7781 16.1305 -17
      vertex 14.6671 21.9508 -17
      vertex 12.3072 14.9964 -17
    endloop
  endfacet
  facet normal -0 0 -1
    outer loop
      vertex 14.6671 21.9508 -17
      vertex 10.7781 16.1305 -17
      vertex 12.4449 23.2827 -17
    endloop
  endfacet
  facet normal 0 0 -1
    outer loop
      vertex 9.1451 17.1093 -17
      vertex 12.4449 23.2827 -17
      vertex 10.7781 16.1305 -17
    endloop
  endfacet
  facet normal -0 0 -1
    outer loop
      vertex 12.4449 23.2827 -17
      vertex 9.1451 17.1093 -17
      vertex 12.4 23.3039 -17
    endloop
  endfacet
  facet normal 0 0 -1
    outer loop
      vertex 7.42406 17.9233 -17
      vertex 12.4 23.3039 -17
      vertex 9.1451 17.1093 -17
    endloop
  endfacet
  facet normal 0 0 -1
    outer loop
      vertex 5.63152 18.5646 -17
      vertex 12.4 23.3039 -17
      vertex 7.42406 17.9233 -17
    endloop
  endfacet
  facet normal 0 0 -1
    outer loop
      vertex 3.78475 19.0272 -17
      vertex 12.4 23.3039 -17
      vertex 5.63152 18.5646 -17
    endloop
  endfacet
  facet normal 0 0 -1
    outer loop
      vertex 1.90153 19.3066 -17
      vertex 12.4 23.3039 -17
      vertex 3.78475 19.0272 -17
    endloop
  endfacet
  facet normal -0 0 -1
    outer loop
      vertex 12.4 23.3039 -17
      vertex 1.90153 19.3066 -17
      vertex 0 42.4 -17
    endloop
  endfacet
  facet normal 0 0 -1
    outer loop
      vertex 0 42.4 -17
      vertex 1.90153 19.3066 -17
      vertex 0 19.4 -17
    endloop
  endfacet
  facet normal 0 0 -1
    outer loop
      vertex 12.4 23.3039 -17
      vertex 0 42.4 -17
      vertex 12.4 42.4 -17
    endloop
  endfacet
  facet normal -0.989173 -0.146757 -2.44693e-19
    outer loop
      vertex 19.3066 1.90153 -17
      vertex 19.0272 3.78475 17
      vertex 19.0272 3.78475 -17
    endloop
  endfacet
  facet normal -0.989173 -0.146757 -2.44693e-19
    outer loop
      vertex 19.0272 3.78475 17
      vertex 19.3066 1.90153 -17
      vertex 19.3066 1.90153 17
    endloop
  endfacet
  facet normal -0.998796 -0.0490592 1.10386e-19
    outer loop
      vertex 19.4 0 -17
      vertex 19.3066 1.90153 17
      vertex 19.3066 1.90153 -17
    endloop
  endfacet
  facet normal -0.998796 -0.0490592 1.10386e-19
    outer loop
      vertex 19.3066 1.90153 17
      vertex 19.4 0 -17
      vertex 19.4 0 17
    endloop
  endfacet
  facet normal -0.97003 -0.242984 -8.29526e-19
    outer loop
      vertex 19.0272 3.78475 -17
      vertex 18.5646 5.63152 17
      vertex 18.5646 5.63152 -17
    endloop
  endfacet
  facet normal -0.97003 -0.242984 -8.29526e-19
    outer loop
      vertex 18.5646 5.63152 17
      vertex 19.0272 3.78475 -17
      vertex 19.0272 3.78475 17
    endloop
  endfacet
  facet normal -0.998796 0.0490592 -1.10386e-19
    outer loop
      vertex 19.3066 -1.90153 -17
      vertex 19.4 0 17
      vertex 19.4 0 -17
    endloop
  endfacet
  facet normal -0.998796 0.0490592 -1.10386e-19
    outer loop
      vertex 19.4 0 17
      vertex 19.3066 -1.90153 -17
      vertex 19.3066 -1.90153 17
    endloop
  endfacet
  facet normal -0.941558 0.336852 -1.01358e-19
    outer loop
      vertex 17.9233 -7.42406 -17
      vertex 18.5646 -5.63152 17
      vertex 18.5646 -5.63152 -17
    endloop
  endfacet
  facet normal -0.941558 0.336852 -1.01358e-19
    outer loop
      vertex 18.5646 -5.63152 17
      vertex 17.9233 -7.42406 -17
      vertex 17.9233 -7.42406 17
    endloop
  endfacet
  facet normal -0.671535 -0.740973 0
    outer loop
      vertex 12.3072 14.9964 -17
      vertex 13.7179 13.7179 17
      vertex 12.3072 14.9964 17
    endloop
  endfacet
  facet normal -0.671535 -0.740973 -0
    outer loop
      vertex 13.7179 13.7179 17
      vertex 12.3072 14.9964 -17
      vertex 13.7179 13.7179 -17
    endloop
  endfacet
  facet normal -0.903988 0.427559 9.07612e-19
    outer loop
      vertex 17.1093 -9.1451 -17
      vertex 17.9233 -7.42406 17
      vertex 17.9233 -7.42406 -17
    endloop
  endfacet
  facet normal -0.903988 0.427559 9.07612e-19
    outer loop
      vertex 17.9233 -7.42406 17
      vertex 17.1093 -9.1451 -17
      vertex 17.1093 -9.1451 17
    endloop
  endfacet
  facet normal -0.989173 0.146757 2.44693e-19
    outer loop
      vertex 19.0272 -3.78475 -17
      vertex 19.3066 -1.90153 17
      vertex 19.3066 -1.90153 -17
    endloop
  endfacet
  facet normal -0.989173 0.146757 2.44693e-19
    outer loop
      vertex 19.3066 -1.90153 17
      vertex 19.0272 -3.78475 -17
      vertex 19.0272 -3.78475 17
    endloop
  endfacet
  facet normal -0.903988 -0.427559 -9.07612e-19
    outer loop
      vertex 17.9233 7.42406 -17
      vertex 17.1093 9.1451 17
      vertex 17.1093 9.1451 -17
    endloop
  endfacet
  facet normal -0.903988 -0.427559 -9.07612e-19
    outer loop
      vertex 17.1093 9.1451 17
      vertex 17.9233 7.42406 -17
      vertex 17.9233 7.42406 17
    endloop
  endfacet
  facet normal -0.803197 -0.595714 -7.37384e-19
    outer loop
      vertex 16.1305 10.7781 -17
      vertex 14.9964 12.3072 17
      vertex 14.9964 12.3072 -17
    endloop
  endfacet
  facet normal -0.803197 -0.595714 -7.37384e-19
    outer loop
      vertex 14.9964 12.3072 17
      vertex 16.1305 10.7781 -17
      vertex 16.1305 10.7781 17
    endloop
  endfacet
  facet normal -0.671535 0.740973 0
    outer loop
      vertex 13.7179 -13.7179 -17
      vertex 12.3072 -14.9964 17
      vertex 13.7179 -13.7179 17
    endloop
  endfacet
  facet normal -0.671535 0.740973 0
    outer loop
      vertex 12.3072 -14.9964 17
      vertex 13.7179 -13.7179 -17
      vertex 12.3072 -14.9964 -17
    endloop
  endfacet
  facet normal -0.803197 0.595714 7.37384e-19
    outer loop
      vertex 14.9964 -12.3072 -17
      vertex 16.1305 -10.7781 17
      vertex 16.1305 -10.7781 -17
    endloop
  endfacet
  facet normal -0.803197 0.595714 7.37384e-19
    outer loop
      vertex 16.1305 -10.7781 17
      vertex 14.9964 -12.3072 -17
      vertex 14.9964 -12.3072 17
    endloop
  endfacet
  facet normal -0.941558 -0.336852 1.01358e-19
    outer loop
      vertex 18.5646 5.63152 -17
      vertex 17.9233 7.42406 17
      vertex 17.9233 7.42406 -17
    endloop
  endfacet
  facet normal -0.941558 -0.336852 1.01358e-19
    outer loop
      vertex 17.9233 7.42406 17
      vertex 18.5646 5.63152 -17
      vertex 18.5646 5.63152 17
    endloop
  endfacet
  facet normal -0.740973 -0.671535 -1.23644e-19
    outer loop
      vertex 14.9964 12.3072 -17
      vertex 13.7179 13.7179 17
      vertex 13.7179 13.7179 -17
    endloop
  endfacet
  facet normal -0.740973 -0.671535 -1.23644e-19
    outer loop
      vertex 13.7179 13.7179 17
      vertex 14.9964 12.3072 -17
      vertex 14.9964 12.3072 17
    endloop
  endfacet
  facet normal -0.97003 0.242984 8.29526e-19
    outer loop
      vertex 18.5646 -5.63152 -17
      vertex 19.0272 -3.78475 17
      vertex 19.0272 -3.78475 -17
    endloop
  endfacet
  facet normal -0.97003 0.242984 8.29526e-19
    outer loop
      vertex 19.0272 -3.78475 17
      vertex 18.5646 -5.63152 -17
      vertex 18.5646 -5.63152 17
    endloop
  endfacet
  facet normal -0.857725 -0.514109 4.57861e-19
    outer loop
      vertex 17.1093 9.1451 -17
      vertex 16.1305 10.7781 17
      vertex 16.1305 10.7781 -17
    endloop
  endfacet
  facet normal -0.857725 -0.514109 4.57861e-19
    outer loop
      vertex 16.1305 10.7781 17
      vertex 17.1093 9.1451 -17
      vertex 17.1093 9.1451 17
    endloop
  endfacet
  facet normal -0.740973 0.671535 1.23644e-19
    outer loop
      vertex 13.7179 -13.7179 -17
      vertex 14.9964 -12.3072 17
      vertex 14.9964 -12.3072 -17
    endloop
  endfacet
  facet normal -0.740973 0.671535 1.23644e-19
    outer loop
      vertex 14.9964 -12.3072 17
      vertex 13.7179 -13.7179 -17
      vertex 13.7179 -13.7179 17
    endloop
  endfacet
  facet normal -0.857725 0.514109 -4.57861e-19
    outer loop
      vertex 16.1305 -10.7781 -17
      vertex 17.1093 -9.1451 17
      vertex 17.1093 -9.1451 -17
    endloop
  endfacet
  facet normal -0.857725 0.514109 -4.57861e-19
    outer loop
      vertex 17.1093 -9.1451 17
      vertex 16.1305 -10.7781 -17
      vertex 16.1305 -10.7781 17
    endloop
  endfacet
  facet normal -1 0 0
    outer loop
      vertex 0 -19.4 -17
      vertex 0 -31.2 0
      vertex 0 -19.4 17
    endloop
  endfacet
  facet normal -1 0 0
    outer loop
      vertex 0 -19.4 -17
      vertex 0 -31.2154 -0.313654
      vertex 0 -31.2 0
    endloop
  endfacet
  facet normal -1 0 0
    outer loop
      vertex 0 -19.4 -17
      vertex 0 -31.2615 -0.624289
      vertex 0 -31.2154 -0.313654
    endloop
  endfacet
  facet normal -1 0 0
    outer loop
      vertex 0 -19.4 -17
      vertex 0 -31.3378 -0.92891
      vertex 0 -31.2615 -0.624289
    endloop
  endfacet
  facet normal -1 0 0
    outer loop
      vertex 0 -19.4 -17
      vertex 0 -31.4436 -1.22459
      vertex 0 -31.3378 -0.92891
    endloop
  endfacet
  facet normal -1 0 0
    outer loop
      vertex 0 -19.4 -17
      vertex 0 -31.5779 -1.50847
      vertex 0 -31.4436 -1.22459
    endloop
  endfacet
  facet normal -1 0 0
    outer loop
      vertex 0 -19.4 -17
      vertex 0 -31.7393 -1.77782
      vertex 0 -31.5779 -1.50847
    endloop
  endfacet
  facet normal -1 0 0
    outer loop
      vertex 0 -19.4 -17
      vertex 0 -31.9264 -2.03006
      vertex 0 -31.7393 -1.77782
    endloop
  endfacet
  facet normal -1 0 0
    outer loop
      vertex 0 -19.4 -17
      vertex 0 -32.1373 -2.26274
      vertex 0 -31.9264 -2.03006
    endloop
  endfacet
  facet normal -1 0 0
    outer loop
      vertex 0 -19.4 -17
      vertex 0 -32.3699 -2.47363
      vertex 0 -32.1373 -2.26274
    endloop
  endfacet
  facet normal -1 0 0
    outer loop
      vertex 0 -19.4 -17
      vertex 0 -32.6222 -2.6607
      vertex 0 -32.3699 -2.47363
    endloop
  endfacet
  facet normal -1 0 0
    outer loop
      vertex 0 -19.4 -17
      vertex 0 -32.8915 -2.82215
      vertex 0 -32.6222 -2.6607
    endloop
  endfacet
  facet normal -1 0 0
    outer loop
      vertex 0 -19.4 -17
      vertex 0 -33.1754 -2.95641
      vertex 0 -32.8915 -2.82215
    endloop
  endfacet
  facet normal -1 0 0
    outer loop
      vertex 0 -19.4 -17
      vertex 0 -33.4711 -3.06221
      vertex 0 -33.1754 -2.95641
    endloop
  endfacet
  facet normal -1 0 0
    outer loop
      vertex 0 -19.4 -17
      vertex 0 -33.7757 -3.13851
      vertex 0 -33.4711 -3.06221
    endloop
  endfacet
  facet normal -1 0 0
    outer loop
      vertex 0 -42.4 -17
      vertex 0 -33.7757 -3.13851
      vertex 0 -19.4 -17
    endloop
  endfacet
  facet normal -1 0 0
    outer loop
      vertex 0 -33.7757 -3.13851
      vertex 0 -42.4 -17
      vertex 0 -34.0863 -3.18459
    endloop
  endfacet
  facet normal -1 0 0
    outer loop
      vertex 0 -34.0863 -3.18459
      vertex 0 -42.4 -17
      vertex 0 -34.4 -3.2
    endloop
  endfacet
  facet normal -1 -0 0
    outer loop
      vertex 0 -34.4 -3.2
      vertex 0 -42.4 -17
      vertex 0 -34.7137 -3.18459
    endloop
  endfacet
  facet normal -1 -0 0
    outer loop
      vertex 0 -34.7137 -3.18459
      vertex 0 -42.4 -17
      vertex 0 -35.0243 -3.13851
    endloop
  endfacet
  facet normal -1 -0 0
    outer loop
      vertex 0 -35.0243 -3.13851
      vertex 0 -42.4 -17
      vertex 0 -35.3289 -3.06221
    endloop
  endfacet
  facet normal -1 -0 0
    outer loop
      vertex 0 -35.3289 -3.06221
      vertex 0 -42.4 -17
      vertex 0 -35.6246 -2.95641
    endloop
  endfacet
  facet normal -1 -0 0
    outer loop
      vertex 0 -35.6246 -2.95641
      vertex 0 -42.4 -17
      vertex 0 -35.9085 -2.82215
    endloop
  endfacet
  facet normal -1 -0 0
    outer loop
      vertex 0 -35.9085 -2.82215
      vertex 0 -42.4 -17
      vertex 0 -36.1778 -2.6607
    endloop
  endfacet
  facet normal -1 -0 0
    outer loop
      vertex 0 -37.5846 -0.313654
      vertex 0 -42.4 -17
      vertex 0 -37.6 0
    endloop
  endfacet
  facet normal -1 -0 0
    outer loop
      vertex 0 -37.5385 -0.624289
      vertex 0 -42.4 -17
      vertex 0 -37.5846 -0.313654
    endloop
  endfacet
  facet normal -1 -0 0
    outer loop
      vertex 0 -37.4622 -0.92891
      vertex 0 -42.4 -17
      vertex 0 -37.5385 -0.624289
    endloop
  endfacet
  facet normal -1 -0 0
    outer loop
      vertex 0 -37.3564 -1.22459
      vertex 0 -42.4 -17
      vertex 0 -37.4622 -0.92891
    endloop
  endfacet
  facet normal -1 -0 0
    outer loop
      vertex 0 -37.2221 -1.50847
      vertex 0 -42.4 -17
      vertex 0 -37.3564 -1.22459
    endloop
  endfacet
  facet normal -1 -0 0
    outer loop
      vertex 0 -37.0607 -1.77782
      vertex 0 -42.4 -17
      vertex 0 -37.2221 -1.50847
    endloop
  endfacet
  facet normal -1 -0 0
    outer loop
      vertex 0 -36.8736 -2.03006
      vertex 0 -42.4 -17
      vertex 0 -37.0607 -1.77782
    endloop
  endfacet
  facet normal -1 -0 0
    outer loop
      vertex 0 -36.6627 -2.26274
      vertex 0 -42.4 -17
      vertex 0 -36.8736 -2.03006
    endloop
  endfacet
  facet normal -1 -0 0
    outer loop
      vertex 0 -36.4301 -2.47363
      vertex 0 -42.4 -17
      vertex 0 -36.6627 -2.26274
    endloop
  endfacet
  facet normal -1 -0 0
    outer loop
      vertex 0 -36.1778 -2.6607
      vertex 0 -42.4 -17
      vertex 0 -36.4301 -2.47363
    endloop
  endfacet
  facet normal -1 0 0
    outer loop
      vertex 0 -31.2154 0.313654
      vertex 0 -19.4 17
      vertex 0 -31.2 0
    endloop
  endfacet
  facet normal -1 0 0
    outer loop
      vertex 0 -31.2615 0.624289
      vertex 0 -19.4 17
      vertex 0 -31.2154 0.313654
    endloop
  endfacet
  facet normal -1 0 0
    outer loop
      vertex 0 -31.3378 0.92891
      vertex 0 -19.4 17
      vertex 0 -31.2615 0.624289
    endloop
  endfacet
  facet normal -1 0 0
    outer loop
      vertex 0 -31.4436 1.22459
      vertex 0 -19.4 17
      vertex 0 -31.3378 0.92891
    endloop
  endfacet
  facet normal -1 0 0
    outer loop
      vertex 0 -31.5779 1.50847
      vertex 0 -19.4 17
      vertex 0 -31.4436 1.22459
    endloop
  endfacet
  facet normal -1 0 0
    outer loop
      vertex 0 -31.7393 1.77782
      vertex 0 -19.4 17
      vertex 0 -31.5779 1.50847
    endloop
  endfacet
  facet normal -1 0 0
    outer loop
      vertex 0 -31.9264 2.03006
      vertex 0 -19.4 17
      vertex 0 -31.7393 1.77782
    endloop
  endfacet
  facet normal -1 0 0
    outer loop
      vertex 0 -32.1373 2.26274
      vertex 0 -19.4 17
      vertex 0 -31.9264 2.03006
    endloop
  endfacet
  facet normal -1 0 0
    outer loop
      vertex 0 -32.3699 2.47363
      vertex 0 -19.4 17
      vertex 0 -32.1373 2.26274
    endloop
  endfacet
  facet normal -1 0 0
    outer loop
      vertex 0 -32.6222 2.6607
      vertex 0 -19.4 17
      vertex 0 -32.3699 2.47363
    endloop
  endfacet
  facet normal -1 0 0
    outer loop
      vertex 0 -32.8915 2.82215
      vertex 0 -19.4 17
      vertex 0 -32.6222 2.6607
    endloop
  endfacet
  facet normal -1 0 0
    outer loop
      vertex 0 -33.1754 2.95641
      vertex 0 -19.4 17
      vertex 0 -32.8915 2.82215
    endloop
  endfacet
  facet normal -1 0 0
    outer loop
      vertex 0 -33.4711 3.06221
      vertex 0 -19.4 17
      vertex 0 -33.1754 2.95641
    endloop
  endfacet
  facet normal -1 0 0
    outer loop
      vertex 0 -33.7757 3.13851
      vertex 0 -19.4 17
      vertex 0 -33.4711 3.06221
    endloop
  endfacet
  facet normal -1 0 0
    outer loop
      vertex 0 -42.4 17
      vertex 0 -33.7757 3.13851
      vertex 0 -34.0863 3.18459
    endloop
  endfacet
  facet normal -1 0 0
    outer loop
      vertex 0 -42.4 17
      vertex 0 -34.0863 3.18459
      vertex 0 -34.4 3.2
    endloop
  endfacet
  facet normal -1 0 0
    outer loop
      vertex 0 -42.4 17
      vertex 0 -34.4 3.2
      vertex 0 -34.7137 3.18459
    endloop
  endfacet
  facet normal -1 0 0
    outer loop
      vertex 0 -42.4 17
      vertex 0 -34.7137 3.18459
      vertex 0 -35.0243 3.13851
    endloop
  endfacet
  facet normal -1 0 0
    outer loop
      vertex 0 -42.4 17
      vertex 0 -35.0243 3.13851
      vertex 0 -35.3289 3.06221
    endloop
  endfacet
  facet normal -1 0 0
    outer loop
      vertex 0 -42.4 17
      vertex 0 -35.3289 3.06221
      vertex 0 -35.6246 2.95641
    endloop
  endfacet
  facet normal -1 0 0
    outer loop
      vertex 0 -42.4 17
      vertex 0 -35.6246 2.95641
      vertex 0 -35.9085 2.82215
    endloop
  endfacet
  facet normal -1 0 0
    outer loop
      vertex 0 -42.4 17
      vertex 0 -35.9085 2.82215
      vertex 0 -36.1778 2.6607
    endloop
  endfacet
  facet normal -1 0 0
    outer loop
      vertex 0 -42.4 17
      vertex 0 -36.1778 2.6607
      vertex 0 -36.4301 2.47363
    endloop
  endfacet
  facet normal -1 0 0
    outer loop
      vertex 0 -42.4 17
      vertex 0 -37.6 0
      vertex 0 -42.4 -17
    endloop
  endfacet
  facet normal -1 0 0
    outer loop
      vertex 0 -37.6 0
      vertex 0 -42.4 17
      vertex 0 -37.5846 0.313654
    endloop
  endfacet
  facet normal -1 0 0
    outer loop
      vertex 0 -37.5846 0.313654
      vertex 0 -42.4 17
      vertex 0 -37.5385 0.624289
    endloop
  endfacet
  facet normal -1 0 0
    outer loop
      vertex 0 -33.7757 3.13851
      vertex 0 -42.4 17
      vertex 0 -19.4 17
    endloop
  endfacet
  facet normal -1 0 0
    outer loop
      vertex 0 -36.6627 2.26274
      vertex 0 -42.4 17
      vertex 0 -36.4301 2.47363
    endloop
  endfacet
  facet normal -1 0 0
    outer loop
      vertex 0 -36.8736 2.03006
      vertex 0 -42.4 17
      vertex 0 -36.6627 2.26274
    endloop
  endfacet
  facet normal -1 0 0
    outer loop
      vertex 0 -37.0607 1.77782
      vertex 0 -42.4 17
      vertex 0 -36.8736 2.03006
    endloop
  endfacet
  facet normal -1 0 0
    outer loop
      vertex 0 -37.2221 1.50847
      vertex 0 -42.4 17
      vertex 0 -37.0607 1.77782
    endloop
  endfacet
  facet normal -1 0 0
    outer loop
      vertex 0 -37.3564 1.22459
      vertex 0 -42.4 17
      vertex 0 -37.2221 1.50847
    endloop
  endfacet
  facet normal -1 0 0
    outer loop
      vertex 0 -37.4622 0.92891
      vertex 0 -42.4 17
      vertex 0 -37.3564 1.22459
    endloop
  endfacet
  facet normal -1 0 0
    outer loop
      vertex 0 -37.5385 0.624289
      vertex 0 -42.4 17
      vertex 0 -37.4622 0.92891
    endloop
  endfacet
  facet normal -1 0 0
    outer loop
      vertex 0 42.4 -17
      vertex 0 37.6 0
      vertex 0 42.4 17
    endloop
  endfacet
  facet normal -1 0 0
    outer loop
      vertex 0 42.4 -17
      vertex 0 37.5846 -0.313654
      vertex 0 37.6 0
    endloop
  endfacet
  facet normal -1 0 0
    outer loop
      vertex 0 42.4 -17
      vertex 0 37.5385 -0.624289
      vertex 0 37.5846 -0.313654
    endloop
  endfacet
  facet normal -1 0 0
    outer loop
      vertex 0 42.4 -17
      vertex 0 37.4622 -0.92891
      vertex 0 37.5385 -0.624289
    endloop
  endfacet
  facet normal -1 0 0
    outer loop
      vertex 0 42.4 -17
      vertex 0 37.3564 -1.22459
      vertex 0 37.4622 -0.92891
    endloop
  endfacet
  facet normal -1 0 0
    outer loop
      vertex 0 42.4 -17
      vertex 0 37.2221 -1.50847
      vertex 0 37.3564 -1.22459
    endloop
  endfacet
  facet normal -1 0 0
    outer loop
      vertex 0 42.4 -17
      vertex 0 37.0607 -1.77782
      vertex 0 37.2221 -1.50847
    endloop
  endfacet
  facet normal -1 0 0
    outer loop
      vertex 0 42.4 -17
      vertex 0 36.8736 -2.03006
      vertex 0 37.0607 -1.77782
    endloop
  endfacet
  facet normal -1 0 0
    outer loop
      vertex 0 42.4 -17
      vertex 0 36.6627 -2.26274
      vertex 0 36.8736 -2.03006
    endloop
  endfacet
  facet normal -1 0 0
    outer loop
      vertex 0 42.4 -17
      vertex 0 36.4301 -2.47363
      vertex 0 36.6627 -2.26274
    endloop
  endfacet
  facet normal -1 0 0
    outer loop
      vertex 0 42.4 -17
      vertex 0 36.1778 -2.6607
      vertex 0 36.4301 -2.47363
    endloop
  endfacet
  facet normal -1 0 0
    outer loop
      vertex 0 42.4 -17
      vertex 0 35.9085 -2.82215
      vertex 0 36.1778 -2.6607
    endloop
  endfacet
  facet normal -1 0 0
    outer loop
      vertex 0 42.4 -17
      vertex 0 35.6246 -2.95641
      vertex 0 35.9085 -2.82215
    endloop
  endfacet
  facet normal -1 0 0
    outer loop
      vertex 0 42.4 -17
      vertex 0 35.3289 -3.06221
      vertex 0 35.6246 -2.95641
    endloop
  endfacet
  facet normal -1 0 0
    outer loop
      vertex 0 42.4 -17
      vertex 0 35.0243 -3.13851
      vertex 0 35.3289 -3.06221
    endloop
  endfacet
  facet normal -1 0 0
    outer loop
      vertex 0 42.4 -17
      vertex 0 34.7137 -3.18459
      vertex 0 35.0243 -3.13851
    endloop
  endfacet
  facet normal -1 0 0
    outer loop
      vertex 0 42.4 -17
      vertex 0 34.4 -3.2
      vertex 0 34.7137 -3.18459
    endloop
  endfacet
  facet normal -1 0 0
    outer loop
      vertex 0 42.4 -17
      vertex 0 34.0863 -3.18459
      vertex 0 34.4 -3.2
    endloop
  endfacet
  facet normal -1 0 0
    outer loop
      vertex 0 42.4 -17
      vertex 0 33.7757 -3.13851
      vertex 0 34.0863 -3.18459
    endloop
  endfacet
  facet normal -1 0 0
    outer loop
      vertex 0 19.4 -17
      vertex 0 33.7757 -3.13851
      vertex 0 42.4 -17
    endloop
  endfacet
  facet normal -1 -0 0
    outer loop
      vertex 0 33.7757 -3.13851
      vertex 0 19.4 -17
      vertex 0 33.4711 -3.06221
    endloop
  endfacet
  facet normal -1 -0 0
    outer loop
      vertex 0 33.4711 -3.06221
      vertex 0 19.4 -17
      vertex 0 33.1754 -2.95641
    endloop
  endfacet
  facet normal -1 -0 0
    outer loop
      vertex 0 33.1754 -2.95641
      vertex 0 19.4 -17
      vertex 0 32.8915 -2.82215
    endloop
  endfacet
  facet normal -1 -0 0
    outer loop
      vertex 0 32.8915 -2.82215
      vertex 0 19.4 -17
      vertex 0 32.6222 -2.6607
    endloop
  endfacet
  facet normal -1 -0 0
    outer loop
      vertex 0 32.6222 -2.6607
      vertex 0 19.4 -17
      vertex 0 32.3699 -2.47363
    endloop
  endfacet
  facet normal -1 -0 0
    outer loop
      vertex 0 32.3699 -2.47363
      vertex 0 19.4 -17
      vertex 0 32.1373 -2.26274
    endloop
  endfacet
  facet normal -1 -0 0
    outer loop
      vertex 0 32.1373 -2.26274
      vertex 0 19.4 -17
      vertex 0 31.9264 -2.03006
    endloop
  endfacet
  facet normal -1 -0 0
    outer loop
      vertex 0 31.2154 -0.313654
      vertex 0 19.4 -17
      vertex 0 31.2 0
    endloop
  endfacet
  facet normal -1 -0 0
    outer loop
      vertex 0 31.2615 -0.624289
      vertex 0 19.4 -17
      vertex 0 31.2154 -0.313654
    endloop
  endfacet
  facet normal -1 -0 0
    outer loop
      vertex 0 31.3378 -0.92891
      vertex 0 19.4 -17
      vertex 0 31.2615 -0.624289
    endloop
  endfacet
  facet normal -1 -0 0
    outer loop
      vertex 0 31.4436 -1.22459
      vertex 0 19.4 -17
      vertex 0 31.3378 -0.92891
    endloop
  endfacet
  facet normal -1 -0 0
    outer loop
      vertex 0 31.5779 -1.50847
      vertex 0 19.4 -17
      vertex 0 31.4436 -1.22459
    endloop
  endfacet
  facet normal -1 -0 0
    outer loop
      vertex 0 31.7393 -1.77782
      vertex 0 19.4 -17
      vertex 0 31.5779 -1.50847
    endloop
  endfacet
  facet normal -1 -0 0
    outer loop
      vertex 0 31.9264 -2.03006
      vertex 0 19.4 -17
      vertex 0 31.7393 -1.77782
    endloop
  endfacet
  facet normal -1 0 0
    outer loop
      vertex 0 37.5846 0.313654
      vertex 0 42.4 17
      vertex 0 37.6 0
    endloop
  endfacet
  facet normal -1 0 0
    outer loop
      vertex 0 37.5385 0.624289
      vertex 0 42.4 17
      vertex 0 37.5846 0.313654
    endloop
  endfacet
  facet normal -1 0 0
    outer loop
      vertex 0 37.4622 0.92891
      vertex 0 42.4 17
      vertex 0 37.5385 0.624289
    endloop
  endfacet
  facet normal -1 0 0
    outer loop
      vertex 0 37.3564 1.22459
      vertex 0 42.4 17
      vertex 0 37.4622 0.92891
    endloop
  endfacet
  facet normal -1 0 0
    outer loop
      vertex 0 37.2221 1.50847
      vertex 0 42.4 17
      vertex 0 37.3564 1.22459
    endloop
  endfacet
  facet normal -1 0 0
    outer loop
      vertex 0 37.0607 1.77782
      vertex 0 42.4 17
      vertex 0 37.2221 1.50847
    endloop
  endfacet
  facet normal -1 0 0
    outer loop
      vertex 0 36.8736 2.03006
      vertex 0 42.4 17
      vertex 0 37.0607 1.77782
    endloop
  endfacet
  facet normal -1 0 0
    outer loop
      vertex 0 36.6627 2.26274
      vertex 0 42.4 17
      vertex 0 36.8736 2.03006
    endloop
  endfacet
  facet normal -1 0 0
    outer loop
      vertex 0 36.4301 2.47363
      vertex 0 42.4 17
      vertex 0 36.6627 2.26274
    endloop
  endfacet
  facet normal -1 0 0
    outer loop
      vertex 0 36.1778 2.6607
      vertex 0 42.4 17
      vertex 0 36.4301 2.47363
    endloop
  endfacet
  facet normal -1 0 0
    outer loop
      vertex 0 35.9085 2.82215
      vertex 0 42.4 17
      vertex 0 36.1778 2.6607
    endloop
  endfacet
  facet normal -1 0 0
    outer loop
      vertex 0 35.6246 2.95641
      vertex 0 42.4 17
      vertex 0 35.9085 2.82215
    endloop
  endfacet
  facet normal -1 0 0
    outer loop
      vertex 0 35.3289 3.06221
      vertex 0 42.4 17
      vertex 0 35.6246 2.95641
    endloop
  endfacet
  facet normal -1 0 0
    outer loop
      vertex 0 35.0243 3.13851
      vertex 0 42.4 17
      vertex 0 35.3289 3.06221
    endloop
  endfacet
  facet normal -1 0 0
    outer loop
      vertex 0 34.7137 3.18459
      vertex 0 42.4 17
      vertex 0 35.0243 3.13851
    endloop
  endfacet
  facet normal -1 0 0
    outer loop
      vertex 0 34.4 3.2
      vertex 0 42.4 17
      vertex 0 34.7137 3.18459
    endloop
  endfacet
  facet normal -1 0 0
    outer loop
      vertex 0 34.0863 3.18459
      vertex 0 42.4 17
      vertex 0 34.4 3.2
    endloop
  endfacet
  facet normal -1 0 0
    outer loop
      vertex 0 33.7757 3.13851
      vertex 0 42.4 17
      vertex 0 34.0863 3.18459
    endloop
  endfacet
  facet normal -1 0 0
    outer loop
      vertex 0 19.4 17
      vertex 0 33.7757 3.13851
      vertex 0 33.4711 3.06221
    endloop
  endfacet
  facet normal -1 0 0
    outer loop
      vertex 0 19.4 17
      vertex 0 33.4711 3.06221
      vertex 0 33.1754 2.95641
    endloop
  endfacet
  facet normal -1 0 0
    outer loop
      vertex 0 19.4 17
      vertex 0 33.1754 2.95641
      vertex 0 32.8915 2.82215
    endloop
  endfacet
  facet normal -1 0 0
    outer loop
      vertex 0 19.4 17
      vertex 0 32.8915 2.82215
      vertex 0 32.6222 2.6607
    endloop
  endfacet
  facet normal -1 0 0
    outer loop
      vertex 0 19.4 17
      vertex 0 32.6222 2.6607
      vertex 0 32.3699 2.47363
    endloop
  endfacet
  facet normal -1 0 0
    outer loop
      vertex 0 19.4 17
      vertex 0 32.3699 2.47363
      vertex 0 32.1373 2.26274
    endloop
  endfacet
  facet normal -1 0 0
    outer loop
      vertex 0 19.4 17
      vertex 0 32.1373 2.26274
      vertex 0 31.9264 2.03006
    endloop
  endfacet
  facet normal -1 0 0
    outer loop
      vertex 0 19.4 17
      vertex 0 31.9264 2.03006
      vertex 0 31.7393 1.77782
    endloop
  endfacet
  facet normal -1 0 0
    outer loop
      vertex 0 19.4 17
      vertex 0 31.2 0
      vertex 0 19.4 -17
    endloop
  endfacet
  facet normal -1 0 0
    outer loop
      vertex 0 31.2 0
      vertex 0 19.4 17
      vertex 0 31.2154 0.313654
    endloop
  endfacet
  facet normal -1 0 0
    outer loop
      vertex 0 31.2154 0.313654
      vertex 0 19.4 17
      vertex 0 31.2615 0.624289
    endloop
  endfacet
  facet normal -1 0 0
    outer loop
      vertex 0 31.2615 0.624289
      vertex 0 19.4 17
      vertex 0 31.3378 0.92891
    endloop
  endfacet
  facet normal -1 0 0
    outer loop
      vertex 0 31.3378 0.92891
      vertex 0 19.4 17
      vertex 0 31.4436 1.22459
    endloop
  endfacet
  facet normal -1 0 0
    outer loop
      vertex 0 31.4436 1.22459
      vertex 0 19.4 17
      vertex 0 31.5779 1.50847
    endloop
  endfacet
  facet normal -1 0 0
    outer loop
      vertex 0 33.7757 3.13851
      vertex 0 19.4 17
      vertex 0 42.4 17
    endloop
  endfacet
  facet normal -1 0 0
    outer loop
      vertex 0 31.5779 1.50847
      vertex 0 19.4 17
      vertex 0 31.7393 1.77782
    endloop
  endfacet
  facet normal 1 0 0
    outer loop
      vertex 12.4 -23.3039 17
      vertex 12.4 -31.2 0
      vertex 12.4 -23.3039 -17
    endloop
  endfacet
  facet normal 1 0 0
    outer loop
      vertex 12.4 -23.3039 17
      vertex 12.4 -31.2154 0.313654
      vertex 12.4 -31.2 0
    endloop
  endfacet
  facet normal 1 0 0
    outer loop
      vertex 12.4 -23.3039 17
      vertex 12.4 -31.2615 0.624289
      vertex 12.4 -31.2154 0.313654
    endloop
  endfacet
  facet normal 1 0 0
    outer loop
      vertex 12.4 -23.3039 17
      vertex 12.4 -31.3378 0.92891
      vertex 12.4 -31.2615 0.624289
    endloop
  endfacet
  facet normal 1 0 0
    outer loop
      vertex 12.4 -23.3039 17
      vertex 12.4 -31.4436 1.22459
      vertex 12.4 -31.3378 0.92891
    endloop
  endfacet
  facet normal 1 0 0
    outer loop
      vertex 12.4 -23.3039 17
      vertex 12.4 -31.5779 1.50847
      vertex 12.4 -31.4436 1.22459
    endloop
  endfacet
  facet normal 1 0 0
    outer loop
      vertex 12.4 -23.3039 17
      vertex 12.4 -31.7393 1.77782
      vertex 12.4 -31.5779 1.50847
    endloop
  endfacet
  facet normal 1 0 0
    outer loop
      vertex 12.4 -23.3039 17
      vertex 12.4 -31.9264 2.03006
      vertex 12.4 -31.7393 1.77782
    endloop
  endfacet
  facet normal 1 0 0
    outer loop
      vertex 12.4 -23.3039 17
      vertex 12.4 -32.1373 2.26274
      vertex 12.4 -31.9264 2.03006
    endloop
  endfacet
  facet normal 1 0 0
    outer loop
      vertex 12.4 -23.3039 17
      vertex 12.4 -32.3699 2.47363
      vertex 12.4 -32.1373 2.26274
    endloop
  endfacet
  facet normal 1 0 0
    outer loop
      vertex 12.4 -23.3039 17
      vertex 12.4 -32.6222 2.6607
      vertex 12.4 -32.3699 2.47363
    endloop
  endfacet
  facet normal 1 0 0
    outer loop
      vertex 12.4 -23.3039 17
      vertex 12.4 -32.8915 2.82215
      vertex 12.4 -32.6222 2.6607
    endloop
  endfacet
  facet normal 1 0 0
    outer loop
      vertex 12.4 -23.3039 17
      vertex 12.4 -33.1754 2.95641
      vertex 12.4 -32.8915 2.82215
    endloop
  endfacet
  facet normal 1 0 0
    outer loop
      vertex 12.4 -23.3039 17
      vertex 12.4 -33.4711 3.06221
      vertex 12.4 -33.1754 2.95641
    endloop
  endfacet
  facet normal 1 0 0
    outer loop
      vertex 12.4 -23.3039 17
      vertex 12.4 -33.7757 3.13851
      vertex 12.4 -33.4711 3.06221
    endloop
  endfacet
  facet normal 1 0 0
    outer loop
      vertex 12.4 -23.3039 17
      vertex 12.4 -34.0863 3.18459
      vertex 12.4 -33.7757 3.13851
    endloop
  endfacet
  facet normal 1 -0 0
    outer loop
      vertex 12.4 -42.4 17
      vertex 12.4 -34.0863 3.18459
      vertex 12.4 -23.3039 17
    endloop
  endfacet
  facet normal 1 0 0
    outer loop
      vertex 12.4 -34.0863 3.18459
      vertex 12.4 -42.4 17
      vertex 12.4 -34.4 3.2
    endloop
  endfacet
  facet normal 1 0 0
    outer loop
      vertex 12.4 -34.4 3.2
      vertex 12.4 -42.4 17
      vertex 12.4 -34.7137 3.18459
    endloop
  endfacet
  facet normal 1 0 0
    outer loop
      vertex 12.4 -34.7137 3.18459
      vertex 12.4 -42.4 17
      vertex 12.4 -35.0243 3.13851
    endloop
  endfacet
  facet normal 1 0 0
    outer loop
      vertex 12.4 -35.0243 3.13851
      vertex 12.4 -42.4 17
      vertex 12.4 -35.3289 3.06221
    endloop
  endfacet
  facet normal 1 0 0
    outer loop
      vertex 12.4 -35.3289 3.06221
      vertex 12.4 -42.4 17
      vertex 12.4 -35.6246 2.95641
    endloop
  endfacet
  facet normal 1 0 0
    outer loop
      vertex 12.4 -35.6246 2.95641
      vertex 12.4 -42.4 17
      vertex 12.4 -35.9085 2.82215
    endloop
  endfacet
  facet normal 1 0 0
    outer loop
      vertex 12.4 -35.9085 2.82215
      vertex 12.4 -42.4 17
      vertex 12.4 -36.1778 2.6607
    endloop
  endfacet
  facet normal 1 0 0
    outer loop
      vertex 12.4 -36.1778 2.6607
      vertex 12.4 -42.4 17
      vertex 12.4 -36.4301 2.47363
    endloop
  endfacet
  facet normal 1 0 0
    outer loop
      vertex 12.4 -37.5846 0.313654
      vertex 12.4 -42.4 17
      vertex 12.4 -37.6 0
    endloop
  endfacet
  facet normal 1 0 0
    outer loop
      vertex 12.4 -37.5385 0.624289
      vertex 12.4 -42.4 17
      vertex 12.4 -37.5846 0.313654
    endloop
  endfacet
  facet normal 1 0 0
    outer loop
      vertex 12.4 -37.4622 0.92891
      vertex 12.4 -42.4 17
      vertex 12.4 -37.5385 0.624289
    endloop
  endfacet
  facet normal 1 0 0
    outer loop
      vertex 12.4 -37.3564 1.22459
      vertex 12.4 -42.4 17
      vertex 12.4 -37.4622 0.92891
    endloop
  endfacet
  facet normal 1 0 0
    outer loop
      vertex 12.4 -37.2221 1.50847
      vertex 12.4 -42.4 17
      vertex 12.4 -37.3564 1.22459
    endloop
  endfacet
  facet normal 1 0 0
    outer loop
      vertex 12.4 -37.0607 1.77782
      vertex 12.4 -42.4 17
      vertex 12.4 -37.2221 1.50847
    endloop
  endfacet
  facet normal 1 0 0
    outer loop
      vertex 12.4 -36.8736 2.03006
      vertex 12.4 -42.4 17
      vertex 12.4 -37.0607 1.77782
    endloop
  endfacet
  facet normal 1 0 0
    outer loop
      vertex 12.4 -36.6627 2.26274
      vertex 12.4 -42.4 17
      vertex 12.4 -36.8736 2.03006
    endloop
  endfacet
  facet normal 1 0 0
    outer loop
      vertex 12.4 -36.4301 2.47363
      vertex 12.4 -42.4 17
      vertex 12.4 -36.6627 2.26274
    endloop
  endfacet
  facet normal 1 -0 0
    outer loop
      vertex 12.4 -31.2154 -0.313654
      vertex 12.4 -23.3039 -17
      vertex 12.4 -31.2 0
    endloop
  endfacet
  facet normal 1 -0 0
    outer loop
      vertex 12.4 -31.2615 -0.624289
      vertex 12.4 -23.3039 -17
      vertex 12.4 -31.2154 -0.313654
    endloop
  endfacet
  facet normal 1 -0 0
    outer loop
      vertex 12.4 -31.3378 -0.92891
      vertex 12.4 -23.3039 -17
      vertex 12.4 -31.2615 -0.624289
    endloop
  endfacet
  facet normal 1 -0 0
    outer loop
      vertex 12.4 -31.4436 -1.22459
      vertex 12.4 -23.3039 -17
      vertex 12.4 -31.3378 -0.92891
    endloop
  endfacet
  facet normal 1 -0 0
    outer loop
      vertex 12.4 -31.5779 -1.50847
      vertex 12.4 -23.3039 -17
      vertex 12.4 -31.4436 -1.22459
    endloop
  endfacet
  facet normal 1 -0 0
    outer loop
      vertex 12.4 -31.7393 -1.77782
      vertex 12.4 -23.3039 -17
      vertex 12.4 -31.5779 -1.50847
    endloop
  endfacet
  facet normal 1 -0 0
    outer loop
      vertex 12.4 -31.9264 -2.03006
      vertex 12.4 -23.3039 -17
      vertex 12.4 -31.7393 -1.77782
    endloop
  endfacet
  facet normal 1 -0 0
    outer loop
      vertex 12.4 -32.1373 -2.26274
      vertex 12.4 -23.3039 -17
      vertex 12.4 -31.9264 -2.03006
    endloop
  endfacet
  facet normal 1 -0 0
    outer loop
      vertex 12.4 -32.3699 -2.47363
      vertex 12.4 -23.3039 -17
      vertex 12.4 -32.1373 -2.26274
    endloop
  endfacet
  facet normal 1 -0 0
    outer loop
      vertex 12.4 -32.6222 -2.6607
      vertex 12.4 -23.3039 -17
      vertex 12.4 -32.3699 -2.47363
    endloop
  endfacet
  facet normal 1 -0 0
    outer loop
      vertex 12.4 -32.8915 -2.82215
      vertex 12.4 -23.3039 -17
      vertex 12.4 -32.6222 -2.6607
    endloop
  endfacet
  facet normal 1 -0 0
    outer loop
      vertex 12.4 -33.1754 -2.95641
      vertex 12.4 -23.3039 -17
      vertex 12.4 -32.8915 -2.82215
    endloop
  endfacet
  facet normal 1 -0 0
    outer loop
      vertex 12.4 -33.4711 -3.06221
      vertex 12.4 -23.3039 -17
      vertex 12.4 -33.1754 -2.95641
    endloop
  endfacet
  facet normal 1 -0 0
    outer loop
      vertex 12.4 -33.7757 -3.13851
      vertex 12.4 -23.3039 -17
      vertex 12.4 -33.4711 -3.06221
    endloop
  endfacet
  facet normal 1 -0 0
    outer loop
      vertex 12.4 -34.0863 -3.18459
      vertex 12.4 -23.3039 -17
      vertex 12.4 -33.7757 -3.13851
    endloop
  endfacet
  facet normal 1 0 0
    outer loop
      vertex 12.4 -42.4 -17
      vertex 12.4 -34.0863 -3.18459
      vertex 12.4 -34.4 -3.2
    endloop
  endfacet
  facet normal 1 0 0
    outer loop
      vertex 12.4 -42.4 -17
      vertex 12.4 -34.4 -3.2
      vertex 12.4 -34.7137 -3.18459
    endloop
  endfacet
  facet normal 1 0 0
    outer loop
      vertex 12.4 -42.4 -17
      vertex 12.4 -34.7137 -3.18459
      vertex 12.4 -35.0243 -3.13851
    endloop
  endfacet
  facet normal 1 0 0
    outer loop
      vertex 12.4 -42.4 -17
      vertex 12.4 -35.0243 -3.13851
      vertex 12.4 -35.3289 -3.06221
    endloop
  endfacet
  facet normal 1 0 0
    outer loop
      vertex 12.4 -42.4 -17
      vertex 12.4 -35.3289 -3.06221
      vertex 12.4 -35.6246 -2.95641
    endloop
  endfacet
  facet normal 1 0 0
    outer loop
      vertex 12.4 -42.4 -17
      vertex 12.4 -35.6246 -2.95641
      vertex 12.4 -35.9085 -2.82215
    endloop
  endfacet
  facet normal 1 0 0
    outer loop
      vertex 12.4 -42.4 -17
      vertex 12.4 -35.9085 -2.82215
      vertex 12.4 -36.1778 -2.6607
    endloop
  endfacet
  facet normal 1 0 0
    outer loop
      vertex 12.4 -42.4 -17
      vertex 12.4 -36.1778 -2.6607
      vertex 12.4 -36.4301 -2.47363
    endloop
  endfacet
  facet normal 1 0 0
    outer loop
      vertex 12.4 -42.4 -17
      vertex 12.4 -36.4301 -2.47363
      vertex 12.4 -36.6627 -2.26274
    endloop
  endfacet
  facet normal 1 0 0
    outer loop
      vertex 12.4 -42.4 -17
      vertex 12.4 -37.6 0
      vertex 12.4 -42.4 17
    endloop
  endfacet
  facet normal 1 0 0
    outer loop
      vertex 12.4 -37.6 0
      vertex 12.4 -42.4 -17
      vertex 12.4 -37.5846 -0.313654
    endloop
  endfacet
  facet normal 1 0 0
    outer loop
      vertex 12.4 -37.5846 -0.313654
      vertex 12.4 -42.4 -17
      vertex 12.4 -37.5385 -0.624289
    endloop
  endfacet
  facet normal 1 0 0
    outer loop
      vertex 12.4 -34.0863 -3.18459
      vertex 12.4 -42.4 -17
      vertex 12.4 -23.3039 -17
    endloop
  endfacet
  facet normal 1 0 0
    outer loop
      vertex 12.4 -36.8736 -2.03006
      vertex 12.4 -42.4 -17
      vertex 12.4 -36.6627 -2.26274
    endloop
  endfacet
  facet normal 1 0 0
    outer loop
      vertex 12.4 -37.0607 -1.77782
      vertex 12.4 -42.4 -17
      vertex 12.4 -36.8736 -2.03006
    endloop
  endfacet
  facet normal 1 0 0
    outer loop
      vertex 12.4 -37.2221 -1.50847
      vertex 12.4 -42.4 -17
      vertex 12.4 -37.0607 -1.77782
    endloop
  endfacet
  facet normal 1 0 0
    outer loop
      vertex 12.4 -37.3564 -1.22459
      vertex 12.4 -42.4 -17
      vertex 12.4 -37.2221 -1.50847
    endloop
  endfacet
  facet normal 1 0 0
    outer loop
      vertex 12.4 -37.4622 -0.92891
      vertex 12.4 -42.4 -17
      vertex 12.4 -37.3564 -1.22459
    endloop
  endfacet
  facet normal 1 0 0
    outer loop
      vertex 12.4 -37.5385 -0.624289
      vertex 12.4 -42.4 -17
      vertex 12.4 -37.4622 -0.92891
    endloop
  endfacet
  facet normal 0 -1 0
    outer loop
      vertex 0 -42.4 -17
      vertex 12.4 -42.4 17
      vertex 0 -42.4 17
    endloop
  endfacet
  facet normal 0 -1 -0
    outer loop
      vertex 12.4 -42.4 17
      vertex 0 -42.4 -17
      vertex 12.4 -42.4 -17
    endloop
  endfacet
  facet normal 1 0 0
    outer loop
      vertex 12.4 42.4 17
      vertex 12.4 37.6 0
      vertex 12.4 42.4 -17
    endloop
  endfacet
  facet normal 1 0 0
    outer loop
      vertex 12.4 42.4 17
      vertex 12.4 37.5846 0.313654
      vertex 12.4 37.6 0
    endloop
  endfacet
  facet normal 1 0 0
    outer loop
      vertex 12.4 42.4 17
      vertex 12.4 37.5385 0.624289
      vertex 12.4 37.5846 0.313654
    endloop
  endfacet
  facet normal 1 0 0
    outer loop
      vertex 12.4 42.4 17
      vertex 12.4 37.4622 0.92891
      vertex 12.4 37.5385 0.624289
    endloop
  endfacet
  facet normal 1 0 0
    outer loop
      vertex 12.4 42.4 17
      vertex 12.4 37.3564 1.22459
      vertex 12.4 37.4622 0.92891
    endloop
  endfacet
  facet normal 1 0 0
    outer loop
      vertex 12.4 42.4 17
      vertex 12.4 37.2221 1.50847
      vertex 12.4 37.3564 1.22459
    endloop
  endfacet
  facet normal 1 0 0
    outer loop
      vertex 12.4 42.4 17
      vertex 12.4 37.0607 1.77782
      vertex 12.4 37.2221 1.50847
    endloop
  endfacet
  facet normal 1 0 0
    outer loop
      vertex 12.4 42.4 17
      vertex 12.4 36.8736 2.03006
      vertex 12.4 37.0607 1.77782
    endloop
  endfacet
  facet normal 1 0 0
    outer loop
      vertex 12.4 42.4 17
      vertex 12.4 36.6627 2.26274
      vertex 12.4 36.8736 2.03006
    endloop
  endfacet
  facet normal 1 0 0
    outer loop
      vertex 12.4 42.4 17
      vertex 12.4 36.4301 2.47363
      vertex 12.4 36.6627 2.26274
    endloop
  endfacet
  facet normal 1 0 0
    outer loop
      vertex 12.4 42.4 17
      vertex 12.4 36.1778 2.6607
      vertex 12.4 36.4301 2.47363
    endloop
  endfacet
  facet normal 1 0 0
    outer loop
      vertex 12.4 42.4 17
      vertex 12.4 35.9085 2.82215
      vertex 12.4 36.1778 2.6607
    endloop
  endfacet
  facet normal 1 0 0
    outer loop
      vertex 12.4 42.4 17
      vertex 12.4 35.6246 2.95641
      vertex 12.4 35.9085 2.82215
    endloop
  endfacet
  facet normal 1 0 0
    outer loop
      vertex 12.4 42.4 17
      vertex 12.4 35.3289 3.06221
      vertex 12.4 35.6246 2.95641
    endloop
  endfacet
  facet normal 1 0 0
    outer loop
      vertex 12.4 42.4 17
      vertex 12.4 35.0243 3.13851
      vertex 12.4 35.3289 3.06221
    endloop
  endfacet
  facet normal 1 0 0
    outer loop
      vertex 12.4 42.4 17
      vertex 12.4 34.7137 3.18459
      vertex 12.4 35.0243 3.13851
    endloop
  endfacet
  facet normal 1 0 0
    outer loop
      vertex 12.4 42.4 17
      vertex 12.4 34.4 3.2
      vertex 12.4 34.7137 3.18459
    endloop
  endfacet
  facet normal 1 0 0
    outer loop
      vertex 12.4 42.4 17
      vertex 12.4 34.0863 3.18459
      vertex 12.4 34.4 3.2
    endloop
  endfacet
  facet normal 1 -0 0
    outer loop
      vertex 12.4 23.3039 17
      vertex 12.4 34.0863 3.18459
      vertex 12.4 42.4 17
    endloop
  endfacet
  facet normal 1 0 0
    outer loop
      vertex 12.4 34.0863 3.18459
      vertex 12.4 23.3039 17
      vertex 12.4 33.7757 3.13851
    endloop
  endfacet
  facet normal 1 0 0
    outer loop
      vertex 12.4 33.7757 3.13851
      vertex 12.4 23.3039 17
      vertex 12.4 33.4711 3.06221
    endloop
  endfacet
  facet normal 1 0 0
    outer loop
      vertex 12.4 33.4711 3.06221
      vertex 12.4 23.3039 17
      vertex 12.4 33.1754 2.95641
    endloop
  endfacet
  facet normal 1 0 0
    outer loop
      vertex 12.4 33.1754 2.95641
      vertex 12.4 23.3039 17
      vertex 12.4 32.8915 2.82215
    endloop
  endfacet
  facet normal 1 0 0
    outer loop
      vertex 12.4 32.8915 2.82215
      vertex 12.4 23.3039 17
      vertex 12.4 32.6222 2.6607
    endloop
  endfacet
  facet normal 1 0 0
    outer loop
      vertex 12.4 32.6222 2.6607
      vertex 12.4 23.3039 17
      vertex 12.4 32.3699 2.47363
    endloop
  endfacet
  facet normal 1 0 0
    outer loop
      vertex 12.4 32.3699 2.47363
      vertex 12.4 23.3039 17
      vertex 12.4 32.1373 2.26274
    endloop
  endfacet
  facet normal 1 0 0
    outer loop
      vertex 12.4 32.1373 2.26274
      vertex 12.4 23.3039 17
      vertex 12.4 31.9264 2.03006
    endloop
  endfacet
  facet normal 1 0 0
    outer loop
      vertex 12.4 31.2154 0.313654
      vertex 12.4 23.3039 17
      vertex 12.4 31.2 0
    endloop
  endfacet
  facet normal 1 0 0
    outer loop
      vertex 12.4 31.2615 0.624289
      vertex 12.4 23.3039 17
      vertex 12.4 31.2154 0.313654
    endloop
  endfacet
  facet normal 1 0 0
    outer loop
      vertex 12.4 31.3378 0.92891
      vertex 12.4 23.3039 17
      vertex 12.4 31.2615 0.624289
    endloop
  endfacet
  facet normal 1 0 0
    outer loop
      vertex 12.4 31.4436 1.22459
      vertex 12.4 23.3039 17
      vertex 12.4 31.3378 0.92891
    endloop
  endfacet
  facet normal 1 0 0
    outer loop
      vertex 12.4 31.5779 1.50847
      vertex 12.4 23.3039 17
      vertex 12.4 31.4436 1.22459
    endloop
  endfacet
  facet normal 1 0 0
    outer loop
      vertex 12.4 31.7393 1.77782
      vertex 12.4 23.3039 17
      vertex 12.4 31.5779 1.50847
    endloop
  endfacet
  facet normal 1 0 0
    outer loop
      vertex 12.4 31.9264 2.03006
      vertex 12.4 23.3039 17
      vertex 12.4 31.7393 1.77782
    endloop
  endfacet
  facet normal 1 -0 0
    outer loop
      vertex 12.4 37.5846 -0.313654
      vertex 12.4 42.4 -17
      vertex 12.4 37.6 0
    endloop
  endfacet
  facet normal 1 -0 0
    outer loop
      vertex 12.4 37.5385 -0.624289
      vertex 12.4 42.4 -17
      vertex 12.4 37.5846 -0.313654
    endloop
  endfacet
  facet normal 1 -0 0
    outer loop
      vertex 12.4 37.4622 -0.92891
      vertex 12.4 42.4 -17
      vertex 12.4 37.5385 -0.624289
    endloop
  endfacet
  facet normal 1 -0 0
    outer loop
      vertex 12.4 37.3564 -1.22459
      vertex 12.4 42.4 -17
      vertex 12.4 37.4622 -0.92891
    endloop
  endfacet
  facet normal 1 -0 0
    outer loop
      vertex 12.4 37.2221 -1.50847
      vertex 12.4 42.4 -17
      vertex 12.4 37.3564 -1.22459
    endloop
  endfacet
  facet normal 1 -0 0
    outer loop
      vertex 12.4 37.0607 -1.77782
      vertex 12.4 42.4 -17
      vertex 12.4 37.2221 -1.50847
    endloop
  endfacet
  facet normal 1 -0 0
    outer loop
      vertex 12.4 36.8736 -2.03006
      vertex 12.4 42.4 -17
      vertex 12.4 37.0607 -1.77782
    endloop
  endfacet
  facet normal 1 -0 0
    outer loop
      vertex 12.4 36.6627 -2.26274
      vertex 12.4 42.4 -17
      vertex 12.4 36.8736 -2.03006
    endloop
  endfacet
  facet normal 1 -0 0
    outer loop
      vertex 12.4 36.4301 -2.47363
      vertex 12.4 42.4 -17
      vertex 12.4 36.6627 -2.26274
    endloop
  endfacet
  facet normal 1 -0 0
    outer loop
      vertex 12.4 36.1778 -2.6607
      vertex 12.4 42.4 -17
      vertex 12.4 36.4301 -2.47363
    endloop
  endfacet
  facet normal 1 -0 0
    outer loop
      vertex 12.4 35.9085 -2.82215
      vertex 12.4 42.4 -17
      vertex 12.4 36.1778 -2.6607
    endloop
  endfacet
  facet normal 1 -0 0
    outer loop
      vertex 12.4 35.6246 -2.95641
      vertex 12.4 42.4 -17
      vertex 12.4 35.9085 -2.82215
    endloop
  endfacet
  facet normal 1 -0 0
    outer loop
      vertex 12.4 35.3289 -3.06221
      vertex 12.4 42.4 -17
      vertex 12.4 35.6246 -2.95641
    endloop
  endfacet
  facet normal 1 -0 0
    outer loop
      vertex 12.4 35.0243 -3.13851
      vertex 12.4 42.4 -17
      vertex 12.4 35.3289 -3.06221
    endloop
  endfacet
  facet normal 1 -0 0
    outer loop
      vertex 12.4 34.7137 -3.18459
      vertex 12.4 42.4 -17
      vertex 12.4 35.0243 -3.13851
    endloop
  endfacet
  facet normal 1 -0 0
    outer loop
      vertex 12.4 34.4 -3.2
      vertex 12.4 42.4 -17
      vertex 12.4 34.7137 -3.18459
    endloop
  endfacet
  facet normal 1 0 0
    outer loop
      vertex 12.4 34.0863 -3.18459
      vertex 12.4 42.4 -17
      vertex 12.4 34.4 -3.2
    endloop
  endfacet
  facet normal 1 0 0
    outer loop
      vertex 12.4 23.3039 -17
      vertex 12.4 34.0863 -3.18459
      vertex 12.4 33.7757 -3.13851
    endloop
  endfacet
  facet normal 1 0 0
    outer loop
      vertex 12.4 23.3039 -17
      vertex 12.4 33.7757 -3.13851
      vertex 12.4 33.4711 -3.06221
    endloop
  endfacet
  facet normal 1 0 0
    outer loop
      vertex 12.4 23.3039 -17
      vertex 12.4 33.4711 -3.06221
      vertex 12.4 33.1754 -2.95641
    endloop
  endfacet
  facet normal 1 0 0
    outer loop
      vertex 12.4 23.3039 -17
      vertex 12.4 33.1754 -2.95641
      vertex 12.4 32.8915 -2.82215
    endloop
  endfacet
  facet normal 1 0 0
    outer loop
      vertex 12.4 23.3039 -17
      vertex 12.4 32.8915 -2.82215
      vertex 12.4 32.6222 -2.6607
    endloop
  endfacet
  facet normal 1 0 0
    outer loop
      vertex 12.4 23.3039 -17
      vertex 12.4 32.6222 -2.6607
      vertex 12.4 32.3699 -2.47363
    endloop
  endfacet
  facet normal 1 0 0
    outer loop
      vertex 12.4 23.3039 -17
      vertex 12.4 32.3699 -2.47363
      vertex 12.4 32.1373 -2.26274
    endloop
  endfacet
  facet normal 1 0 0
    outer loop
      vertex 12.4 23.3039 -17
      vertex 12.4 32.1373 -2.26274
      vertex 12.4 31.9264 -2.03006
    endloop
  endfacet
  facet normal 1 0 0
    outer loop
      vertex 12.4 23.3039 -17
      vertex 12.4 31.9264 -2.03006
      vertex 12.4 31.7393 -1.77782
    endloop
  endfacet
  facet normal 1 0 0
    outer loop
      vertex 12.4 23.3039 -17
      vertex 12.4 31.2 0
      vertex 12.4 23.3039 17
    endloop
  endfacet
  facet normal 1 0 0
    outer loop
      vertex 12.4 31.2 0
      vertex 12.4 23.3039 -17
      vertex 12.4 31.2154 -0.313654
    endloop
  endfacet
  facet normal 1 0 0
    outer loop
      vertex 12.4 31.2154 -0.313654
      vertex 12.4 23.3039 -17
      vertex 12.4 31.2615 -0.624289
    endloop
  endfacet
  facet normal 1 0 0
    outer loop
      vertex 12.4 31.2615 -0.624289
      vertex 12.4 23.3039 -17
      vertex 12.4 31.3378 -0.92891
    endloop
  endfacet
  facet normal 1 0 0
    outer loop
      vertex 12.4 34.0863 -3.18459
      vertex 12.4 23.3039 -17
      vertex 12.4 42.4 -17
    endloop
  endfacet
  facet normal 1 0 0
    outer loop
      vertex 12.4 31.5779 -1.50847
      vertex 12.4 23.3039 -17
      vertex 12.4 31.7393 -1.77782
    endloop
  endfacet
  facet normal 1 0 0
    outer loop
      vertex 12.4 31.4436 -1.22459
      vertex 12.4 23.3039 -17
      vertex 12.4 31.5779 -1.50847
    endloop
  endfacet
  facet normal 1 0 0
    outer loop
      vertex 12.4 31.3378 -0.92891
      vertex 12.4 23.3039 -17
      vertex 12.4 31.4436 -1.22459
    endloop
  endfacet
  facet normal 0 1 -0
    outer loop
      vertex 12.4 42.4 -17
      vertex 0 42.4 17
      vertex 12.4 42.4 17
    endloop
  endfacet
  facet normal 0 1 0
    outer loop
      vertex 0 42.4 17
      vertex 12.4 42.4 -17
      vertex 0 42.4 -17
    endloop
  endfacet
  facet normal 0 -0.5956 -0.803281
    outer loop
      vertex 0 -32.6222 2.6607
      vertex 12.4 -32.3699 2.47363
      vertex 12.4 -32.6222 2.6607
    endloop
  endfacet
  facet normal -0 -0.5956 -0.803281
    outer loop
      vertex 12.4 -32.3699 2.47363
      vertex 0 -32.6222 2.6607
      vertex 0 -32.3699 2.47363
    endloop
  endfacet
  facet normal 0 -0.242985 0.97003
    outer loop
      vertex 0 -33.4711 -3.06221
      vertex 12.4 -33.7757 -3.13851
      vertex 12.4 -33.4711 -3.06221
    endloop
  endfacet
  facet normal 0 -0.242985 0.97003
    outer loop
      vertex 12.4 -33.7757 -3.13851
      vertex 0 -33.4711 -3.06221
      vertex 0 -33.7757 -3.13851
    endloop
  endfacet
  facet normal -8.27389e-19 -0.94154 0.336901
    outer loop
      vertex 0 -31.4436 -1.22459
      vertex 12.4 -31.3378 -0.92891
      vertex 0 -31.3378 -0.92891
    endloop
  endfacet
  facet normal -8.27389e-19 -0.94154 0.336901
    outer loop
      vertex 12.4 -31.3378 -0.92891
      vertex 0 -31.4436 -1.22459
      vertex 12.4 -31.4436 -1.22459
    endloop
  endfacet
  facet normal -1.48578e-19 0.989167 -0.146798
    outer loop
      vertex 12.4 -37.5846 0.313654
      vertex 0 -37.5385 0.624289
      vertex 12.4 -37.5385 0.624289
    endloop
  endfacet
  facet normal -1.48578e-19 0.989167 -0.146798
    outer loop
      vertex 0 -37.5385 0.624289
      vertex 12.4 -37.5846 0.313654
      vertex 0 -37.5846 0.313654
    endloop
  endfacet
  facet normal -0 0.146752 0.989173
    outer loop
      vertex 0 -34.7137 -3.18459
      vertex 12.4 -35.0243 -3.13851
      vertex 12.4 -34.7137 -3.18459
    endloop
  endfacet
  facet normal 0 0.146752 0.989173
    outer loop
      vertex 12.4 -35.0243 -3.13851
      vertex 0 -34.7137 -3.18459
      vertex 0 -35.0243 -3.13851
    endloop
  endfacet
  facet normal 5.7043e-19 -0.803168 0.595753
    outer loop
      vertex 0 -31.9264 -2.03006
      vertex 12.4 -31.7393 -1.77782
      vertex 0 -31.7393 -1.77782
    endloop
  endfacet
  facet normal 5.7043e-19 -0.803168 0.595753
    outer loop
      vertex 12.4 -31.7393 -1.77782
      vertex 0 -31.9264 -2.03006
      vertex 12.4 -31.9264 -2.03006
    endloop
  endfacet
  facet normal -0 0.0490642 0.998796
    outer loop
      vertex 0 -34.4 -3.2
      vertex 12.4 -34.7137 -3.18459
      vertex 12.4 -34.4 -3.2
    endloop
  endfacet
  facet normal 0 0.0490642 0.998796
    outer loop
      vertex 12.4 -34.7137 -3.18459
      vertex 0 -34.4 -3.2
      vertex 0 -34.7137 -3.18459
    endloop
  endfacet
  facet normal 0 -0.146752 -0.989173
    outer loop
      vertex 0 -34.0863 3.18459
      vertex 12.4 -33.7757 3.13851
      vertex 12.4 -34.0863 3.18459
    endloop
  endfacet
  facet normal -0 -0.146752 -0.989173
    outer loop
      vertex 12.4 -33.7757 3.13851
      vertex 0 -34.0863 3.18459
      vertex 0 -33.7757 3.13851
    endloop
  endfacet
  facet normal 0 -0.0490642 0.998796
    outer loop
      vertex 0 -34.0863 -3.18459
      vertex 12.4 -34.4 -3.2
      vertex 12.4 -34.0863 -3.18459
    endloop
  endfacet
  facet normal 0 -0.0490642 0.998796
    outer loop
      vertex 12.4 -34.4 -3.2
      vertex 0 -34.0863 -3.18459
      vertex 0 -34.4 -3.2
    endloop
  endfacet
  facet normal 1.48578e-19 -0.989167 -0.146798
    outer loop
      vertex 0 -31.2154 0.313654
      vertex 12.4 -31.2615 0.624289
      vertex 0 -31.2615 0.624289
    endloop
  endfacet
  facet normal 1.48578e-19 -0.989167 -0.146798
    outer loop
      vertex 12.4 -31.2615 0.624289
      vertex 0 -31.2154 0.313654
      vertex 12.4 -31.2154 0.313654
    endloop
  endfacet
  facet normal 1.61284e-20 0.740933 -0.671578
    outer loop
      vertex 12.4 -36.8736 2.03006
      vertex 0 -36.6627 2.26274
      vertex 12.4 -36.6627 2.26274
    endloop
  endfacet
  facet normal 1.61284e-20 0.740933 -0.671578
    outer loop
      vertex 0 -36.6627 2.26274
      vertex 12.4 -36.8736 2.03006
      vertex 0 -36.8736 2.03006
    endloop
  endfacet
  facet normal 0 -0.336881 0.941547
    outer loop
      vertex 0 -33.1754 -2.95641
      vertex 12.4 -33.4711 -3.06221
      vertex 12.4 -33.1754 -2.95641
    endloop
  endfacet
  facet normal 0 -0.336881 0.941547
    outer loop
      vertex 12.4 -33.4711 -3.06221
      vertex 0 -33.1754 -2.95641
      vertex 0 -33.4711 -3.06221
    endloop
  endfacet
  facet normal -1.61284e-20 -0.740933 -0.671578
    outer loop
      vertex 0 -31.9264 2.03006
      vertex 12.4 -32.1373 2.26274
      vertex 0 -32.1373 2.26274
    endloop
  endfacet
  facet normal -1.61284e-20 -0.740933 -0.671578
    outer loop
      vertex 12.4 -32.1373 2.26274
      vertex 0 -31.9264 2.03006
      vertex 12.4 -31.9264 2.03006
    endloop
  endfacet
  facet normal -8.00465e-19 0.903947 0.427646
    outer loop
      vertex 12.4 -37.2221 -1.50847
      vertex 0 -37.3564 -1.22459
      vertex 12.4 -37.3564 -1.22459
    endloop
  endfacet
  facet normal -8.00465e-19 0.903947 0.427646
    outer loop
      vertex 0 -37.3564 -1.22459
      vertex 12.4 -37.2221 -1.50847
      vertex 0 -37.2221 -1.50847
    endloop
  endfacet
  facet normal -1.35723e-19 0.94154 -0.336901
    outer loop
      vertex 12.4 -37.4622 0.92891
      vertex 0 -37.3564 1.22459
      vertex 12.4 -37.3564 1.22459
    endloop
  endfacet
  facet normal -1.35723e-19 0.94154 -0.336901
    outer loop
      vertex 0 -37.3564 1.22459
      vertex 12.4 -37.4622 0.92891
      vertex 0 -37.4622 0.92891
    endloop
  endfacet
  facet normal 1.35723e-19 0.94154 0.336901
    outer loop
      vertex 12.4 -37.3564 -1.22459
      vertex 0 -37.4622 -0.92891
      vertex 12.4 -37.4622 -0.92891
    endloop
  endfacet
  facet normal 1.35723e-19 0.94154 0.336901
    outer loop
      vertex 0 -37.4622 -0.92891
      vertex 12.4 -37.3564 -1.22459
      vertex 0 -37.3564 -1.22459
    endloop
  endfacet
  facet normal 0 0.671688 -0.740834
    outer loop
      vertex 0 -36.6627 2.26274
      vertex 12.4 -36.4301 2.47363
      vertex 12.4 -36.6627 2.26274
    endloop
  endfacet
  facet normal 0 0.671688 -0.740834
    outer loop
      vertex 12.4 -36.4301 2.47363
      vertex 0 -36.6627 2.26274
      vertex 0 -36.4301 2.47363
    endloop
  endfacet
  facet normal -0 0.5956 0.803281
    outer loop
      vertex 0 -36.1778 -2.6607
      vertex 12.4 -36.4301 -2.47363
      vertex 12.4 -36.1778 -2.6607
    endloop
  endfacet
  facet normal 0 0.5956 0.803281
    outer loop
      vertex 12.4 -36.4301 -2.47363
      vertex 0 -36.1778 -2.6607
      vertex 0 -36.4301 -2.47363
    endloop
  endfacet
  facet normal 0 -0.5956 0.803281
    outer loop
      vertex 0 -32.3699 -2.47363
      vertex 12.4 -32.6222 -2.6607
      vertex 12.4 -32.3699 -2.47363
    endloop
  endfacet
  facet normal 0 -0.5956 0.803281
    outer loop
      vertex 12.4 -32.6222 -2.6607
      vertex 0 -32.3699 -2.47363
      vertex 0 -32.6222 -2.6607
    endloop
  endfacet
  facet normal 0 -0.427517 -0.904007
    outer loop
      vertex 0 -33.1754 2.95641
      vertex 12.4 -32.8915 2.82215
      vertex 12.4 -33.1754 2.95641
    endloop
  endfacet
  facet normal -0 -0.427517 -0.904007
    outer loop
      vertex 12.4 -32.8915 2.82215
      vertex 0 -33.1754 2.95641
      vertex 0 -32.8915 2.82215
    endloop
  endfacet
  facet normal 2.06981e-19 0.970034 0.242969
    outer loop
      vertex 12.4 -37.4622 -0.92891
      vertex 0 -37.5385 -0.624289
      vertex 12.4 -37.5385 -0.624289
    endloop
  endfacet
  facet normal 2.06981e-19 0.970034 0.242969
    outer loop
      vertex 0 -37.5385 -0.624289
      vertex 12.4 -37.4622 -0.92891
      vertex 0 -37.4622 -0.92891
    endloop
  endfacet
  facet normal 1.82939e-19 -0.903947 0.427646
    outer loop
      vertex 0 -31.5779 -1.50847
      vertex 12.4 -31.4436 -1.22459
      vertex 0 -31.4436 -1.22459
    endloop
  endfacet
  facet normal 1.82939e-19 -0.903947 0.427646
    outer loop
      vertex 12.4 -31.4436 -1.22459
      vertex 0 -31.5779 -1.50847
      vertex 12.4 -31.5779 -1.50847
    endloop
  endfacet
  facet normal 0 0.242985 -0.97003
    outer loop
      vertex 0 -35.3289 3.06221
      vertex 12.4 -35.0243 3.13851
      vertex 12.4 -35.3289 3.06221
    endloop
  endfacet
  facet normal 0 0.242985 -0.97003
    outer loop
      vertex 12.4 -35.0243 3.13851
      vertex 0 -35.3289 3.06221
      vertex 0 -35.0243 3.13851
    endloop
  endfacet
  facet normal 4.70064e-20 0.803168 -0.595753
    outer loop
      vertex 12.4 -37.0607 1.77782
      vertex 0 -36.8736 2.03006
      vertex 12.4 -36.8736 2.03006
    endloop
  endfacet
  facet normal 4.70064e-20 0.803168 -0.595753
    outer loop
      vertex 0 -36.8736 2.03006
      vertex 12.4 -37.0607 1.77782
      vertex 0 -37.0607 1.77782
    endloop
  endfacet
  facet normal 0 -0.427517 0.904007
    outer loop
      vertex 0 -32.8915 -2.82215
      vertex 12.4 -33.1754 -2.95641
      vertex 12.4 -32.8915 -2.82215
    endloop
  endfacet
  facet normal 0 -0.427517 0.904007
    outer loop
      vertex 12.4 -33.1754 -2.95641
      vertex 0 -32.8915 -2.82215
      vertex 0 -33.1754 -2.95641
    endloop
  endfacet
  facet normal 0 -0.671688 0.740834
    outer loop
      vertex 0 -32.1373 -2.26274
      vertex 12.4 -32.3699 -2.47363
      vertex 12.4 -32.1373 -2.26274
    endloop
  endfacet
  facet normal 0 -0.671688 0.740834
    outer loop
      vertex 12.4 -32.3699 -2.47363
      vertex 0 -32.1373 -2.26274
      vertex 0 -32.3699 -2.47363
    endloop
  endfacet
  facet normal 0 -0.146752 0.989173
    outer loop
      vertex 0 -33.7757 -3.13851
      vertex 12.4 -34.0863 -3.18459
      vertex 12.4 -33.7757 -3.13851
    endloop
  endfacet
  facet normal 0 -0.146752 0.989173
    outer loop
      vertex 12.4 -34.0863 -3.18459
      vertex 0 -33.7757 -3.13851
      vertex 0 -34.0863 -3.18459
    endloop
  endfacet
  facet normal 0 0.336881 -0.941547
    outer loop
      vertex 0 -35.6246 2.95641
      vertex 12.4 -35.3289 3.06221
      vertex 12.4 -35.6246 2.95641
    endloop
  endfacet
  facet normal 0 0.336881 -0.941547
    outer loop
      vertex 12.4 -35.3289 3.06221
      vertex 0 -35.6246 2.95641
      vertex 0 -35.3289 3.06221
    endloop
  endfacet
  facet normal 8.27389e-19 -0.94154 -0.336901
    outer loop
      vertex 0 -31.3378 0.92891
      vertex 12.4 -31.4436 1.22459
      vertex 0 -31.4436 1.22459
    endloop
  endfacet
  facet normal 8.27389e-19 -0.94154 -0.336901
    outer loop
      vertex 12.4 -31.4436 1.22459
      vertex 0 -31.3378 0.92891
      vertex 12.4 -31.3378 0.92891
    endloop
  endfacet
  facet normal -7.82224e-20 -0.998797 -0.0490396
    outer loop
      vertex 0 -31.2 0
      vertex 12.4 -31.2154 0.313654
      vertex 0 -31.2154 0.313654
    endloop
  endfacet
  facet normal -7.82224e-20 -0.998797 -0.0490396
    outer loop
      vertex 12.4 -31.2154 0.313654
      vertex 0 -31.2 0
      vertex 12.4 -31.2 0
    endloop
  endfacet
  facet normal -1.48578e-19 -0.989167 0.146798
    outer loop
      vertex 0 -31.2615 -0.624289
      vertex 12.4 -31.2154 -0.313654
      vertex 0 -31.2154 -0.313654
    endloop
  endfacet
  facet normal -1.48578e-19 -0.989167 0.146798
    outer loop
      vertex 12.4 -31.2154 -0.313654
      vertex 0 -31.2615 -0.624289
      vertex 12.4 -31.2615 -0.624289
    endloop
  endfacet
  facet normal -0 0.514191 0.857676
    outer loop
      vertex 0 -35.9085 -2.82215
      vertex 12.4 -36.1778 -2.6607
      vertex 12.4 -35.9085 -2.82215
    endloop
  endfacet
  facet normal 0 0.514191 0.857676
    outer loop
      vertex 12.4 -36.1778 -2.6607
      vertex 0 -35.9085 -2.82215
      vertex 0 -36.1778 -2.6607
    endloop
  endfacet
  facet normal 7.82224e-20 -0.998797 0.0490396
    outer loop
      vertex 0 -31.2154 -0.313654
      vertex 12.4 -31.2 0
      vertex 0 -31.2 0
    endloop
  endfacet
  facet normal 7.82224e-20 -0.998797 0.0490396
    outer loop
      vertex 12.4 -31.2 0
      vertex 0 -31.2154 -0.313654
      vertex 12.4 -31.2154 -0.313654
    endloop
  endfacet
  facet normal -0 0.427517 0.904007
    outer loop
      vertex 0 -35.6246 -2.95641
      vertex 12.4 -35.9085 -2.82215
      vertex 12.4 -35.6246 -2.95641
    endloop
  endfacet
  facet normal 0 0.427517 0.904007
    outer loop
      vertex 12.4 -35.9085 -2.82215
      vertex 0 -35.6246 -2.95641
      vertex 0 -35.9085 -2.82215
    endloop
  endfacet
  facet normal 0 -0.0490642 -0.998796
    outer loop
      vertex 0 -34.4 3.2
      vertex 12.4 -34.0863 3.18459
      vertex 12.4 -34.4 3.2
    endloop
  endfacet
  facet normal -0 -0.0490642 -0.998796
    outer loop
      vertex 12.4 -34.0863 3.18459
      vertex 0 -34.4 3.2
      vertex 0 -34.0863 3.18459
    endloop
  endfacet
  facet normal 7.41202e-19 -0.857788 0.514004
    outer loop
      vertex 0 -31.7393 -1.77782
      vertex 12.4 -31.5779 -1.50847
      vertex 0 -31.5779 -1.50847
    endloop
  endfacet
  facet normal 7.41202e-19 -0.857788 0.514004
    outer loop
      vertex 12.4 -31.5779 -1.50847
      vertex 0 -31.7393 -1.77782
      vertex 12.4 -31.7393 -1.77782
    endloop
  endfacet
  facet normal 0 -0.514191 -0.857676
    outer loop
      vertex 0 -32.8915 2.82215
      vertex 12.4 -32.6222 2.6607
      vertex 12.4 -32.8915 2.82215
    endloop
  endfacet
  facet normal -0 -0.514191 -0.857676
    outer loop
      vertex 12.4 -32.6222 2.6607
      vertex 0 -32.8915 2.82215
      vertex 0 -32.6222 2.6607
    endloop
  endfacet
  facet normal 1.61284e-20 -0.740933 0.671578
    outer loop
      vertex 0 -32.1373 -2.26274
      vertex 12.4 -31.9264 -2.03006
      vertex 0 -31.9264 -2.03006
    endloop
  endfacet
  facet normal 1.61284e-20 -0.740933 0.671578
    outer loop
      vertex 12.4 -31.9264 -2.03006
      vertex 0 -32.1373 -2.26274
      vertex 12.4 -32.1373 -2.26274
    endloop
  endfacet
  facet normal 0 -0.336881 -0.941547
    outer loop
      vertex 0 -33.4711 3.06221
      vertex 12.4 -33.1754 2.95641
      vertex 12.4 -33.4711 3.06221
    endloop
  endfacet
  facet normal -0 -0.336881 -0.941547
    outer loop
      vertex 12.4 -33.1754 2.95641
      vertex 0 -33.4711 3.06221
      vertex 0 -33.1754 2.95641
    endloop
  endfacet
  facet normal 0 0.5956 -0.803281
    outer loop
      vertex 0 -36.4301 2.47363
      vertex 12.4 -36.1778 2.6607
      vertex 12.4 -36.4301 2.47363
    endloop
  endfacet
  facet normal 0 0.5956 -0.803281
    outer loop
      vertex 12.4 -36.1778 2.6607
      vertex 0 -36.4301 2.47363
      vertex 0 -36.1778 2.6607
    endloop
  endfacet
  facet normal -7.41202e-19 -0.857788 -0.514004
    outer loop
      vertex 0 -31.5779 1.50847
      vertex 12.4 -31.7393 1.77782
      vertex 0 -31.7393 1.77782
    endloop
  endfacet
  facet normal -7.41202e-19 -0.857788 -0.514004
    outer loop
      vertex 12.4 -31.7393 1.77782
      vertex 0 -31.5779 1.50847
      vertex 12.4 -31.5779 1.50847
    endloop
  endfacet
  facet normal 2.67653e-19 -0.970034 -0.242969
    outer loop
      vertex 0 -31.2615 0.624289
      vertex 12.4 -31.3378 0.92891
      vertex 0 -31.3378 0.92891
    endloop
  endfacet
  facet normal 2.67653e-19 -0.970034 -0.242969
    outer loop
      vertex 12.4 -31.3378 0.92891
      vertex 0 -31.2615 0.624289
      vertex 12.4 -31.2615 0.624289
    endloop
  endfacet
  facet normal 0 -0.671688 -0.740834
    outer loop
      vertex 0 -32.3699 2.47363
      vertex 12.4 -32.1373 2.26274
      vertex 12.4 -32.3699 2.47363
    endloop
  endfacet
  facet normal -0 -0.671688 -0.740834
    outer loop
      vertex 12.4 -32.1373 2.26274
      vertex 0 -32.3699 2.47363
      vertex 0 -32.1373 2.26274
    endloop
  endfacet
  facet normal -0 0.242985 0.97003
    outer loop
      vertex 0 -35.0243 -3.13851
      vertex 12.4 -35.3289 -3.06221
      vertex 12.4 -35.0243 -3.13851
    endloop
  endfacet
  facet normal 0 0.242985 0.97003
    outer loop
      vertex 12.4 -35.3289 -3.06221
      vertex 0 -35.0243 -3.13851
      vertex 0 -35.3289 -3.06221
    endloop
  endfacet
  facet normal 0 -0.514191 0.857676
    outer loop
      vertex 0 -32.6222 -2.6607
      vertex 12.4 -32.8915 -2.82215
      vertex 12.4 -32.6222 -2.6607
    endloop
  endfacet
  facet normal 0 -0.514191 0.857676
    outer loop
      vertex 12.4 -32.8915 -2.82215
      vertex 0 -32.6222 -2.6607
      vertex 0 -32.8915 -2.82215
    endloop
  endfacet
  facet normal 0 0.146752 -0.989173
    outer loop
      vertex 0 -35.0243 3.13851
      vertex 12.4 -34.7137 3.18459
      vertex 12.4 -35.0243 3.13851
    endloop
  endfacet
  facet normal 0 0.146752 -0.989173
    outer loop
      vertex 12.4 -34.7137 3.18459
      vertex 0 -35.0243 3.13851
      vertex 0 -34.7137 3.18459
    endloop
  endfacet
  facet normal -1.82939e-19 -0.903947 -0.427646
    outer loop
      vertex 0 -31.4436 1.22459
      vertex 12.4 -31.5779 1.50847
      vertex 0 -31.5779 1.50847
    endloop
  endfacet
  facet normal -1.82939e-19 -0.903947 -0.427646
    outer loop
      vertex 12.4 -31.5779 1.50847
      vertex 0 -31.4436 1.22459
      vertex 12.4 -31.4436 1.22459
    endloop
  endfacet
  facet normal 7.41202e-19 0.857788 -0.514004
    outer loop
      vertex 12.4 -37.2221 1.50847
      vertex 0 -37.0607 1.77782
      vertex 12.4 -37.0607 1.77782
    endloop
  endfacet
  facet normal 7.41202e-19 0.857788 -0.514004
    outer loop
      vertex 0 -37.0607 1.77782
      vertex 12.4 -37.2221 1.50847
      vertex 0 -37.2221 1.50847
    endloop
  endfacet
  facet normal 1.48578e-19 0.989167 0.146798
    outer loop
      vertex 12.4 -37.5385 -0.624289
      vertex 0 -37.5846 -0.313654
      vertex 12.4 -37.5846 -0.313654
    endloop
  endfacet
  facet normal 1.48578e-19 0.989167 0.146798
    outer loop
      vertex 0 -37.5846 -0.313654
      vertex 12.4 -37.5385 -0.624289
      vertex 0 -37.5385 -0.624289
    endloop
  endfacet
  facet normal -0 0.671688 0.740834
    outer loop
      vertex 0 -36.4301 -2.47363
      vertex 12.4 -36.6627 -2.26274
      vertex 12.4 -36.4301 -2.47363
    endloop
  endfacet
  facet normal 0 0.671688 0.740834
    outer loop
      vertex 12.4 -36.6627 -2.26274
      vertex 0 -36.4301 -2.47363
      vertex 0 -36.6627 -2.26274
    endloop
  endfacet
  facet normal 0 0.514191 -0.857676
    outer loop
      vertex 0 -36.1778 2.6607
      vertex 12.4 -35.9085 2.82215
      vertex 12.4 -36.1778 2.6607
    endloop
  endfacet
  facet normal 0 0.514191 -0.857676
    outer loop
      vertex 12.4 -35.9085 2.82215
      vertex 0 -36.1778 2.6607
      vertex 0 -35.9085 2.82215
    endloop
  endfacet
  facet normal 0 -0.242985 -0.97003
    outer loop
      vertex 0 -33.7757 3.13851
      vertex 12.4 -33.4711 3.06221
      vertex 12.4 -33.7757 3.13851
    endloop
  endfacet
  facet normal -0 -0.242985 -0.97003
    outer loop
      vertex 12.4 -33.4711 3.06221
      vertex 0 -33.7757 3.13851
      vertex 0 -33.4711 3.06221
    endloop
  endfacet
  facet normal 7.82224e-20 0.998797 -0.0490396
    outer loop
      vertex 12.4 -37.6 0
      vertex 0 -37.5846 0.313654
      vertex 12.4 -37.5846 0.313654
    endloop
  endfacet
  facet normal 7.82224e-20 0.998797 -0.0490396
    outer loop
      vertex 0 -37.5846 0.313654
      vertex 12.4 -37.6 0
      vertex 0 -37.6 0
    endloop
  endfacet
  facet normal -7.82224e-20 0.998797 0.0490396
    outer loop
      vertex 12.4 -37.5846 -0.313654
      vertex 0 -37.6 0
      vertex 12.4 -37.6 0
    endloop
  endfacet
  facet normal -7.82224e-20 0.998797 0.0490396
    outer loop
      vertex 0 -37.6 0
      vertex 12.4 -37.5846 -0.313654
      vertex 0 -37.5846 -0.313654
    endloop
  endfacet
  facet normal 0 0.0490642 -0.998796
    outer loop
      vertex 0 -34.7137 3.18459
      vertex 12.4 -34.4 3.2
      vertex 12.4 -34.7137 3.18459
    endloop
  endfacet
  facet normal 0 0.0490642 -0.998796
    outer loop
      vertex 12.4 -34.4 3.2
      vertex 0 -34.7137 3.18459
      vertex 0 -34.4 3.2
    endloop
  endfacet
  facet normal 8.00465e-19 0.903947 -0.427646
    outer loop
      vertex 12.4 -37.3564 1.22459
      vertex 0 -37.2221 1.50847
      vertex 12.4 -37.2221 1.50847
    endloop
  endfacet
  facet normal 8.00465e-19 0.903947 -0.427646
    outer loop
      vertex 0 -37.2221 1.50847
      vertex 12.4 -37.3564 1.22459
      vertex 0 -37.3564 1.22459
    endloop
  endfacet
  facet normal -0 0.336881 0.941547
    outer loop
      vertex 0 -35.3289 -3.06221
      vertex 12.4 -35.6246 -2.95641
      vertex 12.4 -35.3289 -3.06221
    endloop
  endfacet
  facet normal 0 0.336881 0.941547
    outer loop
      vertex 12.4 -35.6246 -2.95641
      vertex 0 -35.3289 -3.06221
      vertex 0 -35.6246 -2.95641
    endloop
  endfacet
  facet normal -4.70064e-20 0.803168 0.595753
    outer loop
      vertex 12.4 -36.8736 -2.03006
      vertex 0 -37.0607 -1.77782
      vertex 12.4 -37.0607 -1.77782
    endloop
  endfacet
  facet normal -4.70064e-20 0.803168 0.595753
    outer loop
      vertex 0 -37.0607 -1.77782
      vertex 12.4 -36.8736 -2.03006
      vertex 0 -36.8736 -2.03006
    endloop
  endfacet
  facet normal -7.41202e-19 0.857788 0.514004
    outer loop
      vertex 12.4 -37.0607 -1.77782
      vertex 0 -37.2221 -1.50847
      vertex 12.4 -37.2221 -1.50847
    endloop
  endfacet
  facet normal -7.41202e-19 0.857788 0.514004
    outer loop
      vertex 0 -37.2221 -1.50847
      vertex 12.4 -37.0607 -1.77782
      vertex 0 -37.0607 -1.77782
    endloop
  endfacet
  facet normal -5.7043e-19 -0.803168 -0.595753
    outer loop
      vertex 0 -31.7393 1.77782
      vertex 12.4 -31.9264 2.03006
      vertex 0 -31.9264 2.03006
    endloop
  endfacet
  facet normal -5.7043e-19 -0.803168 -0.595753
    outer loop
      vertex 12.4 -31.9264 2.03006
      vertex 0 -31.7393 1.77782
      vertex 12.4 -31.7393 1.77782
    endloop
  endfacet
  facet normal -2.67653e-19 -0.970034 0.242969
    outer loop
      vertex 0 -31.3378 -0.92891
      vertex 12.4 -31.2615 -0.624289
      vertex 0 -31.2615 -0.624289
    endloop
  endfacet
  facet normal -2.67653e-19 -0.970034 0.242969
    outer loop
      vertex 12.4 -31.2615 -0.624289
      vertex 0 -31.3378 -0.92891
      vertex 12.4 -31.3378 -0.92891
    endloop
  endfacet
  facet normal 0 0.427517 -0.904007
    outer loop
      vertex 0 -35.9085 2.82215
      vertex 12.4 -35.6246 2.95641
      vertex 12.4 -35.9085 2.82215
    endloop
  endfacet
  facet normal 0 0.427517 -0.904007
    outer loop
      vertex 12.4 -35.6246 2.95641
      vertex 0 -35.9085 2.82215
      vertex 0 -35.6246 2.95641
    endloop
  endfacet
  facet normal -1.61284e-20 0.740933 0.671578
    outer loop
      vertex 12.4 -36.6627 -2.26274
      vertex 0 -36.8736 -2.03006
      vertex 12.4 -36.8736 -2.03006
    endloop
  endfacet
  facet normal -1.61284e-20 0.740933 0.671578
    outer loop
      vertex 0 -36.8736 -2.03006
      vertex 12.4 -36.6627 -2.26274
      vertex 0 -36.6627 -2.26274
    endloop
  endfacet
  facet normal -2.06981e-19 0.970034 -0.242969
    outer loop
      vertex 12.4 -37.5385 0.624289
      vertex 0 -37.4622 0.92891
      vertex 12.4 -37.4622 0.92891
    endloop
  endfacet
  facet normal -2.06981e-19 0.970034 -0.242969
    outer loop
      vertex 0 -37.4622 0.92891
      vertex 12.4 -37.5385 0.624289
      vertex 0 -37.5385 0.624289
    endloop
  endfacet
  facet normal 0 -0.5956 -0.803281
    outer loop
      vertex 0 36.1778 2.6607
      vertex 12.4 36.4301 2.47363
      vertex 12.4 36.1778 2.6607
    endloop
  endfacet
  facet normal -0 -0.5956 -0.803281
    outer loop
      vertex 12.4 36.4301 2.47363
      vertex 0 36.1778 2.6607
      vertex 0 36.4301 2.47363
    endloop
  endfacet
  facet normal 0 -0.242985 0.97003
    outer loop
      vertex 0 35.3289 -3.06221
      vertex 12.4 35.0243 -3.13851
      vertex 12.4 35.3289 -3.06221
    endloop
  endfacet
  facet normal 0 -0.242985 0.97003
    outer loop
      vertex 12.4 35.0243 -3.13851
      vertex 0 35.3289 -3.06221
      vertex 0 35.0243 -3.13851
    endloop
  endfacet
  facet normal -2.67653e-19 0.970034 -0.242969
    outer loop
      vertex 12.4 31.2615 0.624289
      vertex 0 31.3378 0.92891
      vertex 12.4 31.3378 0.92891
    endloop
  endfacet
  facet normal -2.67653e-19 0.970034 -0.242969
    outer loop
      vertex 0 31.3378 0.92891
      vertex 12.4 31.2615 0.624289
      vertex 0 31.2615 0.624289
    endloop
  endfacet
  facet normal -1.35723e-19 -0.94154 0.336901
    outer loop
      vertex 0 37.3564 -1.22459
      vertex 12.4 37.4622 -0.92891
      vertex 0 37.4622 -0.92891
    endloop
  endfacet
  facet normal -1.35723e-19 -0.94154 0.336901
    outer loop
      vertex 12.4 37.4622 -0.92891
      vertex 0 37.3564 -1.22459
      vertex 12.4 37.3564 -1.22459
    endloop
  endfacet
  facet normal -1.48578e-19 0.989167 -0.146798
    outer loop
      vertex 12.4 31.2154 0.313654
      vertex 0 31.2615 0.624289
      vertex 12.4 31.2615 0.624289
    endloop
  endfacet
  facet normal -1.48578e-19 0.989167 -0.146798
    outer loop
      vertex 0 31.2615 0.624289
      vertex 12.4 31.2154 0.313654
      vertex 0 31.2154 0.313654
    endloop
  endfacet
  facet normal -0 0.146752 0.989173
    outer loop
      vertex 0 34.0863 -3.18459
      vertex 12.4 33.7757 -3.13851
      vertex 12.4 34.0863 -3.18459
    endloop
  endfacet
  facet normal 0 0.146752 0.989173
    outer loop
      vertex 12.4 33.7757 -3.13851
      vertex 0 34.0863 -3.18459
      vertex 0 33.7757 -3.13851
    endloop
  endfacet
  facet normal 4.70064e-20 -0.803168 0.595753
    outer loop
      vertex 0 36.8736 -2.03006
      vertex 12.4 37.0607 -1.77782
      vertex 0 37.0607 -1.77782
    endloop
  endfacet
  facet normal 4.70064e-20 -0.803168 0.595753
    outer loop
      vertex 12.4 37.0607 -1.77782
      vertex 0 36.8736 -2.03006
      vertex 12.4 36.8736 -2.03006
    endloop
  endfacet
  facet normal -0 0.0490642 0.998796
    outer loop
      vertex 0 34.4 -3.2
      vertex 12.4 34.0863 -3.18459
      vertex 12.4 34.4 -3.2
    endloop
  endfacet
  facet normal 0 0.0490642 0.998796
    outer loop
      vertex 12.4 34.0863 -3.18459
      vertex 0 34.4 -3.2
      vertex 0 34.0863 -3.18459
    endloop
  endfacet
  facet normal 0 -0.146752 -0.989173
    outer loop
      vertex 0 34.7137 3.18459
      vertex 12.4 35.0243 3.13851
      vertex 12.4 34.7137 3.18459
    endloop
  endfacet
  facet normal -0 -0.146752 -0.989173
    outer loop
      vertex 12.4 35.0243 3.13851
      vertex 0 34.7137 3.18459
      vertex 0 35.0243 3.13851
    endloop
  endfacet
  facet normal 0 -0.0490642 0.998796
    outer loop
      vertex 0 34.7137 -3.18459
      vertex 12.4 34.4 -3.2
      vertex 12.4 34.7137 -3.18459
    endloop
  endfacet
  facet normal 0 -0.0490642 0.998796
    outer loop
      vertex 12.4 34.4 -3.2
      vertex 0 34.7137 -3.18459
      vertex 0 34.4 -3.2
    endloop
  endfacet
  facet normal 1.48578e-19 -0.989167 -0.146798
    outer loop
      vertex 0 37.5846 0.313654
      vertex 12.4 37.5385 0.624289
      vertex 0 37.5385 0.624289
    endloop
  endfacet
  facet normal 1.48578e-19 -0.989167 -0.146798
    outer loop
      vertex 12.4 37.5385 0.624289
      vertex 0 37.5846 0.313654
      vertex 12.4 37.5846 0.313654
    endloop
  endfacet
  facet normal 0 -0.336881 0.941547
    outer loop
      vertex 0 35.6246 -2.95641
      vertex 12.4 35.3289 -3.06221
      vertex 12.4 35.6246 -2.95641
    endloop
  endfacet
  facet normal 0 -0.336881 0.941547
    outer loop
      vertex 12.4 35.3289 -3.06221
      vertex 0 35.6246 -2.95641
      vertex 0 35.3289 -3.06221
    endloop
  endfacet
  facet normal -1.61284e-20 -0.740933 -0.671578
    outer loop
      vertex 0 36.8736 2.03006
      vertex 12.4 36.6627 2.26274
      vertex 0 36.6627 2.26274
    endloop
  endfacet
  facet normal -1.61284e-20 -0.740933 -0.671578
    outer loop
      vertex 12.4 36.6627 2.26274
      vertex 0 36.8736 2.03006
      vertex 12.4 36.8736 2.03006
    endloop
  endfacet
  facet normal -1.82939e-19 0.903947 0.427646
    outer loop
      vertex 12.4 31.5779 -1.50847
      vertex 0 31.4436 -1.22459
      vertex 12.4 31.4436 -1.22459
    endloop
  endfacet
  facet normal -1.82939e-19 0.903947 0.427646
    outer loop
      vertex 0 31.4436 -1.22459
      vertex 12.4 31.5779 -1.50847
      vertex 0 31.5779 -1.50847
    endloop
  endfacet
  facet normal -8.27389e-19 0.94154 -0.336901
    outer loop
      vertex 12.4 31.3378 0.92891
      vertex 0 31.4436 1.22459
      vertex 12.4 31.4436 1.22459
    endloop
  endfacet
  facet normal -8.27389e-19 0.94154 -0.336901
    outer loop
      vertex 0 31.4436 1.22459
      vertex 12.4 31.3378 0.92891
      vertex 0 31.3378 0.92891
    endloop
  endfacet
  facet normal 8.27389e-19 0.94154 0.336901
    outer loop
      vertex 12.4 31.4436 -1.22459
      vertex 0 31.3378 -0.92891
      vertex 12.4 31.3378 -0.92891
    endloop
  endfacet
  facet normal 8.27389e-19 0.94154 0.336901
    outer loop
      vertex 0 31.3378 -0.92891
      vertex 12.4 31.4436 -1.22459
      vertex 0 31.4436 -1.22459
    endloop
  endfacet
  facet normal 0 0.671688 -0.740834
    outer loop
      vertex 0 32.1373 2.26274
      vertex 12.4 32.3699 2.47363
      vertex 12.4 32.1373 2.26274
    endloop
  endfacet
  facet normal 0 0.671688 -0.740834
    outer loop
      vertex 12.4 32.3699 2.47363
      vertex 0 32.1373 2.26274
      vertex 0 32.3699 2.47363
    endloop
  endfacet
  facet normal -0 0.5956 0.803281
    outer loop
      vertex 0 32.6222 -2.6607
      vertex 12.4 32.3699 -2.47363
      vertex 12.4 32.6222 -2.6607
    endloop
  endfacet
  facet normal 0 0.5956 0.803281
    outer loop
      vertex 12.4 32.3699 -2.47363
      vertex 0 32.6222 -2.6607
      vertex 0 32.3699 -2.47363
    endloop
  endfacet
  facet normal 0 -0.5956 0.803281
    outer loop
      vertex 0 36.4301 -2.47363
      vertex 12.4 36.1778 -2.6607
      vertex 12.4 36.4301 -2.47363
    endloop
  endfacet
  facet normal 0 -0.5956 0.803281
    outer loop
      vertex 12.4 36.1778 -2.6607
      vertex 0 36.4301 -2.47363
      vertex 0 36.1778 -2.6607
    endloop
  endfacet
  facet normal 0 -0.427517 -0.904007
    outer loop
      vertex 0 35.6246 2.95641
      vertex 12.4 35.9085 2.82215
      vertex 12.4 35.6246 2.95641
    endloop
  endfacet
  facet normal -0 -0.427517 -0.904007
    outer loop
      vertex 12.4 35.9085 2.82215
      vertex 0 35.6246 2.95641
      vertex 0 35.9085 2.82215
    endloop
  endfacet
  facet normal 2.67653e-19 0.970034 0.242969
    outer loop
      vertex 12.4 31.3378 -0.92891
      vertex 0 31.2615 -0.624289
      vertex 12.4 31.2615 -0.624289
    endloop
  endfacet
  facet normal 2.67653e-19 0.970034 0.242969
    outer loop
      vertex 0 31.2615 -0.624289
      vertex 12.4 31.3378 -0.92891
      vertex 0 31.3378 -0.92891
    endloop
  endfacet
  facet normal 8.00465e-19 -0.903947 0.427646
    outer loop
      vertex 0 37.2221 -1.50847
      vertex 12.4 37.3564 -1.22459
      vertex 0 37.3564 -1.22459
    endloop
  endfacet
  facet normal 8.00465e-19 -0.903947 0.427646
    outer loop
      vertex 12.4 37.3564 -1.22459
      vertex 0 37.2221 -1.50847
      vertex 12.4 37.2221 -1.50847
    endloop
  endfacet
  facet normal 0 0.242985 -0.97003
    outer loop
      vertex 0 33.4711 3.06221
      vertex 12.4 33.7757 3.13851
      vertex 12.4 33.4711 3.06221
    endloop
  endfacet
  facet normal 0 0.242985 -0.97003
    outer loop
      vertex 12.4 33.7757 3.13851
      vertex 0 33.4711 3.06221
      vertex 0 33.7757 3.13851
    endloop
  endfacet
  facet normal 5.7043e-19 0.803168 -0.595753
    outer loop
      vertex 12.4 31.7393 1.77782
      vertex 0 31.9264 2.03006
      vertex 12.4 31.9264 2.03006
    endloop
  endfacet
  facet normal 5.7043e-19 0.803168 -0.595753
    outer loop
      vertex 0 31.9264 2.03006
      vertex 12.4 31.7393 1.77782
      vertex 0 31.7393 1.77782
    endloop
  endfacet
  facet normal 0 -0.427517 0.904007
    outer loop
      vertex 0 35.9085 -2.82215
      vertex 12.4 35.6246 -2.95641
      vertex 12.4 35.9085 -2.82215
    endloop
  endfacet
  facet normal 0 -0.427517 0.904007
    outer loop
      vertex 12.4 35.6246 -2.95641
      vertex 0 35.9085 -2.82215
      vertex 0 35.6246 -2.95641
    endloop
  endfacet
  facet normal 0 -0.671688 0.740834
    outer loop
      vertex 0 36.6627 -2.26274
      vertex 12.4 36.4301 -2.47363
      vertex 12.4 36.6627 -2.26274
    endloop
  endfacet
  facet normal 0 -0.671688 0.740834
    outer loop
      vertex 12.4 36.4301 -2.47363
      vertex 0 36.6627 -2.26274
      vertex 0 36.4301 -2.47363
    endloop
  endfacet
  facet normal 0 -0.146752 0.989173
    outer loop
      vertex 0 35.0243 -3.13851
      vertex 12.4 34.7137 -3.18459
      vertex 12.4 35.0243 -3.13851
    endloop
  endfacet
  facet normal 0 -0.146752 0.989173
    outer loop
      vertex 12.4 34.7137 -3.18459
      vertex 0 35.0243 -3.13851
      vertex 0 34.7137 -3.18459
    endloop
  endfacet
  facet normal 0 0.336881 -0.941547
    outer loop
      vertex 0 33.1754 2.95641
      vertex 12.4 33.4711 3.06221
      vertex 12.4 33.1754 2.95641
    endloop
  endfacet
  facet normal 0 0.336881 -0.941547
    outer loop
      vertex 12.4 33.4711 3.06221
      vertex 0 33.1754 2.95641
      vertex 0 33.4711 3.06221
    endloop
  endfacet
  facet normal 1.35723e-19 -0.94154 -0.336901
    outer loop
      vertex 0 37.4622 0.92891
      vertex 12.4 37.3564 1.22459
      vertex 0 37.3564 1.22459
    endloop
  endfacet
  facet normal 1.35723e-19 -0.94154 -0.336901
    outer loop
      vertex 12.4 37.3564 1.22459
      vertex 0 37.4622 0.92891
      vertex 12.4 37.4622 0.92891
    endloop
  endfacet
  facet normal -7.82224e-20 -0.998797 -0.0490396
    outer loop
      vertex 0 37.6 0
      vertex 12.4 37.5846 0.313654
      vertex 0 37.5846 0.313654
    endloop
  endfacet
  facet normal -7.82224e-20 -0.998797 -0.0490396
    outer loop
      vertex 12.4 37.5846 0.313654
      vertex 0 37.6 0
      vertex 12.4 37.6 0
    endloop
  endfacet
  facet normal -1.48578e-19 -0.989167 0.146798
    outer loop
      vertex 0 37.5385 -0.624289
      vertex 12.4 37.5846 -0.313654
      vertex 0 37.5846 -0.313654
    endloop
  endfacet
  facet normal -1.48578e-19 -0.989167 0.146798
    outer loop
      vertex 12.4 37.5846 -0.313654
      vertex 0 37.5385 -0.624289
      vertex 12.4 37.5385 -0.624289
    endloop
  endfacet
  facet normal -0 0.514191 0.857676
    outer loop
      vertex 0 32.8915 -2.82215
      vertex 12.4 32.6222 -2.6607
      vertex 12.4 32.8915 -2.82215
    endloop
  endfacet
  facet normal 0 0.514191 0.857676
    outer loop
      vertex 12.4 32.6222 -2.6607
      vertex 0 32.8915 -2.82215
      vertex 0 32.6222 -2.6607
    endloop
  endfacet
  facet normal 7.82224e-20 -0.998797 0.0490396
    outer loop
      vertex 0 37.5846 -0.313654
      vertex 12.4 37.6 0
      vertex 0 37.6 0
    endloop
  endfacet
  facet normal 7.82224e-20 -0.998797 0.0490396
    outer loop
      vertex 12.4 37.6 0
      vertex 0 37.5846 -0.313654
      vertex 12.4 37.5846 -0.313654
    endloop
  endfacet
  facet normal -0 0.427517 0.904007
    outer loop
      vertex 0 33.1754 -2.95641
      vertex 12.4 32.8915 -2.82215
      vertex 12.4 33.1754 -2.95641
    endloop
  endfacet
  facet normal 0 0.427517 0.904007
    outer loop
      vertex 12.4 32.8915 -2.82215
      vertex 0 33.1754 -2.95641
      vertex 0 32.8915 -2.82215
    endloop
  endfacet
  facet normal 0 -0.0490642 -0.998796
    outer loop
      vertex 0 34.4 3.2
      vertex 12.4 34.7137 3.18459
      vertex 12.4 34.4 3.2
    endloop
  endfacet
  facet normal -0 -0.0490642 -0.998796
    outer loop
      vertex 12.4 34.7137 3.18459
      vertex 0 34.4 3.2
      vertex 0 34.7137 3.18459
    endloop
  endfacet
  facet normal 7.41202e-19 -0.857788 0.514004
    outer loop
      vertex 0 37.0607 -1.77782
      vertex 12.4 37.2221 -1.50847
      vertex 0 37.2221 -1.50847
    endloop
  endfacet
  facet normal 7.41202e-19 -0.857788 0.514004
    outer loop
      vertex 12.4 37.2221 -1.50847
      vertex 0 37.0607 -1.77782
      vertex 12.4 37.0607 -1.77782
    endloop
  endfacet
  facet normal 0 -0.514191 -0.857676
    outer loop
      vertex 0 35.9085 2.82215
      vertex 12.4 36.1778 2.6607
      vertex 12.4 35.9085 2.82215
    endloop
  endfacet
  facet normal -0 -0.514191 -0.857676
    outer loop
      vertex 12.4 36.1778 2.6607
      vertex 0 35.9085 2.82215
      vertex 0 36.1778 2.6607
    endloop
  endfacet
  facet normal 1.61284e-20 -0.740933 0.671578
    outer loop
      vertex 0 36.6627 -2.26274
      vertex 12.4 36.8736 -2.03006
      vertex 0 36.8736 -2.03006
    endloop
  endfacet
  facet normal 1.61284e-20 -0.740933 0.671578
    outer loop
      vertex 12.4 36.8736 -2.03006
      vertex 0 36.6627 -2.26274
      vertex 12.4 36.6627 -2.26274
    endloop
  endfacet
  facet normal 0 -0.336881 -0.941547
    outer loop
      vertex 0 35.3289 3.06221
      vertex 12.4 35.6246 2.95641
      vertex 12.4 35.3289 3.06221
    endloop
  endfacet
  facet normal -0 -0.336881 -0.941547
    outer loop
      vertex 12.4 35.6246 2.95641
      vertex 0 35.3289 3.06221
      vertex 0 35.6246 2.95641
    endloop
  endfacet
  facet normal 0 0.5956 -0.803281
    outer loop
      vertex 0 32.3699 2.47363
      vertex 12.4 32.6222 2.6607
      vertex 12.4 32.3699 2.47363
    endloop
  endfacet
  facet normal 0 0.5956 -0.803281
    outer loop
      vertex 12.4 32.6222 2.6607
      vertex 0 32.3699 2.47363
      vertex 0 32.6222 2.6607
    endloop
  endfacet
  facet normal -7.41202e-19 -0.857788 -0.514004
    outer loop
      vertex 0 37.2221 1.50847
      vertex 12.4 37.0607 1.77782
      vertex 0 37.0607 1.77782
    endloop
  endfacet
  facet normal -7.41202e-19 -0.857788 -0.514004
    outer loop
      vertex 12.4 37.0607 1.77782
      vertex 0 37.2221 1.50847
      vertex 12.4 37.2221 1.50847
    endloop
  endfacet
  facet normal 2.06981e-19 -0.970034 -0.242969
    outer loop
      vertex 0 37.5385 0.624289
      vertex 12.4 37.4622 0.92891
      vertex 0 37.4622 0.92891
    endloop
  endfacet
  facet normal 2.06981e-19 -0.970034 -0.242969
    outer loop
      vertex 12.4 37.4622 0.92891
      vertex 0 37.5385 0.624289
      vertex 12.4 37.5385 0.624289
    endloop
  endfacet
  facet normal 0 -0.671688 -0.740834
    outer loop
      vertex 0 36.4301 2.47363
      vertex 12.4 36.6627 2.26274
      vertex 12.4 36.4301 2.47363
    endloop
  endfacet
  facet normal -0 -0.671688 -0.740834
    outer loop
      vertex 12.4 36.6627 2.26274
      vertex 0 36.4301 2.47363
      vertex 0 36.6627 2.26274
    endloop
  endfacet
  facet normal -0 0.242985 0.97003
    outer loop
      vertex 0 33.7757 -3.13851
      vertex 12.4 33.4711 -3.06221
      vertex 12.4 33.7757 -3.13851
    endloop
  endfacet
  facet normal 0 0.242985 0.97003
    outer loop
      vertex 12.4 33.4711 -3.06221
      vertex 0 33.7757 -3.13851
      vertex 0 33.4711 -3.06221
    endloop
  endfacet
  facet normal 0 -0.514191 0.857676
    outer loop
      vertex 0 36.1778 -2.6607
      vertex 12.4 35.9085 -2.82215
      vertex 12.4 36.1778 -2.6607
    endloop
  endfacet
  facet normal 0 -0.514191 0.857676
    outer loop
      vertex 12.4 35.9085 -2.82215
      vertex 0 36.1778 -2.6607
      vertex 0 35.9085 -2.82215
    endloop
  endfacet
  facet normal 0 0.146752 -0.989173
    outer loop
      vertex 0 33.7757 3.13851
      vertex 12.4 34.0863 3.18459
      vertex 12.4 33.7757 3.13851
    endloop
  endfacet
  facet normal 0 0.146752 -0.989173
    outer loop
      vertex 12.4 34.0863 3.18459
      vertex 0 33.7757 3.13851
      vertex 0 34.0863 3.18459
    endloop
  endfacet
  facet normal -8.00465e-19 -0.903947 -0.427646
    outer loop
      vertex 0 37.3564 1.22459
      vertex 12.4 37.2221 1.50847
      vertex 0 37.2221 1.50847
    endloop
  endfacet
  facet normal -8.00465e-19 -0.903947 -0.427646
    outer loop
      vertex 12.4 37.2221 1.50847
      vertex 0 37.3564 1.22459
      vertex 12.4 37.3564 1.22459
    endloop
  endfacet
  facet normal 7.41202e-19 0.857788 -0.514004
    outer loop
      vertex 12.4 31.5779 1.50847
      vertex 0 31.7393 1.77782
      vertex 12.4 31.7393 1.77782
    endloop
  endfacet
  facet normal 7.41202e-19 0.857788 -0.514004
    outer loop
      vertex 0 31.7393 1.77782
      vertex 12.4 31.5779 1.50847
      vertex 0 31.5779 1.50847
    endloop
  endfacet
  facet normal 1.48578e-19 0.989167 0.146798
    outer loop
      vertex 12.4 31.2615 -0.624289
      vertex 0 31.2154 -0.313654
      vertex 12.4 31.2154 -0.313654
    endloop
  endfacet
  facet normal 1.48578e-19 0.989167 0.146798
    outer loop
      vertex 0 31.2154 -0.313654
      vertex 12.4 31.2615 -0.624289
      vertex 0 31.2615 -0.624289
    endloop
  endfacet
  facet normal -0 0.671688 0.740834
    outer loop
      vertex 0 32.3699 -2.47363
      vertex 12.4 32.1373 -2.26274
      vertex 12.4 32.3699 -2.47363
    endloop
  endfacet
  facet normal 0 0.671688 0.740834
    outer loop
      vertex 12.4 32.1373 -2.26274
      vertex 0 32.3699 -2.47363
      vertex 0 32.1373 -2.26274
    endloop
  endfacet
  facet normal 0 0.514191 -0.857676
    outer loop
      vertex 0 32.6222 2.6607
      vertex 12.4 32.8915 2.82215
      vertex 12.4 32.6222 2.6607
    endloop
  endfacet
  facet normal 0 0.514191 -0.857676
    outer loop
      vertex 12.4 32.8915 2.82215
      vertex 0 32.6222 2.6607
      vertex 0 32.8915 2.82215
    endloop
  endfacet
  facet normal 0 -0.242985 -0.97003
    outer loop
      vertex 0 35.0243 3.13851
      vertex 12.4 35.3289 3.06221
      vertex 12.4 35.0243 3.13851
    endloop
  endfacet
  facet normal -0 -0.242985 -0.97003
    outer loop
      vertex 12.4 35.3289 3.06221
      vertex 0 35.0243 3.13851
      vertex 0 35.3289 3.06221
    endloop
  endfacet
  facet normal 7.82224e-20 0.998797 -0.0490396
    outer loop
      vertex 12.4 31.2 0
      vertex 0 31.2154 0.313654
      vertex 12.4 31.2154 0.313654
    endloop
  endfacet
  facet normal 7.82224e-20 0.998797 -0.0490396
    outer loop
      vertex 0 31.2154 0.313654
      vertex 12.4 31.2 0
      vertex 0 31.2 0
    endloop
  endfacet
  facet normal -7.82224e-20 0.998797 0.0490396
    outer loop
      vertex 12.4 31.2154 -0.313654
      vertex 0 31.2 0
      vertex 12.4 31.2 0
    endloop
  endfacet
  facet normal -7.82224e-20 0.998797 0.0490396
    outer loop
      vertex 0 31.2 0
      vertex 12.4 31.2154 -0.313654
      vertex 0 31.2154 -0.313654
    endloop
  endfacet
  facet normal 0 0.0490642 -0.998796
    outer loop
      vertex 0 34.0863 3.18459
      vertex 12.4 34.4 3.2
      vertex 12.4 34.0863 3.18459
    endloop
  endfacet
  facet normal 0 0.0490642 -0.998796
    outer loop
      vertex 12.4 34.4 3.2
      vertex 0 34.0863 3.18459
      vertex 0 34.4 3.2
    endloop
  endfacet
  facet normal 1.82939e-19 0.903947 -0.427646
    outer loop
      vertex 12.4 31.4436 1.22459
      vertex 0 31.5779 1.50847
      vertex 12.4 31.5779 1.50847
    endloop
  endfacet
  facet normal 1.82939e-19 0.903947 -0.427646
    outer loop
      vertex 0 31.5779 1.50847
      vertex 12.4 31.4436 1.22459
      vertex 0 31.4436 1.22459
    endloop
  endfacet
  facet normal -0 0.336881 0.941547
    outer loop
      vertex 0 33.4711 -3.06221
      vertex 12.4 33.1754 -2.95641
      vertex 12.4 33.4711 -3.06221
    endloop
  endfacet
  facet normal 0 0.336881 0.941547
    outer loop
      vertex 12.4 33.1754 -2.95641
      vertex 0 33.4711 -3.06221
      vertex 0 33.1754 -2.95641
    endloop
  endfacet
  facet normal -5.7043e-19 0.803168 0.595753
    outer loop
      vertex 12.4 31.9264 -2.03006
      vertex 0 31.7393 -1.77782
      vertex 12.4 31.7393 -1.77782
    endloop
  endfacet
  facet normal -5.7043e-19 0.803168 0.595753
    outer loop
      vertex 0 31.7393 -1.77782
      vertex 12.4 31.9264 -2.03006
      vertex 0 31.9264 -2.03006
    endloop
  endfacet
  facet normal -7.41202e-19 0.857788 0.514004
    outer loop
      vertex 12.4 31.7393 -1.77782
      vertex 0 31.5779 -1.50847
      vertex 12.4 31.5779 -1.50847
    endloop
  endfacet
  facet normal -7.41202e-19 0.857788 0.514004
    outer loop
      vertex 0 31.5779 -1.50847
      vertex 12.4 31.7393 -1.77782
      vertex 0 31.7393 -1.77782
    endloop
  endfacet
  facet normal -4.70064e-20 -0.803168 -0.595753
    outer loop
      vertex 0 37.0607 1.77782
      vertex 12.4 36.8736 2.03006
      vertex 0 36.8736 2.03006
    endloop
  endfacet
  facet normal -4.70064e-20 -0.803168 -0.595753
    outer loop
      vertex 12.4 36.8736 2.03006
      vertex 0 37.0607 1.77782
      vertex 12.4 37.0607 1.77782
    endloop
  endfacet
  facet normal -2.06981e-19 -0.970034 0.242969
    outer loop
      vertex 0 37.4622 -0.92891
      vertex 12.4 37.5385 -0.624289
      vertex 0 37.5385 -0.624289
    endloop
  endfacet
  facet normal -2.06981e-19 -0.970034 0.242969
    outer loop
      vertex 12.4 37.5385 -0.624289
      vertex 0 37.4622 -0.92891
      vertex 12.4 37.4622 -0.92891
    endloop
  endfacet
  facet normal 0 0.427517 -0.904007
    outer loop
      vertex 0 32.8915 2.82215
      vertex 12.4 33.1754 2.95641
      vertex 12.4 32.8915 2.82215
    endloop
  endfacet
  facet normal 0 0.427517 -0.904007
    outer loop
      vertex 12.4 33.1754 2.95641
      vertex 0 32.8915 2.82215
      vertex 0 33.1754 2.95641
    endloop
  endfacet
  facet normal -1.61284e-20 0.740933 0.671578
    outer loop
      vertex 12.4 32.1373 -2.26274
      vertex 0 31.9264 -2.03006
      vertex 12.4 31.9264 -2.03006
    endloop
  endfacet
  facet normal -1.61284e-20 0.740933 0.671578
    outer loop
      vertex 0 31.9264 -2.03006
      vertex 12.4 32.1373 -2.26274
      vertex 0 32.1373 -2.26274
    endloop
  endfacet
  facet normal 1.61284e-20 0.740933 -0.671578
    outer loop
      vertex 12.4 31.9264 2.03006
      vertex 0 32.1373 2.26274
      vertex 12.4 32.1373 2.26274
    endloop
  endfacet
  facet normal 1.61284e-20 0.740933 -0.671578
    outer loop
      vertex 0 32.1373 2.26274
      vertex 12.4 31.9264 2.03006
      vertex 0 31.9264 2.03006
    endloop
  endfacet
  facet normal -0.242984 -0.97003 0
    outer loop
      vertex 3.78475 19.0272 -17
      vertex 5.63152 18.5646 17
      vertex 3.78475 19.0272 17
    endloop
  endfacet
  facet normal -0.242984 -0.97003 -0
    outer loop
      vertex 5.63152 18.5646 17
      vertex 3.78475 19.0272 -17
      vertex 5.63152 18.5646 -17
    endloop
  endfacet
  facet normal -0.146757 0.989173 0
    outer loop
      vertex 3.78475 -19.0272 -17
      vertex 1.90153 -19.3066 17
      vertex 3.78475 -19.0272 17
    endloop
  endfacet
  facet normal -0.146757 0.989173 0
    outer loop
      vertex 1.90153 -19.3066 17
      vertex 3.78475 -19.0272 -17
      vertex 1.90153 -19.3066 -17
    endloop
  endfacet
  facet normal -0.0490592 0.998796 0
    outer loop
      vertex 1.90153 -19.3066 -17
      vertex 0 -19.4 17
      vertex 1.90153 -19.3066 17
    endloop
  endfacet
  facet normal -0.0490592 0.998796 0
    outer loop
      vertex 0 -19.4 17
      vertex 1.90153 -19.3066 -17
      vertex 0 -19.4 -17
    endloop
  endfacet
  facet normal -0.514109 0.857725 0
    outer loop
      vertex 10.7781 -16.1305 -17
      vertex 9.1451 -17.1093 17
      vertex 10.7781 -16.1305 17
    endloop
  endfacet
  facet normal -0.514109 0.857725 0
    outer loop
      vertex 9.1451 -17.1093 17
      vertex 10.7781 -16.1305 -17
      vertex 9.1451 -17.1093 -17
    endloop
  endfacet
  facet normal -0.595714 0.803197 0
    outer loop
      vertex 12.3072 -14.9964 -17
      vertex 10.7781 -16.1305 17
      vertex 12.3072 -14.9964 17
    endloop
  endfacet
  facet normal -0.595714 0.803197 0
    outer loop
      vertex 10.7781 -16.1305 17
      vertex 12.3072 -14.9964 -17
      vertex 10.7781 -16.1305 -17
    endloop
  endfacet
  facet normal -0.427559 -0.903988 0
    outer loop
      vertex 7.42406 17.9233 -17
      vertex 9.1451 17.1093 17
      vertex 7.42406 17.9233 17
    endloop
  endfacet
  facet normal -0.427559 -0.903988 -0
    outer loop
      vertex 9.1451 17.1093 17
      vertex 7.42406 17.9233 -17
      vertex 9.1451 17.1093 -17
    endloop
  endfacet
  facet normal -0.514109 -0.857725 0
    outer loop
      vertex 9.1451 17.1093 -17
      vertex 10.7781 16.1305 17
      vertex 9.1451 17.1093 17
    endloop
  endfacet
  facet normal -0.514109 -0.857725 -0
    outer loop
      vertex 10.7781 16.1305 17
      vertex 9.1451 17.1093 -17
      vertex 10.7781 16.1305 -17
    endloop
  endfacet
  facet normal -0.595714 -0.803197 0
    outer loop
      vertex 10.7781 16.1305 -17
      vertex 12.3072 14.9964 17
      vertex 10.7781 16.1305 17
    endloop
  endfacet
  facet normal -0.595714 -0.803197 -0
    outer loop
      vertex 12.3072 14.9964 17
      vertex 10.7781 16.1305 -17
      vertex 12.3072 14.9964 -17
    endloop
  endfacet
  facet normal -0.427559 0.903988 0
    outer loop
      vertex 9.1451 -17.1093 -17
      vertex 7.42406 -17.9233 17
      vertex 9.1451 -17.1093 17
    endloop
  endfacet
  facet normal -0.427559 0.903988 0
    outer loop
      vertex 7.42406 -17.9233 17
      vertex 9.1451 -17.1093 -17
      vertex 7.42406 -17.9233 -17
    endloop
  endfacet
  facet normal -0.336852 -0.941558 0
    outer loop
      vertex 5.63152 18.5646 -17
      vertex 7.42406 17.9233 17
      vertex 5.63152 18.5646 17
    endloop
  endfacet
  facet normal -0.336852 -0.941558 -0
    outer loop
      vertex 7.42406 17.9233 17
      vertex 5.63152 18.5646 -17
      vertex 7.42406 17.9233 -17
    endloop
  endfacet
  facet normal -0.242984 0.97003 0
    outer loop
      vertex 5.63152 -18.5646 -17
      vertex 3.78475 -19.0272 17
      vertex 5.63152 -18.5646 17
    endloop
  endfacet
  facet normal -0.242984 0.97003 0
    outer loop
      vertex 3.78475 -19.0272 17
      vertex 5.63152 -18.5646 -17
      vertex 3.78475 -19.0272 -17
    endloop
  endfacet
  facet normal -0.336852 0.941558 0
    outer loop
      vertex 7.42406 -17.9233 -17
      vertex 5.63152 -18.5646 17
      vertex 7.42406 -17.9233 17
    endloop
  endfacet
  facet normal -0.336852 0.941558 0
    outer loop
      vertex 5.63152 -18.5646 17
      vertex 7.42406 -17.9233 -17
      vertex 5.63152 -18.5646 -17
    endloop
  endfacet
  facet normal -0.0490592 -0.998796 0
    outer loop
      vertex 0 19.4 -17
      vertex 1.90153 19.3066 17
      vertex 0 19.4 17
    endloop
  endfacet
  facet normal -0.0490592 -0.998796 -0
    outer loop
      vertex 1.90153 19.3066 17
      vertex 0 19.4 -17
      vertex 1.90153 19.3066 -17
    endloop
  endfacet
  facet normal -0.146757 -0.989173 0
    outer loop
      vertex 1.90153 19.3066 -17
      vertex 3.78475 19.0272 17
      vertex 1.90153 19.3066 17
    endloop
  endfacet
  facet normal -0.146757 -0.989173 -0
    outer loop
      vertex 3.78475 19.0272 17
      vertex 1.90153 19.3066 -17
      vertex 3.78475 19.0272 -17
    endloop
  endfacet
  facet normal 2.52612e-19 0.90402 0.427489
    outer loop
      vertex 52 30.391 26.0615
      vertex 46 30.0554 26.7712
      vertex 52 30.0554 26.7712
    endloop
  endfacet
  facet normal 2.52612e-19 0.90402 0.427489
    outer loop
      vertex 46 30.0554 26.7712
      vertex 52 30.391 26.0615
      vertex 46 30.391 26.0615
    endloop
  endfacet
  facet normal 0 -1 0
    outer loop
      vertex 46 -31 -23
      vertex 52 -31 23
      vertex 46 -31 23
    endloop
  endfacet
  facet normal 0 -1 -0
    outer loop
      vertex 52 -31 23
      vertex 46 -31 -23
      vertex 52 -31 -23
    endloop
  endfacet
  facet normal 0 -0.67148 -0.741023
    outer loop
      vertex 46 -28.6569 -28.6569
      vertex 52 -28.0751 -29.1841
      vertex 52 -28.6569 -28.6569
    endloop
  endfacet
  facet normal -0 -0.67148 -0.741023
    outer loop
      vertex 52 -28.0751 -29.1841
      vertex 46 -28.6569 -28.6569
      vertex 46 -28.0751 -29.1841
    endloop
  endfacet
  facet normal 5.26124e-18 0.741023 -0.67148
    outer loop
      vertex 52 28.6569 -28.6569
      vertex 46 29.1841 -28.0751
      vertex 52 29.1841 -28.0751
    endloop
  endfacet
  facet normal 5.26124e-18 0.741023 -0.67148
    outer loop
      vertex 46 29.1841 -28.0751
      vertex 52 28.6569 -28.6569
      vertex 46 28.6569 -28.6569
    endloop
  endfacet
  facet normal 0 -0.514084 -0.85774
    outer loop
      vertex 46 -27.4446 -29.6518
      vertex 52 -26.7712 -30.0554
      vertex 52 -27.4446 -29.6518
    endloop
  endfacet
  facet normal -0 -0.514084 -0.85774
    outer loop
      vertex 52 -26.7712 -30.0554
      vertex 46 -27.4446 -29.6518
      vertex 46 -26.7712 -30.0554
    endloop
  endfacet
  facet normal -1.61806e-18 0.94154 -0.336901
    outer loop
      vertex 52 30.391 -26.0615
      vertex 46 30.6555 -25.3223
      vertex 52 30.6555 -25.3223
    endloop
  endfacet
  facet normal -1.61806e-18 0.94154 -0.336901
    outer loop
      vertex 46 30.6555 -25.3223
      vertex 52 30.391 -26.0615
      vertex 46 30.391 -26.0615
    endloop
  endfacet
  facet normal 0 -0.336901 -0.94154
    outer loop
      vertex 46 -26.0615 -30.391
      vertex 52 -25.3223 -30.6555
      vertex 52 -26.0615 -30.391
    endloop
  endfacet
  facet normal -0 -0.336901 -0.94154
    outer loop
      vertex 52 -25.3223 -30.6555
      vertex 46 -26.0615 -30.391
      vertex 46 -25.3223 -30.6555
    endloop
  endfacet
  facet normal 1.86271e-19 -0.998797 0.0490418
    outer loop
      vertex 46 -31 23
      vertex 52 -30.9615 23.7841
      vertex 46 -30.9615 23.7841
    endloop
  endfacet
  facet normal 1.86271e-19 -0.998797 0.0490418
    outer loop
      vertex 52 -30.9615 23.7841
      vertex 46 -31 23
      vertex 52 -31 23
    endloop
  endfacet
  facet normal 0 0.427489 -0.90402
    outer loop
      vertex 46 26.0615 -30.391
      vertex 52 26.7712 -30.0554
      vertex 52 26.0615 -30.391
    endloop
  endfacet
  facet normal 0 0.427489 -0.90402
    outer loop
      vertex 52 26.7712 -30.0554
      vertex 46 26.0615 -30.391
      vertex 46 26.7712 -30.0554
    endloop
  endfacet
  facet normal 0 1 -0
    outer loop
      vertex 52 31 -23
      vertex 46 31 23
      vertex 52 31 23
    endloop
  endfacet
  facet normal 0 1 0
    outer loop
      vertex 46 31 23
      vertex 52 31 -23
      vertex 46 31 -23
    endloop
  endfacet
  facet normal -2.52612e-19 0.90402 -0.427489
    outer loop
      vertex 52 30.0554 -26.7712
      vertex 46 30.391 -26.0615
      vertex 52 30.391 -26.0615
    endloop
  endfacet
  facet normal -2.52612e-19 0.90402 -0.427489
    outer loop
      vertex 46 30.391 -26.0615
      vertex 52 30.0554 -26.7712
      vertex 46 30.0554 -26.7712
    endloop
  endfacet
  facet normal 0 0.0490418 -0.998797
    outer loop
      vertex 46 23 -31
      vertex 52 23.7841 -30.9615
      vertex 52 23 -31
    endloop
  endfacet
  facet normal 0 0.0490418 -0.998797
    outer loop
      vertex 52 23.7841 -30.9615
      vertex 46 23 -31
      vertex 46 23.7841 -30.9615
    endloop
  endfacet
  facet normal 0 -0.595773 0.803153
    outer loop
      vertex 46 -27.4446 29.6518
      vertex 52 -28.0751 29.1841
      vertex 52 -27.4446 29.6518
    endloop
  endfacet
  facet normal 0 -0.595773 0.803153
    outer loop
      vertex 52 -28.0751 29.1841
      vertex 46 -27.4446 29.6518
      vertex 46 -28.0751 29.1841
    endloop
  endfacet
  facet normal 0 -0.146733 0.989176
    outer loop
      vertex 46 -23.7841 30.9615
      vertex 52 -24.5607 30.8463
      vertex 52 -23.7841 30.9615
    endloop
  endfacet
  facet normal 0 -0.146733 0.989176
    outer loop
      vertex 52 -24.5607 30.8463
      vertex 46 -23.7841 30.9615
      vertex 46 -24.5607 30.8463
    endloop
  endfacet
  facet normal -0 0.336901 0.94154
    outer loop
      vertex 46 26.0615 30.391
      vertex 52 25.3223 30.6555
      vertex 52 26.0615 30.391
    endloop
  endfacet
  facet normal 0 0.336901 0.94154
    outer loop
      vertex 52 25.3223 30.6555
      vertex 46 26.0615 30.391
      vertex 46 25.3223 30.6555
    endloop
  endfacet
  facet normal -1.42813e-18 -0.989176 -0.146733
    outer loop
      vertex 46 -30.8463 -24.5607
      vertex 52 -30.9615 -23.7841
      vertex 46 -30.9615 -23.7841
    endloop
  endfacet
  facet normal -1.42813e-18 -0.989176 -0.146733
    outer loop
      vertex 52 -30.9615 -23.7841
      vertex 46 -30.8463 -24.5607
      vertex 52 -30.8463 -24.5607
    endloop
  endfacet
  facet normal -0 0.595773 0.803153
    outer loop
      vertex 46 28.0751 29.1841
      vertex 52 27.4446 29.6518
      vertex 52 28.0751 29.1841
    endloop
  endfacet
  facet normal 0 0.595773 0.803153
    outer loop
      vertex 52 27.4446 29.6518
      vertex 46 28.0751 29.1841
      vertex 46 27.4446 29.6518
    endloop
  endfacet
  facet normal 1.42813e-18 0.989176 -0.146733
    outer loop
      vertex 52 30.8463 -24.5607
      vertex 46 30.9615 -23.7841
      vertex 52 30.9615 -23.7841
    endloop
  endfacet
  facet normal 1.42813e-18 0.989176 -0.146733
    outer loop
      vertex 46 30.9615 -23.7841
      vertex 52 30.8463 -24.5607
      vertex 46 30.8463 -24.5607
    endloop
  endfacet
  facet normal 0 -0.0490418 -0.998797
    outer loop
      vertex 46 -23.7841 -30.9615
      vertex 52 -23 -31
      vertex 52 -23.7841 -30.9615
    endloop
  endfacet
  facet normal -0 -0.0490418 -0.998797
    outer loop
      vertex 52 -23 -31
      vertex 46 -23.7841 -30.9615
      vertex 46 -23 -31
    endloop
  endfacet
  facet normal -1.78127e-18 -0.803153 0.595773
    outer loop
      vertex 46 -29.6518 27.4446
      vertex 52 -29.1841 28.0751
      vertex 46 -29.1841 28.0751
    endloop
  endfacet
  facet normal -1.78127e-18 -0.803153 0.595773
    outer loop
      vertex 52 -29.1841 28.0751
      vertex 46 -29.6518 27.4446
      vertex 52 -29.6518 27.4446
    endloop
  endfacet
  facet normal 0 -0.0490418 0.998797
    outer loop
      vertex 46 -23 31
      vertex 52 -23.7841 30.9615
      vertex 52 -23 31
    endloop
  endfacet
  facet normal 0 -0.0490418 0.998797
    outer loop
      vertex 52 -23.7841 30.9615
      vertex 46 -23 31
      vertex 46 -23.7841 30.9615
    endloop
  endfacet
  facet normal 1.61806e-18 -0.94154 -0.336901
    outer loop
      vertex 46 -30.391 -26.0615
      vertex 52 -30.6555 -25.3223
      vertex 46 -30.6555 -25.3223
    endloop
  endfacet
  facet normal 1.61806e-18 -0.94154 -0.336901
    outer loop
      vertex 52 -30.6555 -25.3223
      vertex 46 -30.391 -26.0615
      vertex 52 -30.391 -26.0615
    endloop
  endfacet
  facet normal 0 0 -1
    outer loop
      vertex 46 -23 -31
      vertex 52 23 -31
      vertex 52 -23 -31
    endloop
  endfacet
  facet normal -0 0 -1
    outer loop
      vertex 52 23 -31
      vertex 46 -23 -31
      vertex 46 23 -31
    endloop
  endfacet
  facet normal -0 0 1
    outer loop
      vertex 46 23 31
      vertex 52 -23 31
      vertex 52 23 31
    endloop
  endfacet
  facet normal 0 0 1
    outer loop
      vertex 52 -23 31
      vertex 46 23 31
      vertex 46 -23 31
    endloop
  endfacet
  facet normal 0 -0.146733 -0.989176
    outer loop
      vertex 46 -24.5607 -30.8463
      vertex 52 -23.7841 -30.9615
      vertex 52 -24.5607 -30.8463
    endloop
  endfacet
  facet normal -0 -0.146733 -0.989176
    outer loop
      vertex 52 -23.7841 -30.9615
      vertex 46 -24.5607 -30.8463
      vertex 46 -23.7841 -30.9615
    endloop
  endfacet
  facet normal 0 -0.336901 0.94154
    outer loop
      vertex 46 -25.3223 30.6555
      vertex 52 -26.0615 30.391
      vertex 52 -25.3223 30.6555
    endloop
  endfacet
  facet normal 0 -0.336901 0.94154
    outer loop
      vertex 52 -26.0615 30.391
      vertex 46 -25.3223 30.6555
      vertex 46 -26.0615 30.391
    endloop
  endfacet
  facet normal -1.86271e-19 -0.998797 -0.0490418
    outer loop
      vertex 46 -30.9615 -23.7841
      vertex 52 -31 -23
      vertex 46 -31 -23
    endloop
  endfacet
  facet normal -1.86271e-19 -0.998797 -0.0490418
    outer loop
      vertex 52 -31 -23
      vertex 46 -30.9615 -23.7841
      vertex 52 -30.9615 -23.7841
    endloop
  endfacet
  facet normal 0 -0.427489 0.90402
    outer loop
      vertex 46 -26.0615 30.391
      vertex 52 -26.7712 30.0554
      vertex 52 -26.0615 30.391
    endloop
  endfacet
  facet normal 0 -0.427489 0.90402
    outer loop
      vertex 52 -26.7712 30.0554
      vertex 46 -26.0615 30.391
      vertex 46 -26.7712 30.0554
    endloop
  endfacet
  facet normal -1.86271e-19 0.998797 0.0490418
    outer loop
      vertex 52 31 23
      vertex 46 30.9615 23.7841
      vertex 52 30.9615 23.7841
    endloop
  endfacet
  facet normal -1.86271e-19 0.998797 0.0490418
    outer loop
      vertex 46 30.9615 23.7841
      vertex 52 31 23
      vertex 46 31 23
    endloop
  endfacet
  facet normal 0 0.336901 -0.94154
    outer loop
      vertex 46 25.3223 -30.6555
      vertex 52 26.0615 -30.391
      vertex 52 25.3223 -30.6555
    endloop
  endfacet
  facet normal 0 0.336901 -0.94154
    outer loop
      vertex 52 26.0615 -30.391
      vertex 46 25.3223 -30.6555
      vertex 46 26.0615 -30.391
    endloop
  endfacet
  facet normal -0 0.514084 0.85774
    outer loop
      vertex 46 27.4446 29.6518
      vertex 52 26.7712 30.0554
      vertex 52 27.4446 29.6518
    endloop
  endfacet
  facet normal 0 0.514084 0.85774
    outer loop
      vertex 52 26.7712 30.0554
      vertex 46 27.4446 29.6518
      vertex 46 26.7712 30.0554
    endloop
  endfacet
  facet normal 5.26124e-18 -0.741023 0.67148
    outer loop
      vertex 46 -29.1841 28.0751
      vertex 52 -28.6569 28.6569
      vertex 46 -28.6569 28.6569
    endloop
  endfacet
  facet normal 5.26124e-18 -0.741023 0.67148
    outer loop
      vertex 52 -28.6569 28.6569
      vertex 46 -29.1841 28.0751
      vertex 52 -29.1841 28.0751
    endloop
  endfacet
  facet normal 1.86271e-19 0.998797 -0.0490418
    outer loop
      vertex 52 30.9615 -23.7841
      vertex 46 31 -23
      vertex 52 31 -23
    endloop
  endfacet
  facet normal 1.86271e-19 0.998797 -0.0490418
    outer loop
      vertex 46 31 -23
      vertex 52 30.9615 -23.7841
      vertex 46 30.9615 -23.7841
    endloop
  endfacet
  facet normal 0 0.595773 -0.803153
    outer loop
      vertex 46 27.4446 -29.6518
      vertex 52 28.0751 -29.1841
      vertex 52 27.4446 -29.6518
    endloop
  endfacet
  facet normal 0 0.595773 -0.803153
    outer loop
      vertex 52 28.0751 -29.1841
      vertex 46 27.4446 -29.6518
      vertex 46 28.0751 -29.1841
    endloop
  endfacet
  facet normal 2.58362e-18 0.970023 -0.243015
    outer loop
      vertex 52 30.6555 -25.3223
      vertex 46 30.8463 -24.5607
      vertex 52 30.8463 -24.5607
    endloop
  endfacet
  facet normal 2.58362e-18 0.970023 -0.243015
    outer loop
      vertex 46 30.8463 -24.5607
      vertex 52 30.6555 -25.3223
      vertex 46 30.6555 -25.3223
    endloop
  endfacet
  facet normal -0 0.146733 0.989176
    outer loop
      vertex 46 24.5607 30.8463
      vertex 52 23.7841 30.9615
      vertex 52 24.5607 30.8463
    endloop
  endfacet
  facet normal 0 0.146733 0.989176
    outer loop
      vertex 52 23.7841 30.9615
      vertex 46 24.5607 30.8463
      vertex 46 23.7841 30.9615
    endloop
  endfacet
  facet normal -0 0.0490418 0.998797
    outer loop
      vertex 46 23.7841 30.9615
      vertex 52 23 31
      vertex 52 23.7841 30.9615
    endloop
  endfacet
  facet normal 0 0.0490418 0.998797
    outer loop
      vertex 52 23 31
      vertex 46 23.7841 30.9615
      vertex 46 23 31
    endloop
  endfacet
  facet normal 0 -0.67148 0.741023
    outer loop
      vertex 46 -28.0751 29.1841
      vertex 52 -28.6569 28.6569
      vertex 52 -28.0751 29.1841
    endloop
  endfacet
  facet normal 0 -0.67148 0.741023
    outer loop
      vertex 52 -28.6569 28.6569
      vertex 46 -28.0751 29.1841
      vertex 46 -28.6569 28.6569
    endloop
  endfacet
  facet normal 0 0.146733 -0.989176
    outer loop
      vertex 46 23.7841 -30.9615
      vertex 52 24.5607 -30.8463
      vertex 52 23.7841 -30.9615
    endloop
  endfacet
  facet normal 0 0.146733 -0.989176
    outer loop
      vertex 52 24.5607 -30.8463
      vertex 46 23.7841 -30.9615
      vertex 46 24.5607 -30.8463
    endloop
  endfacet
  facet normal -2.52612e-19 -0.90402 0.427489
    outer loop
      vertex 46 -30.391 26.0615
      vertex 52 -30.0554 26.7712
      vertex 46 -30.0554 26.7712
    endloop
  endfacet
  facet normal -2.52612e-19 -0.90402 0.427489
    outer loop
      vertex 52 -30.0554 26.7712
      vertex 46 -30.391 26.0615
      vertex 52 -30.391 26.0615
    endloop
  endfacet
  facet normal -1.78127e-18 0.803153 -0.595773
    outer loop
      vertex 52 29.1841 -28.0751
      vertex 46 29.6518 -27.4446
      vertex 52 29.6518 -27.4446
    endloop
  endfacet
  facet normal -1.78127e-18 0.803153 -0.595773
    outer loop
      vertex 46 29.6518 -27.4446
      vertex 52 29.1841 -28.0751
      vertex 46 29.1841 -28.0751
    endloop
  endfacet
  facet normal 0 -0.243015 -0.970023
    outer loop
      vertex 46 -25.3223 -30.6555
      vertex 52 -24.5607 -30.8463
      vertex 52 -25.3223 -30.6555
    endloop
  endfacet
  facet normal -0 -0.243015 -0.970023
    outer loop
      vertex 52 -24.5607 -30.8463
      vertex 46 -25.3223 -30.6555
      vertex 46 -24.5607 -30.8463
    endloop
  endfacet
  facet normal -0 0.243015 0.970023
    outer loop
      vertex 46 25.3223 30.6555
      vertex 52 24.5607 30.8463
      vertex 52 25.3223 30.6555
    endloop
  endfacet
  facet normal 0 0.243015 0.970023
    outer loop
      vertex 52 24.5607 30.8463
      vertex 46 25.3223 30.6555
      vertex 46 24.5607 30.8463
    endloop
  endfacet
  facet normal 0 -0.243015 0.970023
    outer loop
      vertex 46 -24.5607 30.8463
      vertex 52 -25.3223 30.6555
      vertex 52 -24.5607 30.8463
    endloop
  endfacet
  facet normal 0 -0.243015 0.970023
    outer loop
      vertex 52 -25.3223 30.6555
      vertex 46 -24.5607 30.8463
      vertex 46 -25.3223 30.6555
    endloop
  endfacet
  facet normal -1.42813e-18 0.989176 0.146733
    outer loop
      vertex 52 30.9615 23.7841
      vertex 46 30.8463 24.5607
      vertex 52 30.8463 24.5607
    endloop
  endfacet
  facet normal -1.42813e-18 0.989176 0.146733
    outer loop
      vertex 46 30.8463 24.5607
      vertex 52 30.9615 23.7841
      vertex 46 30.9615 23.7841
    endloop
  endfacet
  facet normal 1.78127e-18 0.803153 0.595773
    outer loop
      vertex 52 29.6518 27.4446
      vertex 46 29.1841 28.0751
      vertex 52 29.1841 28.0751
    endloop
  endfacet
  facet normal 1.78127e-18 0.803153 0.595773
    outer loop
      vertex 46 29.1841 28.0751
      vertex 52 29.6518 27.4446
      vertex 46 29.6518 27.4446
    endloop
  endfacet
  facet normal 0 -0.427489 -0.90402
    outer loop
      vertex 46 -26.7712 -30.0554
      vertex 52 -26.0615 -30.391
      vertex 52 -26.7712 -30.0554
    endloop
  endfacet
  facet normal -0 -0.427489 -0.90402
    outer loop
      vertex 52 -26.0615 -30.391
      vertex 46 -26.7712 -30.0554
      vertex 46 -26.0615 -30.391
    endloop
  endfacet
  facet normal 0 0.243015 -0.970023
    outer loop
      vertex 46 24.5607 -30.8463
      vertex 52 25.3223 -30.6555
      vertex 52 24.5607 -30.8463
    endloop
  endfacet
  facet normal 0 0.243015 -0.970023
    outer loop
      vertex 52 25.3223 -30.6555
      vertex 46 24.5607 -30.8463
      vertex 46 25.3223 -30.6555
    endloop
  endfacet
  facet normal 0 -0.514084 0.85774
    outer loop
      vertex 46 -26.7712 30.0554
      vertex 52 -27.4446 29.6518
      vertex 52 -26.7712 30.0554
    endloop
  endfacet
  facet normal 0 -0.514084 0.85774
    outer loop
      vertex 52 -27.4446 29.6518
      vertex 46 -26.7712 30.0554
      vertex 46 -27.4446 29.6518
    endloop
  endfacet
  facet normal 0 0.67148 -0.741023
    outer loop
      vertex 46 28.0751 -29.1841
      vertex 52 28.6569 -28.6569
      vertex 52 28.0751 -29.1841
    endloop
  endfacet
  facet normal 0 0.67148 -0.741023
    outer loop
      vertex 52 28.6569 -28.6569
      vertex 46 28.0751 -29.1841
      vertex 46 28.6569 -28.6569
    endloop
  endfacet
  facet normal 1.61806e-18 0.94154 0.336901
    outer loop
      vertex 52 30.6555 25.3223
      vertex 46 30.391 26.0615
      vertex 52 30.391 26.0615
    endloop
  endfacet
  facet normal 1.61806e-18 0.94154 0.336901
    outer loop
      vertex 46 30.391 26.0615
      vertex 52 30.6555 25.3223
      vertex 46 30.6555 25.3223
    endloop
  endfacet
  facet normal 5.17656e-18 0.85774 -0.514084
    outer loop
      vertex 52 29.6518 -27.4446
      vertex 46 30.0554 -26.7712
      vertex 52 30.0554 -26.7712
    endloop
  endfacet
  facet normal 5.17656e-18 0.85774 -0.514084
    outer loop
      vertex 46 30.0554 -26.7712
      vertex 52 29.6518 -27.4446
      vertex 46 29.6518 -27.4446
    endloop
  endfacet
  facet normal 1.42813e-18 -0.989176 0.146733
    outer loop
      vertex 46 -30.9615 23.7841
      vertex 52 -30.8463 24.5607
      vertex 46 -30.8463 24.5607
    endloop
  endfacet
  facet normal 1.42813e-18 -0.989176 0.146733
    outer loop
      vertex 52 -30.8463 24.5607
      vertex 46 -30.9615 23.7841
      vertex 52 -30.9615 23.7841
    endloop
  endfacet
  facet normal 5.17656e-18 -0.85774 0.514084
    outer loop
      vertex 46 -30.0554 26.7712
      vertex 52 -29.6518 27.4446
      vertex 46 -29.6518 27.4446
    endloop
  endfacet
  facet normal 5.17656e-18 -0.85774 0.514084
    outer loop
      vertex 52 -29.6518 27.4446
      vertex 46 -30.0554 26.7712
      vertex 52 -30.0554 26.7712
    endloop
  endfacet
  facet normal -2.58362e-18 0.970023 0.243015
    outer loop
      vertex 52 30.8463 24.5607
      vertex 46 30.6555 25.3223
      vertex 52 30.6555 25.3223
    endloop
  endfacet
  facet normal -2.58362e-18 0.970023 0.243015
    outer loop
      vertex 46 30.6555 25.3223
      vertex 52 30.8463 24.5607
      vertex 46 30.8463 24.5607
    endloop
  endfacet
  facet normal -0 0.67148 0.741023
    outer loop
      vertex 46 28.6569 28.6569
      vertex 52 28.0751 29.1841
      vertex 52 28.6569 28.6569
    endloop
  endfacet
  facet normal 0 0.67148 0.741023
    outer loop
      vertex 52 28.0751 29.1841
      vertex 46 28.6569 28.6569
      vertex 46 28.0751 29.1841
    endloop
  endfacet
  facet normal -5.26124e-18 -0.741023 -0.67148
    outer loop
      vertex 46 -28.6569 -28.6569
      vertex 52 -29.1841 -28.0751
      vertex 46 -29.1841 -28.0751
    endloop
  endfacet
  facet normal -5.26124e-18 -0.741023 -0.67148
    outer loop
      vertex 52 -29.1841 -28.0751
      vertex 46 -28.6569 -28.6569
      vertex 52 -28.6569 -28.6569
    endloop
  endfacet
  facet normal 1.78127e-18 -0.803153 -0.595773
    outer loop
      vertex 46 -29.1841 -28.0751
      vertex 52 -29.6518 -27.4446
      vertex 46 -29.6518 -27.4446
    endloop
  endfacet
  facet normal 1.78127e-18 -0.803153 -0.595773
    outer loop
      vertex 52 -29.6518 -27.4446
      vertex 46 -29.1841 -28.0751
      vertex 52 -29.1841 -28.0751
    endloop
  endfacet
  facet normal -2.58362e-18 -0.970023 -0.243015
    outer loop
      vertex 46 -30.6555 -25.3223
      vertex 52 -30.8463 -24.5607
      vertex 46 -30.8463 -24.5607
    endloop
  endfacet
  facet normal -2.58362e-18 -0.970023 -0.243015
    outer loop
      vertex 52 -30.8463 -24.5607
      vertex 46 -30.6555 -25.3223
      vertex 52 -30.6555 -25.3223
    endloop
  endfacet
  facet normal 2.52612e-19 -0.90402 -0.427489
    outer loop
      vertex 46 -30.0554 -26.7712
      vertex 52 -30.391 -26.0615
      vertex 46 -30.391 -26.0615
    endloop
  endfacet
  facet normal 2.52612e-19 -0.90402 -0.427489
    outer loop
      vertex 52 -30.391 -26.0615
      vertex 46 -30.0554 -26.7712
      vertex 52 -30.0554 -26.7712
    endloop
  endfacet
  facet normal 0 -0.595773 -0.803153
    outer loop
      vertex 46 -28.0751 -29.1841
      vertex 52 -27.4446 -29.6518
      vertex 52 -28.0751 -29.1841
    endloop
  endfacet
  facet normal -0 -0.595773 -0.803153
    outer loop
      vertex 52 -27.4446 -29.6518
      vertex 46 -28.0751 -29.1841
      vertex 46 -27.4446 -29.6518
    endloop
  endfacet
  facet normal 1 0 0
    outer loop
      vertex 52 23 31
      vertex 52 31 23
      vertex 52 30.9615 23.7841
    endloop
  endfacet
  facet normal 1 0 0
    outer loop
      vertex 52 31 23
      vertex 52 14.45 2.1
      vertex 52 31 -23
    endloop
  endfacet
  facet normal 1 0 0
    outer loop
      vertex 52 23 31
      vertex 52 30.9615 23.7841
      vertex 52 30.8463 24.5607
    endloop
  endfacet
  facet normal 1 -0 0
    outer loop
      vertex 52 14.45 -2.1
      vertex 52 31 -23
      vertex 52 14.45 2.1
    endloop
  endfacet
  facet normal 1 0 0
    outer loop
      vertex 52 23 31
      vertex 52 30.8463 24.5607
      vertex 52 30.6555 25.3223
    endloop
  endfacet
  facet normal 1 -0 0
    outer loop
      vertex 52 9.35403 -6.25016
      vertex 52 31 -23
      vertex 52 14.45 -2.1
    endloop
  endfacet
  facet normal 1 0 0
    outer loop
      vertex 52 23 31
      vertex 52 30.6555 25.3223
      vertex 52 30.391 26.0615
    endloop
  endfacet
  facet normal 1 -0 0
    outer loop
      vertex 52 8.69637 -7.13692
      vertex 52 31 -23
      vertex 52 9.35403 -6.25016
    endloop
  endfacet
  facet normal 1 0 0
    outer loop
      vertex 52 23 31
      vertex 52 30.391 26.0615
      vertex 52 30.0554 26.7712
    endloop
  endfacet
  facet normal 1 -0 0
    outer loop
      vertex 52 7.95495 -7.95495
      vertex 52 31 -23
      vertex 52 8.69637 -7.13692
    endloop
  endfacet
  facet normal 1 0 0
    outer loop
      vertex 52 23 31
      vertex 52 30.0554 26.7712
      vertex 52 29.6518 27.4446
    endloop
  endfacet
  facet normal 1 0 -0
    outer loop
      vertex 52 23 -31
      vertex 52 31 -23
      vertex 52 7.95495 -7.95495
    endloop
  endfacet
  facet normal 1 0 0
    outer loop
      vertex 52 23 31
      vertex 52 29.6518 27.4446
      vertex 52 29.1841 28.0751
    endloop
  endfacet
  facet normal 1 0 0
    outer loop
      vertex 52 31 -23
      vertex 52 23 -31
      vertex 52 30.9615 -23.7841
    endloop
  endfacet
  facet normal 1 0 0
    outer loop
      vertex 52 23 31
      vertex 52 29.1841 28.0751
      vertex 52 28.6569 28.6569
    endloop
  endfacet
  facet normal 1 0 0
    outer loop
      vertex 52 30.9615 -23.7841
      vertex 52 23 -31
      vertex 52 30.8463 -24.5607
    endloop
  endfacet
  facet normal 1 0 0
    outer loop
      vertex 52 23 31
      vertex 52 28.6569 28.6569
      vertex 52 28.0751 29.1841
    endloop
  endfacet
  facet normal 1 0 0
    outer loop
      vertex 52 30.6555 -25.3223
      vertex 52 23 -31
      vertex 52 30.391 -26.0615
    endloop
  endfacet
  facet normal 1 0 0
    outer loop
      vertex 52 23 31
      vertex 52 28.0751 29.1841
      vertex 52 27.4446 29.6518
    endloop
  endfacet
  facet normal 1 0 0
    outer loop
      vertex 52 30.391 -26.0615
      vertex 52 23 -31
      vertex 52 30.0554 -26.7712
    endloop
  endfacet
  facet normal 1 0 0
    outer loop
      vertex 52 23 31
      vertex 52 27.4446 29.6518
      vertex 52 26.7712 30.0554
    endloop
  endfacet
  facet normal 1 0 0
    outer loop
      vertex 52 30.0554 -26.7712
      vertex 52 23 -31
      vertex 52 29.6518 -27.4446
    endloop
  endfacet
  facet normal 1 0 0
    outer loop
      vertex 52 23 31
      vertex 52 26.7712 30.0554
      vertex 52 26.0615 30.391
    endloop
  endfacet
  facet normal 1 0 0
    outer loop
      vertex 52 29.6518 -27.4446
      vertex 52 23 -31
      vertex 52 29.1841 -28.0751
    endloop
  endfacet
  facet normal 1 0 0
    outer loop
      vertex 52 23 31
      vertex 52 26.0615 30.391
      vertex 52 25.3223 30.6555
    endloop
  endfacet
  facet normal 1 0 0
    outer loop
      vertex 52 29.1841 -28.0751
      vertex 52 23 -31
      vertex 52 28.6569 -28.6569
    endloop
  endfacet
  facet normal 1 0 0
    outer loop
      vertex 52 23 31
      vertex 52 25.3223 30.6555
      vertex 52 24.5607 30.8463
    endloop
  endfacet
  facet normal 1 0 0
    outer loop
      vertex 52 27.4446 -29.6518
      vertex 52 23 -31
      vertex 52 26.7712 -30.0554
    endloop
  endfacet
  facet normal 1 0 0
    outer loop
      vertex 52 23 31
      vertex 52 24.5607 30.8463
      vertex 52 23.7841 30.9615
    endloop
  endfacet
  facet normal 1 0 0
    outer loop
      vertex 52 26.7712 -30.0554
      vertex 52 23 -31
      vertex 52 26.0615 -30.391
    endloop
  endfacet
  facet normal 1 0 0
    outer loop
      vertex 52 31 23
      vertex 52 23 31
      vertex 52 7.95495 7.95495
    endloop
  endfacet
  facet normal 1 0 0
    outer loop
      vertex 52 26.0615 -30.391
      vertex 52 23 -31
      vertex 52 25.3223 -30.6555
    endloop
  endfacet
  facet normal 1 0 0
    outer loop
      vertex 52 25.3223 -30.6555
      vertex 52 23 -31
      vertex 52 24.5607 -30.8463
    endloop
  endfacet
  facet normal 1 0 0
    outer loop
      vertex 52 31 23
      vertex 52 9.35403 6.25016
      vertex 52 14.45 2.1
    endloop
  endfacet
  facet normal 1 0 0
    outer loop
      vertex 52 14.45 2.1
      vertex 52 11.0338 2.19477
      vertex 52 11.0479 2.1
    endloop
  endfacet
  facet normal 1 0 0
    outer loop
      vertex 52 14.45 2.1
      vertex 52 10.7656 3.2657
      vertex 52 11.0338 2.19477
    endloop
  endfacet
  facet normal 1 0 0
    outer loop
      vertex 52 14.45 2.1
      vertex 52 10.3936 4.30519
      vertex 52 10.7656 3.2657
    endloop
  endfacet
  facet normal 1 0 0
    outer loop
      vertex 52 14.45 2.1
      vertex 52 9.92161 5.30321
      vertex 52 10.3936 4.30519
    endloop
  endfacet
  facet normal 1 0 0
    outer loop
      vertex 52 14.45 2.1
      vertex 52 9.35403 6.25016
      vertex 52 9.92161 5.30321
    endloop
  endfacet
  facet normal 1 0 0
    outer loop
      vertex 52 31 23
      vertex 52 8.69637 7.13692
      vertex 52 9.35403 6.25016
    endloop
  endfacet
  facet normal 1 0 0
    outer loop
      vertex 52 31 23
      vertex 52 7.95495 7.95495
      vertex 52 8.69637 7.13692
    endloop
  endfacet
  facet normal 1 0 0
    outer loop
      vertex 52 23 31
      vertex 52 7.13692 8.69637
      vertex 52 7.95495 7.95495
    endloop
  endfacet
  facet normal 1 0 0
    outer loop
      vertex 52 23 31
      vertex 52 6.25016 9.35403
      vertex 52 7.13692 8.69637
    endloop
  endfacet
  facet normal 1 0 0
    outer loop
      vertex 52 23 31
      vertex 52 5.30321 9.92161
      vertex 52 6.25016 9.35403
    endloop
  endfacet
  facet normal 1 0 0
    outer loop
      vertex 52 23 31
      vertex 52 4.30519 10.3936
      vertex 52 5.30321 9.92161
    endloop
  endfacet
  facet normal 1 0 0
    outer loop
      vertex 52 23 31
      vertex 52 3.2657 10.7656
      vertex 52 4.30519 10.3936
    endloop
  endfacet
  facet normal 1 0 0
    outer loop
      vertex 52 23 31
      vertex 52 2.19477 11.0338
      vertex 52 3.2657 10.7656
    endloop
  endfacet
  facet normal 1 0 0
    outer loop
      vertex 52 23 31
      vertex 52 1.10269 11.1958
      vertex 52 2.19477 11.0338
    endloop
  endfacet
  facet normal 1 0 0
    outer loop
      vertex 52 23 31
      vertex 52 0 11.25
      vertex 52 1.10269 11.1958
    endloop
  endfacet
  facet normal 1 -0 0
    outer loop
      vertex 52 -23 31
      vertex 52 0 11.25
      vertex 52 23 31
    endloop
  endfacet
  facet normal 1 0 0
    outer loop
      vertex 52 0 11.25
      vertex 52 -23 31
      vertex 52 -1.10269 11.1958
    endloop
  endfacet
  facet normal 1 0 0
    outer loop
      vertex 52 -1.10269 11.1958
      vertex 52 -23 31
      vertex 52 -2.19477 11.0338
    endloop
  endfacet
  facet normal 1 0 0
    outer loop
      vertex 52 -2.19477 11.0338
      vertex 52 -23 31
      vertex 52 -3.2657 10.7656
    endloop
  endfacet
  facet normal 1 0 0
    outer loop
      vertex 52 -3.2657 10.7656
      vertex 52 -23 31
      vertex 52 -4.30519 10.3936
    endloop
  endfacet
  facet normal 1 0 0
    outer loop
      vertex 52 -4.30519 10.3936
      vertex 52 -23 31
      vertex 52 -5.30321 9.92161
    endloop
  endfacet
  facet normal 1 0 0
    outer loop
      vertex 52 -11.0338 2.19477
      vertex 52 -31 23
      vertex 52 -11.1958 1.10269
    endloop
  endfacet
  facet normal 1 0 0
    outer loop
      vertex 52 -10.7656 3.2657
      vertex 52 -31 23
      vertex 52 -11.0338 2.19477
    endloop
  endfacet
  facet normal 1 0 0
    outer loop
      vertex 52 -10.3936 4.30519
      vertex 52 -31 23
      vertex 52 -10.7656 3.2657
    endloop
  endfacet
  facet normal 1 0 0
    outer loop
      vertex 52 -9.92161 5.30321
      vertex 52 -31 23
      vertex 52 -10.3936 4.30519
    endloop
  endfacet
  facet normal 1 0 0
    outer loop
      vertex 52 -9.35403 6.25016
      vertex 52 -31 23
      vertex 52 -9.92161 5.30321
    endloop
  endfacet
  facet normal 1 0 0
    outer loop
      vertex 52 -8.69637 7.13692
      vertex 52 -31 23
      vertex 52 -9.35403 6.25016
    endloop
  endfacet
  facet normal 1 0 0
    outer loop
      vertex 52 -7.95495 7.95495
      vertex 52 -31 23
      vertex 52 -8.69637 7.13692
    endloop
  endfacet
  facet normal 1 -0 0
    outer loop
      vertex 52 -31 23
      vertex 52 -7.95495 7.95495
      vertex 52 -23 31
    endloop
  endfacet
  facet normal 1 0 0
    outer loop
      vertex 52 -7.13692 8.69637
      vertex 52 -23 31
      vertex 52 -7.95495 7.95495
    endloop
  endfacet
  facet normal 1 0 0
    outer loop
      vertex 52 -6.25016 9.35403
      vertex 52 -23 31
      vertex 52 -7.13692 8.69637
    endloop
  endfacet
  facet normal 1 0 0
    outer loop
      vertex 52 -5.30321 9.92161
      vertex 52 -23 31
      vertex 52 -6.25016 9.35403
    endloop
  endfacet
  facet normal 1 0 0
    outer loop
      vertex 52 24.5607 -30.8463
      vertex 52 23 -31
      vertex 52 23.7841 -30.9615
    endloop
  endfacet
  facet normal 1 0 0
    outer loop
      vertex 52 11.0338 -2.19477
      vertex 52 14.45 -2.1
      vertex 52 11.0479 -2.1
    endloop
  endfacet
  facet normal 1 0 0
    outer loop
      vertex 52 10.7656 -3.2657
      vertex 52 14.45 -2.1
      vertex 52 11.0338 -2.19477
    endloop
  endfacet
  facet normal 1 0 0
    outer loop
      vertex 52 10.3936 -4.30519
      vertex 52 14.45 -2.1
      vertex 52 10.7656 -3.2657
    endloop
  endfacet
  facet normal 1 0 0
    outer loop
      vertex 52 9.92161 -5.30321
      vertex 52 14.45 -2.1
      vertex 52 10.3936 -4.30519
    endloop
  endfacet
  facet normal 1 0 0
    outer loop
      vertex 52 9.35403 -6.25016
      vertex 52 14.45 -2.1
      vertex 52 9.92161 -5.30321
    endloop
  endfacet
  facet normal 1 0 0
    outer loop
      vertex 52 28.6569 -28.6569
      vertex 52 23 -31
      vertex 52 28.0751 -29.1841
    endloop
  endfacet
  facet normal 1 0 0
    outer loop
      vertex 52 28.0751 -29.1841
      vertex 52 23 -31
      vertex 52 27.4446 -29.6518
    endloop
  endfacet
  facet normal 1 0 0
    outer loop
      vertex 52 30.8463 -24.5607
      vertex 52 23 -31
      vertex 52 30.6555 -25.3223
    endloop
  endfacet
  facet normal 1 -0 0
    outer loop
      vertex 52 7.13692 -8.69637
      vertex 52 23 -31
      vertex 52 7.95495 -7.95495
    endloop
  endfacet
  facet normal 1 -0 0
    outer loop
      vertex 52 6.25016 -9.35403
      vertex 52 23 -31
      vertex 52 7.13692 -8.69637
    endloop
  endfacet
  facet normal 1 -0 0
    outer loop
      vertex 52 5.30321 -9.92161
      vertex 52 23 -31
      vertex 52 6.25016 -9.35403
    endloop
  endfacet
  facet normal 1 -0 0
    outer loop
      vertex 52 4.30519 -10.3936
      vertex 52 23 -31
      vertex 52 5.30321 -9.92161
    endloop
  endfacet
  facet normal 1 -0 0
    outer loop
      vertex 52 3.2657 -10.7656
      vertex 52 23 -31
      vertex 52 4.30519 -10.3936
    endloop
  endfacet
  facet normal 1 -0 0
    outer loop
      vertex 52 2.19477 -11.0338
      vertex 52 23 -31
      vertex 52 3.2657 -10.7656
    endloop
  endfacet
  facet normal 1 -0 0
    outer loop
      vertex 52 1.10269 -11.1958
      vertex 52 23 -31
      vertex 52 2.19477 -11.0338
    endloop
  endfacet
  facet normal 1 -0 0
    outer loop
      vertex 52 0 -11.25
      vertex 52 23 -31
      vertex 52 1.10269 -11.1958
    endloop
  endfacet
  facet normal 1 0 0
    outer loop
      vertex 52 -23 -31
      vertex 52 0 -11.25
      vertex 52 -1.10269 -11.1958
    endloop
  endfacet
  facet normal 1 0 0
    outer loop
      vertex 52 -23 -31
      vertex 52 -1.10269 -11.1958
      vertex 52 -2.19477 -11.0338
    endloop
  endfacet
  facet normal 1 0 0
    outer loop
      vertex 52 -23 -31
      vertex 52 -2.19477 -11.0338
      vertex 52 -3.2657 -10.7656
    endloop
  endfacet
  facet normal 1 0 0
    outer loop
      vertex 52 -23 -31
      vertex 52 -3.2657 -10.7656
      vertex 52 -4.30519 -10.3936
    endloop
  endfacet
  facet normal 1 0 0
    outer loop
      vertex 52 -23 -31
      vertex 52 -4.30519 -10.3936
      vertex 52 -5.30321 -9.92161
    endloop
  endfacet
  facet normal 1 0 0
    outer loop
      vertex 52 -23 -31
      vertex 52 -5.30321 -9.92161
      vertex 52 -6.25016 -9.35403
    endloop
  endfacet
  facet normal 1 0 0
    outer loop
      vertex 52 -11.1958 1.10269
      vertex 52 -31 23
      vertex 52 -11.25 0
    endloop
  endfacet
  facet normal 1 0 0
    outer loop
      vertex 52 -31 -23
      vertex 52 -11.25 0
      vertex 52 -31 23
    endloop
  endfacet
  facet normal 1 0 0
    outer loop
      vertex 52 -11.25 0
      vertex 52 -31 -23
      vertex 52 -11.1958 -1.10269
    endloop
  endfacet
  facet normal 1 0 0
    outer loop
      vertex 52 0 -11.25
      vertex 52 -23 -31
      vertex 52 23 -31
    endloop
  endfacet
  facet normal 1 0 0
    outer loop
      vertex 52 -7.13692 -8.69637
      vertex 52 -23 -31
      vertex 52 -6.25016 -9.35403
    endloop
  endfacet
  facet normal 1 0 0
    outer loop
      vertex 52 -7.95495 -7.95495
      vertex 52 -23 -31
      vertex 52 -7.13692 -8.69637
    endloop
  endfacet
  facet normal 1 0 0
    outer loop
      vertex 52 -31 -23
      vertex 52 -7.95495 -7.95495
      vertex 52 -8.69637 -7.13692
    endloop
  endfacet
  facet normal 1 0 0
    outer loop
      vertex 52 -31 -23
      vertex 52 -8.69637 -7.13692
      vertex 52 -9.35403 -6.25016
    endloop
  endfacet
  facet normal 1 0 0
    outer loop
      vertex 52 -31 -23
      vertex 52 -9.35403 -6.25016
      vertex 52 -9.92161 -5.30321
    endloop
  endfacet
  facet normal 1 0 0
    outer loop
      vertex 52 -31 -23
      vertex 52 -9.92161 -5.30321
      vertex 52 -10.3936 -4.30519
    endloop
  endfacet
  facet normal 1 0 0
    outer loop
      vertex 52 -31 -23
      vertex 52 -10.3936 -4.30519
      vertex 52 -10.7656 -3.2657
    endloop
  endfacet
  facet normal 1 0 0
    outer loop
      vertex 52 -11.1958 -1.10269
      vertex 52 -31 -23
      vertex 52 -11.0338 -2.19477
    endloop
  endfacet
  facet normal 1 0 0
    outer loop
      vertex 52 -31 23
      vertex 52 -23 31
      vertex 52 -23.7841 30.9615
    endloop
  endfacet
  facet normal 1 0 0
    outer loop
      vertex 52 -11.0338 -2.19477
      vertex 52 -31 -23
      vertex 52 -10.7656 -3.2657
    endloop
  endfacet
  facet normal 1 0 0
    outer loop
      vertex 52 -31 23
      vertex 52 -23.7841 30.9615
      vertex 52 -24.5607 30.8463
    endloop
  endfacet
  facet normal 1 0 0
    outer loop
      vertex 52 -7.95495 -7.95495
      vertex 52 -31 -23
      vertex 52 -23 -31
    endloop
  endfacet
  facet normal 1 0 0
    outer loop
      vertex 52 -31 23
      vertex 52 -24.5607 30.8463
      vertex 52 -25.3223 30.6555
    endloop
  endfacet
  facet normal 1 0 0
    outer loop
      vertex 52 -23 -31
      vertex 52 -31 -23
      vertex 52 -23.7841 -30.9615
    endloop
  endfacet
  facet normal 1 0 0
    outer loop
      vertex 52 -31 23
      vertex 52 -25.3223 30.6555
      vertex 52 -26.0615 30.391
    endloop
  endfacet
  facet normal 1 0 0
    outer loop
      vertex 52 -23.7841 -30.9615
      vertex 52 -31 -23
      vertex 52 -24.5607 -30.8463
    endloop
  endfacet
  facet normal 1 0 0
    outer loop
      vertex 52 -31 23
      vertex 52 -26.0615 30.391
      vertex 52 -26.7712 30.0554
    endloop
  endfacet
  facet normal 1 0 0
    outer loop
      vertex 52 -24.5607 -30.8463
      vertex 52 -31 -23
      vertex 52 -25.3223 -30.6555
    endloop
  endfacet
  facet normal 1 0 0
    outer loop
      vertex 52 -31 23
      vertex 52 -26.7712 30.0554
      vertex 52 -27.4446 29.6518
    endloop
  endfacet
  facet normal 1 0 0
    outer loop
      vertex 52 -25.3223 -30.6555
      vertex 52 -31 -23
      vertex 52 -26.0615 -30.391
    endloop
  endfacet
  facet normal 1 0 0
    outer loop
      vertex 52 -31 23
      vertex 52 -27.4446 29.6518
      vertex 52 -28.0751 29.1841
    endloop
  endfacet
  facet normal 1 0 0
    outer loop
      vertex 52 -26.0615 -30.391
      vertex 52 -31 -23
      vertex 52 -26.7712 -30.0554
    endloop
  endfacet
  facet normal 1 0 0
    outer loop
      vertex 52 -31 23
      vertex 52 -28.0751 29.1841
      vertex 52 -28.6569 28.6569
    endloop
  endfacet
  facet normal 1 0 0
    outer loop
      vertex 52 -26.7712 -30.0554
      vertex 52 -31 -23
      vertex 52 -27.4446 -29.6518
    endloop
  endfacet
  facet normal 1 0 0
    outer loop
      vertex 52 -31 23
      vertex 52 -28.6569 28.6569
      vertex 52 -29.1841 28.0751
    endloop
  endfacet
  facet normal 1 0 0
    outer loop
      vertex 52 -27.4446 -29.6518
      vertex 52 -31 -23
      vertex 52 -28.0751 -29.1841
    endloop
  endfacet
  facet normal 1 0 0
    outer loop
      vertex 52 -31 23
      vertex 52 -29.1841 28.0751
      vertex 52 -29.6518 27.4446
    endloop
  endfacet
  facet normal 1 0 0
    outer loop
      vertex 52 -28.0751 -29.1841
      vertex 52 -31 -23
      vertex 52 -28.6569 -28.6569
    endloop
  endfacet
  facet normal 1 0 0
    outer loop
      vertex 52 -31 23
      vertex 52 -29.6518 27.4446
      vertex 52 -30.0554 26.7712
    endloop
  endfacet
  facet normal 1 0 0
    outer loop
      vertex 52 -28.6569 -28.6569
      vertex 52 -31 -23
      vertex 52 -29.1841 -28.0751
    endloop
  endfacet
  facet normal 1 0 0
    outer loop
      vertex 52 -31 23
      vertex 52 -30.0554 26.7712
      vertex 52 -30.391 26.0615
    endloop
  endfacet
  facet normal 1 0 0
    outer loop
      vertex 52 -29.1841 -28.0751
      vertex 52 -31 -23
      vertex 52 -29.6518 -27.4446
    endloop
  endfacet
  facet normal 1 0 0
    outer loop
      vertex 52 -31 23
      vertex 52 -30.391 26.0615
      vertex 52 -30.6555 25.3223
    endloop
  endfacet
  facet normal 1 0 0
    outer loop
      vertex 52 -29.6518 -27.4446
      vertex 52 -31 -23
      vertex 52 -30.0554 -26.7712
    endloop
  endfacet
  facet normal 1 0 0
    outer loop
      vertex 52 -31 23
      vertex 52 -30.6555 25.3223
      vertex 52 -30.8463 24.5607
    endloop
  endfacet
  facet normal 1 0 0
    outer loop
      vertex 52 -30.0554 -26.7712
      vertex 52 -31 -23
      vertex 52 -30.391 -26.0615
    endloop
  endfacet
  facet normal 1 0 0
    outer loop
      vertex 52 -31 23
      vertex 52 -30.8463 24.5607
      vertex 52 -30.9615 23.7841
    endloop
  endfacet
  facet normal 1 0 0
    outer loop
      vertex 52 -30.391 -26.0615
      vertex 52 -31 -23
      vertex 52 -30.6555 -25.3223
    endloop
  endfacet
  facet normal 1 0 0
    outer loop
      vertex 52 -30.6555 -25.3223
      vertex 52 -31 -23
      vertex 52 -30.8463 -24.5607
    endloop
  endfacet
  facet normal 1 0 0
    outer loop
      vertex 52 -30.8463 -24.5607
      vertex 52 -31 -23
      vertex 52 -30.9615 -23.7841
    endloop
  endfacet
  facet normal 0 0.514084 -0.85774
    outer loop
      vertex 46 26.7712 -30.0554
      vertex 52 27.4446 -29.6518
      vertex 52 26.7712 -30.0554
    endloop
  endfacet
  facet normal 0 0.514084 -0.85774
    outer loop
      vertex 52 27.4446 -29.6518
      vertex 46 26.7712 -30.0554
      vertex 46 27.4446 -29.6518
    endloop
  endfacet
  facet normal -5.17656e-18 0.85774 0.514084
    outer loop
      vertex 52 30.0554 26.7712
      vertex 46 29.6518 27.4446
      vertex 52 29.6518 27.4446
    endloop
  endfacet
  facet normal -5.17656e-18 0.85774 0.514084
    outer loop
      vertex 46 29.6518 27.4446
      vertex 52 30.0554 26.7712
      vertex 46 30.0554 26.7712
    endloop
  endfacet
  facet normal 2.58362e-18 -0.970023 0.243015
    outer loop
      vertex 46 -30.8463 24.5607
      vertex 52 -30.6555 25.3223
      vertex 46 -30.6555 25.3223
    endloop
  endfacet
  facet normal 2.58362e-18 -0.970023 0.243015
    outer loop
      vertex 52 -30.6555 25.3223
      vertex 46 -30.8463 24.5607
      vertex 52 -30.8463 24.5607
    endloop
  endfacet
  facet normal -5.26124e-18 0.741023 0.67148
    outer loop
      vertex 52 29.1841 28.0751
      vertex 46 28.6569 28.6569
      vertex 52 28.6569 28.6569
    endloop
  endfacet
  facet normal -5.26124e-18 0.741023 0.67148
    outer loop
      vertex 46 28.6569 28.6569
      vertex 52 29.1841 28.0751
      vertex 46 29.1841 28.0751
    endloop
  endfacet
  facet normal -0 0.427489 0.90402
    outer loop
      vertex 46 26.7712 30.0554
      vertex 52 26.0615 30.391
      vertex 52 26.7712 30.0554
    endloop
  endfacet
  facet normal 0 0.427489 0.90402
    outer loop
      vertex 52 26.0615 30.391
      vertex 46 26.7712 30.0554
      vertex 46 26.0615 30.391
    endloop
  endfacet
  facet normal -1.61806e-18 -0.94154 0.336901
    outer loop
      vertex 46 -30.6555 25.3223
      vertex 52 -30.391 26.0615
      vertex 46 -30.391 26.0615
    endloop
  endfacet
  facet normal -1.61806e-18 -0.94154 0.336901
    outer loop
      vertex 52 -30.391 26.0615
      vertex 46 -30.6555 25.3223
      vertex 52 -30.6555 25.3223
    endloop
  endfacet
  facet normal -5.17656e-18 -0.85774 -0.514084
    outer loop
      vertex 46 -29.6518 -27.4446
      vertex 52 -30.0554 -26.7712
      vertex 46 -30.0554 -26.7712
    endloop
  endfacet
  facet normal -5.17656e-18 -0.85774 -0.514084
    outer loop
      vertex 52 -30.0554 -26.7712
      vertex 46 -29.6518 -27.4446
      vertex 52 -29.6518 -27.4446
    endloop
  endfacet
  facet normal -1 -0 0
    outer loop
      vertex 46 -4 10.5028
      vertex 46 -4.30519 10.3936
      vertex 46 -4 17
    endloop
  endfacet
  facet normal -1 0 0
    outer loop
      vertex 46 -2.5 17
      vertex 46 -4 17
      vertex 46 -2.5 17.882
    endloop
  endfacet
  facet normal -1 0 0
    outer loop
      vertex 46 23 -31
      vertex 46 31 -23
      vertex 46 30.9615 -23.7841
    endloop
  endfacet
  facet normal -1 0 0
    outer loop
      vertex 46 31 -23
      vertex 46 14.45 -2.1
      vertex 46 31 23
    endloop
  endfacet
  facet normal -1 0 0
    outer loop
      vertex 46 23 -31
      vertex 46 30.9615 -23.7841
      vertex 46 30.8463 -24.5607
    endloop
  endfacet
  facet normal -1 0 0
    outer loop
      vertex 46 14.45 2.1
      vertex 46 31 23
      vertex 46 14.45 -2.1
    endloop
  endfacet
  facet normal -1 0 0
    outer loop
      vertex 46 23 -31
      vertex 46 30.8463 -24.5607
      vertex 46 30.6555 -25.3223
    endloop
  endfacet
  facet normal -1 0 0
    outer loop
      vertex 46 9.35403 6.25016
      vertex 46 31 23
      vertex 46 14.45 2.1
    endloop
  endfacet
  facet normal -1 0 0
    outer loop
      vertex 46 23 -31
      vertex 46 30.6555 -25.3223
      vertex 46 30.391 -26.0615
    endloop
  endfacet
  facet normal -1 0 0
    outer loop
      vertex 46 8.69637 7.13692
      vertex 46 31 23
      vertex 46 9.35403 6.25016
    endloop
  endfacet
  facet normal -1 0 0
    outer loop
      vertex 46 23 -31
      vertex 46 30.391 -26.0615
      vertex 46 30.0554 -26.7712
    endloop
  endfacet
  facet normal -1 0 0
    outer loop
      vertex 46 7.95495 7.95495
      vertex 46 31 23
      vertex 46 8.69637 7.13692
    endloop
  endfacet
  facet normal -1 0 0
    outer loop
      vertex 46 23 -31
      vertex 46 30.0554 -26.7712
      vertex 46 29.6518 -27.4446
    endloop
  endfacet
  facet normal -1 0 0
    outer loop
      vertex 46 4 17
      vertex 46 31 23
      vertex 46 7.95495 7.95495
    endloop
  endfacet
  facet normal -1 0 0
    outer loop
      vertex 46 23 -31
      vertex 46 29.6518 -27.4446
      vertex 46 29.1841 -28.0751
    endloop
  endfacet
  facet normal -1 0 0
    outer loop
      vertex 46 31 23
      vertex 46 23 31
      vertex 46 30.9615 23.7841
    endloop
  endfacet
  facet normal -1 0 0
    outer loop
      vertex 46 23 -31
      vertex 46 29.1841 -28.0751
      vertex 46 28.6569 -28.6569
    endloop
  endfacet
  facet normal -1 0 0
    outer loop
      vertex 46 30.9615 23.7841
      vertex 46 23 31
      vertex 46 30.8463 24.5607
    endloop
  endfacet
  facet normal -1 0 0
    outer loop
      vertex 46 23 -31
      vertex 46 28.6569 -28.6569
      vertex 46 28.0751 -29.1841
    endloop
  endfacet
  facet normal -1 0 0
    outer loop
      vertex 46 30.6555 25.3223
      vertex 46 23 31
      vertex 46 30.391 26.0615
    endloop
  endfacet
  facet normal -1 0 0
    outer loop
      vertex 46 23 -31
      vertex 46 28.0751 -29.1841
      vertex 46 27.4446 -29.6518
    endloop
  endfacet
  facet normal -1 0 0
    outer loop
      vertex 46 30.391 26.0615
      vertex 46 23 31
      vertex 46 30.0554 26.7712
    endloop
  endfacet
  facet normal -1 0 0
    outer loop
      vertex 46 23 -31
      vertex 46 27.4446 -29.6518
      vertex 46 26.7712 -30.0554
    endloop
  endfacet
  facet normal -1 0 0
    outer loop
      vertex 46 30.0554 26.7712
      vertex 46 23 31
      vertex 46 29.6518 27.4446
    endloop
  endfacet
  facet normal -1 0 0
    outer loop
      vertex 46 23 -31
      vertex 46 26.7712 -30.0554
      vertex 46 26.0615 -30.391
    endloop
  endfacet
  facet normal -1 0 0
    outer loop
      vertex 46 29.6518 27.4446
      vertex 46 23 31
      vertex 46 29.1841 28.0751
    endloop
  endfacet
  facet normal -1 0 0
    outer loop
      vertex 46 23 -31
      vertex 46 26.0615 -30.391
      vertex 46 25.3223 -30.6555
    endloop
  endfacet
  facet normal -1 0 0
    outer loop
      vertex 46 29.1841 28.0751
      vertex 46 23 31
      vertex 46 28.6569 28.6569
    endloop
  endfacet
  facet normal -1 0 0
    outer loop
      vertex 46 23 -31
      vertex 46 25.3223 -30.6555
      vertex 46 24.5607 -30.8463
    endloop
  endfacet
  facet normal -1 0 0
    outer loop
      vertex 46 27.4446 29.6518
      vertex 46 23 31
      vertex 46 26.7712 30.0554
    endloop
  endfacet
  facet normal -1 0 0
    outer loop
      vertex 46 23 -31
      vertex 46 24.5607 -30.8463
      vertex 46 23.7841 -30.9615
    endloop
  endfacet
  facet normal -1 0 0
    outer loop
      vertex 46 26.7712 30.0554
      vertex 46 23 31
      vertex 46 26.0615 30.391
    endloop
  endfacet
  facet normal -1 0 0
    outer loop
      vertex 46 4 -17
      vertex 46 31 -23
      vertex 46 23 -31
    endloop
  endfacet
  facet normal -1 0 0
    outer loop
      vertex 46 26.0615 30.391
      vertex 46 23 31
      vertex 46 25.3223 30.6555
    endloop
  endfacet
  facet normal -1 0 0
    outer loop
      vertex 46 25.3223 30.6555
      vertex 46 23 31
      vertex 46 24.5607 30.8463
    endloop
  endfacet
  facet normal -1 0 0
    outer loop
      vertex 46 31 -23
      vertex 46 9.35403 -6.25016
      vertex 46 14.45 -2.1
    endloop
  endfacet
  facet normal -1 -0 0
    outer loop
      vertex 46 14.45 -2.1
      vertex 46 11.0338 -2.19477
      vertex 46 11.0479 -2.1
    endloop
  endfacet
  facet normal -1 0 0
    outer loop
      vertex 46 14.45 -2.1
      vertex 46 10.7656 -3.2657
      vertex 46 11.0338 -2.19477
    endloop
  endfacet
  facet normal -1 0 0
    outer loop
      vertex 46 14.45 -2.1
      vertex 46 10.3936 -4.30519
      vertex 46 10.7656 -3.2657
    endloop
  endfacet
  facet normal -1 0 0
    outer loop
      vertex 46 14.45 -2.1
      vertex 46 9.92161 -5.30321
      vertex 46 10.3936 -4.30519
    endloop
  endfacet
  facet normal -1 0 0
    outer loop
      vertex 46 14.45 -2.1
      vertex 46 9.35403 -6.25016
      vertex 46 9.92161 -5.30321
    endloop
  endfacet
  facet normal -1 0 0
    outer loop
      vertex 46 31 -23
      vertex 46 8.69637 -7.13692
      vertex 46 9.35403 -6.25016
    endloop
  endfacet
  facet normal -1 0 0
    outer loop
      vertex 46 31 -23
      vertex 46 7.95495 -7.95495
      vertex 46 8.69637 -7.13692
    endloop
  endfacet
  facet normal -1 0 0
    outer loop
      vertex 46 31 -23
      vertex 46 4 -17
      vertex 46 7.95495 -7.95495
    endloop
  endfacet
  facet normal -1 0 0
    outer loop
      vertex 46 7.95495 -7.95495
      vertex 46 4 -17
      vertex 46 7.13692 -8.69637
    endloop
  endfacet
  facet normal -1 0 0
    outer loop
      vertex 46 7.13692 -8.69637
      vertex 46 4 -17
      vertex 46 6.25016 -9.35403
    endloop
  endfacet
  facet normal -1 0 0
    outer loop
      vertex 46 6.25016 -9.35403
      vertex 46 4 -17
      vertex 46 5.30321 -9.92161
    endloop
  endfacet
  facet normal -1 0 0
    outer loop
      vertex 46 5.30321 -9.92161
      vertex 46 4 -17
      vertex 46 4.30519 -10.3936
    endloop
  endfacet
  facet normal -1 0 0
    outer loop
      vertex 46 23 -31
      vertex 46 -4 -17
      vertex 46 4 -17
    endloop
  endfacet
  facet normal -1 0 0
    outer loop
      vertex 46 -4 -17
      vertex 46 -4.30519 -10.3936
      vertex 46 -4 -10.5028
    endloop
  endfacet
  facet normal -1 0 0
    outer loop
      vertex 46 -4 -17
      vertex 46 -5.30321 -9.92161
      vertex 46 -4.30519 -10.3936
    endloop
  endfacet
  facet normal -1 0 0
    outer loop
      vertex 46 -4 -17
      vertex 46 -6.25016 -9.35403
      vertex 46 -5.30321 -9.92161
    endloop
  endfacet
  facet normal -1 0 0
    outer loop
      vertex 46 -4 -17
      vertex 46 -7.13692 -8.69637
      vertex 46 -6.25016 -9.35403
    endloop
  endfacet
  facet normal -1 0 0
    outer loop
      vertex 46 -4 -17
      vertex 46 -7.95495 -7.95495
      vertex 46 -7.13692 -8.69637
    endloop
  endfacet
  facet normal -1 0 0
    outer loop
      vertex 46 -31 -23
      vertex 46 -7.95495 -7.95495
      vertex 46 -4 -17
    endloop
  endfacet
  facet normal -1 -0 0
    outer loop
      vertex 46 -7.95495 -7.95495
      vertex 46 -31 -23
      vertex 46 -8.69637 -7.13692
    endloop
  endfacet
  facet normal -1 -0 0
    outer loop
      vertex 46 -8.69637 -7.13692
      vertex 46 -31 -23
      vertex 46 -9.35403 -6.25016
    endloop
  endfacet
  facet normal -1 -0 0
    outer loop
      vertex 46 -11.0338 -2.19477
      vertex 46 -31 -23
      vertex 46 -11.1958 -1.10269
    endloop
  endfacet
  facet normal -1 -0 0
    outer loop
      vertex 46 -10.7656 -3.2657
      vertex 46 -31 -23
      vertex 46 -11.0338 -2.19477
    endloop
  endfacet
  facet normal -1 -0 0
    outer loop
      vertex 46 -10.3936 -4.30519
      vertex 46 -31 -23
      vertex 46 -10.7656 -3.2657
    endloop
  endfacet
  facet normal -1 -0 0
    outer loop
      vertex 46 -9.92161 -5.30321
      vertex 46 -31 -23
      vertex 46 -10.3936 -4.30519
    endloop
  endfacet
  facet normal -1 -0 0
    outer loop
      vertex 46 -9.35403 -6.25016
      vertex 46 -31 -23
      vertex 46 -9.92161 -5.30321
    endloop
  endfacet
  facet normal -1 0 0
    outer loop
      vertex 46 -31 -23
      vertex 46 -4 -17
      vertex 46 -23 -31
    endloop
  endfacet
  facet normal -1 0 0
    outer loop
      vertex 46 -23 -31
      vertex 46 -4 -17
      vertex 46 23 -31
    endloop
  endfacet
  facet normal -1 0 0
    outer loop
      vertex 46 24.5607 30.8463
      vertex 46 23 31
      vertex 46 23.7841 30.9615
    endloop
  endfacet
  facet normal -1 0 0
    outer loop
      vertex 46 11.0338 2.19477
      vertex 46 14.45 2.1
      vertex 46 11.0479 2.1
    endloop
  endfacet
  facet normal -1 0 0
    outer loop
      vertex 46 10.7656 3.2657
      vertex 46 14.45 2.1
      vertex 46 11.0338 2.19477
    endloop
  endfacet
  facet normal -1 0 0
    outer loop
      vertex 46 10.3936 4.30519
      vertex 46 14.45 2.1
      vertex 46 10.7656 3.2657
    endloop
  endfacet
  facet normal -1 0 0
    outer loop
      vertex 46 9.92161 5.30321
      vertex 46 14.45 2.1
      vertex 46 10.3936 4.30519
    endloop
  endfacet
  facet normal -1 0 0
    outer loop
      vertex 46 9.35403 6.25016
      vertex 46 14.45 2.1
      vertex 46 9.92161 5.30321
    endloop
  endfacet
  facet normal -1 0 0
    outer loop
      vertex 46 28.6569 28.6569
      vertex 46 23 31
      vertex 46 28.0751 29.1841
    endloop
  endfacet
  facet normal -1 0 0
    outer loop
      vertex 46 28.0751 29.1841
      vertex 46 23 31
      vertex 46 27.4446 29.6518
    endloop
  endfacet
  facet normal -1 0 0
    outer loop
      vertex 46 30.8463 24.5607
      vertex 46 23 31
      vertex 46 30.6555 25.3223
    endloop
  endfacet
  facet normal -1 0 0
    outer loop
      vertex 46 4 17
      vertex 46 7.95495 7.95495
      vertex 46 7.13692 8.69637
    endloop
  endfacet
  facet normal -1 0 0
    outer loop
      vertex 46 4 17
      vertex 46 7.13692 8.69637
      vertex 46 6.25016 9.35403
    endloop
  endfacet
  facet normal -1 0 0
    outer loop
      vertex 46 4 17
      vertex 46 6.25016 9.35403
      vertex 46 5.30321 9.92161
    endloop
  endfacet
  facet normal -1 0 0
    outer loop
      vertex 46 4 17
      vertex 46 5.30321 9.92161
      vertex 46 4.30519 10.3936
    endloop
  endfacet
  facet normal -1 0 0
    outer loop
      vertex 46 4 17
      vertex 46 4.30519 10.3936
      vertex 46 4 10.5028
    endloop
  endfacet
  facet normal -1 -0 0
    outer loop
      vertex 46 31 23
      vertex 46 4 17
      vertex 46 23 31
    endloop
  endfacet
  facet normal -1 0 0
    outer loop
      vertex 46 2.5 17.882
      vertex 46 4 17
      vertex 46 2.5 17
    endloop
  endfacet
  facet normal -1 0 0
    outer loop
      vertex 46 4 17
      vertex 46 2.5 17.882
      vertex 46 23 31
    endloop
  endfacet
  facet normal -1 0 0
    outer loop
      vertex 46 -2.5 17.882
      vertex 46 23 31
      vertex 46 2.5 17.882
    endloop
  endfacet
  facet normal -1 0 0
    outer loop
      vertex 46 -5.30321 9.92161
      vertex 46 -4 17
      vertex 46 -4.30519 10.3936
    endloop
  endfacet
  facet normal -1 0 0
    outer loop
      vertex 46 -6.25016 9.35403
      vertex 46 -4 17
      vertex 46 -5.30321 9.92161
    endloop
  endfacet
  facet normal -1 0 0
    outer loop
      vertex 46 -7.13692 8.69637
      vertex 46 -4 17
      vertex 46 -6.25016 9.35403
    endloop
  endfacet
  facet normal -1 0 0
    outer loop
      vertex 46 -7.95495 7.95495
      vertex 46 -4 17
      vertex 46 -7.13692 8.69637
    endloop
  endfacet
  facet normal -1 0 0
    outer loop
      vertex 46 -31 23
      vertex 46 -7.95495 7.95495
      vertex 46 -8.69637 7.13692
    endloop
  endfacet
  facet normal -1 0 0
    outer loop
      vertex 46 -31 23
      vertex 46 -8.69637 7.13692
      vertex 46 -9.35403 6.25016
    endloop
  endfacet
  facet normal -1 0 0
    outer loop
      vertex 46 -31 23
      vertex 46 -9.35403 6.25016
      vertex 46 -9.92161 5.30321
    endloop
  endfacet
  facet normal -1 -0 0
    outer loop
      vertex 46 -11.1958 -1.10269
      vertex 46 -31 -23
      vertex 46 -11.25 0
    endloop
  endfacet
  facet normal -1 0 0
    outer loop
      vertex 46 -31 23
      vertex 46 -11.25 0
      vertex 46 -31 -23
    endloop
  endfacet
  facet normal -1 0 0
    outer loop
      vertex 46 -11.25 0
      vertex 46 -31 23
      vertex 46 -11.1958 1.10269
    endloop
  endfacet
  facet normal -1 0 0
    outer loop
      vertex 46 -2.5 17.882
      vertex 46 -23 31
      vertex 46 23 31
    endloop
  endfacet
  facet normal -1 0 0
    outer loop
      vertex 46 -4 17
      vertex 46 -23 31
      vertex 46 -2.5 17.882
    endloop
  endfacet
  facet normal -1 0 0
    outer loop
      vertex 46 -7.95495 7.95495
      vertex 46 -31 23
      vertex 46 -4 17
    endloop
  endfacet
  facet normal -1 0 0
    outer loop
      vertex 46 -31 23
      vertex 46 -9.92161 5.30321
      vertex 46 -10.3936 4.30519
    endloop
  endfacet
  facet normal -1 0 0
    outer loop
      vertex 46 -31 23
      vertex 46 -10.3936 4.30519
      vertex 46 -10.7656 3.2657
    endloop
  endfacet
  facet normal -1 0 0
    outer loop
      vertex 46 -11.1958 1.10269
      vertex 46 -31 23
      vertex 46 -11.0338 2.19477
    endloop
  endfacet
  facet normal -1 0 0
    outer loop
      vertex 46 -31 -23
      vertex 46 -23 -31
      vertex 46 -23.7841 -30.9615
    endloop
  endfacet
  facet normal -1 0 0
    outer loop
      vertex 46 -11.0338 2.19477
      vertex 46 -31 23
      vertex 46 -10.7656 3.2657
    endloop
  endfacet
  facet normal -1 0 0
    outer loop
      vertex 46 -31 -23
      vertex 46 -23.7841 -30.9615
      vertex 46 -24.5607 -30.8463
    endloop
  endfacet
  facet normal -1 0 0
    outer loop
      vertex 46 -4 17
      vertex 46 -31 23
      vertex 46 -23 31
    endloop
  endfacet
  facet normal -1 0 0
    outer loop
      vertex 46 -31 -23
      vertex 46 -24.5607 -30.8463
      vertex 46 -25.3223 -30.6555
    endloop
  endfacet
  facet normal -1 0 0
    outer loop
      vertex 46 -23 31
      vertex 46 -31 23
      vertex 46 -23.7841 30.9615
    endloop
  endfacet
  facet normal -1 0 0
    outer loop
      vertex 46 -31 -23
      vertex 46 -25.3223 -30.6555
      vertex 46 -26.0615 -30.391
    endloop
  endfacet
  facet normal -1 0 0
    outer loop
      vertex 46 -23.7841 30.9615
      vertex 46 -31 23
      vertex 46 -24.5607 30.8463
    endloop
  endfacet
  facet normal -1 0 0
    outer loop
      vertex 46 -31 -23
      vertex 46 -26.0615 -30.391
      vertex 46 -26.7712 -30.0554
    endloop
  endfacet
  facet normal -1 0 0
    outer loop
      vertex 46 -24.5607 30.8463
      vertex 46 -31 23
      vertex 46 -25.3223 30.6555
    endloop
  endfacet
  facet normal -1 0 0
    outer loop
      vertex 46 -31 -23
      vertex 46 -26.7712 -30.0554
      vertex 46 -27.4446 -29.6518
    endloop
  endfacet
  facet normal -1 0 0
    outer loop
      vertex 46 -25.3223 30.6555
      vertex 46 -31 23
      vertex 46 -26.0615 30.391
    endloop
  endfacet
  facet normal -1 0 0
    outer loop
      vertex 46 -31 -23
      vertex 46 -27.4446 -29.6518
      vertex 46 -28.0751 -29.1841
    endloop
  endfacet
  facet normal -1 0 0
    outer loop
      vertex 46 -26.0615 30.391
      vertex 46 -31 23
      vertex 46 -26.7712 30.0554
    endloop
  endfacet
  facet normal -1 0 0
    outer loop
      vertex 46 -31 -23
      vertex 46 -28.0751 -29.1841
      vertex 46 -28.6569 -28.6569
    endloop
  endfacet
  facet normal -1 0 0
    outer loop
      vertex 46 -26.7712 30.0554
      vertex 46 -31 23
      vertex 46 -27.4446 29.6518
    endloop
  endfacet
  facet normal -1 0 0
    outer loop
      vertex 46 -31 -23
      vertex 46 -28.6569 -28.6569
      vertex 46 -29.1841 -28.0751
    endloop
  endfacet
  facet normal -1 0 0
    outer loop
      vertex 46 -27.4446 29.6518
      vertex 46 -31 23
      vertex 46 -28.0751 29.1841
    endloop
  endfacet
  facet normal -1 0 0
    outer loop
      vertex 46 -31 -23
      vertex 46 -29.1841 -28.0751
      vertex 46 -29.6518 -27.4446
    endloop
  endfacet
  facet normal -1 0 0
    outer loop
      vertex 46 -28.0751 29.1841
      vertex 46 -31 23
      vertex 46 -28.6569 28.6569
    endloop
  endfacet
  facet normal -1 0 0
    outer loop
      vertex 46 -31 -23
      vertex 46 -29.6518 -27.4446
      vertex 46 -30.0554 -26.7712
    endloop
  endfacet
  facet normal -1 0 0
    outer loop
      vertex 46 -28.6569 28.6569
      vertex 46 -31 23
      vertex 46 -29.1841 28.0751
    endloop
  endfacet
  facet normal -1 0 0
    outer loop
      vertex 46 -31 -23
      vertex 46 -30.0554 -26.7712
      vertex 46 -30.391 -26.0615
    endloop
  endfacet
  facet normal -1 0 0
    outer loop
      vertex 46 -29.1841 28.0751
      vertex 46 -31 23
      vertex 46 -29.6518 27.4446
    endloop
  endfacet
  facet normal -1 0 0
    outer loop
      vertex 46 -31 -23
      vertex 46 -30.391 -26.0615
      vertex 46 -30.6555 -25.3223
    endloop
  endfacet
  facet normal -1 0 0
    outer loop
      vertex 46 -29.6518 27.4446
      vertex 46 -31 23
      vertex 46 -30.0554 26.7712
    endloop
  endfacet
  facet normal -1 0 0
    outer loop
      vertex 46 -31 -23
      vertex 46 -30.6555 -25.3223
      vertex 46 -30.8463 -24.5607
    endloop
  endfacet
  facet normal -1 0 0
    outer loop
      vertex 46 -30.0554 26.7712
      vertex 46 -31 23
      vertex 46 -30.391 26.0615
    endloop
  endfacet
  facet normal -1 0 0
    outer loop
      vertex 46 -31 -23
      vertex 46 -30.8463 -24.5607
      vertex 46 -30.9615 -23.7841
    endloop
  endfacet
  facet normal -1 0 0
    outer loop
      vertex 46 -30.391 26.0615
      vertex 46 -31 23
      vertex 46 -30.6555 25.3223
    endloop
  endfacet
  facet normal -1 0 0
    outer loop
      vertex 46 -30.6555 25.3223
      vertex 46 -31 23
      vertex 46 -30.8463 24.5607
    endloop
  endfacet
  facet normal -1 0 0
    outer loop
      vertex 46 -30.8463 24.5607
      vertex 46 -31 23
      vertex 46 -30.9615 23.7841
    endloop
  endfacet
  facet normal -1 0 0
    outer loop
      vertex 46 4.30519 -10.3936
      vertex 46 4 -17
      vertex 46 4 -10.5028
    endloop
  endfacet
  facet normal 0 -0.146735 0.989176
    outer loop
      vertex 49.5 2.19477 -11.0338
      vertex 52 1.10269 -11.1958
      vertex 52 2.19477 -11.0338
    endloop
  endfacet
  facet normal 0 -0.146735 0.989176
    outer loop
      vertex 52 1.10269 -11.1958
      vertex 49.5 2.19477 -11.0338
      vertex 49.5 1.10269 -11.1958
    endloop
  endfacet
  facet normal 0 -0.0490933 0.998794
    outer loop
      vertex 49.5 1.10269 -11.1958
      vertex 52 0 -11.25
      vertex 52 1.10269 -11.1958
    endloop
  endfacet
  facet normal 0 -0.0490933 0.998794
    outer loop
      vertex 52 0 -11.25
      vertex 49.5 1.10269 -11.1958
      vertex 49.5 0 -11.25
    endloop
  endfacet
  facet normal 0 -0.242934 0.970043
    outer loop
      vertex 49.5 3.2657 -10.7656
      vertex 52 2.19477 -11.0338
      vertex 52 3.2657 -10.7656
    endloop
  endfacet
  facet normal 0 -0.242934 0.970043
    outer loop
      vertex 52 2.19477 -11.0338
      vertex 49.5 3.2657 -10.7656
      vertex 49.5 2.19477 -11.0338
    endloop
  endfacet
  facet normal 3.35931e-18 0.941526 0.336942
    outer loop
      vertex 52 -10.3936 -4.30519
      vertex 46 -10.7656 -3.2657
      vertex 52 -10.7656 -3.2657
    endloop
  endfacet
  facet normal 3.35931e-18 0.941526 0.336942
    outer loop
      vertex 46 -10.7656 -3.2657
      vertex 52 -10.3936 -4.30519
      vertex 46 -10.3936 -4.30519
    endloop
  endfacet
  facet normal -7.21118e-18 -0.740951 0.671559
    outer loop
      vertex 46 7.95495 -7.95495
      vertex 52 8.69637 -7.13692
      vertex 46 8.69637 -7.13692
    endloop
  endfacet
  facet normal -7.21118e-18 -0.740951 0.671559
    outer loop
      vertex 52 8.69637 -7.13692
      vertex 46 7.95495 -7.95495
      vertex 52 7.95495 -7.95495
    endloop
  endfacet
  facet normal 0 -0.514103 -0.857729
    outer loop
      vertex 46 5.30321 9.92161
      vertex 52 6.25016 9.35403
      vertex 52 5.30321 9.92161
    endloop
  endfacet
  facet normal -0 -0.514103 -0.857729
    outer loop
      vertex 52 6.25016 9.35403
      vertex 46 5.30321 9.92161
      vertex 46 6.25016 9.35403
    endloop
  endfacet
  facet normal 1.60589e-18 0.989176 -0.146735
    outer loop
      vertex 52 -11.1958 1.10269
      vertex 46 -11.0338 2.19477
      vertex 52 -11.0338 2.19477
    endloop
  endfacet
  facet normal 1.60589e-18 0.989176 -0.146735
    outer loop
      vertex 46 -11.0338 2.19477
      vertex 52 -11.1958 1.10269
      vertex 46 -11.1958 1.10269
    endloop
  endfacet
  facet normal 6.65623e-06 -0.336942 0.941526
    outer loop
      vertex 52 4.30519 -10.3936
      vertex 49.5 4 -10.5028
      vertex 52 3.2657 -10.7656
    endloop
  endfacet
  facet normal 0 -0.336893 0.941543
    outer loop
      vertex 46 4.30519 -10.3936
      vertex 49.5 4 -10.5028
      vertex 52 4.30519 -10.3936
    endloop
  endfacet
  facet normal 0 -0.336893 0.941543
    outer loop
      vertex 49.5 4 -10.5028
      vertex 46 4.30519 -10.3936
      vertex 46 4 -10.5028
    endloop
  endfacet
  facet normal 0 -0.336962 0.941518
    outer loop
      vertex 52 3.2657 -10.7656
      vertex 49.5 4 -10.5028
      vertex 49.5 3.2657 -10.7656
    endloop
  endfacet
  facet normal -1.59363e-19 0.998794 0.0490933
    outer loop
      vertex 52 -11.1958 -1.10269
      vertex 46 -11.25 0
      vertex 52 -11.25 0
    endloop
  endfacet
  facet normal -1.59363e-19 0.998794 0.0490933
    outer loop
      vertex 46 -11.25 0
      vertex 52 -11.1958 -1.10269
      vertex 46 -11.1958 -1.10269
    endloop
  endfacet
  facet normal 0 0.427527 -0.904003
    outer loop
      vertex 46 -5.30321 9.92161
      vertex 52 -4.30519 10.3936
      vertex 52 -5.30321 9.92161
    endloop
  endfacet
  facet normal 0 0.427527 -0.904003
    outer loop
      vertex 52 -4.30519 10.3936
      vertex 46 -5.30321 9.92161
      vertex 46 -4.30519 10.3936
    endloop
  endfacet
  facet normal -5.85057e-18 0.80321 -0.595696
    outer loop
      vertex 52 -9.35403 6.25016
      vertex 46 -8.69637 7.13692
      vertex 52 -8.69637 7.13692
    endloop
  endfacet
  facet normal -5.85057e-18 0.80321 -0.595696
    outer loop
      vertex 46 -8.69637 7.13692
      vertex 52 -9.35403 6.25016
      vertex 46 -9.35403 6.25016
    endloop
  endfacet
  facet normal 0 -0.595696 -0.80321
    outer loop
      vertex 46 6.25016 9.35403
      vertex 52 7.13692 8.69637
      vertex 52 6.25016 9.35403
    endloop
  endfacet
  facet normal -0 -0.595696 -0.80321
    outer loop
      vertex 52 7.13692 8.69637
      vertex 46 6.25016 9.35403
      vertex 46 7.13692 8.69637
    endloop
  endfacet
  facet normal -0 0.242934 0.970043
    outer loop
      vertex 49.5 -2.19477 -11.0338
      vertex 52 -3.2657 -10.7656
      vertex 52 -2.19477 -11.0338
    endloop
  endfacet
  facet normal 0 0.242934 0.970043
    outer loop
      vertex 52 -3.2657 -10.7656
      vertex 49.5 -2.19477 -11.0338
      vertex 49.5 -3.2657 -10.7656
    endloop
  endfacet
  facet normal 0 -0.514103 0.857729
    outer loop
      vertex 46 6.25016 -9.35403
      vertex 52 5.30321 -9.92161
      vertex 52 6.25016 -9.35403
    endloop
  endfacet
  facet normal 0 -0.514103 0.857729
    outer loop
      vertex 52 5.30321 -9.92161
      vertex 46 6.25016 -9.35403
      vertex 46 5.30321 -9.92161
    endloop
  endfacet
  facet normal 0 0.0490933 -0.998794
    outer loop
      vertex 49.5 -1.10269 11.1958
      vertex 52 0 11.25
      vertex 52 -1.10269 11.1958
    endloop
  endfacet
  facet normal 0 0.0490933 -0.998794
    outer loop
      vertex 52 0 11.25
      vertex 49.5 -1.10269 11.1958
      vertex 49.5 0 11.25
    endloop
  endfacet
  facet normal 0 -0.427527 0.904003
    outer loop
      vertex 46 5.30321 -9.92161
      vertex 52 4.30519 -10.3936
      vertex 52 5.30321 -9.92161
    endloop
  endfacet
  facet normal 0 -0.427527 0.904003
    outer loop
      vertex 52 4.30519 -10.3936
      vertex 46 5.30321 -9.92161
      vertex 46 4.30519 -10.3936
    endloop
  endfacet
  facet normal 1.72233e-18 0.336962 0.941518
    outer loop
      vertex 49.5 -4 -10.5028
      vertex 52 -3.2657 -10.7656
      vertex 49.5 -3.2657 -10.7656
    endloop
  endfacet
  facet normal 6.65623e-06 0.336942 0.941526
    outer loop
      vertex 52 -3.2657 -10.7656
      vertex 49.5 -4 -10.5028
      vertex 52 -4.30519 -10.3936
    endloop
  endfacet
  facet normal 1.94099e-18 0.336893 0.941543
    outer loop
      vertex 46 -4.30519 -10.3936
      vertex 49.5 -4 -10.5028
      vertex 46 -4 -10.5028
    endloop
  endfacet
  facet normal 1.13224e-18 0.336893 0.941543
    outer loop
      vertex 49.5 -4 -10.5028
      vertex 46 -4.30519 -10.3936
      vertex 52 -4.30519 -10.3936
    endloop
  endfacet
  facet normal -4.2708e-20 0.904003 -0.427527
    outer loop
      vertex 52 -10.3936 4.30519
      vertex 46 -9.92161 5.30321
      vertex 52 -9.92161 5.30321
    endloop
  endfacet
  facet normal -4.2708e-20 0.904003 -0.427527
    outer loop
      vertex 46 -9.92161 5.30321
      vertex 52 -10.3936 4.30519
      vertex 46 -10.3936 4.30519
    endloop
  endfacet
  facet normal 0 0.242934 -0.970043
    outer loop
      vertex 49.5 -3.2657 10.7656
      vertex 52 -2.19477 11.0338
      vertex 52 -3.2657 10.7656
    endloop
  endfacet
  facet normal 0 0.242934 -0.970043
    outer loop
      vertex 52 -2.19477 11.0338
      vertex 49.5 -3.2657 10.7656
      vertex 49.5 -2.19477 11.0338
    endloop
  endfacet
  facet normal 0 -0.671559 -0.740951
    outer loop
      vertex 46 7.13692 8.69637
      vertex 52 7.95495 7.95495
      vertex 52 7.13692 8.69637
    endloop
  endfacet
  facet normal -0 -0.671559 -0.740951
    outer loop
      vertex 52 7.95495 7.95495
      vertex 46 7.13692 8.69637
      vertex 46 7.95495 7.95495
    endloop
  endfacet
  facet normal -2.32634e-18 0.970043 -0.242934
    outer loop
      vertex 52 -11.0338 2.19477
      vertex 46 -10.7656 3.2657
      vertex 52 -10.7656 3.2657
    endloop
  endfacet
  facet normal -2.32634e-18 0.970043 -0.242934
    outer loop
      vertex 46 -10.7656 3.2657
      vertex 52 -11.0338 2.19477
      vertex 46 -11.0338 2.19477
    endloop
  endfacet
  facet normal 7.30317e-18 -0.857729 -0.514103
    outer loop
      vertex 46 9.92161 5.30321
      vertex 52 9.35403 6.25016
      vertex 46 9.35403 6.25016
    endloop
  endfacet
  facet normal 7.30317e-18 -0.857729 -0.514103
    outer loop
      vertex 52 9.35403 6.25016
      vertex 46 9.92161 5.30321
      vertex 52 9.92161 5.30321
    endloop
  endfacet
  facet normal 0 -0.595696 0.80321
    outer loop
      vertex 46 7.13692 -8.69637
      vertex 52 6.25016 -9.35403
      vertex 52 7.13692 -8.69637
    endloop
  endfacet
  facet normal 0 -0.595696 0.80321
    outer loop
      vertex 52 6.25016 -9.35403
      vertex 46 7.13692 -8.69637
      vertex 46 6.25016 -9.35403
    endloop
  endfacet
  facet normal -8.89439e-20 -0.989112 -0.147161
    outer loop
      vertex 46 11.0479 2.1
      vertex 52 11.0338 2.19477
      vertex 46 11.0338 2.19477
    endloop
  endfacet
  facet normal -8.89439e-20 -0.989112 -0.147161
    outer loop
      vertex 52 11.0338 2.19477
      vertex 46 11.0479 2.1
      vertex 52 11.0479 2.1
    endloop
  endfacet
  facet normal 4.2708e-20 0.904003 0.427527
    outer loop
      vertex 52 -9.92161 -5.30321
      vertex 46 -10.3936 -4.30519
      vertex 52 -10.3936 -4.30519
    endloop
  endfacet
  facet normal 4.2708e-20 0.904003 0.427527
    outer loop
      vertex 46 -10.3936 -4.30519
      vertex 52 -9.92161 -5.30321
      vertex 46 -9.92161 -5.30321
    endloop
  endfacet
  facet normal 7.21118e-18 -0.740951 -0.671559
    outer loop
      vertex 46 8.69637 7.13692
      vertex 52 7.95495 7.95495
      vertex 46 7.95495 7.95495
    endloop
  endfacet
  facet normal 7.21118e-18 -0.740951 -0.671559
    outer loop
      vertex 52 7.95495 7.95495
      vertex 46 8.69637 7.13692
      vertex 52 8.69637 7.13692
    endloop
  endfacet
  facet normal -0 0.514103 0.857729
    outer loop
      vertex 46 -5.30321 -9.92161
      vertex 52 -6.25016 -9.35403
      vertex 52 -5.30321 -9.92161
    endloop
  endfacet
  facet normal 0 0.514103 0.857729
    outer loop
      vertex 52 -6.25016 -9.35403
      vertex 46 -5.30321 -9.92161
      vertex 46 -6.25016 -9.35403
    endloop
  endfacet
  facet normal 5.85057e-18 -0.80321 -0.595696
    outer loop
      vertex 46 9.35403 6.25016
      vertex 52 8.69637 7.13692
      vertex 46 8.69637 7.13692
    endloop
  endfacet
  facet normal 5.85057e-18 -0.80321 -0.595696
    outer loop
      vertex 52 8.69637 7.13692
      vertex 46 9.35403 6.25016
      vertex 52 9.35403 6.25016
    endloop
  endfacet
  facet normal -3.35931e-18 -0.941526 0.336942
    outer loop
      vertex 46 10.3936 -4.30519
      vertex 52 10.7656 -3.2657
      vertex 46 10.7656 -3.2657
    endloop
  endfacet
  facet normal -3.35931e-18 -0.941526 0.336942
    outer loop
      vertex 52 10.7656 -3.2657
      vertex 46 10.3936 -4.30519
      vertex 52 10.3936 -4.30519
    endloop
  endfacet
  facet normal 0 -0.671559 0.740951
    outer loop
      vertex 46 7.95495 -7.95495
      vertex 52 7.13692 -8.69637
      vertex 52 7.95495 -7.95495
    endloop
  endfacet
  facet normal 0 -0.671559 0.740951
    outer loop
      vertex 52 7.13692 -8.69637
      vertex 46 7.95495 -7.95495
      vertex 46 7.13692 -8.69637
    endloop
  endfacet
  facet normal -0 0.0490933 0.998794
    outer loop
      vertex 49.5 0 -11.25
      vertex 52 -1.10269 -11.1958
      vertex 52 0 -11.25
    endloop
  endfacet
  facet normal 0 0.0490933 0.998794
    outer loop
      vertex 52 -1.10269 -11.1958
      vertex 49.5 0 -11.25
      vertex 49.5 -1.10269 -11.1958
    endloop
  endfacet
  facet normal 6.65623e-06 0.336942 -0.941526
    outer loop
      vertex 52 -4.30519 10.3936
      vertex 49.5 -4 10.5028
      vertex 52 -3.2657 10.7656
    endloop
  endfacet
  facet normal 0 0.336893 -0.941543
    outer loop
      vertex 46 -4.30519 10.3936
      vertex 49.5 -4 10.5028
      vertex 52 -4.30519 10.3936
    endloop
  endfacet
  facet normal 0 0.336893 -0.941543
    outer loop
      vertex 49.5 -4 10.5028
      vertex 46 -4.30519 10.3936
      vertex 46 -4 10.5028
    endloop
  endfacet
  facet normal 0 0.336962 -0.941518
    outer loop
      vertex 52 -3.2657 10.7656
      vertex 49.5 -4 10.5028
      vertex 49.5 -3.2657 10.7656
    endloop
  endfacet
  facet normal -7.30317e-18 -0.857729 0.514103
    outer loop
      vertex 46 9.35403 -6.25016
      vertex 52 9.92161 -5.30321
      vertex 46 9.92161 -5.30321
    endloop
  endfacet
  facet normal -7.30317e-18 -0.857729 0.514103
    outer loop
      vertex 52 9.92161 -5.30321
      vertex 46 9.35403 -6.25016
      vertex 52 9.35403 -6.25016
    endloop
  endfacet
  facet normal -5.85057e-18 -0.80321 0.595696
    outer loop
      vertex 46 8.69637 -7.13692
      vertex 52 9.35403 -6.25016
      vertex 46 9.35403 -6.25016
    endloop
  endfacet
  facet normal -5.85057e-18 -0.80321 0.595696
    outer loop
      vertex 52 9.35403 -6.25016
      vertex 46 8.69637 -7.13692
      vertex 52 8.69637 -7.13692
    endloop
  endfacet
  facet normal -1.60589e-18 0.989176 0.146735
    outer loop
      vertex 52 -11.0338 -2.19477
      vertex 46 -11.1958 -1.10269
      vertex 52 -11.1958 -1.10269
    endloop
  endfacet
  facet normal -1.60589e-18 0.989176 0.146735
    outer loop
      vertex 46 -11.1958 -1.10269
      vertex 52 -11.0338 -2.19477
      vertex 46 -11.0338 -2.19477
    endloop
  endfacet
  facet normal -0 0.671559 0.740951
    outer loop
      vertex 46 -7.13692 -8.69637
      vertex 52 -7.95495 -7.95495
      vertex 52 -7.13692 -8.69637
    endloop
  endfacet
  facet normal 0 0.671559 0.740951
    outer loop
      vertex 52 -7.95495 -7.95495
      vertex 46 -7.13692 -8.69637
      vertex 46 -7.95495 -7.95495
    endloop
  endfacet
  facet normal -0 0.595696 0.80321
    outer loop
      vertex 46 -6.25016 -9.35403
      vertex 52 -7.13692 -8.69637
      vertex 52 -6.25016 -9.35403
    endloop
  endfacet
  facet normal 0 0.595696 0.80321
    outer loop
      vertex 52 -7.13692 -8.69637
      vertex 46 -6.25016 -9.35403
      vertex 46 -7.13692 -8.69637
    endloop
  endfacet
  facet normal 2.32634e-18 0.970043 0.242934
    outer loop
      vertex 52 -10.7656 -3.2657
      vertex 46 -11.0338 -2.19477
      vertex 52 -11.0338 -2.19477
    endloop
  endfacet
  facet normal 2.32634e-18 0.970043 0.242934
    outer loop
      vertex 46 -11.0338 -2.19477
      vertex 52 -10.7656 -3.2657
      vertex 46 -10.7656 -3.2657
    endloop
  endfacet
  facet normal -0 0.427527 0.904003
    outer loop
      vertex 46 -4.30519 -10.3936
      vertex 52 -5.30321 -9.92161
      vertex 52 -4.30519 -10.3936
    endloop
  endfacet
  facet normal 0 0.427527 0.904003
    outer loop
      vertex 52 -5.30321 -9.92161
      vertex 46 -4.30519 -10.3936
      vertex 46 -5.30321 -9.92161
    endloop
  endfacet
  facet normal 2.32634e-18 -0.970043 -0.242934
    outer loop
      vertex 46 11.0338 2.19477
      vertex 52 10.7656 3.2657
      vertex 46 10.7656 3.2657
    endloop
  endfacet
  facet normal 2.32634e-18 -0.970043 -0.242934
    outer loop
      vertex 52 10.7656 3.2657
      vertex 46 11.0338 2.19477
      vertex 52 11.0338 2.19477
    endloop
  endfacet
  facet normal 1.72233e-18 -0.336962 -0.941518
    outer loop
      vertex 49.5 4 10.5028
      vertex 52 3.2657 10.7656
      vertex 49.5 3.2657 10.7656
    endloop
  endfacet
  facet normal 6.65623e-06 -0.336942 -0.941526
    outer loop
      vertex 52 3.2657 10.7656
      vertex 49.5 4 10.5028
      vertex 52 4.30519 10.3936
    endloop
  endfacet
  facet normal 1.94099e-18 -0.336893 -0.941543
    outer loop
      vertex 46 4.30519 10.3936
      vertex 49.5 4 10.5028
      vertex 46 4 10.5028
    endloop
  endfacet
  facet normal 1.13224e-18 -0.336893 -0.941543
    outer loop
      vertex 49.5 4 10.5028
      vertex 46 4.30519 10.3936
      vertex 52 4.30519 10.3936
    endloop
  endfacet
  facet normal 4.2708e-20 -0.904003 -0.427527
    outer loop
      vertex 46 10.3936 4.30519
      vertex 52 9.92161 5.30321
      vertex 46 9.92161 5.30321
    endloop
  endfacet
  facet normal 4.2708e-20 -0.904003 -0.427527
    outer loop
      vertex 52 9.92161 5.30321
      vertex 46 10.3936 4.30519
      vertex 52 10.3936 4.30519
    endloop
  endfacet
  facet normal 0 -0.146735 -0.989176
    outer loop
      vertex 49.5 1.10269 11.1958
      vertex 52 2.19477 11.0338
      vertex 52 1.10269 11.1958
    endloop
  endfacet
  facet normal -0 -0.146735 -0.989176
    outer loop
      vertex 52 2.19477 11.0338
      vertex 49.5 1.10269 11.1958
      vertex 49.5 2.19477 11.0338
    endloop
  endfacet
  facet normal 0 -0.242934 -0.970043
    outer loop
      vertex 49.5 2.19477 11.0338
      vertex 52 3.2657 10.7656
      vertex 52 2.19477 11.0338
    endloop
  endfacet
  facet normal -0 -0.242934 -0.970043
    outer loop
      vertex 52 3.2657 10.7656
      vertex 49.5 2.19477 11.0338
      vertex 49.5 3.2657 10.7656
    endloop
  endfacet
  facet normal -4.2708e-20 -0.904003 0.427527
    outer loop
      vertex 46 9.92161 -5.30321
      vertex 52 10.3936 -4.30519
      vertex 46 10.3936 -4.30519
    endloop
  endfacet
  facet normal -4.2708e-20 -0.904003 0.427527
    outer loop
      vertex 52 10.3936 -4.30519
      vertex 46 9.92161 -5.30321
      vertex 52 9.92161 -5.30321
    endloop
  endfacet
  facet normal -0 0.146735 0.989176
    outer loop
      vertex 49.5 -1.10269 -11.1958
      vertex 52 -2.19477 -11.0338
      vertex 52 -1.10269 -11.1958
    endloop
  endfacet
  facet normal 0 0.146735 0.989176
    outer loop
      vertex 52 -2.19477 -11.0338
      vertex 49.5 -1.10269 -11.1958
      vertex 49.5 -2.19477 -11.0338
    endloop
  endfacet
  facet normal 8.89439e-20 -0.989112 0.147161
    outer loop
      vertex 46 11.0338 -2.19477
      vertex 52 11.0479 -2.1
      vertex 46 11.0479 -2.1
    endloop
  endfacet
  facet normal 8.89439e-20 -0.989112 0.147161
    outer loop
      vertex 52 11.0479 -2.1
      vertex 46 11.0338 -2.19477
      vertex 52 11.0338 -2.19477
    endloop
  endfacet
  facet normal 0 0.671559 -0.740951
    outer loop
      vertex 46 -7.95495 7.95495
      vertex 52 -7.13692 8.69637
      vertex 52 -7.95495 7.95495
    endloop
  endfacet
  facet normal 0 0.671559 -0.740951
    outer loop
      vertex 52 -7.13692 8.69637
      vertex 46 -7.95495 7.95495
      vertex 46 -7.13692 8.69637
    endloop
  endfacet
  facet normal 0 0.514103 -0.857729
    outer loop
      vertex 46 -6.25016 9.35403
      vertex 52 -5.30321 9.92161
      vertex 52 -6.25016 9.35403
    endloop
  endfacet
  facet normal 0 0.514103 -0.857729
    outer loop
      vertex 52 -5.30321 9.92161
      vertex 46 -6.25016 9.35403
      vertex 46 -5.30321 9.92161
    endloop
  endfacet
  facet normal 3.35931e-18 -0.941526 -0.336942
    outer loop
      vertex 46 10.7656 3.2657
      vertex 52 10.3936 4.30519
      vertex 46 10.3936 4.30519
    endloop
  endfacet
  facet normal 3.35931e-18 -0.941526 -0.336942
    outer loop
      vertex 52 10.3936 4.30519
      vertex 46 10.7656 3.2657
      vertex 52 10.7656 3.2657
    endloop
  endfacet
  facet normal -7.30317e-18 0.857729 -0.514103
    outer loop
      vertex 52 -9.92161 5.30321
      vertex 46 -9.35403 6.25016
      vertex 52 -9.35403 6.25016
    endloop
  endfacet
  facet normal -7.30317e-18 0.857729 -0.514103
    outer loop
      vertex 46 -9.35403 6.25016
      vertex 52 -9.92161 5.30321
      vertex 46 -9.92161 5.30321
    endloop
  endfacet
  facet normal 5.85057e-18 0.80321 0.595696
    outer loop
      vertex 52 -8.69637 -7.13692
      vertex 46 -9.35403 -6.25016
      vertex 52 -9.35403 -6.25016
    endloop
  endfacet
  facet normal 5.85057e-18 0.80321 0.595696
    outer loop
      vertex 46 -9.35403 -6.25016
      vertex 52 -8.69637 -7.13692
      vertex 46 -8.69637 -7.13692
    endloop
  endfacet
  facet normal -3.35931e-18 0.941526 -0.336942
    outer loop
      vertex 52 -10.7656 3.2657
      vertex 46 -10.3936 4.30519
      vertex 52 -10.3936 4.30519
    endloop
  endfacet
  facet normal -3.35931e-18 0.941526 -0.336942
    outer loop
      vertex 46 -10.3936 4.30519
      vertex 52 -10.7656 3.2657
      vertex 46 -10.7656 3.2657
    endloop
  endfacet
  facet normal 0 0.595696 -0.80321
    outer loop
      vertex 46 -7.13692 8.69637
      vertex 52 -6.25016 9.35403
      vertex 52 -7.13692 8.69637
    endloop
  endfacet
  facet normal 0 0.595696 -0.80321
    outer loop
      vertex 52 -6.25016 9.35403
      vertex 46 -7.13692 8.69637
      vertex 46 -6.25016 9.35403
    endloop
  endfacet
  facet normal 0 -0.427527 -0.904003
    outer loop
      vertex 46 4.30519 10.3936
      vertex 52 5.30321 9.92161
      vertex 52 4.30519 10.3936
    endloop
  endfacet
  facet normal -0 -0.427527 -0.904003
    outer loop
      vertex 52 5.30321 9.92161
      vertex 46 4.30519 10.3936
      vertex 46 5.30321 9.92161
    endloop
  endfacet
  facet normal 0 0.146735 -0.989176
    outer loop
      vertex 49.5 -2.19477 11.0338
      vertex 52 -1.10269 11.1958
      vertex 52 -2.19477 11.0338
    endloop
  endfacet
  facet normal 0 0.146735 -0.989176
    outer loop
      vertex 52 -1.10269 11.1958
      vertex 49.5 -2.19477 11.0338
      vertex 49.5 -1.10269 11.1958
    endloop
  endfacet
  facet normal -2.32634e-18 -0.970043 0.242934
    outer loop
      vertex 46 10.7656 -3.2657
      vertex 52 11.0338 -2.19477
      vertex 46 11.0338 -2.19477
    endloop
  endfacet
  facet normal -2.32634e-18 -0.970043 0.242934
    outer loop
      vertex 52 11.0338 -2.19477
      vertex 46 10.7656 -3.2657
      vertex 52 10.7656 -3.2657
    endloop
  endfacet
  facet normal 7.30317e-18 0.857729 0.514103
    outer loop
      vertex 52 -9.35403 -6.25016
      vertex 46 -9.92161 -5.30321
      vertex 52 -9.92161 -5.30321
    endloop
  endfacet
  facet normal 7.30317e-18 0.857729 0.514103
    outer loop
      vertex 46 -9.92161 -5.30321
      vertex 52 -9.35403 -6.25016
      vertex 46 -9.35403 -6.25016
    endloop
  endfacet
  facet normal -7.21118e-18 0.740951 -0.671559
    outer loop
      vertex 52 -8.69637 7.13692
      vertex 46 -7.95495 7.95495
      vertex 52 -7.95495 7.95495
    endloop
  endfacet
  facet normal -7.21118e-18 0.740951 -0.671559
    outer loop
      vertex 46 -7.95495 7.95495
      vertex 52 -8.69637 7.13692
      vertex 46 -8.69637 7.13692
    endloop
  endfacet
  facet normal 1.59363e-19 0.998794 -0.0490933
    outer loop
      vertex 52 -11.25 0
      vertex 46 -11.1958 1.10269
      vertex 52 -11.1958 1.10269
    endloop
  endfacet
  facet normal 1.59363e-19 0.998794 -0.0490933
    outer loop
      vertex 46 -11.1958 1.10269
      vertex 52 -11.25 0
      vertex 46 -11.25 0
    endloop
  endfacet
  facet normal 0 -0.0490933 -0.998794
    outer loop
      vertex 49.5 0 11.25
      vertex 52 1.10269 11.1958
      vertex 52 0 11.25
    endloop
  endfacet
  facet normal -0 -0.0490933 -0.998794
    outer loop
      vertex 52 1.10269 11.1958
      vertex 49.5 0 11.25
      vertex 49.5 1.10269 11.1958
    endloop
  endfacet
  facet normal 7.21118e-18 0.740951 0.671559
    outer loop
      vertex 52 -7.95495 -7.95495
      vertex 46 -8.69637 -7.13692
      vertex 52 -8.69637 -7.13692
    endloop
  endfacet
  facet normal 7.21118e-18 0.740951 0.671559
    outer loop
      vertex 46 -8.69637 -7.13692
      vertex 52 -7.95495 -7.95495
      vertex 46 -7.95495 -7.95495
    endloop
  endfacet
  facet normal -0 0 1
    outer loop
      vertex 46 14.45 -2.1
      vertex 52 11.0479 -2.1
      vertex 52 14.45 -2.1
    endloop
  endfacet
  facet normal 0 0 1
    outer loop
      vertex 52 11.0479 -2.1
      vertex 46 14.45 -2.1
      vertex 46 11.0479 -2.1
    endloop
  endfacet
  facet normal 0 0 -1
    outer loop
      vertex 46 11.0479 2.1
      vertex 52 14.45 2.1
      vertex 52 11.0479 2.1
    endloop
  endfacet
  facet normal -0 0 -1
    outer loop
      vertex 52 14.45 2.1
      vertex 46 11.0479 2.1
      vertex 46 14.45 2.1
    endloop
  endfacet
  facet normal 0 -1 0
    outer loop
      vertex 46 14.45 -2.1
      vertex 52 14.45 2.1
      vertex 46 14.45 2.1
    endloop
  endfacet
  facet normal 0 -1 -0
    outer loop
      vertex 52 14.45 2.1
      vertex 46 14.45 -2.1
      vertex 52 14.45 -2.1
    endloop
  endfacet
  facet normal 0 1 0
    outer loop
      vertex 25.05 2.5 17
      vertex 46 2.5 17.882
      vertex 46 2.5 17
    endloop
  endfacet
  facet normal 0 1 0
    outer loop
      vertex 46 2.5 17.882
      vertex 25.05 2.5 17
      vertex 25.05 2.5 41.5
    endloop
  endfacet
  facet normal 0 -1 0
    outer loop
      vertex 25.05 -2.5 17
      vertex 46 -2.5 17.882
      vertex 25.05 -2.5 41.5
    endloop
  endfacet
  facet normal 0 -1 -0
    outer loop
      vertex 46 -2.5 17.882
      vertex 25.05 -2.5 17
      vertex 46 -2.5 17
    endloop
  endfacet
  facet normal 0.748097 -0 0.663589
    outer loop
      vertex 25.05 -2.5 41.5
      vertex 46 2.5 17.882
      vertex 25.05 2.5 41.5
    endloop
  endfacet
  facet normal 0.748097 0 0.663589
    outer loop
      vertex 46 2.5 17.882
      vertex 25.05 -2.5 41.5
      vertex 46 -2.5 17.882
    endloop
  endfacet
  facet normal -1 0 0
    outer loop
      vertex 25.05 -2.5 17
      vertex 25.05 2.5 41.5
      vertex 25.05 2.5 17
    endloop
  endfacet
  facet normal -1 -0 0
    outer loop
      vertex 25.05 2.5 41.5
      vertex 25.05 -2.5 17
      vertex 25.05 -2.5 41.5
    endloop
  endfacet
  facet normal 1 0 0
    outer loop
      vertex 49.5 2.19477 11.0338
      vertex 49.5 4 10.5028
      vertex 49.5 3.2657 10.7656
    endloop
  endfacet
  facet normal 1 0 0
    outer loop
      vertex 49.5 4 10.5028
      vertex 49.5 2.19477 11.0338
      vertex 49.5 4 -10.5028
    endloop
  endfacet
  facet normal 1 0 0
    outer loop
      vertex 49.5 2.19477 -11.0338
      vertex 49.5 4 -10.5028
      vertex 49.5 2.19477 11.0338
    endloop
  endfacet
  facet normal 1 0 0
    outer loop
      vertex 49.5 4 -10.5028
      vertex 49.5 2.19477 -11.0338
      vertex 49.5 3.2657 -10.7656
    endloop
  endfacet
  facet normal 1 0 0
    outer loop
      vertex 49.5 1.10269 11.1958
      vertex 49.5 2.19477 -11.0338
      vertex 49.5 2.19477 11.0338
    endloop
  endfacet
  facet normal 1 0 0
    outer loop
      vertex 49.5 1.10269 11.1958
      vertex 49.5 1.10269 -11.1958
      vertex 49.5 2.19477 -11.0338
    endloop
  endfacet
  facet normal 1 0 0
    outer loop
      vertex 49.5 0 11.25
      vertex 49.5 1.10269 -11.1958
      vertex 49.5 1.10269 11.1958
    endloop
  endfacet
  facet normal 1 0 0
    outer loop
      vertex 49.5 0 11.25
      vertex 49.5 0 -11.25
      vertex 49.5 1.10269 -11.1958
    endloop
  endfacet
  facet normal 1 -0 0
    outer loop
      vertex 49.5 -1.10269 11.1958
      vertex 49.5 0 -11.25
      vertex 49.5 0 11.25
    endloop
  endfacet
  facet normal 1 0 0
    outer loop
      vertex 49.5 -1.10269 11.1958
      vertex 49.5 -1.10269 -11.1958
      vertex 49.5 0 -11.25
    endloop
  endfacet
  facet normal 1 -0 0
    outer loop
      vertex 49.5 -2.19477 11.0338
      vertex 49.5 -1.10269 -11.1958
      vertex 49.5 -1.10269 11.1958
    endloop
  endfacet
  facet normal 1 0 0
    outer loop
      vertex 49.5 -2.19477 11.0338
      vertex 49.5 -2.19477 -11.0338
      vertex 49.5 -1.10269 -11.1958
    endloop
  endfacet
  facet normal 1 0 0
    outer loop
      vertex 49.5 -4 10.5028
      vertex 49.5 -2.19477 11.0338
      vertex 49.5 -3.2657 10.7656
    endloop
  endfacet
  facet normal 1 0 0
    outer loop
      vertex 49.5 -2.19477 11.0338
      vertex 49.5 -4 10.5028
      vertex 49.5 -2.19477 -11.0338
    endloop
  endfacet
  facet normal 1 -0 0
    outer loop
      vertex 49.5 -4 -10.5028
      vertex 49.5 -2.19477 -11.0338
      vertex 49.5 -4 10.5028
    endloop
  endfacet
  facet normal 1 0 0
    outer loop
      vertex 49.5 -2.19477 -11.0338
      vertex 49.5 -4 -10.5028
      vertex 49.5 -3.2657 -10.7656
    endloop
  endfacet
  facet normal 0 1 0
    outer loop
      vertex 49.5 4 10.5028
      vertex 49.5 4 -10.5028
      vertex 46 4 10.5028
    endloop
  endfacet
  facet normal 0 1 -0
    outer loop
      vertex 46 4 10.5028
      vertex 26.0634 4 17
      vertex 46 4 17
    endloop
  endfacet
  facet normal 0 1 0
    outer loop
      vertex 46 4 -10.5028
      vertex 46 4 10.5028
      vertex 49.5 4 -10.5028
    endloop
  endfacet
  facet normal 0 1 0
    outer loop
      vertex 46 4 10.5028
      vertex 46 4 -10.5028
      vertex 26.0634 4 17
    endloop
  endfacet
  facet normal 0 1 0
    outer loop
      vertex 26.0634 4 -17
      vertex 46 4 -10.5028
      vertex 46 4 -17
    endloop
  endfacet
  facet normal 0 1 0
    outer loop
      vertex 46 4 -10.5028
      vertex 26.0634 4 -17
      vertex 26.0634 4 17
    endloop
  endfacet
  facet normal 0 -1 0
    outer loop
      vertex 26.0634 -4 17
      vertex 46 -4 10.5028
      vertex 46 -4 17
    endloop
  endfacet
  facet normal 0 -1 0
    outer loop
      vertex 46 -4 10.5028
      vertex 46 -4 -10.5028
      vertex 49.5 -4 10.5028
    endloop
  endfacet
  facet normal 0 -1 0
    outer loop
      vertex 26.0634 -4 17
      vertex 46 -4 -10.5028
      vertex 46 -4 10.5028
    endloop
  endfacet
  facet normal 0 -1 0
    outer loop
      vertex 26.0634 -4 -17
      vertex 46 -4 -10.5028
      vertex 26.0634 -4 17
    endloop
  endfacet
  facet normal 0 -1 -0
    outer loop
      vertex 46 -4 -10.5028
      vertex 26.0634 -4 -17
      vertex 46 -4 -17
    endloop
  endfacet
  facet normal 0 -1 -0
    outer loop
      vertex 49.5 -4 10.5028
      vertex 46 -4 -10.5028
      vertex 49.5 -4 -10.5028
    endloop
  endfacet
endsolid OpenSCAD_Model
