solid OpenSCAD_Model
  facet normal -0.98917 0.146776 6.26314e-19
    outer loop
      vertex -19.9535 1.96524 -15
      vertex -19.6647 3.91156 15
      vertex -19.6647 3.91156 -15
    endloop
  endfacet
  facet normal -0.98917 0.146776 6.26314e-19
    outer loop
      vertex -19.6647 3.91156 15
      vertex -19.9535 1.96524 -15
      vertex -19.9535 1.96524 15
    endloop
  endfacet
  facet normal -0.998797 0.0490443 -1.65842e-19
    outer loop
      vertex -20.05 0 -15
      vertex -19.9535 1.96524 15
      vertex -19.9535 1.96524 -15
    endloop
  endfacet
  facet normal -0.998797 0.0490443 -1.65842e-19
    outer loop
      vertex -19.9535 1.96524 15
      vertex -20.05 0 -15
      vertex -20.05 0 15
    endloop
  endfacet
  facet normal -0.970042 0.242936 -6.14703e-19
    outer loop
      vertex -19.6647 3.91156 -15
      vertex -19.1867 5.82021 15
      vertex -19.1867 5.82021 -15
    endloop
  endfacet
  facet normal -0.970042 0.242936 -6.14703e-19
    outer loop
      vertex -19.1867 5.82021 15
      vertex -19.6647 3.91156 -15
      vertex -19.6647 3.91156 15
    endloop
  endfacet
  facet normal -0.998797 -0.0490443 1.65842e-19
    outer loop
      vertex -19.9535 -1.96524 -15
      vertex -20.05 0 15
      vertex -20.05 0 -15
    endloop
  endfacet
  facet normal -0.998797 -0.0490443 1.65842e-19
    outer loop
      vertex -20.05 0 15
      vertex -19.9535 -1.96524 -15
      vertex -19.9535 -1.96524 15
    endloop
  endfacet
  facet normal -0.857744 -0.514077 -8.07226e-20
    outer loop
      vertex -16.671 -11.1392 -15
      vertex -17.6825 -9.4515 15
      vertex -17.6825 -9.4515 -15
    endloop
  endfacet
  facet normal -0.857744 -0.514077 -8.07226e-20
    outer loop
      vertex -17.6825 -9.4515 15
      vertex -16.671 -11.1392 -15
      vertex -16.671 -11.1392 15
    endloop
  endfacet
  facet normal -0.857744 0.514077 8.07226e-20
    outer loop
      vertex -17.6825 9.4515 -15
      vertex -16.671 11.1392 15
      vertex -16.671 11.1392 -15
    endloop
  endfacet
  facet normal -0.857744 0.514077 8.07226e-20
    outer loop
      vertex -16.671 11.1392 15
      vertex -17.6825 9.4515 -15
      vertex -17.6825 9.4515 15
    endloop
  endfacet
  facet normal 0 0 -1
    outer loop
      vertex 0 -33.05 -15
      vertex -1.27912 -12.9872 -15
      vertex 0 -13.05 -15
    endloop
  endfacet
  facet normal 0 0 -1
    outer loop
      vertex 0 -33.05 -15
      vertex -2.54593 -12.7992 -15
      vertex -1.27912 -12.9872 -15
    endloop
  endfacet
  facet normal 0 0 -1
    outer loop
      vertex -11.5 -16.4034 -15
      vertex -2.54593 -12.7992 -15
      vertex 0 -33.05 -15
    endloop
  endfacet
  facet normal -0 0 -1
    outer loop
      vertex -2.54593 -12.7992 -15
      vertex -11.5 -16.4034 -15
      vertex -3.78821 -12.4881 -15
    endloop
  endfacet
  facet normal -0 0 -1
    outer loop
      vertex -3.78821 -12.4881 -15
      vertex -11.5 -16.4034 -15
      vertex -4.99402 -12.0566 -15
    endloop
  endfacet
  facet normal -0 0 -1
    outer loop
      vertex -4.99402 -12.0566 -15
      vertex -11.5 -16.4034 -15
      vertex -6.15173 -11.5091 -15
    endloop
  endfacet
  facet normal -0 0 -1
    outer loop
      vertex -6.15173 -11.5091 -15
      vertex -11.5 -16.4034 -15
      vertex -7.25019 -10.8507 -15
    endloop
  endfacet
  facet normal -0 0 -1
    outer loop
      vertex -7.25019 -10.8507 -15
      vertex -11.5 -16.4034 -15
      vertex -8.27883 -10.0878 -15
    endloop
  endfacet
  facet normal 0 0 -1
    outer loop
      vertex -12.7196 -15.4989 -15
      vertex -8.27883 -10.0878 -15
      vertex -11.5 -16.4034 -15
    endloop
  endfacet
  facet normal -0 0 -1
    outer loop
      vertex -8.27883 -10.0878 -15
      vertex -12.7196 -15.4989 -15
      vertex -9.22774 -9.22774 -15
    endloop
  endfacet
  facet normal 0 0 -1
    outer loop
      vertex -11.5 -16.4034 -15
      vertex 0 -33.05 -15
      vertex -11.5 -33.05 -15
    endloop
  endfacet
  facet normal 0 0 -1
    outer loop
      vertex -14.1775 -14.1775 -15
      vertex -9.22774 -9.22774 -15
      vertex -12.7196 -15.4989 -15
    endloop
  endfacet
  facet normal -0 0 -1
    outer loop
      vertex -9.22774 -9.22774 -15
      vertex -14.1775 -14.1775 -15
      vertex -10.0878 -8.27883 -15
    endloop
  endfacet
  facet normal 0 0 -1
    outer loop
      vertex -15.4989 -12.7196 -15
      vertex -10.0878 -8.27883 -15
      vertex -14.1775 -14.1775 -15
    endloop
  endfacet
  facet normal -0 0 -1
    outer loop
      vertex -10.0878 -8.27883 -15
      vertex -15.4989 -12.7196 -15
      vertex -10.8507 -7.25019 -15
    endloop
  endfacet
  facet normal 0 0 -1
    outer loop
      vertex -16.671 -11.1392 -15
      vertex -10.8507 -7.25019 -15
      vertex -15.4989 -12.7196 -15
    endloop
  endfacet
  facet normal -0 0 -1
    outer loop
      vertex -10.8507 -7.25019 -15
      vertex -16.671 -11.1392 -15
      vertex -11.5091 -6.15173 -15
    endloop
  endfacet
  facet normal 0 0 -1
    outer loop
      vertex -17.6825 -9.4515 -15
      vertex -11.5091 -6.15173 -15
      vertex -16.671 -11.1392 -15
    endloop
  endfacet
  facet normal -0 0 -1
    outer loop
      vertex -11.5091 -6.15173 -15
      vertex -17.6825 -9.4515 -15
      vertex -12.0566 -4.99402 -15
    endloop
  endfacet
  facet normal 0 0 -1
    outer loop
      vertex -18.5238 -7.6728 -15
      vertex -12.0566 -4.99402 -15
      vertex -17.6825 -9.4515 -15
    endloop
  endfacet
  facet normal 0 0 -1
    outer loop
      vertex -16.671 11.1392 -15
      vertex -10.8507 7.25019 -15
      vertex -11.5091 6.15173 -15
    endloop
  endfacet
  facet normal 0 0 -1
    outer loop
      vertex -17.6825 9.4515 -15
      vertex -11.5091 6.15173 -15
      vertex -12.0566 4.99402 -15
    endloop
  endfacet
  facet normal 0 0 -1
    outer loop
      vertex -18.5238 7.6728 -15
      vertex -12.0566 4.99402 -15
      vertex -12.4881 3.78821 -15
    endloop
  endfacet
  facet normal 0 0 -1
    outer loop
      vertex -10.8507 7.25019 -15
      vertex -12.7196 15.4989 -15
      vertex -11.5 16.4034 -15
    endloop
  endfacet
  facet normal 0 0 -1
    outer loop
      vertex -19.1867 5.82021 -15
      vertex -12.4881 3.78821 -15
      vertex -12.7992 2.54593 -15
    endloop
  endfacet
  facet normal 0 0 -1
    outer loop
      vertex -19.6647 3.91156 -15
      vertex -12.7992 2.54593 -15
      vertex -12.9872 1.27912 -15
    endloop
  endfacet
  facet normal 0 0 -1
    outer loop
      vertex -19.9535 1.96524 -15
      vertex -12.9872 1.27912 -15
      vertex -13.05 0 -15
    endloop
  endfacet
  facet normal -0 0 -1
    outer loop
      vertex -12.0566 -4.99402 -15
      vertex -18.5238 -7.6728 -15
      vertex -12.4881 -3.78821 -15
    endloop
  endfacet
  facet normal 0 0 -1
    outer loop
      vertex -10.8507 7.25019 -15
      vertex -14.1775 14.1775 -15
      vertex -12.7196 15.4989 -15
    endloop
  endfacet
  facet normal 0 0 -1
    outer loop
      vertex -19.1867 -5.82021 -15
      vertex -12.4881 -3.78821 -15
      vertex -18.5238 -7.6728 -15
    endloop
  endfacet
  facet normal 0 0 -1
    outer loop
      vertex -10.8507 7.25019 -15
      vertex -15.4989 12.7196 -15
      vertex -14.1775 14.1775 -15
    endloop
  endfacet
  facet normal -0 0 -1
    outer loop
      vertex -12.4881 -3.78821 -15
      vertex -19.1867 -5.82021 -15
      vertex -12.7992 -2.54593 -15
    endloop
  endfacet
  facet normal 0 0 -1
    outer loop
      vertex -10.8507 7.25019 -15
      vertex -16.671 11.1392 -15
      vertex -15.4989 12.7196 -15
    endloop
  endfacet
  facet normal 0 0 -1
    outer loop
      vertex -19.6647 -3.91156 -15
      vertex -12.7992 -2.54593 -15
      vertex -19.1867 -5.82021 -15
    endloop
  endfacet
  facet normal 0 0 -1
    outer loop
      vertex -11.5091 6.15173 -15
      vertex -17.6825 9.4515 -15
      vertex -16.671 11.1392 -15
    endloop
  endfacet
  facet normal -0 0 -1
    outer loop
      vertex -12.7992 -2.54593 -15
      vertex -19.6647 -3.91156 -15
      vertex -12.9872 -1.27912 -15
    endloop
  endfacet
  facet normal 0 0 -1
    outer loop
      vertex -12.0566 4.99402 -15
      vertex -18.5238 7.6728 -15
      vertex -17.6825 9.4515 -15
    endloop
  endfacet
  facet normal 0 0 -1
    outer loop
      vertex -19.9535 -1.96524 -15
      vertex -12.9872 -1.27912 -15
      vertex -19.6647 -3.91156 -15
    endloop
  endfacet
  facet normal 0 0 -1
    outer loop
      vertex -12.4881 3.78821 -15
      vertex -19.1867 5.82021 -15
      vertex -18.5238 7.6728 -15
    endloop
  endfacet
  facet normal -0 0 -1
    outer loop
      vertex -12.9872 -1.27912 -15
      vertex -19.9535 -1.96524 -15
      vertex -13.05 0 -15
    endloop
  endfacet
  facet normal 0 0 -1
    outer loop
      vertex -12.7992 2.54593 -15
      vertex -19.6647 3.91156 -15
      vertex -19.1867 5.82021 -15
    endloop
  endfacet
  facet normal 0 0 -1
    outer loop
      vertex -20.05 0 -15
      vertex -13.05 0 -15
      vertex -19.9535 -1.96524 -15
    endloop
  endfacet
  facet normal 0 0 -1
    outer loop
      vertex -12.9872 1.27912 -15
      vertex -19.9535 1.96524 -15
      vertex -19.6647 3.91156 -15
    endloop
  endfacet
  facet normal 0 0 -1
    outer loop
      vertex -13.05 0 -15
      vertex -20.05 0 -15
      vertex -19.9535 1.96524 -15
    endloop
  endfacet
  facet normal 0 0 -1
    outer loop
      vertex -1.27912 12.9872 -15
      vertex 0 33.05 -15
      vertex 0 13.05 -15
    endloop
  endfacet
  facet normal 0 0 -1
    outer loop
      vertex -2.54593 12.7992 -15
      vertex 0 33.05 -15
      vertex -1.27912 12.9872 -15
    endloop
  endfacet
  facet normal 0 0 -1
    outer loop
      vertex -11.5 16.4034 -15
      vertex -2.54593 12.7992 -15
      vertex -3.78821 12.4881 -15
    endloop
  endfacet
  facet normal 0 0 -1
    outer loop
      vertex -11.5 16.4034 -15
      vertex -3.78821 12.4881 -15
      vertex -4.99402 12.0566 -15
    endloop
  endfacet
  facet normal 0 0 -1
    outer loop
      vertex -11.5 16.4034 -15
      vertex -4.99402 12.0566 -15
      vertex -6.15173 11.5091 -15
    endloop
  endfacet
  facet normal 0 0 -1
    outer loop
      vertex -11.5 16.4034 -15
      vertex -6.15173 11.5091 -15
      vertex -7.25019 10.8507 -15
    endloop
  endfacet
  facet normal 0 0 -1
    outer loop
      vertex -11.5 16.4034 -15
      vertex -7.25019 10.8507 -15
      vertex -8.27883 10.0878 -15
    endloop
  endfacet
  facet normal 0 0 -1
    outer loop
      vertex -11.5 16.4034 -15
      vertex -8.27883 10.0878 -15
      vertex -9.22774 9.22774 -15
    endloop
  endfacet
  facet normal 0 0 -1
    outer loop
      vertex -11.5 16.4034 -15
      vertex -9.22774 9.22774 -15
      vertex -10.0878 8.27883 -15
    endloop
  endfacet
  facet normal 0 0 -1
    outer loop
      vertex -11.5 16.4034 -15
      vertex -10.0878 8.27883 -15
      vertex -10.8507 7.25019 -15
    endloop
  endfacet
  facet normal 0 0 -1
    outer loop
      vertex -2.54593 12.7992 -15
      vertex -11.5 16.4034 -15
      vertex 0 33.05 -15
    endloop
  endfacet
  facet normal -0 0 -1
    outer loop
      vertex 0 33.05 -15
      vertex -11.5 16.4034 -15
      vertex -11.5 33.05 -15
    endloop
  endfacet
  facet normal -0.595692 0.803213 0
    outer loop
      vertex -11.5 16.4034 -15
      vertex -12.7196 15.4989 15
      vertex -11.5 16.4034 15
    endloop
  endfacet
  facet normal -0.595692 0.803213 0
    outer loop
      vertex -12.7196 15.4989 15
      vertex -11.5 16.4034 -15
      vertex -12.7196 15.4989 -15
    endloop
  endfacet
  facet normal -0.98917 -0.146776 -6.26314e-19
    outer loop
      vertex -19.6647 -3.91156 -15
      vertex -19.9535 -1.96524 15
      vertex -19.9535 -1.96524 -15
    endloop
  endfacet
  facet normal -0.98917 -0.146776 -6.26314e-19
    outer loop
      vertex -19.9535 -1.96524 15
      vertex -19.6647 -3.91156 -15
      vertex -19.6647 -3.91156 15
    endloop
  endfacet
  facet normal -0.970042 -0.242936 6.14703e-19
    outer loop
      vertex -19.1867 -5.82021 -15
      vertex -19.6647 -3.91156 15
      vertex -19.6647 -3.91156 -15
    endloop
  endfacet
  facet normal -0.970042 -0.242936 6.14703e-19
    outer loop
      vertex -19.6647 -3.91156 15
      vertex -19.1867 -5.82021 -15
      vertex -19.1867 -5.82021 15
    endloop
  endfacet
  facet normal -0.903982 0.427571 4.54504e-19
    outer loop
      vertex -18.5238 7.6728 -15
      vertex -17.6825 9.4515 15
      vertex -17.6825 9.4515 -15
    endloop
  endfacet
  facet normal -0.903982 0.427571 4.54504e-19
    outer loop
      vertex -17.6825 9.4515 15
      vertex -18.5238 7.6728 -15
      vertex -18.5238 7.6728 15
    endloop
  endfacet
  facet normal -0.803209 0.595698 -1.90816e-20
    outer loop
      vertex -16.671 11.1392 -15
      vertex -15.4989 12.7196 15
      vertex -15.4989 12.7196 -15
    endloop
  endfacet
  facet normal -0.803209 0.595698 -1.90816e-20
    outer loop
      vertex -15.4989 12.7196 15
      vertex -16.671 11.1392 -15
      vertex -16.671 11.1392 15
    endloop
  endfacet
  facet normal -0.941539 -0.336905 1.54896e-19
    outer loop
      vertex -18.5238 -7.6728 -15
      vertex -19.1867 -5.82021 15
      vertex -19.1867 -5.82021 -15
    endloop
  endfacet
  facet normal -0.941539 -0.336905 1.54896e-19
    outer loop
      vertex -19.1867 -5.82021 15
      vertex -18.5238 -7.6728 -15
      vertex -18.5238 -7.6728 15
    endloop
  endfacet
  facet normal -0.941539 0.336905 -1.54896e-19
    outer loop
      vertex -19.1867 5.82021 -15
      vertex -18.5238 7.6728 15
      vertex -18.5238 7.6728 -15
    endloop
  endfacet
  facet normal -0.941539 0.336905 -1.54896e-19
    outer loop
      vertex -18.5238 7.6728 15
      vertex -19.1867 5.82021 -15
      vertex -19.1867 5.82021 15
    endloop
  endfacet
  facet normal -0.803209 -0.595698 1.90816e-20
    outer loop
      vertex -15.4989 -12.7196 -15
      vertex -16.671 -11.1392 15
      vertex -16.671 -11.1392 -15
    endloop
  endfacet
  facet normal -0.803209 -0.595698 1.90816e-20
    outer loop
      vertex -16.671 -11.1392 15
      vertex -15.4989 -12.7196 -15
      vertex -15.4989 -12.7196 15
    endloop
  endfacet
  facet normal -0.740942 0.671569 -1.62704e-19
    outer loop
      vertex -15.4989 12.7196 -15
      vertex -14.1775 14.1775 15
      vertex -14.1775 14.1775 -15
    endloop
  endfacet
  facet normal -0.740942 0.671569 -1.62704e-19
    outer loop
      vertex -14.1775 14.1775 15
      vertex -15.4989 12.7196 -15
      vertex -15.4989 12.7196 15
    endloop
  endfacet
  facet normal -0.671569 -0.740942 0
    outer loop
      vertex -14.1775 -14.1775 -15
      vertex -12.7196 -15.4989 15
      vertex -14.1775 -14.1775 15
    endloop
  endfacet
  facet normal -0.671569 -0.740942 -0
    outer loop
      vertex -12.7196 -15.4989 15
      vertex -14.1775 -14.1775 -15
      vertex -12.7196 -15.4989 -15
    endloop
  endfacet
  facet normal -0.595692 -0.803213 0
    outer loop
      vertex -12.7196 -15.4989 -15
      vertex -11.5 -16.4034 15
      vertex -12.7196 -15.4989 15
    endloop
  endfacet
  facet normal -0.595692 -0.803213 -0
    outer loop
      vertex -11.5 -16.4034 15
      vertex -12.7196 -15.4989 -15
      vertex -11.5 -16.4034 -15
    endloop
  endfacet
  facet normal -0.671569 0.740942 0
    outer loop
      vertex -12.7196 15.4989 -15
      vertex -14.1775 14.1775 15
      vertex -12.7196 15.4989 15
    endloop
  endfacet
  facet normal -0.671569 0.740942 0
    outer loop
      vertex -14.1775 14.1775 15
      vertex -12.7196 15.4989 -15
      vertex -14.1775 14.1775 -15
    endloop
  endfacet
  facet normal -0.903982 -0.427571 -4.54504e-19
    outer loop
      vertex -17.6825 -9.4515 -15
      vertex -18.5238 -7.6728 15
      vertex -18.5238 -7.6728 -15
    endloop
  endfacet
  facet normal -0.903982 -0.427571 -4.54504e-19
    outer loop
      vertex -18.5238 -7.6728 15
      vertex -17.6825 -9.4515 -15
      vertex -17.6825 -9.4515 15
    endloop
  endfacet
  facet normal -0.740942 -0.671569 1.62704e-19
    outer loop
      vertex -14.1775 -14.1775 -15
      vertex -15.4989 -12.7196 15
      vertex -15.4989 -12.7196 -15
    endloop
  endfacet
  facet normal -0.740942 -0.671569 1.62704e-19
    outer loop
      vertex -15.4989 -12.7196 15
      vertex -14.1775 -14.1775 -15
      vertex -14.1775 -14.1775 15
    endloop
  endfacet
  facet normal 0 0 1
    outer loop
      vertex 0 33.05 15
      vertex -1.27912 12.9872 15
      vertex 0 13.05 15
    endloop
  endfacet
  facet normal 0 0 1
    outer loop
      vertex 0 33.05 15
      vertex -2.54593 12.7992 15
      vertex -1.27912 12.9872 15
    endloop
  endfacet
  facet normal -0 0 1
    outer loop
      vertex -11.5 16.4034 15
      vertex -2.54593 12.7992 15
      vertex 0 33.05 15
    endloop
  endfacet
  facet normal 0 0 1
    outer loop
      vertex -2.54593 12.7992 15
      vertex -11.5 16.4034 15
      vertex -3.78821 12.4881 15
    endloop
  endfacet
  facet normal 0 0 1
    outer loop
      vertex -3.78821 12.4881 15
      vertex -11.5 16.4034 15
      vertex -4.99402 12.0566 15
    endloop
  endfacet
  facet normal 0 0 1
    outer loop
      vertex -4.99402 12.0566 15
      vertex -11.5 16.4034 15
      vertex -6.15173 11.5091 15
    endloop
  endfacet
  facet normal 0 0 1
    outer loop
      vertex -6.15173 11.5091 15
      vertex -11.5 16.4034 15
      vertex -7.25019 10.8507 15
    endloop
  endfacet
  facet normal 0 0 1
    outer loop
      vertex -7.25019 10.8507 15
      vertex -11.5 16.4034 15
      vertex -8.27883 10.0878 15
    endloop
  endfacet
  facet normal -0 0 1
    outer loop
      vertex -12.7196 15.4989 15
      vertex -8.27883 10.0878 15
      vertex -11.5 16.4034 15
    endloop
  endfacet
  facet normal 0 0 1
    outer loop
      vertex -8.27883 10.0878 15
      vertex -12.7196 15.4989 15
      vertex -9.22774 9.22774 15
    endloop
  endfacet
  facet normal 0 0 1
    outer loop
      vertex -11.5 16.4034 15
      vertex 0 33.05 15
      vertex -11.5 33.05 15
    endloop
  endfacet
  facet normal -0 0 1
    outer loop
      vertex -14.1775 14.1775 15
      vertex -9.22774 9.22774 15
      vertex -12.7196 15.4989 15
    endloop
  endfacet
  facet normal 0 0 1
    outer loop
      vertex -9.22774 9.22774 15
      vertex -14.1775 14.1775 15
      vertex -10.0878 8.27883 15
    endloop
  endfacet
  facet normal -0 0 1
    outer loop
      vertex -15.4989 12.7196 15
      vertex -10.0878 8.27883 15
      vertex -14.1775 14.1775 15
    endloop
  endfacet
  facet normal 0 0 1
    outer loop
      vertex -10.0878 8.27883 15
      vertex -15.4989 12.7196 15
      vertex -10.8507 7.25019 15
    endloop
  endfacet
  facet normal -0 0 1
    outer loop
      vertex -16.671 11.1392 15
      vertex -10.8507 7.25019 15
      vertex -15.4989 12.7196 15
    endloop
  endfacet
  facet normal 0 0 1
    outer loop
      vertex -10.8507 7.25019 15
      vertex -16.671 11.1392 15
      vertex -11.5091 6.15173 15
    endloop
  endfacet
  facet normal -0 0 1
    outer loop
      vertex -17.6825 9.4515 15
      vertex -11.5091 6.15173 15
      vertex -16.671 11.1392 15
    endloop
  endfacet
  facet normal 0 0 1
    outer loop
      vertex -11.5091 6.15173 15
      vertex -17.6825 9.4515 15
      vertex -12.0566 4.99402 15
    endloop
  endfacet
  facet normal -0 0 1
    outer loop
      vertex -18.5238 7.6728 15
      vertex -12.0566 4.99402 15
      vertex -17.6825 9.4515 15
    endloop
  endfacet
  facet normal 0 0 1
    outer loop
      vertex -16.671 -11.1392 15
      vertex -10.8507 -7.25019 15
      vertex -11.5091 -6.15173 15
    endloop
  endfacet
  facet normal 0 0 1
    outer loop
      vertex -17.6825 -9.4515 15
      vertex -11.5091 -6.15173 15
      vertex -12.0566 -4.99402 15
    endloop
  endfacet
  facet normal 0 0 1
    outer loop
      vertex -18.5238 -7.6728 15
      vertex -12.0566 -4.99402 15
      vertex -12.4881 -3.78821 15
    endloop
  endfacet
  facet normal 0 0 1
    outer loop
      vertex -10.8507 -7.25019 15
      vertex -12.7196 -15.4989 15
      vertex -11.5 -16.4034 15
    endloop
  endfacet
  facet normal 0 0 1
    outer loop
      vertex -19.1867 -5.82021 15
      vertex -12.4881 -3.78821 15
      vertex -12.7992 -2.54593 15
    endloop
  endfacet
  facet normal 0 0 1
    outer loop
      vertex -19.6647 -3.91156 15
      vertex -12.7992 -2.54593 15
      vertex -12.9872 -1.27912 15
    endloop
  endfacet
  facet normal 0 0 1
    outer loop
      vertex -19.9535 -1.96524 15
      vertex -12.9872 -1.27912 15
      vertex -13.05 0 15
    endloop
  endfacet
  facet normal 0 0 1
    outer loop
      vertex -12.0566 4.99402 15
      vertex -18.5238 7.6728 15
      vertex -12.4881 3.78821 15
    endloop
  endfacet
  facet normal 0 0 1
    outer loop
      vertex -10.8507 -7.25019 15
      vertex -14.1775 -14.1775 15
      vertex -12.7196 -15.4989 15
    endloop
  endfacet
  facet normal -0 0 1
    outer loop
      vertex -19.1867 5.82021 15
      vertex -12.4881 3.78821 15
      vertex -18.5238 7.6728 15
    endloop
  endfacet
  facet normal 0 0 1
    outer loop
      vertex -10.8507 -7.25019 15
      vertex -15.4989 -12.7196 15
      vertex -14.1775 -14.1775 15
    endloop
  endfacet
  facet normal 0 0 1
    outer loop
      vertex -12.4881 3.78821 15
      vertex -19.1867 5.82021 15
      vertex -12.7992 2.54593 15
    endloop
  endfacet
  facet normal 0 0 1
    outer loop
      vertex -10.8507 -7.25019 15
      vertex -16.671 -11.1392 15
      vertex -15.4989 -12.7196 15
    endloop
  endfacet
  facet normal -0 0 1
    outer loop
      vertex -19.6647 3.91156 15
      vertex -12.7992 2.54593 15
      vertex -19.1867 5.82021 15
    endloop
  endfacet
  facet normal 0 0 1
    outer loop
      vertex -11.5091 -6.15173 15
      vertex -17.6825 -9.4515 15
      vertex -16.671 -11.1392 15
    endloop
  endfacet
  facet normal 0 0 1
    outer loop
      vertex -12.7992 2.54593 15
      vertex -19.6647 3.91156 15
      vertex -12.9872 1.27912 15
    endloop
  endfacet
  facet normal 0 0 1
    outer loop
      vertex -12.0566 -4.99402 15
      vertex -18.5238 -7.6728 15
      vertex -17.6825 -9.4515 15
    endloop
  endfacet
  facet normal -0 0 1
    outer loop
      vertex -19.9535 1.96524 15
      vertex -12.9872 1.27912 15
      vertex -19.6647 3.91156 15
    endloop
  endfacet
  facet normal 0 0 1
    outer loop
      vertex -12.4881 -3.78821 15
      vertex -19.1867 -5.82021 15
      vertex -18.5238 -7.6728 15
    endloop
  endfacet
  facet normal 0 0 1
    outer loop
      vertex -12.9872 1.27912 15
      vertex -19.9535 1.96524 15
      vertex -13.05 0 15
    endloop
  endfacet
  facet normal 0 0 1
    outer loop
      vertex -12.7992 -2.54593 15
      vertex -19.6647 -3.91156 15
      vertex -19.1867 -5.82021 15
    endloop
  endfacet
  facet normal 0 0 1
    outer loop
      vertex -20.05 0 15
      vertex -13.05 0 15
      vertex -19.9535 1.96524 15
    endloop
  endfacet
  facet normal 0 0 1
    outer loop
      vertex -12.9872 -1.27912 15
      vertex -19.9535 -1.96524 15
      vertex -19.6647 -3.91156 15
    endloop
  endfacet
  facet normal 0 0 1
    outer loop
      vertex -13.05 0 15
      vertex -20.05 0 15
      vertex -19.9535 -1.96524 15
    endloop
  endfacet
  facet normal 0 0 1
    outer loop
      vertex -1.27912 -12.9872 15
      vertex 0 -33.05 15
      vertex 0 -13.05 15
    endloop
  endfacet
  facet normal 0 0 1
    outer loop
      vertex -2.54593 -12.7992 15
      vertex 0 -33.05 15
      vertex -1.27912 -12.9872 15
    endloop
  endfacet
  facet normal 0 0 1
    outer loop
      vertex -11.5 -16.4034 15
      vertex -2.54593 -12.7992 15
      vertex -3.78821 -12.4881 15
    endloop
  endfacet
  facet normal 0 0 1
    outer loop
      vertex -11.5 -16.4034 15
      vertex -3.78821 -12.4881 15
      vertex -4.99402 -12.0566 15
    endloop
  endfacet
  facet normal 0 0 1
    outer loop
      vertex -11.5 -16.4034 15
      vertex -4.99402 -12.0566 15
      vertex -6.15173 -11.5091 15
    endloop
  endfacet
  facet normal 0 0 1
    outer loop
      vertex -11.5 -16.4034 15
      vertex -6.15173 -11.5091 15
      vertex -7.25019 -10.8507 15
    endloop
  endfacet
  facet normal 0 0 1
    outer loop
      vertex -11.5 -16.4034 15
      vertex -7.25019 -10.8507 15
      vertex -8.27883 -10.0878 15
    endloop
  endfacet
  facet normal 0 0 1
    outer loop
      vertex -11.5 -16.4034 15
      vertex -8.27883 -10.0878 15
      vertex -9.22774 -9.22774 15
    endloop
  endfacet
  facet normal 0 0 1
    outer loop
      vertex -11.5 -16.4034 15
      vertex -9.22774 -9.22774 15
      vertex -10.0878 -8.27883 15
    endloop
  endfacet
  facet normal 0 0 1
    outer loop
      vertex -11.5 -16.4034 15
      vertex -10.0878 -8.27883 15
      vertex -10.8507 -7.25019 15
    endloop
  endfacet
  facet normal 0 0 1
    outer loop
      vertex -2.54593 -12.7992 15
      vertex -11.5 -16.4034 15
      vertex 0 -33.05 15
    endloop
  endfacet
  facet normal 0 0 1
    outer loop
      vertex 0 -33.05 15
      vertex -11.5 -16.4034 15
      vertex -11.5 -33.05 15
    endloop
  endfacet
  facet normal 0.989167 -0.146797 1.31659e-19
    outer loop
      vertex -12.9872 1.27912 15
      vertex -12.7992 2.54593 -15
      vertex -12.7992 2.54593 15
    endloop
  endfacet
  facet normal 0.989167 -0.146797 1.31659e-19
    outer loop
      vertex -12.7992 2.54593 -15
      vertex -12.9872 1.27912 15
      vertex -12.9872 1.27912 -15
    endloop
  endfacet
  facet normal 0.998797 -0.0490372 -1.44677e-19
    outer loop
      vertex -13.05 0 15
      vertex -12.9872 1.27912 -15
      vertex -12.9872 1.27912 15
    endloop
  endfacet
  facet normal 0.998797 -0.0490372 -1.44677e-19
    outer loop
      vertex -12.9872 1.27912 -15
      vertex -13.05 0 15
      vertex -13.05 0 -15
    endloop
  endfacet
  facet normal 0.970045 -0.242925 3.94852e-19
    outer loop
      vertex -12.7992 2.54593 15
      vertex -12.4881 3.78821 -15
      vertex -12.4881 3.78821 15
    endloop
  endfacet
  facet normal 0.970045 -0.242925 3.94852e-19
    outer loop
      vertex -12.4881 3.78821 -15
      vertex -12.7992 2.54593 15
      vertex -12.7992 2.54593 -15
    endloop
  endfacet
  facet normal 0.904006 0.427519 -5.56349e-19
    outer loop
      vertex -11.5091 -6.15173 15
      vertex -12.0566 -4.99402 -15
      vertex -12.0566 -4.99402 15
    endloop
  endfacet
  facet normal 0.904006 0.427519 -5.56349e-19
    outer loop
      vertex -12.0566 -4.99402 -15
      vertex -11.5091 -6.15173 15
      vertex -11.5091 -6.15173 -15
    endloop
  endfacet
  facet normal 0.989167 0.146797 -1.31659e-19
    outer loop
      vertex -12.7992 -2.54593 15
      vertex -12.9872 -1.27912 -15
      vertex -12.9872 -1.27912 15
    endloop
  endfacet
  facet normal 0.989167 0.146797 -1.31659e-19
    outer loop
      vertex -12.9872 -1.27912 -15
      vertex -12.7992 -2.54593 15
      vertex -12.7992 -2.54593 -15
    endloop
  endfacet
  facet normal 0.970045 0.242925 -3.94852e-19
    outer loop
      vertex -12.4881 -3.78821 15
      vertex -12.7992 -2.54593 -15
      vertex -12.7992 -2.54593 15
    endloop
  endfacet
  facet normal 0.970045 0.242925 -3.94852e-19
    outer loop
      vertex -12.7992 -2.54593 -15
      vertex -12.4881 -3.78821 15
      vertex -12.4881 -3.78821 -15
    endloop
  endfacet
  facet normal 0.998797 0.0490372 1.44677e-19
    outer loop
      vertex -12.9872 -1.27912 15
      vertex -13.05 0 -15
      vertex -13.05 0 15
    endloop
  endfacet
  facet normal 0.998797 0.0490372 1.44677e-19
    outer loop
      vertex -13.05 0 -15
      vertex -12.9872 -1.27912 15
      vertex -12.9872 -1.27912 -15
    endloop
  endfacet
  facet normal 0.941531 -0.336927 -3.91544e-19
    outer loop
      vertex -12.4881 3.78821 15
      vertex -12.0566 4.99402 -15
      vertex -12.0566 4.99402 15
    endloop
  endfacet
  facet normal 0.941531 -0.336927 -3.91544e-19
    outer loop
      vertex -12.0566 4.99402 -15
      vertex -12.4881 3.78821 15
      vertex -12.4881 3.78821 -15
    endloop
  endfacet
  facet normal 0.941531 0.336927 3.91544e-19
    outer loop
      vertex -12.0566 -4.99402 15
      vertex -12.4881 -3.78821 -15
      vertex -12.4881 -3.78821 15
    endloop
  endfacet
  facet normal 0.941531 0.336927 3.91544e-19
    outer loop
      vertex -12.4881 -3.78821 -15
      vertex -12.0566 -4.99402 15
      vertex -12.0566 -4.99402 -15
    endloop
  endfacet
  facet normal 0.904006 -0.427519 5.56349e-19
    outer loop
      vertex -12.0566 4.99402 15
      vertex -11.5091 6.15173 -15
      vertex -11.5091 6.15173 15
    endloop
  endfacet
  facet normal 0.904006 -0.427519 5.56349e-19
    outer loop
      vertex -11.5091 6.15173 -15
      vertex -12.0566 4.99402 15
      vertex -12.0566 4.99402 -15
    endloop
  endfacet
  facet normal 0.857726 -0.514108 1.16254e-18
    outer loop
      vertex -11.5091 6.15173 15
      vertex -10.8507 7.25019 -15
      vertex -10.8507 7.25019 15
    endloop
  endfacet
  facet normal 0.857726 -0.514108 1.16254e-18
    outer loop
      vertex -10.8507 7.25019 -15
      vertex -11.5091 6.15173 15
      vertex -11.5091 6.15173 -15
    endloop
  endfacet
  facet normal 0.857726 0.514108 -1.16254e-18
    outer loop
      vertex -10.8507 -7.25019 15
      vertex -11.5091 -6.15173 -15
      vertex -11.5091 -6.15173 15
    endloop
  endfacet
  facet normal 0.857726 0.514108 -1.16254e-18
    outer loop
      vertex -11.5091 -6.15173 -15
      vertex -10.8507 -7.25019 15
      vertex -10.8507 -7.25019 -15
    endloop
  endfacet
  facet normal 1 0 0
    outer loop
      vertex 0 -13.05 15
      vertex 0 -23.8 0
      vertex 0 -13.05 -15
    endloop
  endfacet
  facet normal 1 0 0
    outer loop
      vertex 0 -13.05 15
      vertex 0 -23.8132 0.269547
      vertex 0 -23.8 0
    endloop
  endfacet
  facet normal 1 0 0
    outer loop
      vertex 0 -13.05 15
      vertex 0 -23.8528 0.536498
      vertex 0 -23.8132 0.269547
    endloop
  endfacet
  facet normal 1 0 0
    outer loop
      vertex 0 -13.05 15
      vertex 0 -23.9184 0.798283
      vertex 0 -23.8528 0.536498
    endloop
  endfacet
  facet normal 1 0 0
    outer loop
      vertex 0 -13.05 15
      vertex 0 -24.0093 1.05238
      vertex 0 -23.9184 0.798283
    endloop
  endfacet
  facet normal 1 0 0
    outer loop
      vertex 0 -13.05 15
      vertex 0 -24.1247 1.29634
      vertex 0 -24.0093 1.05238
    endloop
  endfacet
  facet normal 1 0 0
    outer loop
      vertex 0 -13.05 15
      vertex 0 -24.2635 1.52782
      vertex 0 -24.1247 1.29634
    endloop
  endfacet
  facet normal 1 0 0
    outer loop
      vertex 0 -13.05 15
      vertex 0 -24.4242 1.74458
      vertex 0 -24.2635 1.52782
    endloop
  endfacet
  facet normal 1 0 0
    outer loop
      vertex 0 -13.05 15
      vertex 0 -24.6055 1.94454
      vertex 0 -24.4242 1.74458
    endloop
  endfacet
  facet normal 1 0 0
    outer loop
      vertex 0 -13.05 15
      vertex 0 -24.8054 2.12578
      vertex 0 -24.6055 1.94454
    endloop
  endfacet
  facet normal 1 0 0
    outer loop
      vertex 0 -13.05 15
      vertex 0 -25.0222 2.28654
      vertex 0 -24.8054 2.12578
    endloop
  endfacet
  facet normal 1 0 0
    outer loop
      vertex 0 -13.05 15
      vertex 0 -25.2537 2.42528
      vertex 0 -25.0222 2.28654
    endloop
  endfacet
  facet normal 1 0 0
    outer loop
      vertex 0 -13.05 15
      vertex 0 -25.4976 2.54067
      vertex 0 -25.2537 2.42528
    endloop
  endfacet
  facet normal 1 0 0
    outer loop
      vertex 0 -13.05 15
      vertex 0 -25.7517 2.63159
      vertex 0 -25.4976 2.54067
    endloop
  endfacet
  facet normal 1 -0 0
    outer loop
      vertex 0 -33.05 15
      vertex 0 -25.7517 2.63159
      vertex 0 -13.05 15
    endloop
  endfacet
  facet normal 1 0 0
    outer loop
      vertex 0 -25.7517 2.63159
      vertex 0 -33.05 15
      vertex 0 -26.0135 2.69716
    endloop
  endfacet
  facet normal 1 0 0
    outer loop
      vertex 0 -26.0135 2.69716
      vertex 0 -33.05 15
      vertex 0 -26.2805 2.73676
    endloop
  endfacet
  facet normal 1 0 0
    outer loop
      vertex 0 -26.2805 2.73676
      vertex 0 -33.05 15
      vertex 0 -26.55 2.75
    endloop
  endfacet
  facet normal 1 0 0
    outer loop
      vertex 0 -26.55 2.75
      vertex 0 -33.05 15
      vertex 0 -26.8195 2.73676
    endloop
  endfacet
  facet normal 1 0 0
    outer loop
      vertex 0 -26.8195 2.73676
      vertex 0 -33.05 15
      vertex 0 -27.0865 2.69716
    endloop
  endfacet
  facet normal 1 0 0
    outer loop
      vertex 0 -27.0865 2.69716
      vertex 0 -33.05 15
      vertex 0 -27.3483 2.63159
    endloop
  endfacet
  facet normal 1 0 0
    outer loop
      vertex 0 -27.3483 2.63159
      vertex 0 -33.05 15
      vertex 0 -27.6024 2.54067
    endloop
  endfacet
  facet normal 1 0 0
    outer loop
      vertex 0 -27.6024 2.54067
      vertex 0 -33.05 15
      vertex 0 -27.8463 2.42528
    endloop
  endfacet
  facet normal 1 0 0
    outer loop
      vertex 0 -27.8463 2.42528
      vertex 0 -33.05 15
      vertex 0 -28.0778 2.28654
    endloop
  endfacet
  facet normal 1 0 0
    outer loop
      vertex 0 -29.2868 0.269547
      vertex 0 -33.05 15
      vertex 0 -29.3 0
    endloop
  endfacet
  facet normal 1 0 0
    outer loop
      vertex 0 -29.2472 0.536498
      vertex 0 -33.05 15
      vertex 0 -29.2868 0.269547
    endloop
  endfacet
  facet normal 1 0 0
    outer loop
      vertex 0 -29.1816 0.798283
      vertex 0 -33.05 15
      vertex 0 -29.2472 0.536498
    endloop
  endfacet
  facet normal 1 0 0
    outer loop
      vertex 0 -29.0907 1.05238
      vertex 0 -33.05 15
      vertex 0 -29.1816 0.798283
    endloop
  endfacet
  facet normal 1 0 0
    outer loop
      vertex 0 -28.9753 1.29634
      vertex 0 -33.05 15
      vertex 0 -29.0907 1.05238
    endloop
  endfacet
  facet normal 1 0 0
    outer loop
      vertex 0 -28.8365 1.52782
      vertex 0 -33.05 15
      vertex 0 -28.9753 1.29634
    endloop
  endfacet
  facet normal 1 0 0
    outer loop
      vertex 0 -28.6758 1.74458
      vertex 0 -33.05 15
      vertex 0 -28.8365 1.52782
    endloop
  endfacet
  facet normal 1 0 0
    outer loop
      vertex 0 -28.4945 1.94454
      vertex 0 -33.05 15
      vertex 0 -28.6758 1.74458
    endloop
  endfacet
  facet normal 1 0 0
    outer loop
      vertex 0 -28.2946 2.12578
      vertex 0 -33.05 15
      vertex 0 -28.4945 1.94454
    endloop
  endfacet
  facet normal 1 0 0
    outer loop
      vertex 0 -28.0778 2.28654
      vertex 0 -33.05 15
      vertex 0 -28.2946 2.12578
    endloop
  endfacet
  facet normal 1 -0 0
    outer loop
      vertex 0 -23.8132 -0.269547
      vertex 0 -13.05 -15
      vertex 0 -23.8 0
    endloop
  endfacet
  facet normal 1 -0 0
    outer loop
      vertex 0 -23.8528 -0.536498
      vertex 0 -13.05 -15
      vertex 0 -23.8132 -0.269547
    endloop
  endfacet
  facet normal 1 -0 0
    outer loop
      vertex 0 -23.9184 -0.798283
      vertex 0 -13.05 -15
      vertex 0 -23.8528 -0.536498
    endloop
  endfacet
  facet normal 1 -0 0
    outer loop
      vertex 0 -24.0093 -1.05238
      vertex 0 -13.05 -15
      vertex 0 -23.9184 -0.798283
    endloop
  endfacet
  facet normal 1 -0 0
    outer loop
      vertex 0 -24.1247 -1.29634
      vertex 0 -13.05 -15
      vertex 0 -24.0093 -1.05238
    endloop
  endfacet
  facet normal 1 -0 0
    outer loop
      vertex 0 -24.2635 -1.52782
      vertex 0 -13.05 -15
      vertex 0 -24.1247 -1.29634
    endloop
  endfacet
  facet normal 1 -0 0
    outer loop
      vertex 0 -24.4242 -1.74458
      vertex 0 -13.05 -15
      vertex 0 -24.2635 -1.52782
    endloop
  endfacet
  facet normal 1 -0 0
    outer loop
      vertex 0 -24.6055 -1.94454
      vertex 0 -13.05 -15
      vertex 0 -24.4242 -1.74458
    endloop
  endfacet
  facet normal 1 -0 0
    outer loop
      vertex 0 -24.8054 -2.12578
      vertex 0 -13.05 -15
      vertex 0 -24.6055 -1.94454
    endloop
  endfacet
  facet normal 1 -0 0
    outer loop
      vertex 0 -25.0222 -2.28654
      vertex 0 -13.05 -15
      vertex 0 -24.8054 -2.12578
    endloop
  endfacet
  facet normal 1 -0 0
    outer loop
      vertex 0 -25.2537 -2.42528
      vertex 0 -13.05 -15
      vertex 0 -25.0222 -2.28654
    endloop
  endfacet
  facet normal 1 -0 0
    outer loop
      vertex 0 -25.4976 -2.54067
      vertex 0 -13.05 -15
      vertex 0 -25.2537 -2.42528
    endloop
  endfacet
  facet normal 1 -0 0
    outer loop
      vertex 0 -25.7517 -2.63159
      vertex 0 -13.05 -15
      vertex 0 -25.4976 -2.54067
    endloop
  endfacet
  facet normal 1 0 0
    outer loop
      vertex 0 -33.05 -15
      vertex 0 -25.7517 -2.63159
      vertex 0 -26.0135 -2.69716
    endloop
  endfacet
  facet normal 1 0 0
    outer loop
      vertex 0 -33.05 -15
      vertex 0 -26.0135 -2.69716
      vertex 0 -26.2805 -2.73676
    endloop
  endfacet
  facet normal 1 0 0
    outer loop
      vertex 0 -33.05 -15
      vertex 0 -26.2805 -2.73676
      vertex 0 -26.55 -2.75
    endloop
  endfacet
  facet normal 1 0 0
    outer loop
      vertex 0 -33.05 -15
      vertex 0 -26.55 -2.75
      vertex 0 -26.8195 -2.73676
    endloop
  endfacet
  facet normal 1 0 0
    outer loop
      vertex 0 -33.05 -15
      vertex 0 -26.8195 -2.73676
      vertex 0 -27.0865 -2.69716
    endloop
  endfacet
  facet normal 1 0 0
    outer loop
      vertex 0 -33.05 -15
      vertex 0 -27.0865 -2.69716
      vertex 0 -27.3483 -2.63159
    endloop
  endfacet
  facet normal 1 0 0
    outer loop
      vertex 0 -33.05 -15
      vertex 0 -27.3483 -2.63159
      vertex 0 -27.6024 -2.54067
    endloop
  endfacet
  facet normal 1 0 0
    outer loop
      vertex 0 -33.05 -15
      vertex 0 -27.6024 -2.54067
      vertex 0 -27.8463 -2.42528
    endloop
  endfacet
  facet normal 1 0 0
    outer loop
      vertex 0 -33.05 -15
      vertex 0 -27.8463 -2.42528
      vertex 0 -28.0778 -2.28654
    endloop
  endfacet
  facet normal 1 0 0
    outer loop
      vertex 0 -33.05 -15
      vertex 0 -28.0778 -2.28654
      vertex 0 -28.2946 -2.12578
    endloop
  endfacet
  facet normal 1 0 0
    outer loop
      vertex 0 -33.05 -15
      vertex 0 -29.3 0
      vertex 0 -33.05 15
    endloop
  endfacet
  facet normal 1 0 0
    outer loop
      vertex 0 -29.3 0
      vertex 0 -33.05 -15
      vertex 0 -29.2868 -0.269547
    endloop
  endfacet
  facet normal 1 0 0
    outer loop
      vertex 0 -25.7517 -2.63159
      vertex 0 -33.05 -15
      vertex 0 -13.05 -15
    endloop
  endfacet
  facet normal 1 0 0
    outer loop
      vertex 0 -28.4945 -1.94454
      vertex 0 -33.05 -15
      vertex 0 -28.2946 -2.12578
    endloop
  endfacet
  facet normal 1 0 0
    outer loop
      vertex 0 -28.6758 -1.74458
      vertex 0 -33.05 -15
      vertex 0 -28.4945 -1.94454
    endloop
  endfacet
  facet normal 1 0 0
    outer loop
      vertex 0 -28.8365 -1.52782
      vertex 0 -33.05 -15
      vertex 0 -28.6758 -1.74458
    endloop
  endfacet
  facet normal 1 0 0
    outer loop
      vertex 0 -28.9753 -1.29634
      vertex 0 -33.05 -15
      vertex 0 -28.8365 -1.52782
    endloop
  endfacet
  facet normal 1 0 0
    outer loop
      vertex 0 -29.0907 -1.05238
      vertex 0 -33.05 -15
      vertex 0 -28.9753 -1.29634
    endloop
  endfacet
  facet normal 1 0 0
    outer loop
      vertex 0 -29.1816 -0.798283
      vertex 0 -33.05 -15
      vertex 0 -29.0907 -1.05238
    endloop
  endfacet
  facet normal 1 0 0
    outer loop
      vertex 0 -29.2472 -0.536498
      vertex 0 -33.05 -15
      vertex 0 -29.1816 -0.798283
    endloop
  endfacet
  facet normal 1 0 0
    outer loop
      vertex 0 -29.2868 -0.269547
      vertex 0 -33.05 -15
      vertex 0 -29.2472 -0.536498
    endloop
  endfacet
  facet normal 1 0 0
    outer loop
      vertex 0 33.05 15
      vertex 0 29.3 0
      vertex 0 33.05 -15
    endloop
  endfacet
  facet normal 1 0 0
    outer loop
      vertex 0 33.05 15
      vertex 0 29.2868 0.269547
      vertex 0 29.3 0
    endloop
  endfacet
  facet normal 1 0 0
    outer loop
      vertex 0 33.05 15
      vertex 0 29.2472 0.536498
      vertex 0 29.2868 0.269547
    endloop
  endfacet
  facet normal 1 0 0
    outer loop
      vertex 0 33.05 15
      vertex 0 29.1816 0.798283
      vertex 0 29.2472 0.536498
    endloop
  endfacet
  facet normal 1 0 0
    outer loop
      vertex 0 33.05 15
      vertex 0 29.0907 1.05238
      vertex 0 29.1816 0.798283
    endloop
  endfacet
  facet normal 1 0 0
    outer loop
      vertex 0 33.05 15
      vertex 0 28.9753 1.29634
      vertex 0 29.0907 1.05238
    endloop
  endfacet
  facet normal 1 0 0
    outer loop
      vertex 0 33.05 15
      vertex 0 28.8365 1.52782
      vertex 0 28.9753 1.29634
    endloop
  endfacet
  facet normal 1 0 0
    outer loop
      vertex 0 33.05 15
      vertex 0 28.6758 1.74458
      vertex 0 28.8365 1.52782
    endloop
  endfacet
  facet normal 1 0 0
    outer loop
      vertex 0 33.05 15
      vertex 0 28.4945 1.94454
      vertex 0 28.6758 1.74458
    endloop
  endfacet
  facet normal 1 0 0
    outer loop
      vertex 0 33.05 15
      vertex 0 28.2946 2.12578
      vertex 0 28.4945 1.94454
    endloop
  endfacet
  facet normal 1 0 0
    outer loop
      vertex 0 33.05 15
      vertex 0 28.0778 2.28654
      vertex 0 28.2946 2.12578
    endloop
  endfacet
  facet normal 1 0 0
    outer loop
      vertex 0 33.05 15
      vertex 0 27.8463 2.42528
      vertex 0 28.0778 2.28654
    endloop
  endfacet
  facet normal 1 0 0
    outer loop
      vertex 0 33.05 15
      vertex 0 27.6024 2.54067
      vertex 0 27.8463 2.42528
    endloop
  endfacet
  facet normal 1 0 0
    outer loop
      vertex 0 33.05 15
      vertex 0 27.3483 2.63159
      vertex 0 27.6024 2.54067
    endloop
  endfacet
  facet normal 1 0 0
    outer loop
      vertex 0 33.05 15
      vertex 0 27.0865 2.69716
      vertex 0 27.3483 2.63159
    endloop
  endfacet
  facet normal 1 0 0
    outer loop
      vertex 0 33.05 15
      vertex 0 26.8195 2.73676
      vertex 0 27.0865 2.69716
    endloop
  endfacet
  facet normal 1 0 0
    outer loop
      vertex 0 33.05 15
      vertex 0 26.55 2.75
      vertex 0 26.8195 2.73676
    endloop
  endfacet
  facet normal 1 0 0
    outer loop
      vertex 0 33.05 15
      vertex 0 26.2805 2.73676
      vertex 0 26.55 2.75
    endloop
  endfacet
  facet normal 1 0 0
    outer loop
      vertex 0 33.05 15
      vertex 0 26.0135 2.69716
      vertex 0 26.2805 2.73676
    endloop
  endfacet
  facet normal 1 0 0
    outer loop
      vertex 0 33.05 15
      vertex 0 25.7517 2.63159
      vertex 0 26.0135 2.69716
    endloop
  endfacet
  facet normal 1 -0 0
    outer loop
      vertex 0 13.05 15
      vertex 0 25.7517 2.63159
      vertex 0 33.05 15
    endloop
  endfacet
  facet normal 1 0 0
    outer loop
      vertex 0 25.7517 2.63159
      vertex 0 13.05 15
      vertex 0 25.4976 2.54067
    endloop
  endfacet
  facet normal 1 0 0
    outer loop
      vertex 0 25.4976 2.54067
      vertex 0 13.05 15
      vertex 0 25.2537 2.42528
    endloop
  endfacet
  facet normal 1 0 0
    outer loop
      vertex 0 25.2537 2.42528
      vertex 0 13.05 15
      vertex 0 25.0222 2.28654
    endloop
  endfacet
  facet normal 1 0 0
    outer loop
      vertex 0 25.0222 2.28654
      vertex 0 13.05 15
      vertex 0 24.8054 2.12578
    endloop
  endfacet
  facet normal 1 0 0
    outer loop
      vertex 0 24.8054 2.12578
      vertex 0 13.05 15
      vertex 0 24.6055 1.94454
    endloop
  endfacet
  facet normal 1 0 0
    outer loop
      vertex 0 24.6055 1.94454
      vertex 0 13.05 15
      vertex 0 24.4242 1.74458
    endloop
  endfacet
  facet normal 1 0 0
    outer loop
      vertex 0 23.8132 0.269547
      vertex 0 13.05 15
      vertex 0 23.8 0
    endloop
  endfacet
  facet normal 1 0 0
    outer loop
      vertex 0 23.8528 0.536498
      vertex 0 13.05 15
      vertex 0 23.8132 0.269547
    endloop
  endfacet
  facet normal 1 0 0
    outer loop
      vertex 0 23.9184 0.798283
      vertex 0 13.05 15
      vertex 0 23.8528 0.536498
    endloop
  endfacet
  facet normal 1 0 0
    outer loop
      vertex 0 24.0093 1.05238
      vertex 0 13.05 15
      vertex 0 23.9184 0.798283
    endloop
  endfacet
  facet normal 1 0 0
    outer loop
      vertex 0 24.1247 1.29634
      vertex 0 13.05 15
      vertex 0 24.0093 1.05238
    endloop
  endfacet
  facet normal 1 0 0
    outer loop
      vertex 0 24.2635 1.52782
      vertex 0 13.05 15
      vertex 0 24.1247 1.29634
    endloop
  endfacet
  facet normal 1 0 0
    outer loop
      vertex 0 24.4242 1.74458
      vertex 0 13.05 15
      vertex 0 24.2635 1.52782
    endloop
  endfacet
  facet normal 1 -0 0
    outer loop
      vertex 0 29.2868 -0.269547
      vertex 0 33.05 -15
      vertex 0 29.3 0
    endloop
  endfacet
  facet normal 1 -0 0
    outer loop
      vertex 0 29.2472 -0.536498
      vertex 0 33.05 -15
      vertex 0 29.2868 -0.269547
    endloop
  endfacet
  facet normal 1 -0 0
    outer loop
      vertex 0 29.1816 -0.798283
      vertex 0 33.05 -15
      vertex 0 29.2472 -0.536498
    endloop
  endfacet
  facet normal 1 -0 0
    outer loop
      vertex 0 29.0907 -1.05238
      vertex 0 33.05 -15
      vertex 0 29.1816 -0.798283
    endloop
  endfacet
  facet normal 1 -0 0
    outer loop
      vertex 0 28.9753 -1.29634
      vertex 0 33.05 -15
      vertex 0 29.0907 -1.05238
    endloop
  endfacet
  facet normal 1 -0 0
    outer loop
      vertex 0 28.8365 -1.52782
      vertex 0 33.05 -15
      vertex 0 28.9753 -1.29634
    endloop
  endfacet
  facet normal 1 -0 0
    outer loop
      vertex 0 28.6758 -1.74458
      vertex 0 33.05 -15
      vertex 0 28.8365 -1.52782
    endloop
  endfacet
  facet normal 1 -0 0
    outer loop
      vertex 0 28.4945 -1.94454
      vertex 0 33.05 -15
      vertex 0 28.6758 -1.74458
    endloop
  endfacet
  facet normal 1 -0 0
    outer loop
      vertex 0 28.2946 -2.12578
      vertex 0 33.05 -15
      vertex 0 28.4945 -1.94454
    endloop
  endfacet
  facet normal 1 -0 0
    outer loop
      vertex 0 28.0778 -2.28654
      vertex 0 33.05 -15
      vertex 0 28.2946 -2.12578
    endloop
  endfacet
  facet normal 1 -0 0
    outer loop
      vertex 0 27.8463 -2.42528
      vertex 0 33.05 -15
      vertex 0 28.0778 -2.28654
    endloop
  endfacet
  facet normal 1 -0 0
    outer loop
      vertex 0 27.6024 -2.54067
      vertex 0 33.05 -15
      vertex 0 27.8463 -2.42528
    endloop
  endfacet
  facet normal 1 -0 0
    outer loop
      vertex 0 27.3483 -2.63159
      vertex 0 33.05 -15
      vertex 0 27.6024 -2.54067
    endloop
  endfacet
  facet normal 1 -0 0
    outer loop
      vertex 0 27.0865 -2.69716
      vertex 0 33.05 -15
      vertex 0 27.3483 -2.63159
    endloop
  endfacet
  facet normal 1 -0 0
    outer loop
      vertex 0 26.8195 -2.73676
      vertex 0 33.05 -15
      vertex 0 27.0865 -2.69716
    endloop
  endfacet
  facet normal 1 -0 0
    outer loop
      vertex 0 26.55 -2.75
      vertex 0 33.05 -15
      vertex 0 26.8195 -2.73676
    endloop
  endfacet
  facet normal 1 0 0
    outer loop
      vertex 0 26.2805 -2.73676
      vertex 0 33.05 -15
      vertex 0 26.55 -2.75
    endloop
  endfacet
  facet normal 1 0 0
    outer loop
      vertex 0 26.0135 -2.69716
      vertex 0 33.05 -15
      vertex 0 26.2805 -2.73676
    endloop
  endfacet
  facet normal 1 0 0
    outer loop
      vertex 0 25.7517 -2.63159
      vertex 0 33.05 -15
      vertex 0 26.0135 -2.69716
    endloop
  endfacet
  facet normal 1 0 0
    outer loop
      vertex 0 13.05 -15
      vertex 0 25.7517 -2.63159
      vertex 0 25.4976 -2.54067
    endloop
  endfacet
  facet normal 1 0 0
    outer loop
      vertex 0 13.05 -15
      vertex 0 25.4976 -2.54067
      vertex 0 25.2537 -2.42528
    endloop
  endfacet
  facet normal 1 0 0
    outer loop
      vertex 0 13.05 -15
      vertex 0 25.2537 -2.42528
      vertex 0 25.0222 -2.28654
    endloop
  endfacet
  facet normal 1 0 0
    outer loop
      vertex 0 13.05 -15
      vertex 0 25.0222 -2.28654
      vertex 0 24.8054 -2.12578
    endloop
  endfacet
  facet normal 1 0 0
    outer loop
      vertex 0 13.05 -15
      vertex 0 24.8054 -2.12578
      vertex 0 24.6055 -1.94454
    endloop
  endfacet
  facet normal 1 0 0
    outer loop
      vertex 0 13.05 -15
      vertex 0 24.6055 -1.94454
      vertex 0 24.4242 -1.74458
    endloop
  endfacet
  facet normal 1 0 0
    outer loop
      vertex 0 13.05 -15
      vertex 0 24.4242 -1.74458
      vertex 0 24.2635 -1.52782
    endloop
  endfacet
  facet normal 1 0 0
    outer loop
      vertex 0 13.05 -15
      vertex 0 23.8 0
      vertex 0 13.05 15
    endloop
  endfacet
  facet normal 1 0 0
    outer loop
      vertex 0 23.8 0
      vertex 0 13.05 -15
      vertex 0 23.8132 -0.269547
    endloop
  endfacet
  facet normal 1 0 0
    outer loop
      vertex 0 23.8132 -0.269547
      vertex 0 13.05 -15
      vertex 0 23.8528 -0.536498
    endloop
  endfacet
  facet normal 1 0 0
    outer loop
      vertex 0 23.8528 -0.536498
      vertex 0 13.05 -15
      vertex 0 23.9184 -0.798283
    endloop
  endfacet
  facet normal 1 0 0
    outer loop
      vertex 0 23.9184 -0.798283
      vertex 0 13.05 -15
      vertex 0 24.0093 -1.05238
    endloop
  endfacet
  facet normal 1 0 0
    outer loop
      vertex 0 24.0093 -1.05238
      vertex 0 13.05 -15
      vertex 0 24.1247 -1.29634
    endloop
  endfacet
  facet normal 1 0 0
    outer loop
      vertex 0 24.1247 -1.29634
      vertex 0 13.05 -15
      vertex 0 24.2635 -1.52782
    endloop
  endfacet
  facet normal 1 0 0
    outer loop
      vertex 0 25.7517 -2.63159
      vertex 0 13.05 -15
      vertex 0 33.05 -15
    endloop
  endfacet
  facet normal -1 0 0
    outer loop
      vertex -11.5 -16.4034 -15
      vertex -11.5 -21.55 -2.88675
      vertex -11.5 -16.4034 15
    endloop
  endfacet
  facet normal -1 0 0
    outer loop
      vertex -11.5 -16.4034 -15
      vertex -11.5 -26.55 -5.7735
      vertex -11.5 -21.55 -2.88675
    endloop
  endfacet
  facet normal -1 0 0
    outer loop
      vertex -11.5 -33.05 -15
      vertex -11.5 -26.55 -5.7735
      vertex -11.5 -16.4034 -15
    endloop
  endfacet
  facet normal -1 -0 0
    outer loop
      vertex -11.5 -31.55 -2.88675
      vertex -11.5 -33.05 -15
      vertex -11.5 -31.55 2.88675
    endloop
  endfacet
  facet normal -1 -0 0
    outer loop
      vertex -11.5 -26.55 -5.7735
      vertex -11.5 -33.05 -15
      vertex -11.5 -31.55 -2.88675
    endloop
  endfacet
  facet normal -1 0 0
    outer loop
      vertex -11.5 -21.55 2.88675
      vertex -11.5 -16.4034 15
      vertex -11.5 -21.55 -2.88675
    endloop
  endfacet
  facet normal -1 0 0
    outer loop
      vertex -11.5 -26.55 5.7735
      vertex -11.5 -16.4034 15
      vertex -11.5 -21.55 2.88675
    endloop
  endfacet
  facet normal -1 0 0
    outer loop
      vertex -11.5 -33.05 15
      vertex -11.5 -26.55 5.7735
      vertex -11.5 -31.55 2.88675
    endloop
  endfacet
  facet normal -1 0 0
    outer loop
      vertex -11.5 -26.55 5.7735
      vertex -11.5 -33.05 15
      vertex -11.5 -16.4034 15
    endloop
  endfacet
  facet normal -1 0 0
    outer loop
      vertex -11.5 -33.05 15
      vertex -11.5 -31.55 2.88675
      vertex -11.5 -33.05 -15
    endloop
  endfacet
  facet normal 0 -1 0
    outer loop
      vertex -11.5 -33.05 -15
      vertex 0 -33.05 15
      vertex -11.5 -33.05 15
    endloop
  endfacet
  facet normal 0 -1 -0
    outer loop
      vertex 0 -33.05 15
      vertex -11.5 -33.05 -15
      vertex 0 -33.05 -15
    endloop
  endfacet
  facet normal -1 0 0
    outer loop
      vertex -11.5 33.05 -15
      vertex -11.5 31.55 -2.88675
      vertex -11.5 33.05 15
    endloop
  endfacet
  facet normal -1 0 0
    outer loop
      vertex -11.5 33.05 -15
      vertex -11.5 26.55 -5.7735
      vertex -11.5 31.55 -2.88675
    endloop
  endfacet
  facet normal -1 0 0
    outer loop
      vertex -11.5 16.4034 -15
      vertex -11.5 26.55 -5.7735
      vertex -11.5 33.05 -15
    endloop
  endfacet
  facet normal -1 -0 0
    outer loop
      vertex -11.5 21.55 -2.88675
      vertex -11.5 16.4034 -15
      vertex -11.5 21.55 2.88675
    endloop
  endfacet
  facet normal -1 -0 0
    outer loop
      vertex -11.5 26.55 -5.7735
      vertex -11.5 16.4034 -15
      vertex -11.5 21.55 -2.88675
    endloop
  endfacet
  facet normal -1 0 0
    outer loop
      vertex -11.5 31.55 2.88675
      vertex -11.5 33.05 15
      vertex -11.5 31.55 -2.88675
    endloop
  endfacet
  facet normal -1 0 0
    outer loop
      vertex -11.5 26.55 5.7735
      vertex -11.5 33.05 15
      vertex -11.5 31.55 2.88675
    endloop
  endfacet
  facet normal -1 0 0
    outer loop
      vertex -11.5 16.4034 15
      vertex -11.5 26.55 5.7735
      vertex -11.5 21.55 2.88675
    endloop
  endfacet
  facet normal -1 0 0
    outer loop
      vertex -11.5 26.55 5.7735
      vertex -11.5 16.4034 15
      vertex -11.5 33.05 15
    endloop
  endfacet
  facet normal -1 0 0
    outer loop
      vertex -11.5 16.4034 15
      vertex -11.5 21.55 2.88675
      vertex -11.5 16.4034 -15
    endloop
  endfacet
  facet normal 0 1 -0
    outer loop
      vertex 0 33.05 -15
      vertex -11.5 33.05 15
      vertex 0 33.05 15
    endloop
  endfacet
  facet normal 0 1 0
    outer loop
      vertex -11.5 33.05 15
      vertex 0 33.05 -15
      vertex -11.5 33.05 -15
    endloop
  endfacet
  facet normal 4.63367e-19 0.941564 0.336833
    outer loop
      vertex 0 -29.0907 -1.05238
      vertex -5.81 -29.1816 -0.798283
      vertex 0 -29.1816 -0.798283
    endloop
  endfacet
  facet normal 4.63367e-19 0.941564 0.336833
    outer loop
      vertex -5.81 -29.1816 -0.798283
      vertex 0 -29.0907 -1.05238
      vertex -5.81 -29.0907 -1.05238
    endloop
  endfacet
  facet normal 0 -0.242954 -0.970038
    outer loop
      vertex -5.81 -26.0135 2.69716
      vertex 0 -25.7517 2.63159
      vertex 0 -26.0135 2.69716
    endloop
  endfacet
  facet normal -0 -0.242954 -0.970038
    outer loop
      vertex 0 -25.7517 2.63159
      vertex -5.81 -26.0135 2.69716
      vertex -5.81 -25.7517 2.63159
    endloop
  endfacet
  facet normal 0 -0.14671 0.98918
    outer loop
      vertex -5.81 -26.0135 -2.69716
      vertex 0 -26.2805 -2.73676
      vertex 0 -26.0135 -2.69716
    endloop
  endfacet
  facet normal 0 -0.14671 0.98918
    outer loop
      vertex 0 -26.2805 -2.73676
      vertex -5.81 -26.0135 -2.69716
      vertex -5.81 -26.2805 -2.73676
    endloop
  endfacet
  facet normal 0 -0.0490688 -0.998795
    outer loop
      vertex -5.81 -26.55 2.75
      vertex 0 -26.2805 2.73676
      vertex 0 -26.55 2.75
    endloop
  endfacet
  facet normal -0 -0.0490688 -0.998795
    outer loop
      vertex 0 -26.2805 2.73676
      vertex -5.81 -26.55 2.75
      vertex -5.81 -26.2805 2.73676
    endloop
  endfacet
  facet normal 1.67023e-18 -0.857637 0.514256
    outer loop
      vertex -5.81 -24.2635 -1.52782
      vertex 0 -24.1247 -1.29634
      vertex -5.81 -24.1247 -1.29634
    endloop
  endfacet
  facet normal 1.67023e-18 -0.857637 0.514256
    outer loop
      vertex 0 -24.1247 -1.29634
      vertex -5.81 -24.2635 -1.52782
      vertex 0 -24.2635 -1.52782
    endloop
  endfacet
  facet normal -1.67023e-18 0.857637 0.514256
    outer loop
      vertex 0 -28.8365 -1.52782
      vertex -5.81 -28.9753 -1.29634
      vertex 0 -28.9753 -1.29634
    endloop
  endfacet
  facet normal -1.67023e-18 0.857637 0.514256
    outer loop
      vertex -5.81 -28.9753 -1.29634
      vertex 0 -28.8365 -1.52782
      vertex -5.81 -28.8365 -1.52782
    endloop
  endfacet
  facet normal 2.14452e-19 -0.970008 0.243072
    outer loop
      vertex -5.81 -23.9184 -0.798283
      vertex 0 -23.8528 -0.536498
      vertex -5.81 -23.8528 -0.536498
    endloop
  endfacet
  facet normal 2.14452e-19 -0.970008 0.243072
    outer loop
      vertex 0 -23.8528 -0.536498
      vertex -5.81 -23.9184 -0.798283
      vertex 0 -23.9184 -0.798283
    endloop
  endfacet
  facet normal 0 -0.427658 -0.903941
    outer loop
      vertex -5.81 -25.4976 2.54067
      vertex 0 -25.2537 2.42528
      vertex 0 -25.4976 2.54067
    endloop
  endfacet
  facet normal -0 -0.427658 -0.903941
    outer loop
      vertex 0 -25.2537 2.42528
      vertex -5.81 -25.4976 2.54067
      vertex -5.81 -25.2537 2.42528
    endloop
  endfacet
  facet normal 2.14452e-19 0.970008 -0.243072
    outer loop
      vertex 0 -29.2472 0.536498
      vertex -5.81 -29.1816 0.798283
      vertex 0 -29.1816 0.798283
    endloop
  endfacet
  facet normal 2.14452e-19 0.970008 -0.243072
    outer loop
      vertex -5.81 -29.1816 0.798283
      vertex 0 -29.2472 0.536498
      vertex -5.81 -29.2472 0.536498
    endloop
  endfacet
  facet normal 1.29492e-18 0.803314 0.595555
    outer loop
      vertex 0 -28.6758 -1.74458
      vertex -5.81 -28.8365 -1.52782
      vertex 0 -28.8365 -1.52782
    endloop
  endfacet
  facet normal 1.29492e-18 0.803314 0.595555
    outer loop
      vertex -5.81 -28.8365 -1.52782
      vertex 0 -28.6758 -1.74458
      vertex -5.81 -28.6758 -1.74458
    endloop
  endfacet
  facet normal 1.67023e-18 0.857637 -0.514256
    outer loop
      vertex 0 -28.9753 1.29634
      vertex -5.81 -28.8365 1.52782
      vertex 0 -28.8365 1.52782
    endloop
  endfacet
  facet normal 1.67023e-18 0.857637 -0.514256
    outer loop
      vertex -5.81 -28.8365 1.52782
      vertex 0 -28.9753 1.29634
      vertex -5.81 -28.9753 1.29634
    endloop
  endfacet
  facet normal 0 0.595628 -0.80326
    outer loop
      vertex -5.81 -28.2946 2.12578
      vertex 0 -28.0778 2.28654
      vertex 0 -28.2946 2.12578
    endloop
  endfacet
  facet normal 0 0.595628 -0.80326
    outer loop
      vertex 0 -28.0778 2.28654
      vertex -5.81 -28.2946 2.12578
      vertex -5.81 -28.0778 2.28654
    endloop
  endfacet
  facet normal -1.21136e-18 -0.803314 0.595555
    outer loop
      vertex -5.81 -24.4242 -1.74458
      vertex 0 -24.2635 -1.52782
      vertex -5.81 -24.2635 -1.52782
    endloop
  endfacet
  facet normal -1.21136e-18 -0.803314 0.595555
    outer loop
      vertex 0 -24.2635 -1.52782
      vertex -5.81 -24.4242 -1.74458
      vertex 0 -24.4242 -1.74458
    endloop
  endfacet
  facet normal 7.15836e-19 0.903967 -0.427602
    outer loop
      vertex 0 -29.0907 1.05238
      vertex -5.81 -28.9753 1.29634
      vertex 0 -28.9753 1.29634
    endloop
  endfacet
  facet normal 7.15836e-19 0.903967 -0.427602
    outer loop
      vertex -5.81 -28.9753 1.29634
      vertex 0 -29.0907 1.05238
      vertex -5.81 -29.0907 1.05238
    endloop
  endfacet
  facet normal 0 -0.595628 0.80326
    outer loop
      vertex -5.81 -24.8054 -2.12578
      vertex 0 -25.0222 -2.28654
      vertex 0 -24.8054 -2.12578
    endloop
  endfacet
  facet normal 0 -0.595628 0.80326
    outer loop
      vertex 0 -25.0222 -2.28654
      vertex -5.81 -24.8054 -2.12578
      vertex -5.81 -25.0222 -2.28654
    endloop
  endfacet
  facet normal 0 0.14671 -0.98918
    outer loop
      vertex -5.81 -27.0865 2.69716
      vertex 0 -26.8195 2.73676
      vertex 0 -27.0865 2.69716
    endloop
  endfacet
  facet normal 0 0.14671 -0.98918
    outer loop
      vertex 0 -26.8195 2.73676
      vertex -5.81 -27.0865 2.69716
      vertex -5.81 -26.8195 2.73676
    endloop
  endfacet
  facet normal 0 -0.336895 0.941542
    outer loop
      vertex -5.81 -25.4976 -2.54067
      vertex 0 -25.7517 -2.63159
      vertex 0 -25.4976 -2.54067
    endloop
  endfacet
  facet normal 0 -0.336895 0.941542
    outer loop
      vertex 0 -25.7517 -2.63159
      vertex -5.81 -25.4976 -2.54067
      vertex -5.81 -25.7517 -2.63159
    endloop
  endfacet
  facet normal -3.0658e-19 -0.903967 -0.427602
    outer loop
      vertex -5.81 -24.0093 1.05238
      vertex 0 -24.1247 1.29634
      vertex -5.81 -24.1247 1.29634
    endloop
  endfacet
  facet normal -3.0658e-19 -0.903967 -0.427602
    outer loop
      vertex 0 -24.1247 1.29634
      vertex -5.81 -24.0093 1.05238
      vertex 0 -24.0093 1.05238
    endloop
  endfacet
  facet normal -0 0.51406 0.857754
    outer loop
      vertex -5.81 -27.8463 -2.42528
      vertex 0 -28.0778 -2.28654
      vertex 0 -27.8463 -2.42528
    endloop
  endfacet
  facet normal 0 0.51406 0.857754
    outer loop
      vertex 0 -28.0778 -2.28654
      vertex -5.81 -27.8463 -2.42528
      vertex -5.81 -28.0778 -2.28654
    endloop
  endfacet
  facet normal -2.14452e-19 0.970008 0.243072
    outer loop
      vertex 0 -29.1816 -0.798283
      vertex -5.81 -29.2472 -0.536498
      vertex 0 -29.2472 -0.536498
    endloop
  endfacet
  facet normal -2.14452e-19 0.970008 0.243072
    outer loop
      vertex -5.81 -29.2472 -0.536498
      vertex 0 -29.1816 -0.798283
      vertex -5.81 -29.1816 -0.798283
    endloop
  endfacet
  facet normal 1.55683e-21 0.998803 0.0489124
    outer loop
      vertex 0 -29.2868 -0.269547
      vertex -5.81 -29.3 0
      vertex 0 -29.3 0
    endloop
  endfacet
  facet normal 1.55683e-21 0.998803 0.0489124
    outer loop
      vertex -5.81 -29.3 0
      vertex 0 -29.2868 -0.269547
      vertex -5.81 -29.2868 -0.269547
    endloop
  endfacet
  facet normal -0 0.336895 0.941542
    outer loop
      vertex -5.81 -27.3483 -2.63159
      vertex 0 -27.6024 -2.54067
      vertex 0 -27.3483 -2.63159
    endloop
  endfacet
  facet normal 0 0.336895 0.941542
    outer loop
      vertex 0 -27.6024 -2.54067
      vertex -5.81 -27.3483 -2.63159
      vertex -5.81 -27.6024 -2.54067
    endloop
  endfacet
  facet normal 0 0.242954 -0.970038
    outer loop
      vertex -5.81 -27.3483 2.63159
      vertex 0 -27.0865 2.69716
      vertex 0 -27.3483 2.63159
    endloop
  endfacet
  facet normal 0 0.242954 -0.970038
    outer loop
      vertex 0 -27.0865 2.69716
      vertex -5.81 -27.3483 2.63159
      vertex -5.81 -27.0865 2.69716
    endloop
  endfacet
  facet normal -3.72438e-20 -0.998803 0.0489124
    outer loop
      vertex -5.81 -23.8132 -0.269547
      vertex 0 -23.8 0
      vertex -5.81 -23.8 0
    endloop
  endfacet
  facet normal -3.72438e-20 -0.998803 0.0489124
    outer loop
      vertex 0 -23.8 0
      vertex -5.81 -23.8132 -0.269547
      vertex 0 -23.8132 -0.269547
    endloop
  endfacet
  facet normal -1.67023e-18 -0.857637 -0.514256
    outer loop
      vertex -5.81 -24.1247 1.29634
      vertex 0 -24.2635 1.52782
      vertex -5.81 -24.2635 1.52782
    endloop
  endfacet
  facet normal -1.67023e-18 -0.857637 -0.514256
    outer loop
      vertex 0 -24.2635 1.52782
      vertex -5.81 -24.1247 1.29634
      vertex 0 -24.1247 1.29634
    endloop
  endfacet
  facet normal 0 -0.595628 -0.80326
    outer loop
      vertex -5.81 -25.0222 2.28654
      vertex 0 -24.8054 2.12578
      vertex 0 -25.0222 2.28654
    endloop
  endfacet
  facet normal -0 -0.595628 -0.80326
    outer loop
      vertex 0 -24.8054 2.12578
      vertex -5.81 -25.0222 2.28654
      vertex -5.81 -24.8054 2.12578
    endloop
  endfacet
  facet normal 3.0658e-19 -0.903967 0.427602
    outer loop
      vertex -5.81 -24.1247 -1.29634
      vertex 0 -24.0093 -1.05238
      vertex -5.81 -24.0093 -1.05238
    endloop
  endfacet
  facet normal 3.0658e-19 -0.903967 0.427602
    outer loop
      vertex 0 -24.0093 -1.05238
      vertex -5.81 -24.1247 -1.29634
      vertex 0 -24.1247 -1.29634
    endloop
  endfacet
  facet normal 2.15177e-18 -0.740828 0.671695
    outer loop
      vertex -5.81 -24.6055 -1.94454
      vertex 0 -24.4242 -1.74458
      vertex -5.81 -24.4242 -1.74458
    endloop
  endfacet
  facet normal 2.15177e-18 -0.740828 0.671695
    outer loop
      vertex 0 -24.4242 -1.74458
      vertex -5.81 -24.6055 -1.94454
      vertex 0 -24.6055 -1.94454
    endloop
  endfacet
  facet normal -4.63367e-19 0.941564 -0.336833
    outer loop
      vertex 0 -29.1816 0.798283
      vertex -5.81 -29.0907 1.05238
      vertex 0 -29.0907 1.05238
    endloop
  endfacet
  facet normal -4.63367e-19 0.941564 -0.336833
    outer loop
      vertex -5.81 -29.0907 1.05238
      vertex 0 -29.1816 0.798283
      vertex -5.81 -29.1816 0.798283
    endloop
  endfacet
  facet normal -4.63367e-19 -0.941564 0.336833
    outer loop
      vertex -5.81 -24.0093 -1.05238
      vertex 0 -23.9184 -0.798283
      vertex -5.81 -23.9184 -0.798283
    endloop
  endfacet
  facet normal -4.63367e-19 -0.941564 0.336833
    outer loop
      vertex 0 -23.9184 -0.798283
      vertex -5.81 -24.0093 -1.05238
      vertex 0 -24.0093 -1.05238
    endloop
  endfacet
  facet normal -0 0.427658 0.903941
    outer loop
      vertex -5.81 -27.6024 -2.54067
      vertex 0 -27.8463 -2.42528
      vertex 0 -27.6024 -2.54067
    endloop
  endfacet
  facet normal 0 0.427658 0.903941
    outer loop
      vertex 0 -27.8463 -2.42528
      vertex -5.81 -27.6024 -2.54067
      vertex -5.81 -27.8463 -2.42528
    endloop
  endfacet
  facet normal 4.63367e-19 -0.941564 -0.336833
    outer loop
      vertex -5.81 -23.9184 0.798283
      vertex 0 -24.0093 1.05238
      vertex -5.81 -24.0093 1.05238
    endloop
  endfacet
  facet normal 4.63367e-19 -0.941564 -0.336833
    outer loop
      vertex 0 -24.0093 1.05238
      vertex -5.81 -23.9184 0.798283
      vertex 0 -23.9184 0.798283
    endloop
  endfacet
  facet normal 0 -0.14671 -0.98918
    outer loop
      vertex -5.81 -26.2805 2.73676
      vertex 0 -26.0135 2.69716
      vertex 0 -26.2805 2.73676
    endloop
  endfacet
  facet normal -0 -0.14671 -0.98918
    outer loop
      vertex 0 -26.0135 2.69716
      vertex -5.81 -26.2805 2.73676
      vertex -5.81 -26.0135 2.69716
    endloop
  endfacet
  facet normal 0 -0.51406 0.857754
    outer loop
      vertex -5.81 -25.0222 -2.28654
      vertex 0 -25.2537 -2.42528
      vertex 0 -25.0222 -2.28654
    endloop
  endfacet
  facet normal 0 -0.51406 0.857754
    outer loop
      vertex 0 -25.2537 -2.42528
      vertex -5.81 -25.0222 -2.28654
      vertex -5.81 -25.2537 -2.42528
    endloop
  endfacet
  facet normal -3.72074e-20 -0.989176 -0.146736
    outer loop
      vertex -5.81 -23.8132 0.269547
      vertex 0 -23.8528 0.536498
      vertex -5.81 -23.8528 0.536498
    endloop
  endfacet
  facet normal -3.72074e-20 -0.989176 -0.146736
    outer loop
      vertex 0 -23.8528 0.536498
      vertex -5.81 -23.8132 0.269547
      vertex 0 -23.8132 0.269547
    endloop
  endfacet
  facet normal 0 0.0490688 -0.998795
    outer loop
      vertex -5.81 -26.8195 2.73676
      vertex 0 -26.55 2.75
      vertex 0 -26.8195 2.73676
    endloop
  endfacet
  facet normal 0 0.0490688 -0.998795
    outer loop
      vertex 0 -26.55 2.75
      vertex -5.81 -26.8195 2.73676
      vertex -5.81 -26.55 2.75
    endloop
  endfacet
  facet normal 0 0.427658 -0.903941
    outer loop
      vertex -5.81 -27.8463 2.42528
      vertex 0 -27.6024 2.54067
      vertex 0 -27.8463 2.42528
    endloop
  endfacet
  facet normal 0 0.427658 -0.903941
    outer loop
      vertex 0 -27.6024 2.54067
      vertex -5.81 -27.8463 2.42528
      vertex -5.81 -27.6024 2.54067
    endloop
  endfacet
  facet normal -2.15177e-18 0.740828 0.671695
    outer loop
      vertex 0 -28.4945 -1.94454
      vertex -5.81 -28.6758 -1.74458
      vertex 0 -28.6758 -1.74458
    endloop
  endfacet
  facet normal -2.15177e-18 0.740828 0.671695
    outer loop
      vertex -5.81 -28.6758 -1.74458
      vertex 0 -28.4945 -1.94454
      vertex -5.81 -28.4945 -1.94454
    endloop
  endfacet
  facet normal 1.21136e-18 -0.803314 -0.595555
    outer loop
      vertex -5.81 -24.2635 1.52782
      vertex 0 -24.4242 1.74458
      vertex -5.81 -24.4242 1.74458
    endloop
  endfacet
  facet normal 1.21136e-18 -0.803314 -0.595555
    outer loop
      vertex 0 -24.4242 1.74458
      vertex -5.81 -24.2635 1.52782
      vertex 0 -24.2635 1.52782
    endloop
  endfacet
  facet normal 3.72074e-20 0.989176 -0.146736
    outer loop
      vertex 0 -29.2868 0.269547
      vertex -5.81 -29.2472 0.536498
      vertex 0 -29.2472 0.536498
    endloop
  endfacet
  facet normal 3.72074e-20 0.989176 -0.146736
    outer loop
      vertex -5.81 -29.2472 0.536498
      vertex 0 -29.2868 0.269547
      vertex -5.81 -29.2868 0.269547
    endloop
  endfacet
  facet normal 0 -0.336895 -0.941542
    outer loop
      vertex -5.81 -25.7517 2.63159
      vertex 0 -25.4976 2.54067
      vertex 0 -25.7517 2.63159
    endloop
  endfacet
  facet normal -0 -0.336895 -0.941542
    outer loop
      vertex 0 -25.4976 2.54067
      vertex -5.81 -25.7517 2.63159
      vertex -5.81 -25.4976 2.54067
    endloop
  endfacet
  facet normal 0 0.51406 -0.857754
    outer loop
      vertex -5.81 -28.0778 2.28654
      vertex 0 -27.8463 2.42528
      vertex 0 -28.0778 2.28654
    endloop
  endfacet
  facet normal 0 0.51406 -0.857754
    outer loop
      vertex 0 -27.8463 2.42528
      vertex -5.81 -28.0778 2.28654
      vertex -5.81 -27.8463 2.42528
    endloop
  endfacet
  facet normal -0 0.0490688 0.998795
    outer loop
      vertex -5.81 -26.55 -2.75
      vertex 0 -26.8195 -2.73676
      vertex 0 -26.55 -2.75
    endloop
  endfacet
  facet normal 0 0.0490688 0.998795
    outer loop
      vertex 0 -26.8195 -2.73676
      vertex -5.81 -26.55 -2.75
      vertex -5.81 -26.8195 -2.73676
    endloop
  endfacet
  facet normal 0 0.336895 -0.941542
    outer loop
      vertex -5.81 -27.6024 2.54067
      vertex 0 -27.3483 2.63159
      vertex 0 -27.6024 2.54067
    endloop
  endfacet
  facet normal 0 0.336895 -0.941542
    outer loop
      vertex 0 -27.3483 2.63159
      vertex -5.81 -27.6024 2.54067
      vertex -5.81 -27.3483 2.63159
    endloop
  endfacet
  facet normal 3.72438e-20 -0.998803 -0.0489124
    outer loop
      vertex -5.81 -23.8 0
      vertex 0 -23.8132 0.269547
      vertex -5.81 -23.8132 0.269547
    endloop
  endfacet
  facet normal 3.72438e-20 -0.998803 -0.0489124
    outer loop
      vertex 0 -23.8132 0.269547
      vertex -5.81 -23.8 0
      vertex 0 -23.8 0
    endloop
  endfacet
  facet normal -3.72074e-20 0.989176 0.146736
    outer loop
      vertex 0 -29.2472 -0.536498
      vertex -5.81 -29.2868 -0.269547
      vertex 0 -29.2868 -0.269547
    endloop
  endfacet
  facet normal -3.72074e-20 0.989176 0.146736
    outer loop
      vertex -5.81 -29.2868 -0.269547
      vertex 0 -29.2472 -0.536498
      vertex -5.81 -29.2472 -0.536498
    endloop
  endfacet
  facet normal 2.15177e-18 0.740828 -0.671695
    outer loop
      vertex 0 -28.6758 1.74458
      vertex -5.81 -28.4945 1.94454
      vertex 0 -28.4945 1.94454
    endloop
  endfacet
  facet normal 2.15177e-18 0.740828 -0.671695
    outer loop
      vertex -5.81 -28.4945 1.94454
      vertex 0 -28.6758 1.74458
      vertex -5.81 -28.6758 1.74458
    endloop
  endfacet
  facet normal 0 -0.51406 -0.857754
    outer loop
      vertex -5.81 -25.2537 2.42528
      vertex 0 -25.0222 2.28654
      vertex 0 -25.2537 2.42528
    endloop
  endfacet
  facet normal -0 -0.51406 -0.857754
    outer loop
      vertex 0 -25.0222 2.28654
      vertex -5.81 -25.2537 2.42528
      vertex -5.81 -25.0222 2.28654
    endloop
  endfacet
  facet normal 0 -0.671683 0.740838
    outer loop
      vertex -5.81 -24.6055 -1.94454
      vertex 0 -24.8054 -2.12578
      vertex 0 -24.6055 -1.94454
    endloop
  endfacet
  facet normal 0 -0.671683 0.740838
    outer loop
      vertex 0 -24.8054 -2.12578
      vertex -5.81 -24.6055 -1.94454
      vertex -5.81 -24.8054 -2.12578
    endloop
  endfacet
  facet normal 0 -0.671683 -0.740838
    outer loop
      vertex -5.81 -24.8054 2.12578
      vertex 0 -24.6055 1.94454
      vertex 0 -24.8054 2.12578
    endloop
  endfacet
  facet normal -0 -0.671683 -0.740838
    outer loop
      vertex 0 -24.6055 1.94454
      vertex -5.81 -24.8054 2.12578
      vertex -5.81 -24.6055 1.94454
    endloop
  endfacet
  facet normal -2.15177e-18 -0.740828 -0.671695
    outer loop
      vertex -5.81 -24.4242 1.74458
      vertex 0 -24.6055 1.94454
      vertex -5.81 -24.6055 1.94454
    endloop
  endfacet
  facet normal -2.15177e-18 -0.740828 -0.671695
    outer loop
      vertex 0 -24.6055 1.94454
      vertex -5.81 -24.4242 1.74458
      vertex 0 -24.4242 1.74458
    endloop
  endfacet
  facet normal 3.72074e-20 -0.989176 0.146736
    outer loop
      vertex -5.81 -23.8528 -0.536498
      vertex 0 -23.8132 -0.269547
      vertex -5.81 -23.8132 -0.269547
    endloop
  endfacet
  facet normal 3.72074e-20 -0.989176 0.146736
    outer loop
      vertex 0 -23.8132 -0.269547
      vertex -5.81 -23.8528 -0.536498
      vertex 0 -23.8528 -0.536498
    endloop
  endfacet
  facet normal -0 0.242954 0.970038
    outer loop
      vertex -5.81 -27.0865 -2.69716
      vertex 0 -27.3483 -2.63159
      vertex 0 -27.0865 -2.69716
    endloop
  endfacet
  facet normal 0 0.242954 0.970038
    outer loop
      vertex 0 -27.3483 -2.63159
      vertex -5.81 -27.0865 -2.69716
      vertex -5.81 -27.3483 -2.63159
    endloop
  endfacet
  facet normal 0 -0.427658 0.903941
    outer loop
      vertex -5.81 -25.2537 -2.42528
      vertex 0 -25.4976 -2.54067
      vertex 0 -25.2537 -2.42528
    endloop
  endfacet
  facet normal 0 -0.427658 0.903941
    outer loop
      vertex 0 -25.4976 -2.54067
      vertex -5.81 -25.2537 -2.42528
      vertex -5.81 -25.4976 -2.54067
    endloop
  endfacet
  facet normal -7.15836e-19 0.903967 0.427602
    outer loop
      vertex 0 -28.9753 -1.29634
      vertex -5.81 -29.0907 -1.05238
      vertex 0 -29.0907 -1.05238
    endloop
  endfacet
  facet normal -7.15836e-19 0.903967 0.427602
    outer loop
      vertex -5.81 -29.0907 -1.05238
      vertex 0 -28.9753 -1.29634
      vertex -5.81 -28.9753 -1.29634
    endloop
  endfacet
  facet normal 0 -0.242954 0.970038
    outer loop
      vertex -5.81 -25.7517 -2.63159
      vertex 0 -26.0135 -2.69716
      vertex 0 -25.7517 -2.63159
    endloop
  endfacet
  facet normal 0 -0.242954 0.970038
    outer loop
      vertex 0 -26.0135 -2.69716
      vertex -5.81 -25.7517 -2.63159
      vertex -5.81 -26.0135 -2.69716
    endloop
  endfacet
  facet normal -2.14452e-19 -0.970008 -0.243072
    outer loop
      vertex -5.81 -23.8528 0.536498
      vertex 0 -23.9184 0.798283
      vertex -5.81 -23.9184 0.798283
    endloop
  endfacet
  facet normal -2.14452e-19 -0.970008 -0.243072
    outer loop
      vertex 0 -23.9184 0.798283
      vertex -5.81 -23.8528 0.536498
      vertex 0 -23.8528 0.536498
    endloop
  endfacet
  facet normal -0 0.671683 0.740838
    outer loop
      vertex -5.81 -28.2946 -2.12578
      vertex 0 -28.4945 -1.94454
      vertex 0 -28.2946 -2.12578
    endloop
  endfacet
  facet normal 0 0.671683 0.740838
    outer loop
      vertex 0 -28.4945 -1.94454
      vertex -5.81 -28.2946 -2.12578
      vertex -5.81 -28.4945 -1.94454
    endloop
  endfacet
  facet normal -1.55683e-21 0.998803 -0.0489124
    outer loop
      vertex 0 -29.3 0
      vertex -5.81 -29.2868 0.269547
      vertex 0 -29.2868 0.269547
    endloop
  endfacet
  facet normal -1.55683e-21 0.998803 -0.0489124
    outer loop
      vertex -5.81 -29.2868 0.269547
      vertex 0 -29.3 0
      vertex -5.81 -29.3 0
    endloop
  endfacet
  facet normal -0 0.14671 0.98918
    outer loop
      vertex -5.81 -26.8195 -2.73676
      vertex 0 -27.0865 -2.69716
      vertex 0 -26.8195 -2.73676
    endloop
  endfacet
  facet normal 0 0.14671 0.98918
    outer loop
      vertex 0 -27.0865 -2.69716
      vertex -5.81 -26.8195 -2.73676
      vertex -5.81 -27.0865 -2.69716
    endloop
  endfacet
  facet normal -1.29492e-18 0.803314 -0.595555
    outer loop
      vertex 0 -28.8365 1.52782
      vertex -5.81 -28.6758 1.74458
      vertex 0 -28.6758 1.74458
    endloop
  endfacet
  facet normal -1.29492e-18 0.803314 -0.595555
    outer loop
      vertex -5.81 -28.6758 1.74458
      vertex 0 -28.8365 1.52782
      vertex -5.81 -28.8365 1.52782
    endloop
  endfacet
  facet normal -0 0.595628 0.80326
    outer loop
      vertex -5.81 -28.0778 -2.28654
      vertex 0 -28.2946 -2.12578
      vertex 0 -28.0778 -2.28654
    endloop
  endfacet
  facet normal 0 0.595628 0.80326
    outer loop
      vertex 0 -28.2946 -2.12578
      vertex -5.81 -28.0778 -2.28654
      vertex -5.81 -28.2946 -2.12578
    endloop
  endfacet
  facet normal 0 -0.0490688 0.998795
    outer loop
      vertex -5.81 -26.2805 -2.73676
      vertex 0 -26.55 -2.75
      vertex 0 -26.2805 -2.73676
    endloop
  endfacet
  facet normal 0 -0.0490688 0.998795
    outer loop
      vertex 0 -26.55 -2.75
      vertex -5.81 -26.2805 -2.73676
      vertex -5.81 -26.55 -2.75
    endloop
  endfacet
  facet normal 0 0.671683 -0.740838
    outer loop
      vertex -5.81 -28.4945 1.94454
      vertex 0 -28.2946 2.12578
      vertex 0 -28.4945 1.94454
    endloop
  endfacet
  facet normal 0 0.671683 -0.740838
    outer loop
      vertex 0 -28.2946 2.12578
      vertex -5.81 -28.4945 1.94454
      vertex -5.81 -28.2946 2.12578
    endloop
  endfacet
  facet normal 0 -0.242954 -0.970038
    outer loop
      vertex -5.81 27.0865 2.69716
      vertex 0 27.3483 2.63159
      vertex 0 27.0865 2.69716
    endloop
  endfacet
  facet normal -0 -0.242954 -0.970038
    outer loop
      vertex 0 27.3483 2.63159
      vertex -5.81 27.0865 2.69716
      vertex -5.81 27.3483 2.63159
    endloop
  endfacet
  facet normal 2.14452e-19 -0.970008 0.243072
    outer loop
      vertex -5.81 29.1816 -0.798283
      vertex 0 29.2472 -0.536498
      vertex -5.81 29.2472 -0.536498
    endloop
  endfacet
  facet normal 2.14452e-19 -0.970008 0.243072
    outer loop
      vertex 0 29.2472 -0.536498
      vertex -5.81 29.1816 -0.798283
      vertex 0 29.1816 -0.798283
    endloop
  endfacet
  facet normal 1.55683e-21 -0.998803 -0.0489124
    outer loop
      vertex -5.81 29.3 0
      vertex 0 29.2868 0.269547
      vertex -5.81 29.2868 0.269547
    endloop
  endfacet
  facet normal 1.55683e-21 -0.998803 -0.0489124
    outer loop
      vertex 0 29.2868 0.269547
      vertex -5.81 29.3 0
      vertex 0 29.3 0
    endloop
  endfacet
  facet normal 0 -0.595628 -0.80326
    outer loop
      vertex -5.81 28.0778 2.28654
      vertex 0 28.2946 2.12578
      vertex 0 28.0778 2.28654
    endloop
  endfacet
  facet normal -0 -0.595628 -0.80326
    outer loop
      vertex 0 28.2946 2.12578
      vertex -5.81 28.0778 2.28654
      vertex -5.81 28.2946 2.12578
    endloop
  endfacet
  facet normal 0 -0.0490688 -0.998795
    outer loop
      vertex -5.81 26.55 2.75
      vertex 0 26.8195 2.73676
      vertex 0 26.55 2.75
    endloop
  endfacet
  facet normal -0 -0.0490688 -0.998795
    outer loop
      vertex 0 26.8195 2.73676
      vertex -5.81 26.55 2.75
      vertex -5.81 26.8195 2.73676
    endloop
  endfacet
  facet normal 3.0658e-19 0.903967 -0.427602
    outer loop
      vertex 0 24.0093 1.05238
      vertex -5.81 24.1247 1.29634
      vertex 0 24.1247 1.29634
    endloop
  endfacet
  facet normal 3.0658e-19 0.903967 -0.427602
    outer loop
      vertex -5.81 24.1247 1.29634
      vertex 0 24.0093 1.05238
      vertex -5.81 24.0093 1.05238
    endloop
  endfacet
  facet normal 3.72438e-20 0.998803 0.0489124
    outer loop
      vertex 0 23.8132 -0.269547
      vertex -5.81 23.8 0
      vertex 0 23.8 0
    endloop
  endfacet
  facet normal 3.72438e-20 0.998803 0.0489124
    outer loop
      vertex -5.81 23.8 0
      vertex 0 23.8132 -0.269547
      vertex -5.81 23.8132 -0.269547
    endloop
  endfacet
  facet normal 2.14452e-19 0.970008 -0.243072
    outer loop
      vertex 0 23.8528 0.536498
      vertex -5.81 23.9184 0.798283
      vertex 0 23.9184 0.798283
    endloop
  endfacet
  facet normal 2.14452e-19 0.970008 -0.243072
    outer loop
      vertex -5.81 23.9184 0.798283
      vertex 0 23.8528 0.536498
      vertex -5.81 23.8528 0.536498
    endloop
  endfacet
  facet normal -0 0.51406 0.857754
    outer loop
      vertex -5.81 25.2537 -2.42528
      vertex 0 25.0222 -2.28654
      vertex 0 25.2537 -2.42528
    endloop
  endfacet
  facet normal 0 0.51406 0.857754
    outer loop
      vertex 0 25.0222 -2.28654
      vertex -5.81 25.2537 -2.42528
      vertex -5.81 25.0222 -2.28654
    endloop
  endfacet
  facet normal 2.15177e-18 -0.740828 0.671695
    outer loop
      vertex -5.81 28.4945 -1.94454
      vertex 0 28.6758 -1.74458
      vertex -5.81 28.6758 -1.74458
    endloop
  endfacet
  facet normal 2.15177e-18 -0.740828 0.671695
    outer loop
      vertex 0 28.6758 -1.74458
      vertex -5.81 28.4945 -1.94454
      vertex 0 28.4945 -1.94454
    endloop
  endfacet
  facet normal -3.72438e-20 0.998803 -0.0489124
    outer loop
      vertex 0 23.8 0
      vertex -5.81 23.8132 0.269547
      vertex 0 23.8132 0.269547
    endloop
  endfacet
  facet normal -3.72438e-20 0.998803 -0.0489124
    outer loop
      vertex -5.81 23.8132 0.269547
      vertex 0 23.8 0
      vertex -5.81 23.8 0
    endloop
  endfacet
  facet normal 0 -0.242954 0.970038
    outer loop
      vertex -5.81 27.3483 -2.63159
      vertex 0 27.0865 -2.69716
      vertex 0 27.3483 -2.63159
    endloop
  endfacet
  facet normal 0 -0.242954 0.970038
    outer loop
      vertex 0 27.0865 -2.69716
      vertex -5.81 27.3483 -2.63159
      vertex -5.81 27.0865 -2.69716
    endloop
  endfacet
  facet normal 0 -0.595628 0.80326
    outer loop
      vertex -5.81 28.2946 -2.12578
      vertex 0 28.0778 -2.28654
      vertex 0 28.2946 -2.12578
    endloop
  endfacet
  facet normal 0 -0.595628 0.80326
    outer loop
      vertex 0 28.0778 -2.28654
      vertex -5.81 28.2946 -2.12578
      vertex -5.81 28.0778 -2.28654
    endloop
  endfacet
  facet normal -1.67023e-18 -0.857637 -0.514256
    outer loop
      vertex -5.81 28.9753 1.29634
      vertex 0 28.8365 1.52782
      vertex -5.81 28.8365 1.52782
    endloop
  endfacet
  facet normal -1.67023e-18 -0.857637 -0.514256
    outer loop
      vertex 0 28.8365 1.52782
      vertex -5.81 28.9753 1.29634
      vertex 0 28.9753 1.29634
    endloop
  endfacet
  facet normal 4.63367e-19 -0.941564 -0.336833
    outer loop
      vertex -5.81 29.1816 0.798283
      vertex 0 29.0907 1.05238
      vertex -5.81 29.0907 1.05238
    endloop
  endfacet
  facet normal 4.63367e-19 -0.941564 -0.336833
    outer loop
      vertex 0 29.0907 1.05238
      vertex -5.81 29.1816 0.798283
      vertex 0 29.1816 0.798283
    endloop
  endfacet
  facet normal -1.29492e-18 -0.803314 0.595555
    outer loop
      vertex -5.81 28.6758 -1.74458
      vertex 0 28.8365 -1.52782
      vertex -5.81 28.8365 -1.52782
    endloop
  endfacet
  facet normal -1.29492e-18 -0.803314 0.595555
    outer loop
      vertex 0 28.8365 -1.52782
      vertex -5.81 28.6758 -1.74458
      vertex 0 28.6758 -1.74458
    endloop
  endfacet
  facet normal 1.29492e-18 -0.803314 -0.595555
    outer loop
      vertex -5.81 28.8365 1.52782
      vertex 0 28.6758 1.74458
      vertex -5.81 28.6758 1.74458
    endloop
  endfacet
  facet normal 1.29492e-18 -0.803314 -0.595555
    outer loop
      vertex 0 28.6758 1.74458
      vertex -5.81 28.8365 1.52782
      vertex 0 28.8365 1.52782
    endloop
  endfacet
  facet normal 0 0.671683 -0.740838
    outer loop
      vertex -5.81 24.6055 1.94454
      vertex 0 24.8054 2.12578
      vertex 0 24.6055 1.94454
    endloop
  endfacet
  facet normal 0 0.671683 -0.740838
    outer loop
      vertex 0 24.8054 2.12578
      vertex -5.81 24.6055 1.94454
      vertex -5.81 24.8054 2.12578
    endloop
  endfacet
  facet normal -1.55683e-21 -0.998803 0.0489124
    outer loop
      vertex -5.81 29.2868 -0.269547
      vertex 0 29.3 0
      vertex -5.81 29.3 0
    endloop
  endfacet
  facet normal -1.55683e-21 -0.998803 0.0489124
    outer loop
      vertex 0 29.3 0
      vertex -5.81 29.2868 -0.269547
      vertex 0 29.2868 -0.269547
    endloop
  endfacet
  facet normal 0 0.14671 -0.98918
    outer loop
      vertex -5.81 26.0135 2.69716
      vertex 0 26.2805 2.73676
      vertex 0 26.0135 2.69716
    endloop
  endfacet
  facet normal 0 0.14671 -0.98918
    outer loop
      vertex 0 26.2805 2.73676
      vertex -5.81 26.0135 2.69716
      vertex -5.81 26.2805 2.73676
    endloop
  endfacet
  facet normal 3.72074e-20 -0.989176 0.146736
    outer loop
      vertex -5.81 29.2472 -0.536498
      vertex 0 29.2868 -0.269547
      vertex -5.81 29.2868 -0.269547
    endloop
  endfacet
  facet normal 3.72074e-20 -0.989176 0.146736
    outer loop
      vertex 0 29.2868 -0.269547
      vertex -5.81 29.2472 -0.536498
      vertex 0 29.2472 -0.536498
    endloop
  endfacet
  facet normal -0 0.242954 0.970038
    outer loop
      vertex -5.81 26.0135 -2.69716
      vertex 0 25.7517 -2.63159
      vertex 0 26.0135 -2.69716
    endloop
  endfacet
  facet normal 0 0.242954 0.970038
    outer loop
      vertex 0 25.7517 -2.63159
      vertex -5.81 26.0135 -2.69716
      vertex -5.81 25.7517 -2.63159
    endloop
  endfacet
  facet normal -0 0.0490688 0.998795
    outer loop
      vertex -5.81 26.55 -2.75
      vertex 0 26.2805 -2.73676
      vertex 0 26.55 -2.75
    endloop
  endfacet
  facet normal 0 0.0490688 0.998795
    outer loop
      vertex 0 26.2805 -2.73676
      vertex -5.81 26.55 -2.75
      vertex -5.81 26.2805 -2.73676
    endloop
  endfacet
  facet normal -2.14452e-19 -0.970008 -0.243072
    outer loop
      vertex -5.81 29.2472 0.536498
      vertex 0 29.1816 0.798283
      vertex -5.81 29.1816 0.798283
    endloop
  endfacet
  facet normal -2.14452e-19 -0.970008 -0.243072
    outer loop
      vertex 0 29.1816 0.798283
      vertex -5.81 29.2472 0.536498
      vertex 0 29.2472 0.536498
    endloop
  endfacet
  facet normal 7.15836e-19 -0.903967 0.427602
    outer loop
      vertex -5.81 28.9753 -1.29634
      vertex 0 29.0907 -1.05238
      vertex -5.81 29.0907 -1.05238
    endloop
  endfacet
  facet normal 7.15836e-19 -0.903967 0.427602
    outer loop
      vertex 0 29.0907 -1.05238
      vertex -5.81 28.9753 -1.29634
      vertex 0 28.9753 -1.29634
    endloop
  endfacet
  facet normal 0 0.51406 -0.857754
    outer loop
      vertex -5.81 25.0222 2.28654
      vertex 0 25.2537 2.42528
      vertex 0 25.0222 2.28654
    endloop
  endfacet
  facet normal 0 0.51406 -0.857754
    outer loop
      vertex 0 25.2537 2.42528
      vertex -5.81 25.0222 2.28654
      vertex -5.81 25.2537 2.42528
    endloop
  endfacet
  facet normal -0 0.336895 0.941542
    outer loop
      vertex -5.81 25.7517 -2.63159
      vertex 0 25.4976 -2.54067
      vertex 0 25.7517 -2.63159
    endloop
  endfacet
  facet normal 0 0.336895 0.941542
    outer loop
      vertex 0 25.4976 -2.54067
      vertex -5.81 25.7517 -2.63159
      vertex -5.81 25.4976 -2.54067
    endloop
  endfacet
  facet normal 0 -0.14671 -0.98918
    outer loop
      vertex -5.81 26.8195 2.73676
      vertex 0 27.0865 2.69716
      vertex 0 26.8195 2.73676
    endloop
  endfacet
  facet normal -0 -0.14671 -0.98918
    outer loop
      vertex 0 27.0865 2.69716
      vertex -5.81 26.8195 2.73676
      vertex -5.81 27.0865 2.69716
    endloop
  endfacet
  facet normal 3.72074e-20 0.989176 -0.146736
    outer loop
      vertex 0 23.8132 0.269547
      vertex -5.81 23.8528 0.536498
      vertex 0 23.8528 0.536498
    endloop
  endfacet
  facet normal 3.72074e-20 0.989176 -0.146736
    outer loop
      vertex -5.81 23.8528 0.536498
      vertex 0 23.8132 0.269547
      vertex -5.81 23.8132 0.269547
    endloop
  endfacet
  facet normal 1.21136e-18 0.803314 0.595555
    outer loop
      vertex 0 24.4242 -1.74458
      vertex -5.81 24.2635 -1.52782
      vertex 0 24.2635 -1.52782
    endloop
  endfacet
  facet normal 1.21136e-18 0.803314 0.595555
    outer loop
      vertex -5.81 24.2635 -1.52782
      vertex 0 24.4242 -1.74458
      vertex -5.81 24.4242 -1.74458
    endloop
  endfacet
  facet normal 1.67023e-18 -0.857637 0.514256
    outer loop
      vertex -5.81 28.8365 -1.52782
      vertex 0 28.9753 -1.29634
      vertex -5.81 28.9753 -1.29634
    endloop
  endfacet
  facet normal 1.67023e-18 -0.857637 0.514256
    outer loop
      vertex 0 28.9753 -1.29634
      vertex -5.81 28.8365 -1.52782
      vertex 0 28.8365 -1.52782
    endloop
  endfacet
  facet normal 0 -0.336895 -0.941542
    outer loop
      vertex -5.81 27.3483 2.63159
      vertex 0 27.6024 2.54067
      vertex 0 27.3483 2.63159
    endloop
  endfacet
  facet normal -0 -0.336895 -0.941542
    outer loop
      vertex 0 27.6024 2.54067
      vertex -5.81 27.3483 2.63159
      vertex -5.81 27.6024 2.54067
    endloop
  endfacet
  facet normal 0 -0.0490688 0.998795
    outer loop
      vertex -5.81 26.8195 -2.73676
      vertex 0 26.55 -2.75
      vertex 0 26.8195 -2.73676
    endloop
  endfacet
  facet normal 0 -0.0490688 0.998795
    outer loop
      vertex 0 26.55 -2.75
      vertex -5.81 26.8195 -2.73676
      vertex -5.81 26.55 -2.75
    endloop
  endfacet
  facet normal -0 0.671683 0.740838
    outer loop
      vertex -5.81 24.8054 -2.12578
      vertex 0 24.6055 -1.94454
      vertex 0 24.8054 -2.12578
    endloop
  endfacet
  facet normal 0 0.671683 0.740838
    outer loop
      vertex 0 24.6055 -1.94454
      vertex -5.81 24.8054 -2.12578
      vertex -5.81 24.6055 -1.94454
    endloop
  endfacet
  facet normal -3.72074e-20 -0.989176 -0.146736
    outer loop
      vertex -5.81 29.2868 0.269547
      vertex 0 29.2472 0.536498
      vertex -5.81 29.2472 0.536498
    endloop
  endfacet
  facet normal -3.72074e-20 -0.989176 -0.146736
    outer loop
      vertex 0 29.2472 0.536498
      vertex -5.81 29.2868 0.269547
      vertex 0 29.2868 0.269547
    endloop
  endfacet
  facet normal -1.67023e-18 0.857637 0.514256
    outer loop
      vertex 0 24.2635 -1.52782
      vertex -5.81 24.1247 -1.29634
      vertex 0 24.1247 -1.29634
    endloop
  endfacet
  facet normal -1.67023e-18 0.857637 0.514256
    outer loop
      vertex -5.81 24.1247 -1.29634
      vertex 0 24.2635 -1.52782
      vertex -5.81 24.2635 -1.52782
    endloop
  endfacet
  facet normal 0 -0.427658 -0.903941
    outer loop
      vertex -5.81 27.6024 2.54067
      vertex 0 27.8463 2.42528
      vertex 0 27.6024 2.54067
    endloop
  endfacet
  facet normal -0 -0.427658 -0.903941
    outer loop
      vertex 0 27.8463 2.42528
      vertex -5.81 27.6024 2.54067
      vertex -5.81 27.8463 2.42528
    endloop
  endfacet
  facet normal -2.15177e-18 0.740828 0.671695
    outer loop
      vertex 0 24.6055 -1.94454
      vertex -5.81 24.4242 -1.74458
      vertex 0 24.4242 -1.74458
    endloop
  endfacet
  facet normal -2.15177e-18 0.740828 0.671695
    outer loop
      vertex -5.81 24.4242 -1.74458
      vertex 0 24.6055 -1.94454
      vertex -5.81 24.6055 -1.94454
    endloop
  endfacet
  facet normal -4.63367e-19 -0.941564 0.336833
    outer loop
      vertex -5.81 29.0907 -1.05238
      vertex 0 29.1816 -0.798283
      vertex -5.81 29.1816 -0.798283
    endloop
  endfacet
  facet normal -4.63367e-19 -0.941564 0.336833
    outer loop
      vertex 0 29.1816 -0.798283
      vertex -5.81 29.0907 -1.05238
      vertex 0 29.0907 -1.05238
    endloop
  endfacet
  facet normal 0 -0.427658 0.903941
    outer loop
      vertex -5.81 27.8463 -2.42528
      vertex 0 27.6024 -2.54067
      vertex 0 27.8463 -2.42528
    endloop
  endfacet
  facet normal 0 -0.427658 0.903941
    outer loop
      vertex 0 27.6024 -2.54067
      vertex -5.81 27.8463 -2.42528
      vertex -5.81 27.6024 -2.54067
    endloop
  endfacet
  facet normal 0 0.336895 -0.941542
    outer loop
      vertex -5.81 25.4976 2.54067
      vertex 0 25.7517 2.63159
      vertex 0 25.4976 2.54067
    endloop
  endfacet
  facet normal 0 0.336895 -0.941542
    outer loop
      vertex 0 25.7517 2.63159
      vertex -5.81 25.4976 2.54067
      vertex -5.81 25.7517 2.63159
    endloop
  endfacet
  facet normal 0 0.595628 -0.80326
    outer loop
      vertex -5.81 24.8054 2.12578
      vertex 0 25.0222 2.28654
      vertex 0 24.8054 2.12578
    endloop
  endfacet
  facet normal 0 0.595628 -0.80326
    outer loop
      vertex 0 25.0222 2.28654
      vertex -5.81 24.8054 2.12578
      vertex -5.81 25.0222 2.28654
    endloop
  endfacet
  facet normal -7.15836e-19 -0.903967 -0.427602
    outer loop
      vertex -5.81 29.0907 1.05238
      vertex 0 28.9753 1.29634
      vertex -5.81 28.9753 1.29634
    endloop
  endfacet
  facet normal -7.15836e-19 -0.903967 -0.427602
    outer loop
      vertex 0 28.9753 1.29634
      vertex -5.81 29.0907 1.05238
      vertex 0 29.0907 1.05238
    endloop
  endfacet
  facet normal -2.15177e-18 -0.740828 -0.671695
    outer loop
      vertex -5.81 28.6758 1.74458
      vertex 0 28.4945 1.94454
      vertex -5.81 28.4945 1.94454
    endloop
  endfacet
  facet normal -2.15177e-18 -0.740828 -0.671695
    outer loop
      vertex 0 28.4945 1.94454
      vertex -5.81 28.6758 1.74458
      vertex 0 28.6758 1.74458
    endloop
  endfacet
  facet normal -3.72074e-20 0.989176 0.146736
    outer loop
      vertex 0 23.8528 -0.536498
      vertex -5.81 23.8132 -0.269547
      vertex 0 23.8132 -0.269547
    endloop
  endfacet
  facet normal -3.72074e-20 0.989176 0.146736
    outer loop
      vertex -5.81 23.8132 -0.269547
      vertex 0 23.8528 -0.536498
      vertex -5.81 23.8528 -0.536498
    endloop
  endfacet
  facet normal 0 -0.51406 -0.857754
    outer loop
      vertex -5.81 27.8463 2.42528
      vertex 0 28.0778 2.28654
      vertex 0 27.8463 2.42528
    endloop
  endfacet
  facet normal -0 -0.51406 -0.857754
    outer loop
      vertex 0 28.0778 2.28654
      vertex -5.81 27.8463 2.42528
      vertex -5.81 28.0778 2.28654
    endloop
  endfacet
  facet normal 0 0.0490688 -0.998795
    outer loop
      vertex -5.81 26.2805 2.73676
      vertex 0 26.55 2.75
      vertex 0 26.2805 2.73676
    endloop
  endfacet
  facet normal 0 0.0490688 -0.998795
    outer loop
      vertex 0 26.55 2.75
      vertex -5.81 26.2805 2.73676
      vertex -5.81 26.55 2.75
    endloop
  endfacet
  facet normal 0 -0.671683 0.740838
    outer loop
      vertex -5.81 28.4945 -1.94454
      vertex 0 28.2946 -2.12578
      vertex 0 28.4945 -1.94454
    endloop
  endfacet
  facet normal 0 -0.671683 0.740838
    outer loop
      vertex 0 28.2946 -2.12578
      vertex -5.81 28.4945 -1.94454
      vertex -5.81 28.2946 -2.12578
    endloop
  endfacet
  facet normal 0 0.242954 -0.970038
    outer loop
      vertex -5.81 25.7517 2.63159
      vertex 0 26.0135 2.69716
      vertex 0 25.7517 2.63159
    endloop
  endfacet
  facet normal 0 0.242954 -0.970038
    outer loop
      vertex 0 26.0135 2.69716
      vertex -5.81 25.7517 2.63159
      vertex -5.81 26.0135 2.69716
    endloop
  endfacet
  facet normal 0 -0.336895 0.941542
    outer loop
      vertex -5.81 27.6024 -2.54067
      vertex 0 27.3483 -2.63159
      vertex 0 27.6024 -2.54067
    endloop
  endfacet
  facet normal 0 -0.336895 0.941542
    outer loop
      vertex 0 27.3483 -2.63159
      vertex -5.81 27.6024 -2.54067
      vertex -5.81 27.3483 -2.63159
    endloop
  endfacet
  facet normal -0 0.14671 0.98918
    outer loop
      vertex -5.81 26.2805 -2.73676
      vertex 0 26.0135 -2.69716
      vertex 0 26.2805 -2.73676
    endloop
  endfacet
  facet normal 0 0.14671 0.98918
    outer loop
      vertex 0 26.0135 -2.69716
      vertex -5.81 26.2805 -2.73676
      vertex -5.81 26.0135 -2.69716
    endloop
  endfacet
  facet normal 4.63367e-19 0.941564 0.336833
    outer loop
      vertex 0 24.0093 -1.05238
      vertex -5.81 23.9184 -0.798283
      vertex 0 23.9184 -0.798283
    endloop
  endfacet
  facet normal 4.63367e-19 0.941564 0.336833
    outer loop
      vertex -5.81 23.9184 -0.798283
      vertex 0 24.0093 -1.05238
      vertex -5.81 24.0093 -1.05238
    endloop
  endfacet
  facet normal -2.14452e-19 0.970008 0.243072
    outer loop
      vertex 0 23.9184 -0.798283
      vertex -5.81 23.8528 -0.536498
      vertex 0 23.8528 -0.536498
    endloop
  endfacet
  facet normal -2.14452e-19 0.970008 0.243072
    outer loop
      vertex -5.81 23.8528 -0.536498
      vertex 0 23.9184 -0.798283
      vertex -5.81 23.9184 -0.798283
    endloop
  endfacet
  facet normal -1.21136e-18 0.803314 -0.595555
    outer loop
      vertex 0 24.2635 1.52782
      vertex -5.81 24.4242 1.74458
      vertex 0 24.4242 1.74458
    endloop
  endfacet
  facet normal -1.21136e-18 0.803314 -0.595555
    outer loop
      vertex -5.81 24.4242 1.74458
      vertex 0 24.2635 1.52782
      vertex -5.81 24.2635 1.52782
    endloop
  endfacet
  facet normal -0 0.595628 0.80326
    outer loop
      vertex -5.81 25.0222 -2.28654
      vertex 0 24.8054 -2.12578
      vertex 0 25.0222 -2.28654
    endloop
  endfacet
  facet normal 0 0.595628 0.80326
    outer loop
      vertex 0 24.8054 -2.12578
      vertex -5.81 25.0222 -2.28654
      vertex -5.81 24.8054 -2.12578
    endloop
  endfacet
  facet normal -4.63367e-19 0.941564 -0.336833
    outer loop
      vertex 0 23.9184 0.798283
      vertex -5.81 24.0093 1.05238
      vertex 0 24.0093 1.05238
    endloop
  endfacet
  facet normal -4.63367e-19 0.941564 -0.336833
    outer loop
      vertex -5.81 24.0093 1.05238
      vertex 0 23.9184 0.798283
      vertex -5.81 23.9184 0.798283
    endloop
  endfacet
  facet normal 0 -0.671683 -0.740838
    outer loop
      vertex -5.81 28.2946 2.12578
      vertex 0 28.4945 1.94454
      vertex 0 28.2946 2.12578
    endloop
  endfacet
  facet normal -0 -0.671683 -0.740838
    outer loop
      vertex 0 28.4945 1.94454
      vertex -5.81 28.2946 2.12578
      vertex -5.81 28.4945 1.94454
    endloop
  endfacet
  facet normal 1.67023e-18 0.857637 -0.514256
    outer loop
      vertex 0 24.1247 1.29634
      vertex -5.81 24.2635 1.52782
      vertex 0 24.2635 1.52782
    endloop
  endfacet
  facet normal 1.67023e-18 0.857637 -0.514256
    outer loop
      vertex -5.81 24.2635 1.52782
      vertex 0 24.1247 1.29634
      vertex -5.81 24.1247 1.29634
    endloop
  endfacet
  facet normal 0 0.427658 -0.903941
    outer loop
      vertex -5.81 25.2537 2.42528
      vertex 0 25.4976 2.54067
      vertex 0 25.2537 2.42528
    endloop
  endfacet
  facet normal 0 0.427658 -0.903941
    outer loop
      vertex 0 25.4976 2.54067
      vertex -5.81 25.2537 2.42528
      vertex -5.81 25.4976 2.54067
    endloop
  endfacet
  facet normal 0 -0.51406 0.857754
    outer loop
      vertex -5.81 28.0778 -2.28654
      vertex 0 27.8463 -2.42528
      vertex 0 28.0778 -2.28654
    endloop
  endfacet
  facet normal 0 -0.51406 0.857754
    outer loop
      vertex 0 27.8463 -2.42528
      vertex -5.81 28.0778 -2.28654
      vertex -5.81 27.8463 -2.42528
    endloop
  endfacet
  facet normal -3.0658e-19 0.903967 0.427602
    outer loop
      vertex 0 24.1247 -1.29634
      vertex -5.81 24.0093 -1.05238
      vertex 0 24.0093 -1.05238
    endloop
  endfacet
  facet normal -3.0658e-19 0.903967 0.427602
    outer loop
      vertex -5.81 24.0093 -1.05238
      vertex 0 24.1247 -1.29634
      vertex -5.81 24.1247 -1.29634
    endloop
  endfacet
  facet normal -0 0.427658 0.903941
    outer loop
      vertex -5.81 25.4976 -2.54067
      vertex 0 25.2537 -2.42528
      vertex 0 25.4976 -2.54067
    endloop
  endfacet
  facet normal 0 0.427658 0.903941
    outer loop
      vertex 0 25.2537 -2.42528
      vertex -5.81 25.4976 -2.54067
      vertex -5.81 25.2537 -2.42528
    endloop
  endfacet
  facet normal 0 -0.14671 0.98918
    outer loop
      vertex -5.81 27.0865 -2.69716
      vertex 0 26.8195 -2.73676
      vertex 0 27.0865 -2.69716
    endloop
  endfacet
  facet normal 0 -0.14671 0.98918
    outer loop
      vertex 0 26.8195 -2.73676
      vertex -5.81 27.0865 -2.69716
      vertex -5.81 26.8195 -2.73676
    endloop
  endfacet
  facet normal 2.15177e-18 0.740828 -0.671695
    outer loop
      vertex 0 24.4242 1.74458
      vertex -5.81 24.6055 1.94454
      vertex 0 24.6055 1.94454
    endloop
  endfacet
  facet normal 2.15177e-18 0.740828 -0.671695
    outer loop
      vertex -5.81 24.6055 1.94454
      vertex 0 24.4242 1.74458
      vertex -5.81 24.4242 1.74458
    endloop
  endfacet
  facet normal 0 1 -0
    outer loop
      vertex -5.81 -31.55 -2.88675
      vertex -11.5 -31.55 2.88675
      vertex -5.81 -31.55 2.88675
    endloop
  endfacet
  facet normal 0 1 0
    outer loop
      vertex -11.5 -31.55 2.88675
      vertex -5.81 -31.55 -2.88675
      vertex -11.5 -31.55 -2.88675
    endloop
  endfacet
  facet normal 0 -1 0
    outer loop
      vertex -11.5 -21.55 -2.88675
      vertex -5.81 -21.55 2.88675
      vertex -11.5 -21.55 2.88675
    endloop
  endfacet
  facet normal 0 -1 -0
    outer loop
      vertex -5.81 -21.55 2.88675
      vertex -11.5 -21.55 -2.88675
      vertex -5.81 -21.55 -2.88675
    endloop
  endfacet
  facet normal 0 -0.5 -0.866026
    outer loop
      vertex -11.5 -26.55 5.7735
      vertex -5.81 -21.55 2.88675
      vertex -5.81 -26.55 5.7735
    endloop
  endfacet
  facet normal -0 -0.5 -0.866026
    outer loop
      vertex -5.81 -21.55 2.88675
      vertex -11.5 -26.55 5.7735
      vertex -11.5 -21.55 2.88675
    endloop
  endfacet
  facet normal -1 0 0
    outer loop
      vertex -5.81 -21.55 -2.88675
      vertex -5.81 -23.8 0
      vertex -5.81 -21.55 2.88675
    endloop
  endfacet
  facet normal -1 0 0
    outer loop
      vertex -5.81 -21.55 -2.88675
      vertex -5.81 -23.8132 -0.269547
      vertex -5.81 -23.8 0
    endloop
  endfacet
  facet normal -1 0 0
    outer loop
      vertex -5.81 -21.55 -2.88675
      vertex -5.81 -23.8528 -0.536498
      vertex -5.81 -23.8132 -0.269547
    endloop
  endfacet
  facet normal -1 0 0
    outer loop
      vertex -5.81 -21.55 -2.88675
      vertex -5.81 -23.9184 -0.798283
      vertex -5.81 -23.8528 -0.536498
    endloop
  endfacet
  facet normal -1 0 0
    outer loop
      vertex -5.81 -21.55 -2.88675
      vertex -5.81 -24.0093 -1.05238
      vertex -5.81 -23.9184 -0.798283
    endloop
  endfacet
  facet normal -1 0 0
    outer loop
      vertex -5.81 -21.55 -2.88675
      vertex -5.81 -24.1247 -1.29634
      vertex -5.81 -24.0093 -1.05238
    endloop
  endfacet
  facet normal -1 0 0
    outer loop
      vertex -5.81 -21.55 -2.88675
      vertex -5.81 -24.2635 -1.52782
      vertex -5.81 -24.1247 -1.29634
    endloop
  endfacet
  facet normal -1 0 0
    outer loop
      vertex -5.81 -21.55 -2.88675
      vertex -5.81 -24.4242 -1.74458
      vertex -5.81 -24.2635 -1.52782
    endloop
  endfacet
  facet normal -1 0 0
    outer loop
      vertex -5.81 -21.55 -2.88675
      vertex -5.81 -24.6055 -1.94454
      vertex -5.81 -24.4242 -1.74458
    endloop
  endfacet
  facet normal -1 0 0
    outer loop
      vertex -5.81 -21.55 -2.88675
      vertex -5.81 -24.8054 -2.12578
      vertex -5.81 -24.6055 -1.94454
    endloop
  endfacet
  facet normal -1 0 0
    outer loop
      vertex -5.81 -21.55 -2.88675
      vertex -5.81 -25.0222 -2.28654
      vertex -5.81 -24.8054 -2.12578
    endloop
  endfacet
  facet normal -1 0 0
    outer loop
      vertex -5.81 -21.55 -2.88675
      vertex -5.81 -25.2537 -2.42528
      vertex -5.81 -25.0222 -2.28654
    endloop
  endfacet
  facet normal -1 0 0
    outer loop
      vertex -5.81 -26.55 -5.7735
      vertex -5.81 -25.2537 -2.42528
      vertex -5.81 -21.55 -2.88675
    endloop
  endfacet
  facet normal -1 0 0
    outer loop
      vertex -5.81 -25.2537 -2.42528
      vertex -5.81 -26.55 -5.7735
      vertex -5.81 -25.4976 -2.54067
    endloop
  endfacet
  facet normal -1 0 0
    outer loop
      vertex -5.81 -25.4976 -2.54067
      vertex -5.81 -26.55 -5.7735
      vertex -5.81 -25.7517 -2.63159
    endloop
  endfacet
  facet normal -1 0 0
    outer loop
      vertex -5.81 -25.7517 -2.63159
      vertex -5.81 -26.55 -5.7735
      vertex -5.81 -26.0135 -2.69716
    endloop
  endfacet
  facet normal -1 0 0
    outer loop
      vertex -5.81 -26.0135 -2.69716
      vertex -5.81 -26.55 -5.7735
      vertex -5.81 -26.2805 -2.73676
    endloop
  endfacet
  facet normal -1 0 0
    outer loop
      vertex -5.81 -26.55 -5.7735
      vertex -5.81 -26.55 -2.75
      vertex -5.81 -26.2805 -2.73676
    endloop
  endfacet
  facet normal -1 0 0
    outer loop
      vertex -5.81 -26.55 -5.7735
      vertex -5.81 -26.8195 -2.73676
      vertex -5.81 -26.55 -2.75
    endloop
  endfacet
  facet normal -1 0 0
    outer loop
      vertex -5.81 -26.55 -5.7735
      vertex -5.81 -27.0865 -2.69716
      vertex -5.81 -26.8195 -2.73676
    endloop
  endfacet
  facet normal -1 0 0
    outer loop
      vertex -5.81 -26.55 -5.7735
      vertex -5.81 -27.3483 -2.63159
      vertex -5.81 -27.0865 -2.69716
    endloop
  endfacet
  facet normal -1 0 0
    outer loop
      vertex -5.81 -26.55 -5.7735
      vertex -5.81 -27.6024 -2.54067
      vertex -5.81 -27.3483 -2.63159
    endloop
  endfacet
  facet normal -1 0 0
    outer loop
      vertex -5.81 -26.55 -5.7735
      vertex -5.81 -27.8463 -2.42528
      vertex -5.81 -27.6024 -2.54067
    endloop
  endfacet
  facet normal -1 0 0
    outer loop
      vertex -5.81 -31.55 -2.88675
      vertex -5.81 -27.8463 -2.42528
      vertex -5.81 -26.55 -5.7735
    endloop
  endfacet
  facet normal -1 -0 0
    outer loop
      vertex -5.81 -27.8463 -2.42528
      vertex -5.81 -31.55 -2.88675
      vertex -5.81 -28.0778 -2.28654
    endloop
  endfacet
  facet normal -1 -0 0
    outer loop
      vertex -5.81 -28.0778 -2.28654
      vertex -5.81 -31.55 -2.88675
      vertex -5.81 -28.2946 -2.12578
    endloop
  endfacet
  facet normal -1 -0 0
    outer loop
      vertex -5.81 -28.2946 -2.12578
      vertex -5.81 -31.55 -2.88675
      vertex -5.81 -28.4945 -1.94454
    endloop
  endfacet
  facet normal -1 -0 0
    outer loop
      vertex -5.81 -28.4945 -1.94454
      vertex -5.81 -31.55 -2.88675
      vertex -5.81 -28.6758 -1.74458
    endloop
  endfacet
  facet normal -1 -0 0
    outer loop
      vertex -5.81 -28.6758 -1.74458
      vertex -5.81 -31.55 -2.88675
      vertex -5.81 -28.8365 -1.52782
    endloop
  endfacet
  facet normal -1 -0 0
    outer loop
      vertex -5.81 -29.2868 -0.269547
      vertex -5.81 -31.55 -2.88675
      vertex -5.81 -29.3 0
    endloop
  endfacet
  facet normal -1 -0 0
    outer loop
      vertex -5.81 -29.2472 -0.536498
      vertex -5.81 -31.55 -2.88675
      vertex -5.81 -29.2868 -0.269547
    endloop
  endfacet
  facet normal -1 -0 0
    outer loop
      vertex -5.81 -29.1816 -0.798283
      vertex -5.81 -31.55 -2.88675
      vertex -5.81 -29.2472 -0.536498
    endloop
  endfacet
  facet normal -1 -0 0
    outer loop
      vertex -5.81 -29.0907 -1.05238
      vertex -5.81 -31.55 -2.88675
      vertex -5.81 -29.1816 -0.798283
    endloop
  endfacet
  facet normal -1 -0 0
    outer loop
      vertex -5.81 -28.9753 -1.29634
      vertex -5.81 -31.55 -2.88675
      vertex -5.81 -29.0907 -1.05238
    endloop
  endfacet
  facet normal -1 -0 0
    outer loop
      vertex -5.81 -28.8365 -1.52782
      vertex -5.81 -31.55 -2.88675
      vertex -5.81 -28.9753 -1.29634
    endloop
  endfacet
  facet normal -1 0 0
    outer loop
      vertex -5.81 -23.8132 0.269547
      vertex -5.81 -21.55 2.88675
      vertex -5.81 -23.8 0
    endloop
  endfacet
  facet normal -1 0 0
    outer loop
      vertex -5.81 -23.8528 0.536498
      vertex -5.81 -21.55 2.88675
      vertex -5.81 -23.8132 0.269547
    endloop
  endfacet
  facet normal -1 0 0
    outer loop
      vertex -5.81 -23.9184 0.798283
      vertex -5.81 -21.55 2.88675
      vertex -5.81 -23.8528 0.536498
    endloop
  endfacet
  facet normal -1 0 0
    outer loop
      vertex -5.81 -24.0093 1.05238
      vertex -5.81 -21.55 2.88675
      vertex -5.81 -23.9184 0.798283
    endloop
  endfacet
  facet normal -1 0 0
    outer loop
      vertex -5.81 -24.1247 1.29634
      vertex -5.81 -21.55 2.88675
      vertex -5.81 -24.0093 1.05238
    endloop
  endfacet
  facet normal -1 0 0
    outer loop
      vertex -5.81 -24.2635 1.52782
      vertex -5.81 -21.55 2.88675
      vertex -5.81 -24.1247 1.29634
    endloop
  endfacet
  facet normal -1 0 0
    outer loop
      vertex -5.81 -24.4242 1.74458
      vertex -5.81 -21.55 2.88675
      vertex -5.81 -24.2635 1.52782
    endloop
  endfacet
  facet normal -1 0 0
    outer loop
      vertex -5.81 -24.6055 1.94454
      vertex -5.81 -21.55 2.88675
      vertex -5.81 -24.4242 1.74458
    endloop
  endfacet
  facet normal -1 0 0
    outer loop
      vertex -5.81 -24.8054 2.12578
      vertex -5.81 -21.55 2.88675
      vertex -5.81 -24.6055 1.94454
    endloop
  endfacet
  facet normal -1 0 0
    outer loop
      vertex -5.81 -25.0222 2.28654
      vertex -5.81 -21.55 2.88675
      vertex -5.81 -24.8054 2.12578
    endloop
  endfacet
  facet normal -1 0 0
    outer loop
      vertex -5.81 -25.2537 2.42528
      vertex -5.81 -21.55 2.88675
      vertex -5.81 -25.0222 2.28654
    endloop
  endfacet
  facet normal -1 0 0
    outer loop
      vertex -5.81 -26.55 5.7735
      vertex -5.81 -25.2537 2.42528
      vertex -5.81 -25.4976 2.54067
    endloop
  endfacet
  facet normal -1 0 0
    outer loop
      vertex -5.81 -26.55 5.7735
      vertex -5.81 -25.4976 2.54067
      vertex -5.81 -25.7517 2.63159
    endloop
  endfacet
  facet normal -1 0 0
    outer loop
      vertex -5.81 -26.55 5.7735
      vertex -5.81 -25.7517 2.63159
      vertex -5.81 -26.0135 2.69716
    endloop
  endfacet
  facet normal -1 0 0
    outer loop
      vertex -5.81 -26.55 5.7735
      vertex -5.81 -26.0135 2.69716
      vertex -5.81 -26.2805 2.73676
    endloop
  endfacet
  facet normal -1 0 0
    outer loop
      vertex -5.81 -26.55 5.7735
      vertex -5.81 -26.2805 2.73676
      vertex -5.81 -26.55 2.75
    endloop
  endfacet
  facet normal -1 0 0
    outer loop
      vertex -5.81 -25.2537 2.42528
      vertex -5.81 -26.55 5.7735
      vertex -5.81 -21.55 2.88675
    endloop
  endfacet
  facet normal -1 0 0
    outer loop
      vertex -5.81 -26.8195 2.73676
      vertex -5.81 -26.55 5.7735
      vertex -5.81 -26.55 2.75
    endloop
  endfacet
  facet normal -1 0 0
    outer loop
      vertex -5.81 -27.0865 2.69716
      vertex -5.81 -26.55 5.7735
      vertex -5.81 -26.8195 2.73676
    endloop
  endfacet
  facet normal -1 0 0
    outer loop
      vertex -5.81 -27.3483 2.63159
      vertex -5.81 -26.55 5.7735
      vertex -5.81 -27.0865 2.69716
    endloop
  endfacet
  facet normal -1 0 0
    outer loop
      vertex -5.81 -27.6024 2.54067
      vertex -5.81 -26.55 5.7735
      vertex -5.81 -27.3483 2.63159
    endloop
  endfacet
  facet normal -1 0 0
    outer loop
      vertex -5.81 -27.8463 2.42528
      vertex -5.81 -26.55 5.7735
      vertex -5.81 -27.6024 2.54067
    endloop
  endfacet
  facet normal -1 0 0
    outer loop
      vertex -5.81 -31.55 2.88675
      vertex -5.81 -27.8463 2.42528
      vertex -5.81 -28.0778 2.28654
    endloop
  endfacet
  facet normal -1 0 0
    outer loop
      vertex -5.81 -31.55 2.88675
      vertex -5.81 -28.0778 2.28654
      vertex -5.81 -28.2946 2.12578
    endloop
  endfacet
  facet normal -1 0 0
    outer loop
      vertex -5.81 -31.55 2.88675
      vertex -5.81 -28.2946 2.12578
      vertex -5.81 -28.4945 1.94454
    endloop
  endfacet
  facet normal -1 0 0
    outer loop
      vertex -5.81 -31.55 2.88675
      vertex -5.81 -28.4945 1.94454
      vertex -5.81 -28.6758 1.74458
    endloop
  endfacet
  facet normal -1 0 0
    outer loop
      vertex -5.81 -31.55 2.88675
      vertex -5.81 -28.6758 1.74458
      vertex -5.81 -28.8365 1.52782
    endloop
  endfacet
  facet normal -1 0 0
    outer loop
      vertex -5.81 -31.55 2.88675
      vertex -5.81 -28.8365 1.52782
      vertex -5.81 -28.9753 1.29634
    endloop
  endfacet
  facet normal -1 0 0
    outer loop
      vertex -5.81 -31.55 2.88675
      vertex -5.81 -29.3 0
      vertex -5.81 -31.55 -2.88675
    endloop
  endfacet
  facet normal -1 0 0
    outer loop
      vertex -5.81 -29.3 0
      vertex -5.81 -31.55 2.88675
      vertex -5.81 -29.2868 0.269547
    endloop
  endfacet
  facet normal -1 0 0
    outer loop
      vertex -5.81 -29.2868 0.269547
      vertex -5.81 -31.55 2.88675
      vertex -5.81 -29.2472 0.536498
    endloop
  endfacet
  facet normal -1 0 0
    outer loop
      vertex -5.81 -29.2472 0.536498
      vertex -5.81 -31.55 2.88675
      vertex -5.81 -29.1816 0.798283
    endloop
  endfacet
  facet normal -1 0 0
    outer loop
      vertex -5.81 -29.1816 0.798283
      vertex -5.81 -31.55 2.88675
      vertex -5.81 -29.0907 1.05238
    endloop
  endfacet
  facet normal -1 0 0
    outer loop
      vertex -5.81 -29.0907 1.05238
      vertex -5.81 -31.55 2.88675
      vertex -5.81 -28.9753 1.29634
    endloop
  endfacet
  facet normal -1 0 0
    outer loop
      vertex -5.81 -27.8463 2.42528
      vertex -5.81 -31.55 2.88675
      vertex -5.81 -26.55 5.7735
    endloop
  endfacet
  facet normal 0 -0.5 0.866026
    outer loop
      vertex -11.5 -21.55 -2.88675
      vertex -5.81 -26.55 -5.7735
      vertex -5.81 -21.55 -2.88675
    endloop
  endfacet
  facet normal 0 -0.5 0.866026
    outer loop
      vertex -5.81 -26.55 -5.7735
      vertex -11.5 -21.55 -2.88675
      vertex -11.5 -26.55 -5.7735
    endloop
  endfacet
  facet normal 0 0.5 -0.866026
    outer loop
      vertex -11.5 -31.55 2.88675
      vertex -5.81 -26.55 5.7735
      vertex -5.81 -31.55 2.88675
    endloop
  endfacet
  facet normal 0 0.5 -0.866026
    outer loop
      vertex -5.81 -26.55 5.7735
      vertex -11.5 -31.55 2.88675
      vertex -11.5 -26.55 5.7735
    endloop
  endfacet
  facet normal -0 0.5 0.866026
    outer loop
      vertex -11.5 -26.55 -5.7735
      vertex -5.81 -31.55 -2.88675
      vertex -5.81 -26.55 -5.7735
    endloop
  endfacet
  facet normal 0 0.5 0.866026
    outer loop
      vertex -5.81 -31.55 -2.88675
      vertex -11.5 -26.55 -5.7735
      vertex -11.5 -31.55 -2.88675
    endloop
  endfacet
  facet normal 0 1 -0
    outer loop
      vertex -5.81 21.55 -2.88675
      vertex -11.5 21.55 2.88675
      vertex -5.81 21.55 2.88675
    endloop
  endfacet
  facet normal 0 1 0
    outer loop
      vertex -11.5 21.55 2.88675
      vertex -5.81 21.55 -2.88675
      vertex -11.5 21.55 -2.88675
    endloop
  endfacet
  facet normal -0 0.5 0.866026
    outer loop
      vertex -11.5 26.55 -5.7735
      vertex -5.81 21.55 -2.88675
      vertex -5.81 26.55 -5.7735
    endloop
  endfacet
  facet normal 0 0.5 0.866026
    outer loop
      vertex -5.81 21.55 -2.88675
      vertex -11.5 26.55 -5.7735
      vertex -11.5 21.55 -2.88675
    endloop
  endfacet
  facet normal 0 -1 0
    outer loop
      vertex -11.5 31.55 -2.88675
      vertex -5.81 31.55 2.88675
      vertex -11.5 31.55 2.88675
    endloop
  endfacet
  facet normal 0 -1 -0
    outer loop
      vertex -5.81 31.55 2.88675
      vertex -11.5 31.55 -2.88675
      vertex -5.81 31.55 -2.88675
    endloop
  endfacet
  facet normal 0 -0.5 -0.866026
    outer loop
      vertex -11.5 26.55 5.7735
      vertex -5.81 31.55 2.88675
      vertex -5.81 26.55 5.7735
    endloop
  endfacet
  facet normal -0 -0.5 -0.866026
    outer loop
      vertex -5.81 31.55 2.88675
      vertex -11.5 26.55 5.7735
      vertex -11.5 31.55 2.88675
    endloop
  endfacet
  facet normal -1 0 0
    outer loop
      vertex -5.81 31.55 -2.88675
      vertex -5.81 29.3 0
      vertex -5.81 31.55 2.88675
    endloop
  endfacet
  facet normal -1 0 0
    outer loop
      vertex -5.81 31.55 -2.88675
      vertex -5.81 29.2868 -0.269547
      vertex -5.81 29.3 0
    endloop
  endfacet
  facet normal -1 0 0
    outer loop
      vertex -5.81 31.55 -2.88675
      vertex -5.81 29.2472 -0.536498
      vertex -5.81 29.2868 -0.269547
    endloop
  endfacet
  facet normal -1 0 0
    outer loop
      vertex -5.81 31.55 -2.88675
      vertex -5.81 29.1816 -0.798283
      vertex -5.81 29.2472 -0.536498
    endloop
  endfacet
  facet normal -1 0 0
    outer loop
      vertex -5.81 31.55 -2.88675
      vertex -5.81 29.0907 -1.05238
      vertex -5.81 29.1816 -0.798283
    endloop
  endfacet
  facet normal -1 0 0
    outer loop
      vertex -5.81 31.55 -2.88675
      vertex -5.81 28.9753 -1.29634
      vertex -5.81 29.0907 -1.05238
    endloop
  endfacet
  facet normal -1 0 0
    outer loop
      vertex -5.81 31.55 -2.88675
      vertex -5.81 28.8365 -1.52782
      vertex -5.81 28.9753 -1.29634
    endloop
  endfacet
  facet normal -1 0 0
    outer loop
      vertex -5.81 31.55 -2.88675
      vertex -5.81 28.6758 -1.74458
      vertex -5.81 28.8365 -1.52782
    endloop
  endfacet
  facet normal -1 0 0
    outer loop
      vertex -5.81 31.55 -2.88675
      vertex -5.81 28.4945 -1.94454
      vertex -5.81 28.6758 -1.74458
    endloop
  endfacet
  facet normal -1 0 0
    outer loop
      vertex -5.81 31.55 -2.88675
      vertex -5.81 28.2946 -2.12578
      vertex -5.81 28.4945 -1.94454
    endloop
  endfacet
  facet normal -1 0 0
    outer loop
      vertex -5.81 31.55 -2.88675
      vertex -5.81 28.0778 -2.28654
      vertex -5.81 28.2946 -2.12578
    endloop
  endfacet
  facet normal -1 0 0
    outer loop
      vertex -5.81 31.55 -2.88675
      vertex -5.81 27.8463 -2.42528
      vertex -5.81 28.0778 -2.28654
    endloop
  endfacet
  facet normal -1 0 0
    outer loop
      vertex -5.81 26.55 -5.7735
      vertex -5.81 27.8463 -2.42528
      vertex -5.81 31.55 -2.88675
    endloop
  endfacet
  facet normal -1 0 0
    outer loop
      vertex -5.81 27.8463 -2.42528
      vertex -5.81 26.55 -5.7735
      vertex -5.81 27.6024 -2.54067
    endloop
  endfacet
  facet normal -1 0 0
    outer loop
      vertex -5.81 27.6024 -2.54067
      vertex -5.81 26.55 -5.7735
      vertex -5.81 27.3483 -2.63159
    endloop
  endfacet
  facet normal -1 0 0
    outer loop
      vertex -5.81 27.3483 -2.63159
      vertex -5.81 26.55 -5.7735
      vertex -5.81 27.0865 -2.69716
    endloop
  endfacet
  facet normal -1 0 0
    outer loop
      vertex -5.81 27.0865 -2.69716
      vertex -5.81 26.55 -5.7735
      vertex -5.81 26.8195 -2.73676
    endloop
  endfacet
  facet normal -1 0 0
    outer loop
      vertex -5.81 26.55 -5.7735
      vertex -5.81 26.55 -2.75
      vertex -5.81 26.8195 -2.73676
    endloop
  endfacet
  facet normal -1 0 0
    outer loop
      vertex -5.81 26.55 -5.7735
      vertex -5.81 26.2805 -2.73676
      vertex -5.81 26.55 -2.75
    endloop
  endfacet
  facet normal -1 0 0
    outer loop
      vertex -5.81 26.55 -5.7735
      vertex -5.81 26.0135 -2.69716
      vertex -5.81 26.2805 -2.73676
    endloop
  endfacet
  facet normal -1 0 0
    outer loop
      vertex -5.81 26.55 -5.7735
      vertex -5.81 25.7517 -2.63159
      vertex -5.81 26.0135 -2.69716
    endloop
  endfacet
  facet normal -1 0 0
    outer loop
      vertex -5.81 26.55 -5.7735
      vertex -5.81 25.4976 -2.54067
      vertex -5.81 25.7517 -2.63159
    endloop
  endfacet
  facet normal -1 0 0
    outer loop
      vertex -5.81 26.55 -5.7735
      vertex -5.81 25.2537 -2.42528
      vertex -5.81 25.4976 -2.54067
    endloop
  endfacet
  facet normal -1 0 0
    outer loop
      vertex -5.81 21.55 -2.88675
      vertex -5.81 25.2537 -2.42528
      vertex -5.81 26.55 -5.7735
    endloop
  endfacet
  facet normal -1 -0 0
    outer loop
      vertex -5.81 25.2537 -2.42528
      vertex -5.81 21.55 -2.88675
      vertex -5.81 25.0222 -2.28654
    endloop
  endfacet
  facet normal -1 -0 0
    outer loop
      vertex -5.81 25.0222 -2.28654
      vertex -5.81 21.55 -2.88675
      vertex -5.81 24.8054 -2.12578
    endloop
  endfacet
  facet normal -1 -0 0
    outer loop
      vertex -5.81 24.8054 -2.12578
      vertex -5.81 21.55 -2.88675
      vertex -5.81 24.6055 -1.94454
    endloop
  endfacet
  facet normal -1 -0 0
    outer loop
      vertex -5.81 24.6055 -1.94454
      vertex -5.81 21.55 -2.88675
      vertex -5.81 24.4242 -1.74458
    endloop
  endfacet
  facet normal -1 -0 0
    outer loop
      vertex -5.81 24.4242 -1.74458
      vertex -5.81 21.55 -2.88675
      vertex -5.81 24.2635 -1.52782
    endloop
  endfacet
  facet normal -1 -0 0
    outer loop
      vertex -5.81 23.8132 -0.269547
      vertex -5.81 21.55 -2.88675
      vertex -5.81 23.8 0
    endloop
  endfacet
  facet normal -1 -0 0
    outer loop
      vertex -5.81 23.8528 -0.536498
      vertex -5.81 21.55 -2.88675
      vertex -5.81 23.8132 -0.269547
    endloop
  endfacet
  facet normal -1 -0 0
    outer loop
      vertex -5.81 23.9184 -0.798283
      vertex -5.81 21.55 -2.88675
      vertex -5.81 23.8528 -0.536498
    endloop
  endfacet
  facet normal -1 -0 0
    outer loop
      vertex -5.81 24.0093 -1.05238
      vertex -5.81 21.55 -2.88675
      vertex -5.81 23.9184 -0.798283
    endloop
  endfacet
  facet normal -1 -0 0
    outer loop
      vertex -5.81 24.1247 -1.29634
      vertex -5.81 21.55 -2.88675
      vertex -5.81 24.0093 -1.05238
    endloop
  endfacet
  facet normal -1 -0 0
    outer loop
      vertex -5.81 24.2635 -1.52782
      vertex -5.81 21.55 -2.88675
      vertex -5.81 24.1247 -1.29634
    endloop
  endfacet
  facet normal -1 0 0
    outer loop
      vertex -5.81 29.2868 0.269547
      vertex -5.81 31.55 2.88675
      vertex -5.81 29.3 0
    endloop
  endfacet
  facet normal -1 0 0
    outer loop
      vertex -5.81 29.2472 0.536498
      vertex -5.81 31.55 2.88675
      vertex -5.81 29.2868 0.269547
    endloop
  endfacet
  facet normal -1 0 0
    outer loop
      vertex -5.81 29.1816 0.798283
      vertex -5.81 31.55 2.88675
      vertex -5.81 29.2472 0.536498
    endloop
  endfacet
  facet normal -1 0 0
    outer loop
      vertex -5.81 29.0907 1.05238
      vertex -5.81 31.55 2.88675
      vertex -5.81 29.1816 0.798283
    endloop
  endfacet
  facet normal -1 0 0
    outer loop
      vertex -5.81 28.9753 1.29634
      vertex -5.81 31.55 2.88675
      vertex -5.81 29.0907 1.05238
    endloop
  endfacet
  facet normal -1 0 0
    outer loop
      vertex -5.81 28.8365 1.52782
      vertex -5.81 31.55 2.88675
      vertex -5.81 28.9753 1.29634
    endloop
  endfacet
  facet normal -1 0 0
    outer loop
      vertex -5.81 28.6758 1.74458
      vertex -5.81 31.55 2.88675
      vertex -5.81 28.8365 1.52782
    endloop
  endfacet
  facet normal -1 0 0
    outer loop
      vertex -5.81 28.4945 1.94454
      vertex -5.81 31.55 2.88675
      vertex -5.81 28.6758 1.74458
    endloop
  endfacet
  facet normal -1 0 0
    outer loop
      vertex -5.81 28.2946 2.12578
      vertex -5.81 31.55 2.88675
      vertex -5.81 28.4945 1.94454
    endloop
  endfacet
  facet normal -1 0 0
    outer loop
      vertex -5.81 28.0778 2.28654
      vertex -5.81 31.55 2.88675
      vertex -5.81 28.2946 2.12578
    endloop
  endfacet
  facet normal -1 0 0
    outer loop
      vertex -5.81 27.8463 2.42528
      vertex -5.81 31.55 2.88675
      vertex -5.81 28.0778 2.28654
    endloop
  endfacet
  facet normal -1 0 0
    outer loop
      vertex -5.81 26.55 5.7735
      vertex -5.81 27.8463 2.42528
      vertex -5.81 27.6024 2.54067
    endloop
  endfacet
  facet normal -1 0 0
    outer loop
      vertex -5.81 26.55 5.7735
      vertex -5.81 27.6024 2.54067
      vertex -5.81 27.3483 2.63159
    endloop
  endfacet
  facet normal -1 0 0
    outer loop
      vertex -5.81 26.55 5.7735
      vertex -5.81 27.3483 2.63159
      vertex -5.81 27.0865 2.69716
    endloop
  endfacet
  facet normal -1 0 0
    outer loop
      vertex -5.81 26.55 5.7735
      vertex -5.81 27.0865 2.69716
      vertex -5.81 26.8195 2.73676
    endloop
  endfacet
  facet normal -1 0 0
    outer loop
      vertex -5.81 26.55 5.7735
      vertex -5.81 26.8195 2.73676
      vertex -5.81 26.55 2.75
    endloop
  endfacet
  facet normal -1 0 0
    outer loop
      vertex -5.81 27.8463 2.42528
      vertex -5.81 26.55 5.7735
      vertex -5.81 31.55 2.88675
    endloop
  endfacet
  facet normal -1 0 0
    outer loop
      vertex -5.81 26.2805 2.73676
      vertex -5.81 26.55 5.7735
      vertex -5.81 26.55 2.75
    endloop
  endfacet
  facet normal -1 0 0
    outer loop
      vertex -5.81 26.0135 2.69716
      vertex -5.81 26.55 5.7735
      vertex -5.81 26.2805 2.73676
    endloop
  endfacet
  facet normal -1 0 0
    outer loop
      vertex -5.81 25.7517 2.63159
      vertex -5.81 26.55 5.7735
      vertex -5.81 26.0135 2.69716
    endloop
  endfacet
  facet normal -1 0 0
    outer loop
      vertex -5.81 25.4976 2.54067
      vertex -5.81 26.55 5.7735
      vertex -5.81 25.7517 2.63159
    endloop
  endfacet
  facet normal -1 0 0
    outer loop
      vertex -5.81 25.2537 2.42528
      vertex -5.81 26.55 5.7735
      vertex -5.81 25.4976 2.54067
    endloop
  endfacet
  facet normal -1 0 0
    outer loop
      vertex -5.81 21.55 2.88675
      vertex -5.81 25.2537 2.42528
      vertex -5.81 25.0222 2.28654
    endloop
  endfacet
  facet normal -1 0 0
    outer loop
      vertex -5.81 21.55 2.88675
      vertex -5.81 25.0222 2.28654
      vertex -5.81 24.8054 2.12578
    endloop
  endfacet
  facet normal -1 0 0
    outer loop
      vertex -5.81 21.55 2.88675
      vertex -5.81 24.8054 2.12578
      vertex -5.81 24.6055 1.94454
    endloop
  endfacet
  facet normal -1 0 0
    outer loop
      vertex -5.81 21.55 2.88675
      vertex -5.81 24.6055 1.94454
      vertex -5.81 24.4242 1.74458
    endloop
  endfacet
  facet normal -1 0 0
    outer loop
      vertex -5.81 21.55 2.88675
      vertex -5.81 24.4242 1.74458
      vertex -5.81 24.2635 1.52782
    endloop
  endfacet
  facet normal -1 0 0
    outer loop
      vertex -5.81 21.55 2.88675
      vertex -5.81 24.2635 1.52782
      vertex -5.81 24.1247 1.29634
    endloop
  endfacet
  facet normal -1 0 0
    outer loop
      vertex -5.81 21.55 2.88675
      vertex -5.81 23.8 0
      vertex -5.81 21.55 -2.88675
    endloop
  endfacet
  facet normal -1 0 0
    outer loop
      vertex -5.81 23.8 0
      vertex -5.81 21.55 2.88675
      vertex -5.81 23.8132 0.269547
    endloop
  endfacet
  facet normal -1 0 0
    outer loop
      vertex -5.81 23.8132 0.269547
      vertex -5.81 21.55 2.88675
      vertex -5.81 23.8528 0.536498
    endloop
  endfacet
  facet normal -1 0 0
    outer loop
      vertex -5.81 23.8528 0.536498
      vertex -5.81 21.55 2.88675
      vertex -5.81 23.9184 0.798283
    endloop
  endfacet
  facet normal -1 0 0
    outer loop
      vertex -5.81 23.9184 0.798283
      vertex -5.81 21.55 2.88675
      vertex -5.81 24.0093 1.05238
    endloop
  endfacet
  facet normal -1 0 0
    outer loop
      vertex -5.81 24.0093 1.05238
      vertex -5.81 21.55 2.88675
      vertex -5.81 24.1247 1.29634
    endloop
  endfacet
  facet normal -1 0 0
    outer loop
      vertex -5.81 25.2537 2.42528
      vertex -5.81 21.55 2.88675
      vertex -5.81 26.55 5.7735
    endloop
  endfacet
  facet normal 0 -0.5 0.866026
    outer loop
      vertex -11.5 31.55 -2.88675
      vertex -5.81 26.55 -5.7735
      vertex -5.81 31.55 -2.88675
    endloop
  endfacet
  facet normal 0 -0.5 0.866026
    outer loop
      vertex -5.81 26.55 -5.7735
      vertex -11.5 31.55 -2.88675
      vertex -11.5 26.55 -5.7735
    endloop
  endfacet
  facet normal 0 0.5 -0.866026
    outer loop
      vertex -11.5 21.55 2.88675
      vertex -5.81 26.55 5.7735
      vertex -5.81 21.55 2.88675
    endloop
  endfacet
  facet normal 0 0.5 -0.866026
    outer loop
      vertex -5.81 26.55 5.7735
      vertex -11.5 21.55 2.88675
      vertex -11.5 26.55 5.7735
    endloop
  endfacet
  facet normal 0.242925 -0.970045 0
    outer loop
      vertex -3.78821 12.4881 -15
      vertex -2.54593 12.7992 15
      vertex -3.78821 12.4881 15
    endloop
  endfacet
  facet normal 0.242925 -0.970045 0
    outer loop
      vertex -2.54593 12.7992 15
      vertex -3.78821 12.4881 -15
      vertex -2.54593 12.7992 -15
    endloop
  endfacet
  facet normal 0.671567 -0.740944 0
    outer loop
      vertex -9.22774 9.22774 -15
      vertex -8.27883 10.0878 15
      vertex -9.22774 9.22774 15
    endloop
  endfacet
  facet normal 0.671567 -0.740944 0
    outer loop
      vertex -8.27883 10.0878 15
      vertex -9.22774 9.22774 -15
      vertex -8.27883 10.0878 -15
    endloop
  endfacet
  facet normal 0.671567 0.740944 -0
    outer loop
      vertex -8.27883 -10.0878 -15
      vertex -9.22774 -9.22774 15
      vertex -8.27883 -10.0878 15
    endloop
  endfacet
  facet normal 0.671567 0.740944 0
    outer loop
      vertex -9.22774 -9.22774 15
      vertex -8.27883 -10.0878 -15
      vertex -9.22774 -9.22774 -15
    endloop
  endfacet
  facet normal 0.336927 0.941531 -0
    outer loop
      vertex -3.78821 -12.4881 -15
      vertex -4.99402 -12.0566 15
      vertex -3.78821 -12.4881 15
    endloop
  endfacet
  facet normal 0.336927 0.941531 0
    outer loop
      vertex -4.99402 -12.0566 15
      vertex -3.78821 -12.4881 -15
      vertex -4.99402 -12.0566 -15
    endloop
  endfacet
  facet normal 0.514108 -0.857726 0
    outer loop
      vertex -7.25019 10.8507 -15
      vertex -6.15173 11.5091 15
      vertex -7.25019 10.8507 15
    endloop
  endfacet
  facet normal 0.514108 -0.857726 0
    outer loop
      vertex -6.15173 11.5091 15
      vertex -7.25019 10.8507 -15
      vertex -6.15173 11.5091 -15
    endloop
  endfacet
  facet normal 0.427519 0.904006 -0
    outer loop
      vertex -4.99402 -12.0566 -15
      vertex -6.15173 -11.5091 15
      vertex -4.99402 -12.0566 15
    endloop
  endfacet
  facet normal 0.427519 0.904006 0
    outer loop
      vertex -6.15173 -11.5091 15
      vertex -4.99402 -12.0566 -15
      vertex -6.15173 -11.5091 -15
    endloop
  endfacet
  facet normal 0.803204 -0.595704 -1.31522e-18
    outer loop
      vertex -10.8507 7.25019 15
      vertex -10.0878 8.27883 -15
      vertex -10.0878 8.27883 15
    endloop
  endfacet
  facet normal 0.803204 -0.595704 -1.31522e-18
    outer loop
      vertex -10.0878 8.27883 -15
      vertex -10.8507 7.25019 15
      vertex -10.8507 7.25019 -15
    endloop
  endfacet
  facet normal 0.740944 -0.671567 -1.25072e-18
    outer loop
      vertex -10.0878 8.27883 15
      vertex -9.22774 9.22774 -15
      vertex -9.22774 9.22774 15
    endloop
  endfacet
  facet normal 0.740944 -0.671567 -1.25072e-18
    outer loop
      vertex -9.22774 9.22774 -15
      vertex -10.0878 8.27883 15
      vertex -10.0878 8.27883 -15
    endloop
  endfacet
  facet normal 0.336927 -0.941531 0
    outer loop
      vertex -4.99402 12.0566 -15
      vertex -3.78821 12.4881 15
      vertex -4.99402 12.0566 15
    endloop
  endfacet
  facet normal 0.336927 -0.941531 0
    outer loop
      vertex -3.78821 12.4881 15
      vertex -4.99402 12.0566 -15
      vertex -3.78821 12.4881 -15
    endloop
  endfacet
  facet normal 0.0490372 -0.998797 0
    outer loop
      vertex -1.27912 12.9872 -15
      vertex 0 13.05 15
      vertex -1.27912 12.9872 15
    endloop
  endfacet
  facet normal 0.0490372 -0.998797 0
    outer loop
      vertex 0 13.05 15
      vertex -1.27912 12.9872 -15
      vertex 0 13.05 -15
    endloop
  endfacet
  facet normal 0.427519 -0.904006 0
    outer loop
      vertex -6.15173 11.5091 -15
      vertex -4.99402 12.0566 15
      vertex -6.15173 11.5091 15
    endloop
  endfacet
  facet normal 0.427519 -0.904006 0
    outer loop
      vertex -4.99402 12.0566 15
      vertex -6.15173 11.5091 -15
      vertex -4.99402 12.0566 -15
    endloop
  endfacet
  facet normal 0.514108 0.857726 -0
    outer loop
      vertex -6.15173 -11.5091 -15
      vertex -7.25019 -10.8507 15
      vertex -6.15173 -11.5091 15
    endloop
  endfacet
  facet normal 0.514108 0.857726 0
    outer loop
      vertex -7.25019 -10.8507 15
      vertex -6.15173 -11.5091 -15
      vertex -7.25019 -10.8507 -15
    endloop
  endfacet
  facet normal 0.146797 0.989167 -0
    outer loop
      vertex -1.27912 -12.9872 -15
      vertex -2.54593 -12.7992 15
      vertex -1.27912 -12.9872 15
    endloop
  endfacet
  facet normal 0.146797 0.989167 0
    outer loop
      vertex -2.54593 -12.7992 15
      vertex -1.27912 -12.9872 -15
      vertex -2.54593 -12.7992 -15
    endloop
  endfacet
  facet normal 0.595704 -0.803204 0
    outer loop
      vertex -8.27883 10.0878 -15
      vertex -7.25019 10.8507 15
      vertex -8.27883 10.0878 15
    endloop
  endfacet
  facet normal 0.595704 -0.803204 0
    outer loop
      vertex -7.25019 10.8507 15
      vertex -8.27883 10.0878 -15
      vertex -7.25019 10.8507 -15
    endloop
  endfacet
  facet normal 0.242925 0.970045 -0
    outer loop
      vertex -2.54593 -12.7992 -15
      vertex -3.78821 -12.4881 15
      vertex -2.54593 -12.7992 15
    endloop
  endfacet
  facet normal 0.242925 0.970045 0
    outer loop
      vertex -3.78821 -12.4881 15
      vertex -2.54593 -12.7992 -15
      vertex -3.78821 -12.4881 -15
    endloop
  endfacet
  facet normal 0.803204 0.595704 1.31522e-18
    outer loop
      vertex -10.0878 -8.27883 15
      vertex -10.8507 -7.25019 -15
      vertex -10.8507 -7.25019 15
    endloop
  endfacet
  facet normal 0.803204 0.595704 1.31522e-18
    outer loop
      vertex -10.8507 -7.25019 -15
      vertex -10.0878 -8.27883 15
      vertex -10.0878 -8.27883 -15
    endloop
  endfacet
  facet normal 0.595704 0.803204 -0
    outer loop
      vertex -7.25019 -10.8507 -15
      vertex -8.27883 -10.0878 15
      vertex -7.25019 -10.8507 15
    endloop
  endfacet
  facet normal 0.595704 0.803204 0
    outer loop
      vertex -8.27883 -10.0878 15
      vertex -7.25019 -10.8507 -15
      vertex -8.27883 -10.0878 -15
    endloop
  endfacet
  facet normal 0.0490372 0.998797 -0
    outer loop
      vertex 0 -13.05 -15
      vertex -1.27912 -12.9872 15
      vertex 0 -13.05 15
    endloop
  endfacet
  facet normal 0.0490372 0.998797 0
    outer loop
      vertex -1.27912 -12.9872 15
      vertex 0 -13.05 -15
      vertex -1.27912 -12.9872 -15
    endloop
  endfacet
  facet normal 0.740944 0.671567 1.25072e-18
    outer loop
      vertex -9.22774 -9.22774 15
      vertex -10.0878 -8.27883 -15
      vertex -10.0878 -8.27883 15
    endloop
  endfacet
  facet normal 0.740944 0.671567 1.25072e-18
    outer loop
      vertex -10.0878 -8.27883 -15
      vertex -9.22774 -9.22774 15
      vertex -9.22774 -9.22774 -15
    endloop
  endfacet
  facet normal 0.146797 -0.989167 0
    outer loop
      vertex -2.54593 12.7992 -15
      vertex -1.27912 12.9872 15
      vertex -2.54593 12.7992 15
    endloop
  endfacet
  facet normal 0.146797 -0.989167 0
    outer loop
      vertex -1.27912 12.9872 15
      vertex -2.54593 12.7992 -15
      vertex -1.27912 12.9872 -15
    endloop
  endfacet
endsolid OpenSCAD_Model
