solid OpenSCAD_Model
  facet normal 0.98917 0.146776 -0
    outer loop
      vertex 19.9535 1.96524 -15
      vertex 19.6647 3.91156 -13.7691
      vertex 19.9535 1.96524 -13.5265
    endloop
  endfacet
  facet normal 0.98917 0.146776 0
    outer loop
      vertex 19.6647 3.91156 -13.7691
      vertex 19.9535 1.96524 -15
      vertex 19.6647 3.91156 -15
    endloop
  endfacet
  facet normal 0.98917 0.146776 -1.52648e-17
    outer loop
      vertex 19.9535 1.96524 15
      vertex 19.6647 3.91156 13.7691
      vertex 19.6647 3.91156 15
    endloop
  endfacet
  facet normal 0.98917 0.146776 -1.27516e-17
    outer loop
      vertex 19.6647 3.91156 13.7691
      vertex 19.9535 1.96524 15
      vertex 19.9535 1.96524 13.5265
    endloop
  endfacet
  facet normal 0.998797 0.0490443 -0
    outer loop
      vertex 20.05 0 -15
      vertex 19.9535 1.96524 -13.5265
      vertex 20.05 0 -13.4454
    endloop
  endfacet
  facet normal 0.998797 0.0490443 0
    outer loop
      vertex 19.9535 1.96524 -13.5265
      vertex 20.05 0 -15
      vertex 19.9535 1.96524 -15
    endloop
  endfacet
  facet normal 0.998797 0.0490443 3.37649e-18
    outer loop
      vertex 20.05 0 15
      vertex 19.9535 1.96524 13.5265
      vertex 19.9535 1.96524 15
    endloop
  endfacet
  facet normal 0.998797 0.0490443 3.20035e-18
    outer loop
      vertex 19.9535 1.96524 13.5265
      vertex 20.05 0 15
      vertex 20.05 0 13.4454
    endloop
  endfacet
  facet normal 0.970042 0.242936 -0
    outer loop
      vertex 19.6647 3.91156 -15
      vertex 19.1867 5.82021 -14.1709
      vertex 19.6647 3.91156 -13.7691
    endloop
  endfacet
  facet normal 0.970042 0.242936 0
    outer loop
      vertex 19.1867 5.82021 -14.1709
      vertex 19.6647 3.91156 -15
      vertex 19.1867 5.82021 -15
    endloop
  endfacet
  facet normal 0.970042 0.242936 2.22423e-17
    outer loop
      vertex 19.6647 3.91156 15
      vertex 19.1867 5.82021 14.1709
      vertex 19.1867 5.82021 15
    endloop
  endfacet
  facet normal 0.970042 0.242936 1.49818e-17
    outer loop
      vertex 19.1867 5.82021 14.1709
      vertex 19.6647 3.91156 15
      vertex 19.6647 3.91156 13.7691
    endloop
  endfacet
  facet normal 0.998797 -0.0490443 -3.20035e-18
    outer loop
      vertex 19.9535 -1.96524 -13.5265
      vertex 20.05 0 -15
      vertex 20.05 0 -13.4454
    endloop
  endfacet
  facet normal 0.998797 -0.0490443 -3.37649e-18
    outer loop
      vertex 20.05 0 -15
      vertex 19.9535 -1.96524 -13.5265
      vertex 19.9535 -1.96524 -15
    endloop
  endfacet
  facet normal 0.998797 -0.0490443 0
    outer loop
      vertex 19.9535 -1.96524 13.5265
      vertex 20.05 0 15
      vertex 19.9535 -1.96524 15
    endloop
  endfacet
  facet normal 0.998797 -0.0490443 0
    outer loop
      vertex 20.05 0 15
      vertex 19.9535 -1.96524 13.5265
      vertex 20.05 0 13.4454
    endloop
  endfacet
  facet normal 0.857744 0.514077 -8.07226e-20
    outer loop
      vertex 17.6825 9.4515 15
      vertex 16.671 11.1392 -15
      vertex 16.671 11.1392 15
    endloop
  endfacet
  facet normal 0.857744 0.514077 -8.07226e-20
    outer loop
      vertex 16.671 11.1392 -15
      vertex 17.6825 9.4515 15
      vertex 17.6825 9.4515 -15
    endloop
  endfacet
  facet normal 0.740942 0.671569 1.62704e-19
    outer loop
      vertex 15.4989 12.7196 15
      vertex 14.1775 14.1775 -15
      vertex 14.1775 14.1775 15
    endloop
  endfacet
  facet normal 0.740942 0.671569 1.62704e-19
    outer loop
      vertex 14.1775 14.1775 -15
      vertex 15.4989 12.7196 15
      vertex 15.4989 12.7196 -15
    endloop
  endfacet
  facet normal 0.595692 -0.803213 0
    outer loop
      vertex 11.5 -16.4034 -15
      vertex 12.7196 -15.4989 15
      vertex 11.5 -16.4034 15
    endloop
  endfacet
  facet normal 0.595692 -0.803213 0
    outer loop
      vertex 12.7196 -15.4989 15
      vertex 11.5 -16.4034 -15
      vertex 12.7196 -15.4989 -15
    endloop
  endfacet
  facet normal 0.857744 -0.514077 8.07226e-20
    outer loop
      vertex 16.671 -11.1392 15
      vertex 17.6825 -9.4515 -15
      vertex 17.6825 -9.4515 15
    endloop
  endfacet
  facet normal 0.857744 -0.514077 8.07226e-20
    outer loop
      vertex 17.6825 -9.4515 -15
      vertex 16.671 -11.1392 15
      vertex 16.671 -11.1392 -15
    endloop
  endfacet
  facet normal 0.595692 0.803213 -0
    outer loop
      vertex 12.7196 15.4989 -15
      vertex 11.5 16.4034 15
      vertex 12.7196 15.4989 15
    endloop
  endfacet
  facet normal 0.595692 0.803213 0
    outer loop
      vertex 11.5 16.4034 15
      vertex 12.7196 15.4989 -15
      vertex 11.5 16.4034 -15
    endloop
  endfacet
  facet normal 0.98917 -0.146776 1.27516e-17
    outer loop
      vertex 19.6647 -3.91156 -13.7691
      vertex 19.9535 -1.96524 -15
      vertex 19.9535 -1.96524 -13.5265
    endloop
  endfacet
  facet normal 0.98917 -0.146776 1.52648e-17
    outer loop
      vertex 19.9535 -1.96524 -15
      vertex 19.6647 -3.91156 -13.7691
      vertex 19.6647 -3.91156 -15
    endloop
  endfacet
  facet normal 0.98917 -0.146776 0
    outer loop
      vertex 19.6647 -3.91156 13.7691
      vertex 19.9535 -1.96524 15
      vertex 19.6647 -3.91156 15
    endloop
  endfacet
  facet normal 0.98917 -0.146776 0
    outer loop
      vertex 19.9535 -1.96524 15
      vertex 19.6647 -3.91156 13.7691
      vertex 19.9535 -1.96524 13.5265
    endloop
  endfacet
  facet normal 0.970042 -0.242936 -1.49818e-17
    outer loop
      vertex 19.1867 -5.82021 -14.1709
      vertex 19.6647 -3.91156 -15
      vertex 19.6647 -3.91156 -13.7691
    endloop
  endfacet
  facet normal 0.970042 -0.242936 -2.22423e-17
    outer loop
      vertex 19.6647 -3.91156 -15
      vertex 19.1867 -5.82021 -14.1709
      vertex 19.1867 -5.82021 -15
    endloop
  endfacet
  facet normal 0.970042 -0.242936 0
    outer loop
      vertex 19.1867 -5.82021 14.1709
      vertex 19.6647 -3.91156 15
      vertex 19.1867 -5.82021 15
    endloop
  endfacet
  facet normal 0.970042 -0.242936 0
    outer loop
      vertex 19.6647 -3.91156 15
      vertex 19.1867 -5.82021 14.1709
      vertex 19.6647 -3.91156 13.7691
    endloop
  endfacet
  facet normal 0.903946 0.427647 0
    outer loop
      vertex 17.6825 9.4515 15
      vertex 17.8961 9 5
      vertex 17.6825 9.4515 -15
    endloop
  endfacet
  facet normal 0.903993 0.427548 5.51712e-06
    outer loop
      vertex 17.6825 9.4515 15
      vertex 18.3217 8.1 14.6796
      vertex 17.8961 9 5
    endloop
  endfacet
  facet normal 0.90398 0.427575 -0.000134666
    outer loop
      vertex 17.6825 9.4515 15
      vertex 18.3222 8.09896 14.7339
      vertex 18.3217 8.1 14.6796
    endloop
  endfacet
  facet normal 0.903984 0.427566 -8.27775e-05
    outer loop
      vertex 17.6825 9.4515 15
      vertex 18.3234 8.09643 14.7706
      vertex 18.3222 8.09896 14.7339
    endloop
  endfacet
  facet normal 0.903911 0.42772 -0.00119515
    outer loop
      vertex 17.6825 9.4515 15
      vertex 18.3251 8.09291 14.7966
      vertex 18.3234 8.09643 14.7706
    endloop
  endfacet
  facet normal 0.904032 0.427464 0.000896269
    outer loop
      vertex 17.6825 9.4515 15
      vertex 18.3271 8.08864 14.8158
      vertex 18.3251 8.09291 14.7966
    endloop
  endfacet
  facet normal 0.904026 0.427477 0.000776616
    outer loop
      vertex 17.6825 9.4515 15
      vertex 18.3294 8.08375 14.8301
      vertex 18.3271 8.08864 14.8158
    endloop
  endfacet
  facet normal 0.903922 0.427695 -0.00137425
    outer loop
      vertex 17.6825 9.4515 15
      vertex 18.332 8.07829 14.841
      vertex 18.3294 8.08375 14.8301
    endloop
  endfacet
  facet normal 0.903753 0.428027 -0.00492383
    outer loop
      vertex 17.6825 9.4515 15
      vertex 18.3349 8.07226 14.8491
      vertex 18.332 8.07829 14.841
    endloop
  endfacet
  facet normal 0.90414 0.427216 0.00415398
    outer loop
      vertex 17.6825 9.4515 15
      vertex 18.338 8.06564 14.8552
      vertex 18.3349 8.07226 14.8491
    endloop
  endfacet
  facet normal 0.904242 0.426962 0.0070464
    outer loop
      vertex 17.6825 9.4515 15
      vertex 18.3414 8.05837 14.8594
      vertex 18.338 8.06564 14.8552
    endloop
  endfacet
  facet normal 0.903772 0.427983 -0.00526758
    outer loop
      vertex 17.6825 9.4515 15
      vertex 18.3452 8.05038 14.8622
      vertex 18.3414 8.05837 14.8594
    endloop
  endfacet
  facet normal 0.903982 0.427571 -6.55236e-05
    outer loop
      vertex 18.5238 7.6728 15
      vertex 18.3452 8.05038 14.8622
      vertex 17.6825 9.4515 15
    endloop
  endfacet
  facet normal 0.902027 0.431479 0.0131767
    outer loop
      vertex 18.3452 8.05038 14.8622
      vertex 18.5238 7.6728 15
      vertex 18.3494 8.04156 14.8635
    endloop
  endfacet
  facet normal 0.90536 0.424532 -0.00984962
    outer loop
      vertex 18.3494 8.04156 14.8635
      vertex 18.5238 7.6728 15
      vertex 18.354 8.03175 14.8635
    endloop
  endfacet
  facet normal 0.903816 0.42792 0.000982266
    outer loop
      vertex 18.5238 7.6728 15
      vertex 18.3592 8.02077 14.8622
      vertex 18.354 8.03175 14.8635
    endloop
  endfacet
  facet normal 0.903428 0.428726 0.00347887
    outer loop
      vertex 18.5238 7.6728 15
      vertex 18.3651 8.00836 14.8594
      vertex 18.3592 8.02077 14.8622
    endloop
  endfacet
  facet normal 0.90402 0.427489 -0.000140055
    outer loop
      vertex 18.5238 7.6728 15
      vertex 18.3718 7.99419 14.8552
      vertex 18.3651 8.00836 14.8594
    endloop
  endfacet
  facet normal 0.904592 0.426264 -0.00346015
    outer loop
      vertex 18.5238 7.6728 15
      vertex 18.3795 7.9778 14.8491
      vertex 18.3718 7.99419 14.8552
    endloop
  endfacet
  facet normal 0.903937 0.427666 -1.81292e-17
    outer loop
      vertex 18.3795 7.9778 14.8491
      vertex 18.5238 7.6728 15
      vertex 18.5238 7.6728 14.7279
    endloop
  endfacet
  facet normal 0.903946 0.427647 -0
    outer loop
      vertex 17.8961 9 -5
      vertex 17.6825 9.4515 -15
      vertex 17.8961 9 5
    endloop
  endfacet
  facet normal 0.904016 0.427499 -0
    outer loop
      vertex 18.3217 8.1 -14.6796
      vertex 17.8961 9 -5
      vertex 18.3217 8.1 -5
    endloop
  endfacet
  facet normal 0.903993 0.427548 -5.51712e-06
    outer loop
      vertex 17.8961 9 -5
      vertex 18.3217 8.1 -14.6796
      vertex 17.6825 9.4515 -15
    endloop
  endfacet
  facet normal 0.90398 0.427575 0.000134666
    outer loop
      vertex 18.3222 8.09896 -14.7339
      vertex 17.6825 9.4515 -15
      vertex 18.3217 8.1 -14.6796
    endloop
  endfacet
  facet normal 0.903984 0.427566 8.27775e-05
    outer loop
      vertex 18.3234 8.09643 -14.7706
      vertex 17.6825 9.4515 -15
      vertex 18.3222 8.09896 -14.7339
    endloop
  endfacet
  facet normal 0.903911 0.42772 0.00119515
    outer loop
      vertex 18.3251 8.09291 -14.7966
      vertex 17.6825 9.4515 -15
      vertex 18.3234 8.09643 -14.7706
    endloop
  endfacet
  facet normal 0.904032 0.427464 -0.000896269
    outer loop
      vertex 18.3271 8.08864 -14.8158
      vertex 17.6825 9.4515 -15
      vertex 18.3251 8.09291 -14.7966
    endloop
  endfacet
  facet normal 0.904026 0.427477 -0.000776616
    outer loop
      vertex 18.3294 8.08375 -14.8301
      vertex 17.6825 9.4515 -15
      vertex 18.3271 8.08864 -14.8158
    endloop
  endfacet
  facet normal 0.903922 0.427695 0.00137425
    outer loop
      vertex 18.332 8.07829 -14.841
      vertex 17.6825 9.4515 -15
      vertex 18.3294 8.08375 -14.8301
    endloop
  endfacet
  facet normal 0.903753 0.428027 0.00492383
    outer loop
      vertex 18.3349 8.07226 -14.8491
      vertex 17.6825 9.4515 -15
      vertex 18.332 8.07829 -14.841
    endloop
  endfacet
  facet normal 0.90414 0.427216 -0.00415398
    outer loop
      vertex 18.338 8.06564 -14.8552
      vertex 17.6825 9.4515 -15
      vertex 18.3349 8.07226 -14.8491
    endloop
  endfacet
  facet normal 0.904242 0.426962 -0.0070464
    outer loop
      vertex 18.3414 8.05837 -14.8594
      vertex 17.6825 9.4515 -15
      vertex 18.338 8.06564 -14.8552
    endloop
  endfacet
  facet normal 0.903772 0.427983 0.00526758
    outer loop
      vertex 18.3452 8.05038 -14.8622
      vertex 17.6825 9.4515 -15
      vertex 18.3414 8.05837 -14.8594
    endloop
  endfacet
  facet normal 0.902027 0.431479 -0.0131767
    outer loop
      vertex 18.5238 7.6728 -15
      vertex 18.3452 8.05038 -14.8622
      vertex 18.3494 8.04156 -14.8635
    endloop
  endfacet
  facet normal 0.90536 0.424532 0.00984962
    outer loop
      vertex 18.5238 7.6728 -15
      vertex 18.3494 8.04156 -14.8635
      vertex 18.354 8.03175 -14.8635
    endloop
  endfacet
  facet normal 0.903982 0.427571 6.55236e-05
    outer loop
      vertex 18.3452 8.05038 -14.8622
      vertex 18.5238 7.6728 -15
      vertex 17.6825 9.4515 -15
    endloop
  endfacet
  facet normal 0.903816 0.42792 -0.000982266
    outer loop
      vertex 18.3592 8.02077 -14.8622
      vertex 18.5238 7.6728 -15
      vertex 18.354 8.03175 -14.8635
    endloop
  endfacet
  facet normal 0.903428 0.428726 -0.00347887
    outer loop
      vertex 18.3651 8.00836 -14.8594
      vertex 18.5238 7.6728 -15
      vertex 18.3592 8.02077 -14.8622
    endloop
  endfacet
  facet normal 0.90402 0.427489 0.000140055
    outer loop
      vertex 18.3718 7.99419 -14.8552
      vertex 18.5238 7.6728 -15
      vertex 18.3651 8.00836 -14.8594
    endloop
  endfacet
  facet normal 0.904592 0.426264 0.00346015
    outer loop
      vertex 18.3795 7.9778 -14.8491
      vertex 18.5238 7.6728 -15
      vertex 18.3718 7.99419 -14.8552
    endloop
  endfacet
  facet normal 0.903937 0.427666 -0
    outer loop
      vertex 18.5238 7.6728 -15
      vertex 18.3795 7.9778 -14.8491
      vertex 18.5238 7.6728 -14.7279
    endloop
  endfacet
  facet normal 0.904016 0.427499 1.59081e-18
    outer loop
      vertex 17.8961 9 5
      vertex 18.3217 8.1 14.6796
      vertex 18.3217 8.1 5
    endloop
  endfacet
  facet normal 0.803209 0.595698 1.90816e-20
    outer loop
      vertex 16.671 11.1392 15
      vertex 15.4989 12.7196 -15
      vertex 15.4989 12.7196 15
    endloop
  endfacet
  facet normal 0.803209 0.595698 1.90816e-20
    outer loop
      vertex 15.4989 12.7196 -15
      vertex 16.671 11.1392 15
      vertex 16.671 11.1392 -15
    endloop
  endfacet
  facet normal 0.941539 0.336905 -0
    outer loop
      vertex 19.1867 5.82021 -15
      vertex 18.5238 7.6728 -14.7279
      vertex 19.1867 5.82021 -14.1709
    endloop
  endfacet
  facet normal 0.941539 0.336905 0
    outer loop
      vertex 18.5238 7.6728 -14.7279
      vertex 19.1867 5.82021 -15
      vertex 18.5238 7.6728 -15
    endloop
  endfacet
  facet normal 0.941539 0.336905 1.70779e-17
    outer loop
      vertex 19.1867 5.82021 15
      vertex 18.5238 7.6728 14.7279
      vertex 18.5238 7.6728 15
    endloop
  endfacet
  facet normal 0.941539 0.336905 5.60475e-18
    outer loop
      vertex 18.5238 7.6728 14.7279
      vertex 19.1867 5.82021 15
      vertex 19.1867 5.82021 14.1709
    endloop
  endfacet
  facet normal 0.671569 0.740942 -0
    outer loop
      vertex 14.1775 14.1775 -15
      vertex 12.7196 15.4989 15
      vertex 14.1775 14.1775 15
    endloop
  endfacet
  facet normal 0.671569 0.740942 0
    outer loop
      vertex 12.7196 15.4989 15
      vertex 14.1775 14.1775 -15
      vertex 12.7196 15.4989 -15
    endloop
  endfacet
  facet normal 0.671569 -0.740942 0
    outer loop
      vertex 12.7196 -15.4989 -15
      vertex 14.1775 -14.1775 15
      vertex 12.7196 -15.4989 15
    endloop
  endfacet
  facet normal 0.671569 -0.740942 0
    outer loop
      vertex 14.1775 -14.1775 15
      vertex 12.7196 -15.4989 -15
      vertex 14.1775 -14.1775 -15
    endloop
  endfacet
  facet normal 0.803209 -0.595698 -1.90816e-20
    outer loop
      vertex 15.4989 -12.7196 15
      vertex 16.671 -11.1392 -15
      vertex 16.671 -11.1392 15
    endloop
  endfacet
  facet normal 0.803209 -0.595698 -1.90816e-20
    outer loop
      vertex 16.671 -11.1392 -15
      vertex 15.4989 -12.7196 15
      vertex 15.4989 -12.7196 -15
    endloop
  endfacet
  facet normal 0.903937 -0.427666 0
    outer loop
      vertex 18.5238 -7.6728 15
      vertex 18.3795 -7.9778 14.8491
      vertex 18.5238 -7.6728 14.7279
    endloop
  endfacet
  facet normal 0.904592 -0.426264 -0.00346015
    outer loop
      vertex 18.5238 -7.6728 15
      vertex 18.3718 -7.99419 14.8552
      vertex 18.3795 -7.9778 14.8491
    endloop
  endfacet
  facet normal 0.90402 -0.427489 -0.000140055
    outer loop
      vertex 18.5238 -7.6728 15
      vertex 18.3651 -8.00836 14.8594
      vertex 18.3718 -7.99419 14.8552
    endloop
  endfacet
  facet normal 0.903428 -0.428726 0.00347887
    outer loop
      vertex 18.5238 -7.6728 15
      vertex 18.3592 -8.02077 14.8622
      vertex 18.3651 -8.00836 14.8594
    endloop
  endfacet
  facet normal 0.903816 -0.42792 0.000982266
    outer loop
      vertex 18.5238 -7.6728 15
      vertex 18.354 -8.03175 14.8635
      vertex 18.3592 -8.02077 14.8622
    endloop
  endfacet
  facet normal 0.90536 -0.424532 -0.00984962
    outer loop
      vertex 18.5238 -7.6728 15
      vertex 18.3494 -8.04156 14.8635
      vertex 18.354 -8.03175 14.8635
    endloop
  endfacet
  facet normal 0.902027 -0.431479 0.0131767
    outer loop
      vertex 18.5238 -7.6728 15
      vertex 18.3452 -8.05038 14.8622
      vertex 18.3494 -8.04156 14.8635
    endloop
  endfacet
  facet normal 0.903982 -0.427571 -6.55236e-05
    outer loop
      vertex 17.6825 -9.4515 15
      vertex 18.3452 -8.05038 14.8622
      vertex 18.5238 -7.6728 15
    endloop
  endfacet
  facet normal 0.904016 -0.427499 0
    outer loop
      vertex 18.3217 -8.1 14.6796
      vertex 17.8961 -9 5
      vertex 18.3217 -8.1 5
    endloop
  endfacet
  facet normal 0.90398 -0.427575 -0.000134666
    outer loop
      vertex 17.6825 -9.4515 15
      vertex 18.3217 -8.1 14.6796
      vertex 18.3222 -8.09896 14.7339
    endloop
  endfacet
  facet normal 0.903984 -0.427566 -8.27775e-05
    outer loop
      vertex 17.6825 -9.4515 15
      vertex 18.3222 -8.09896 14.7339
      vertex 18.3234 -8.09643 14.7706
    endloop
  endfacet
  facet normal 0.903946 -0.427647 0
    outer loop
      vertex 17.8961 -9 5
      vertex 17.6825 -9.4515 15
      vertex 17.8961 -9 -5
    endloop
  endfacet
  facet normal 0.903993 -0.427548 5.51712e-06
    outer loop
      vertex 18.3217 -8.1 14.6796
      vertex 17.6825 -9.4515 15
      vertex 17.8961 -9 5
    endloop
  endfacet
  facet normal 0.903911 -0.42772 -0.00119515
    outer loop
      vertex 18.3251 -8.09291 14.7966
      vertex 17.6825 -9.4515 15
      vertex 18.3234 -8.09643 14.7706
    endloop
  endfacet
  facet normal 0.904032 -0.427464 0.000896269
    outer loop
      vertex 18.3271 -8.08864 14.8158
      vertex 17.6825 -9.4515 15
      vertex 18.3251 -8.09291 14.7966
    endloop
  endfacet
  facet normal 0.904026 -0.427477 0.000776616
    outer loop
      vertex 18.3294 -8.08375 14.8301
      vertex 17.6825 -9.4515 15
      vertex 18.3271 -8.08864 14.8158
    endloop
  endfacet
  facet normal 0.903922 -0.427695 -0.00137425
    outer loop
      vertex 18.332 -8.07829 14.841
      vertex 17.6825 -9.4515 15
      vertex 18.3294 -8.08375 14.8301
    endloop
  endfacet
  facet normal 0.903753 -0.428027 -0.00492383
    outer loop
      vertex 18.3349 -8.07226 14.8491
      vertex 17.6825 -9.4515 15
      vertex 18.332 -8.07829 14.841
    endloop
  endfacet
  facet normal 0.90414 -0.427216 0.00415398
    outer loop
      vertex 18.338 -8.06564 14.8552
      vertex 17.6825 -9.4515 15
      vertex 18.3349 -8.07226 14.8491
    endloop
  endfacet
  facet normal 0.904242 -0.426962 0.0070464
    outer loop
      vertex 18.3414 -8.05837 14.8594
      vertex 17.6825 -9.4515 15
      vertex 18.338 -8.06564 14.8552
    endloop
  endfacet
  facet normal 0.903772 -0.427983 -0.00526758
    outer loop
      vertex 18.3452 -8.05038 14.8622
      vertex 17.6825 -9.4515 15
      vertex 18.3414 -8.05837 14.8594
    endloop
  endfacet
  facet normal 0.904016 -0.427499 0
    outer loop
      vertex 18.3217 -8.1 -5
      vertex 17.8961 -9 -5
      vertex 18.3217 -8.1 -14.6796
    endloop
  endfacet
  facet normal 0.903937 -0.427666 1.81292e-17
    outer loop
      vertex 18.3795 -7.9778 -14.8491
      vertex 18.5238 -7.6728 -15
      vertex 18.5238 -7.6728 -14.7279
    endloop
  endfacet
  facet normal 0.904592 -0.426264 0.00346015
    outer loop
      vertex 18.3718 -7.99419 -14.8552
      vertex 18.5238 -7.6728 -15
      vertex 18.3795 -7.9778 -14.8491
    endloop
  endfacet
  facet normal 0.90402 -0.427489 0.000140055
    outer loop
      vertex 18.3651 -8.00836 -14.8594
      vertex 18.5238 -7.6728 -15
      vertex 18.3718 -7.99419 -14.8552
    endloop
  endfacet
  facet normal 0.903428 -0.428726 -0.00347887
    outer loop
      vertex 18.3592 -8.02077 -14.8622
      vertex 18.5238 -7.6728 -15
      vertex 18.3651 -8.00836 -14.8594
    endloop
  endfacet
  facet normal 0.903816 -0.42792 -0.000982266
    outer loop
      vertex 18.354 -8.03175 -14.8635
      vertex 18.5238 -7.6728 -15
      vertex 18.3592 -8.02077 -14.8622
    endloop
  endfacet
  facet normal 0.90536 -0.424532 0.00984962
    outer loop
      vertex 18.3494 -8.04156 -14.8635
      vertex 18.5238 -7.6728 -15
      vertex 18.354 -8.03175 -14.8635
    endloop
  endfacet
  facet normal 0.902027 -0.431479 -0.0131767
    outer loop
      vertex 18.3452 -8.05038 -14.8622
      vertex 18.5238 -7.6728 -15
      vertex 18.3494 -8.04156 -14.8635
    endloop
  endfacet
  facet normal 0.903772 -0.427983 0.00526758
    outer loop
      vertex 17.6825 -9.4515 -15
      vertex 18.3452 -8.05038 -14.8622
      vertex 18.3414 -8.05837 -14.8594
    endloop
  endfacet
  facet normal 0.903993 -0.427548 -5.51712e-06
    outer loop
      vertex 17.6825 -9.4515 -15
      vertex 18.3217 -8.1 -14.6796
      vertex 17.8961 -9 -5
    endloop
  endfacet
  facet normal 0.90398 -0.427575 0.000134666
    outer loop
      vertex 18.3217 -8.1 -14.6796
      vertex 17.6825 -9.4515 -15
      vertex 18.3222 -8.09896 -14.7339
    endloop
  endfacet
  facet normal 0.903982 -0.427571 6.55236e-05
    outer loop
      vertex 18.3452 -8.05038 -14.8622
      vertex 17.6825 -9.4515 -15
      vertex 18.5238 -7.6728 -15
    endloop
  endfacet
  facet normal 0.904242 -0.426962 -0.0070464
    outer loop
      vertex 18.338 -8.06564 -14.8552
      vertex 17.6825 -9.4515 -15
      vertex 18.3414 -8.05837 -14.8594
    endloop
  endfacet
  facet normal 0.90414 -0.427216 -0.00415398
    outer loop
      vertex 18.3349 -8.07226 -14.8491
      vertex 17.6825 -9.4515 -15
      vertex 18.338 -8.06564 -14.8552
    endloop
  endfacet
  facet normal 0.903753 -0.428027 0.00492383
    outer loop
      vertex 18.332 -8.07829 -14.841
      vertex 17.6825 -9.4515 -15
      vertex 18.3349 -8.07226 -14.8491
    endloop
  endfacet
  facet normal 0.903922 -0.427695 0.00137425
    outer loop
      vertex 18.3294 -8.08375 -14.8301
      vertex 17.6825 -9.4515 -15
      vertex 18.332 -8.07829 -14.841
    endloop
  endfacet
  facet normal 0.904026 -0.427477 -0.000776616
    outer loop
      vertex 18.3271 -8.08864 -14.8158
      vertex 17.6825 -9.4515 -15
      vertex 18.3294 -8.08375 -14.8301
    endloop
  endfacet
  facet normal 0.904032 -0.427464 -0.000896269
    outer loop
      vertex 18.3251 -8.09291 -14.7966
      vertex 17.6825 -9.4515 -15
      vertex 18.3271 -8.08864 -14.8158
    endloop
  endfacet
  facet normal 0.903911 -0.42772 0.00119515
    outer loop
      vertex 18.3234 -8.09643 -14.7706
      vertex 17.6825 -9.4515 -15
      vertex 18.3251 -8.09291 -14.7966
    endloop
  endfacet
  facet normal 0.903984 -0.427566 8.27775e-05
    outer loop
      vertex 18.3222 -8.09896 -14.7339
      vertex 17.6825 -9.4515 -15
      vertex 18.3234 -8.09643 -14.7706
    endloop
  endfacet
  facet normal 0.903946 -0.427647 0
    outer loop
      vertex 17.6825 -9.4515 -15
      vertex 17.8961 -9 -5
      vertex 17.6825 -9.4515 15
    endloop
  endfacet
  facet normal 0.941539 -0.336905 -5.60475e-18
    outer loop
      vertex 18.5238 -7.6728 -14.7279
      vertex 19.1867 -5.82021 -15
      vertex 19.1867 -5.82021 -14.1709
    endloop
  endfacet
  facet normal 0.941539 -0.336905 -1.70779e-17
    outer loop
      vertex 19.1867 -5.82021 -15
      vertex 18.5238 -7.6728 -14.7279
      vertex 18.5238 -7.6728 -15
    endloop
  endfacet
  facet normal 0.941539 -0.336905 0
    outer loop
      vertex 18.5238 -7.6728 14.7279
      vertex 19.1867 -5.82021 15
      vertex 18.5238 -7.6728 15
    endloop
  endfacet
  facet normal 0.941539 -0.336905 0
    outer loop
      vertex 19.1867 -5.82021 15
      vertex 18.5238 -7.6728 14.7279
      vertex 19.1867 -5.82021 14.1709
    endloop
  endfacet
  facet normal -0 0 1
    outer loop
      vertex 0 33.05 15
      vertex 11.5 16.4034 15
      vertex 11.5 33.05 15
    endloop
  endfacet
  facet normal 0 0 1
    outer loop
      vertex 11.5 16.4034 15
      vertex 10.0878 8.27883 15
      vertex 10.8507 7.25019 15
    endloop
  endfacet
  facet normal 0 0 1
    outer loop
      vertex 11.5 16.4034 15
      vertex 9.22774 9.22774 15
      vertex 10.0878 8.27883 15
    endloop
  endfacet
  facet normal 0 0 1
    outer loop
      vertex 11.5 16.4034 15
      vertex 8.27883 10.0878 15
      vertex 9.22774 9.22774 15
    endloop
  endfacet
  facet normal 0 0 1
    outer loop
      vertex 11.5 16.4034 15
      vertex 7.25019 10.8507 15
      vertex 8.27883 10.0878 15
    endloop
  endfacet
  facet normal 0 0 1
    outer loop
      vertex 11.5 16.4034 15
      vertex 6.15173 11.5091 15
      vertex 7.25019 10.8507 15
    endloop
  endfacet
  facet normal 0 0 1
    outer loop
      vertex 11.5 16.4034 15
      vertex 4.99402 12.0566 15
      vertex 6.15173 11.5091 15
    endloop
  endfacet
  facet normal 0 0 1
    outer loop
      vertex 11.5 16.4034 15
      vertex 3.78821 12.4881 15
      vertex 4.99402 12.0566 15
    endloop
  endfacet
  facet normal 0 0 1
    outer loop
      vertex 11.5 16.4034 15
      vertex 2.54593 12.7992 15
      vertex 3.78821 12.4881 15
    endloop
  endfacet
  facet normal 0 0 1
    outer loop
      vertex 11.5 16.4034 15
      vertex 0 33.05 15
      vertex 2.54593 12.7992 15
    endloop
  endfacet
  facet normal 0 0 1
    outer loop
      vertex 2.54593 12.7992 15
      vertex 0 33.05 15
      vertex 1.27912 12.9872 15
    endloop
  endfacet
  facet normal 0 0 1
    outer loop
      vertex 1.27912 12.9872 15
      vertex 0 33.05 15
      vertex 0 13.05 15
    endloop
  endfacet
  facet normal 0 0 1
    outer loop
      vertex 13.05 0 15
      vertex 20.05 0 15
      vertex 19.9535 1.96524 15
    endloop
  endfacet
  facet normal 0 0 1
    outer loop
      vertex 12.9872 1.27912 15
      vertex 19.9535 1.96524 15
      vertex 19.6647 3.91156 15
    endloop
  endfacet
  facet normal 0 0 1
    outer loop
      vertex 20.05 0 15
      vertex 13.05 0 15
      vertex 19.9535 -1.96524 15
    endloop
  endfacet
  facet normal 0 0 1
    outer loop
      vertex 12.7992 2.54593 15
      vertex 19.6647 3.91156 15
      vertex 19.1867 5.82021 15
    endloop
  endfacet
  facet normal -0 0 1
    outer loop
      vertex 12.9872 -1.27912 15
      vertex 19.9535 -1.96524 15
      vertex 13.05 0 15
    endloop
  endfacet
  facet normal 0 0 1
    outer loop
      vertex 12.4881 3.78821 15
      vertex 19.1867 5.82021 15
      vertex 18.5238 7.6728 15
    endloop
  endfacet
  facet normal 0 0 1
    outer loop
      vertex 19.9535 -1.96524 15
      vertex 12.9872 -1.27912 15
      vertex 19.6647 -3.91156 15
    endloop
  endfacet
  facet normal 0 0 1
    outer loop
      vertex 12.0566 4.99402 15
      vertex 18.5238 7.6728 15
      vertex 17.6825 9.4515 15
    endloop
  endfacet
  facet normal -0 0 1
    outer loop
      vertex 12.7992 -2.54593 15
      vertex 19.6647 -3.91156 15
      vertex 12.9872 -1.27912 15
    endloop
  endfacet
  facet normal 0 0 1
    outer loop
      vertex 11.5091 6.15173 15
      vertex 17.6825 9.4515 15
      vertex 16.671 11.1392 15
    endloop
  endfacet
  facet normal 0 0 1
    outer loop
      vertex 19.6647 -3.91156 15
      vertex 12.7992 -2.54593 15
      vertex 19.1867 -5.82021 15
    endloop
  endfacet
  facet normal 0 0 1
    outer loop
      vertex 10.8507 7.25019 15
      vertex 16.671 11.1392 15
      vertex 15.4989 12.7196 15
    endloop
  endfacet
  facet normal -0 0 1
    outer loop
      vertex 12.4881 -3.78821 15
      vertex 19.1867 -5.82021 15
      vertex 12.7992 -2.54593 15
    endloop
  endfacet
  facet normal 0 0 1
    outer loop
      vertex 10.8507 7.25019 15
      vertex 15.4989 12.7196 15
      vertex 14.1775 14.1775 15
    endloop
  endfacet
  facet normal 0 0 1
    outer loop
      vertex 19.1867 -5.82021 15
      vertex 12.4881 -3.78821 15
      vertex 18.5238 -7.6728 15
    endloop
  endfacet
  facet normal -0 0 1
    outer loop
      vertex 12.0566 -4.99402 15
      vertex 18.5238 -7.6728 15
      vertex 12.4881 -3.78821 15
    endloop
  endfacet
  facet normal 0 0 1
    outer loop
      vertex 19.9535 1.96524 15
      vertex 12.9872 1.27912 15
      vertex 13.05 0 15
    endloop
  endfacet
  facet normal 0 0 1
    outer loop
      vertex 19.6647 3.91156 15
      vertex 12.7992 2.54593 15
      vertex 12.9872 1.27912 15
    endloop
  endfacet
  facet normal 0 0 1
    outer loop
      vertex 10.8507 7.25019 15
      vertex 14.1775 14.1775 15
      vertex 12.7196 15.4989 15
    endloop
  endfacet
  facet normal 0 0 1
    outer loop
      vertex 19.1867 5.82021 15
      vertex 12.4881 3.78821 15
      vertex 12.7992 2.54593 15
    endloop
  endfacet
  facet normal 0 0 1
    outer loop
      vertex 18.5238 7.6728 15
      vertex 12.0566 4.99402 15
      vertex 12.4881 3.78821 15
    endloop
  endfacet
  facet normal 0 0 1
    outer loop
      vertex 17.6825 9.4515 15
      vertex 11.5091 6.15173 15
      vertex 12.0566 4.99402 15
    endloop
  endfacet
  facet normal 0 0 1
    outer loop
      vertex 10.8507 7.25019 15
      vertex 12.7196 15.4989 15
      vertex 11.5 16.4034 15
    endloop
  endfacet
  facet normal 0 0 1
    outer loop
      vertex 16.671 11.1392 15
      vertex 10.8507 7.25019 15
      vertex 11.5091 6.15173 15
    endloop
  endfacet
  facet normal 0 0 1
    outer loop
      vertex 18.5238 -7.6728 15
      vertex 12.0566 -4.99402 15
      vertex 17.6825 -9.4515 15
    endloop
  endfacet
  facet normal -0 0 1
    outer loop
      vertex 11.5091 -6.15173 15
      vertex 17.6825 -9.4515 15
      vertex 12.0566 -4.99402 15
    endloop
  endfacet
  facet normal 0 0 1
    outer loop
      vertex 17.6825 -9.4515 15
      vertex 11.5091 -6.15173 15
      vertex 16.671 -11.1392 15
    endloop
  endfacet
  facet normal -0 0 1
    outer loop
      vertex 10.8507 -7.25019 15
      vertex 16.671 -11.1392 15
      vertex 11.5091 -6.15173 15
    endloop
  endfacet
  facet normal 0 0 1
    outer loop
      vertex 16.671 -11.1392 15
      vertex 10.8507 -7.25019 15
      vertex 15.4989 -12.7196 15
    endloop
  endfacet
  facet normal -0 0 1
    outer loop
      vertex 10.0878 -8.27883 15
      vertex 15.4989 -12.7196 15
      vertex 10.8507 -7.25019 15
    endloop
  endfacet
  facet normal 0 0 1
    outer loop
      vertex 15.4989 -12.7196 15
      vertex 10.0878 -8.27883 15
      vertex 14.1775 -14.1775 15
    endloop
  endfacet
  facet normal -0 0 1
    outer loop
      vertex 9.22774 -9.22774 15
      vertex 14.1775 -14.1775 15
      vertex 10.0878 -8.27883 15
    endloop
  endfacet
  facet normal 0 0 1
    outer loop
      vertex 14.1775 -14.1775 15
      vertex 9.22774 -9.22774 15
      vertex 12.7196 -15.4989 15
    endloop
  endfacet
  facet normal -0 0 1
    outer loop
      vertex 8.27883 -10.0878 15
      vertex 12.7196 -15.4989 15
      vertex 9.22774 -9.22774 15
    endloop
  endfacet
  facet normal 0 0 1
    outer loop
      vertex 12.7196 -15.4989 15
      vertex 8.27883 -10.0878 15
      vertex 11.5 -16.4034 15
    endloop
  endfacet
  facet normal -0 0 1
    outer loop
      vertex 7.25019 -10.8507 15
      vertex 11.5 -16.4034 15
      vertex 8.27883 -10.0878 15
    endloop
  endfacet
  facet normal -0 0 1
    outer loop
      vertex 6.15173 -11.5091 15
      vertex 11.5 -16.4034 15
      vertex 7.25019 -10.8507 15
    endloop
  endfacet
  facet normal -0 0 1
    outer loop
      vertex 4.99402 -12.0566 15
      vertex 11.5 -16.4034 15
      vertex 6.15173 -11.5091 15
    endloop
  endfacet
  facet normal -0 0 1
    outer loop
      vertex 3.78821 -12.4881 15
      vertex 11.5 -16.4034 15
      vertex 4.99402 -12.0566 15
    endloop
  endfacet
  facet normal -0 0 1
    outer loop
      vertex 2.54593 -12.7992 15
      vertex 11.5 -16.4034 15
      vertex 3.78821 -12.4881 15
    endloop
  endfacet
  facet normal 0 0 1
    outer loop
      vertex 0 -33.05 15
      vertex 11.5 -16.4034 15
      vertex 2.54593 -12.7992 15
    endloop
  endfacet
  facet normal 0 0 1
    outer loop
      vertex 0 -33.05 15
      vertex 2.54593 -12.7992 15
      vertex 1.27912 -12.9872 15
    endloop
  endfacet
  facet normal 0 0 1
    outer loop
      vertex 0 -33.05 15
      vertex 1.27912 -12.9872 15
      vertex 0 -13.05 15
    endloop
  endfacet
  facet normal 0 0 1
    outer loop
      vertex 11.5 -16.4034 15
      vertex 0 -33.05 15
      vertex 11.5 -33.05 15
    endloop
  endfacet
  facet normal 0.740942 -0.671569 -1.62704e-19
    outer loop
      vertex 14.1775 -14.1775 15
      vertex 15.4989 -12.7196 -15
      vertex 15.4989 -12.7196 15
    endloop
  endfacet
  facet normal 0.740942 -0.671569 -1.62704e-19
    outer loop
      vertex 15.4989 -12.7196 -15
      vertex 14.1775 -14.1775 15
      vertex 14.1775 -14.1775 -15
    endloop
  endfacet
  facet normal 0 0 -1
    outer loop
      vertex 0 -33.05 -15
      vertex 11.5 -16.4034 -15
      vertex 11.5 -33.05 -15
    endloop
  endfacet
  facet normal 0 0 -1
    outer loop
      vertex 11.5 -16.4034 -15
      vertex 10.0878 -8.27883 -15
      vertex 10.8507 -7.25019 -15
    endloop
  endfacet
  facet normal 0 0 -1
    outer loop
      vertex 11.5 -16.4034 -15
      vertex 9.22774 -9.22774 -15
      vertex 10.0878 -8.27883 -15
    endloop
  endfacet
  facet normal 0 0 -1
    outer loop
      vertex 11.5 -16.4034 -15
      vertex 8.27883 -10.0878 -15
      vertex 9.22774 -9.22774 -15
    endloop
  endfacet
  facet normal 0 0 -1
    outer loop
      vertex 11.5 -16.4034 -15
      vertex 7.25019 -10.8507 -15
      vertex 8.27883 -10.0878 -15
    endloop
  endfacet
  facet normal 0 0 -1
    outer loop
      vertex 11.5 -16.4034 -15
      vertex 6.15173 -11.5091 -15
      vertex 7.25019 -10.8507 -15
    endloop
  endfacet
  facet normal 0 0 -1
    outer loop
      vertex 11.5 -16.4034 -15
      vertex 4.99402 -12.0566 -15
      vertex 6.15173 -11.5091 -15
    endloop
  endfacet
  facet normal 0 0 -1
    outer loop
      vertex 11.5 -16.4034 -15
      vertex 3.78821 -12.4881 -15
      vertex 4.99402 -12.0566 -15
    endloop
  endfacet
  facet normal 0 0 -1
    outer loop
      vertex 11.5 -16.4034 -15
      vertex 2.54593 -12.7992 -15
      vertex 3.78821 -12.4881 -15
    endloop
  endfacet
  facet normal -0 0 -1
    outer loop
      vertex 11.5 -16.4034 -15
      vertex 0 -33.05 -15
      vertex 2.54593 -12.7992 -15
    endloop
  endfacet
  facet normal 0 0 -1
    outer loop
      vertex 2.54593 -12.7992 -15
      vertex 0 -33.05 -15
      vertex 1.27912 -12.9872 -15
    endloop
  endfacet
  facet normal 0 0 -1
    outer loop
      vertex 1.27912 -12.9872 -15
      vertex 0 -33.05 -15
      vertex 0 -13.05 -15
    endloop
  endfacet
  facet normal 0 0 -1
    outer loop
      vertex 13.05 0 -15
      vertex 20.05 0 -15
      vertex 19.9535 -1.96524 -15
    endloop
  endfacet
  facet normal 0 0 -1
    outer loop
      vertex 12.9872 -1.27912 -15
      vertex 19.9535 -1.96524 -15
      vertex 19.6647 -3.91156 -15
    endloop
  endfacet
  facet normal 0 0 -1
    outer loop
      vertex 20.05 0 -15
      vertex 13.05 0 -15
      vertex 19.9535 1.96524 -15
    endloop
  endfacet
  facet normal 0 0 -1
    outer loop
      vertex 12.7992 -2.54593 -15
      vertex 19.6647 -3.91156 -15
      vertex 19.1867 -5.82021 -15
    endloop
  endfacet
  facet normal 0 0 -1
    outer loop
      vertex 12.9872 1.27912 -15
      vertex 19.9535 1.96524 -15
      vertex 13.05 0 -15
    endloop
  endfacet
  facet normal 0 0 -1
    outer loop
      vertex 12.4881 -3.78821 -15
      vertex 19.1867 -5.82021 -15
      vertex 18.5238 -7.6728 -15
    endloop
  endfacet
  facet normal -0 0 -1
    outer loop
      vertex 19.9535 1.96524 -15
      vertex 12.9872 1.27912 -15
      vertex 19.6647 3.91156 -15
    endloop
  endfacet
  facet normal 0 0 -1
    outer loop
      vertex 12.0566 -4.99402 -15
      vertex 18.5238 -7.6728 -15
      vertex 17.6825 -9.4515 -15
    endloop
  endfacet
  facet normal 0 0 -1
    outer loop
      vertex 12.7992 2.54593 -15
      vertex 19.6647 3.91156 -15
      vertex 12.9872 1.27912 -15
    endloop
  endfacet
  facet normal 0 0 -1
    outer loop
      vertex 11.5091 -6.15173 -15
      vertex 17.6825 -9.4515 -15
      vertex 16.671 -11.1392 -15
    endloop
  endfacet
  facet normal -0 0 -1
    outer loop
      vertex 19.6647 3.91156 -15
      vertex 12.7992 2.54593 -15
      vertex 19.1867 5.82021 -15
    endloop
  endfacet
  facet normal 0 0 -1
    outer loop
      vertex 10.8507 -7.25019 -15
      vertex 16.671 -11.1392 -15
      vertex 15.4989 -12.7196 -15
    endloop
  endfacet
  facet normal 0 0 -1
    outer loop
      vertex 12.4881 3.78821 -15
      vertex 19.1867 5.82021 -15
      vertex 12.7992 2.54593 -15
    endloop
  endfacet
  facet normal 0 0 -1
    outer loop
      vertex 10.8507 -7.25019 -15
      vertex 15.4989 -12.7196 -15
      vertex 14.1775 -14.1775 -15
    endloop
  endfacet
  facet normal -0 0 -1
    outer loop
      vertex 19.1867 5.82021 -15
      vertex 12.4881 3.78821 -15
      vertex 18.5238 7.6728 -15
    endloop
  endfacet
  facet normal 0 0 -1
    outer loop
      vertex 12.0566 4.99402 -15
      vertex 18.5238 7.6728 -15
      vertex 12.4881 3.78821 -15
    endloop
  endfacet
  facet normal 0 0 -1
    outer loop
      vertex 19.9535 -1.96524 -15
      vertex 12.9872 -1.27912 -15
      vertex 13.05 0 -15
    endloop
  endfacet
  facet normal 0 0 -1
    outer loop
      vertex 19.6647 -3.91156 -15
      vertex 12.7992 -2.54593 -15
      vertex 12.9872 -1.27912 -15
    endloop
  endfacet
  facet normal 0 0 -1
    outer loop
      vertex 10.8507 -7.25019 -15
      vertex 14.1775 -14.1775 -15
      vertex 12.7196 -15.4989 -15
    endloop
  endfacet
  facet normal 0 0 -1
    outer loop
      vertex 19.1867 -5.82021 -15
      vertex 12.4881 -3.78821 -15
      vertex 12.7992 -2.54593 -15
    endloop
  endfacet
  facet normal 0 0 -1
    outer loop
      vertex 18.5238 -7.6728 -15
      vertex 12.0566 -4.99402 -15
      vertex 12.4881 -3.78821 -15
    endloop
  endfacet
  facet normal 0 0 -1
    outer loop
      vertex 17.6825 -9.4515 -15
      vertex 11.5091 -6.15173 -15
      vertex 12.0566 -4.99402 -15
    endloop
  endfacet
  facet normal 0 0 -1
    outer loop
      vertex 10.8507 -7.25019 -15
      vertex 12.7196 -15.4989 -15
      vertex 11.5 -16.4034 -15
    endloop
  endfacet
  facet normal 0 0 -1
    outer loop
      vertex 16.671 -11.1392 -15
      vertex 10.8507 -7.25019 -15
      vertex 11.5091 -6.15173 -15
    endloop
  endfacet
  facet normal -0 0 -1
    outer loop
      vertex 18.5238 7.6728 -15
      vertex 12.0566 4.99402 -15
      vertex 17.6825 9.4515 -15
    endloop
  endfacet
  facet normal 0 0 -1
    outer loop
      vertex 11.5091 6.15173 -15
      vertex 17.6825 9.4515 -15
      vertex 12.0566 4.99402 -15
    endloop
  endfacet
  facet normal -0 0 -1
    outer loop
      vertex 17.6825 9.4515 -15
      vertex 11.5091 6.15173 -15
      vertex 16.671 11.1392 -15
    endloop
  endfacet
  facet normal 0 0 -1
    outer loop
      vertex 10.8507 7.25019 -15
      vertex 16.671 11.1392 -15
      vertex 11.5091 6.15173 -15
    endloop
  endfacet
  facet normal -0 0 -1
    outer loop
      vertex 16.671 11.1392 -15
      vertex 10.8507 7.25019 -15
      vertex 15.4989 12.7196 -15
    endloop
  endfacet
  facet normal 0 0 -1
    outer loop
      vertex 10.0878 8.27883 -15
      vertex 15.4989 12.7196 -15
      vertex 10.8507 7.25019 -15
    endloop
  endfacet
  facet normal -0 0 -1
    outer loop
      vertex 15.4989 12.7196 -15
      vertex 10.0878 8.27883 -15
      vertex 14.1775 14.1775 -15
    endloop
  endfacet
  facet normal 0 0 -1
    outer loop
      vertex 9.22774 9.22774 -15
      vertex 14.1775 14.1775 -15
      vertex 10.0878 8.27883 -15
    endloop
  endfacet
  facet normal -0 0 -1
    outer loop
      vertex 14.1775 14.1775 -15
      vertex 9.22774 9.22774 -15
      vertex 12.7196 15.4989 -15
    endloop
  endfacet
  facet normal 0 0 -1
    outer loop
      vertex 8.27883 10.0878 -15
      vertex 12.7196 15.4989 -15
      vertex 9.22774 9.22774 -15
    endloop
  endfacet
  facet normal -0 0 -1
    outer loop
      vertex 12.7196 15.4989 -15
      vertex 8.27883 10.0878 -15
      vertex 11.5 16.4034 -15
    endloop
  endfacet
  facet normal 0 0 -1
    outer loop
      vertex 7.25019 10.8507 -15
      vertex 11.5 16.4034 -15
      vertex 8.27883 10.0878 -15
    endloop
  endfacet
  facet normal 0 0 -1
    outer loop
      vertex 6.15173 11.5091 -15
      vertex 11.5 16.4034 -15
      vertex 7.25019 10.8507 -15
    endloop
  endfacet
  facet normal 0 0 -1
    outer loop
      vertex 4.99402 12.0566 -15
      vertex 11.5 16.4034 -15
      vertex 6.15173 11.5091 -15
    endloop
  endfacet
  facet normal 0 0 -1
    outer loop
      vertex 3.78821 12.4881 -15
      vertex 11.5 16.4034 -15
      vertex 4.99402 12.0566 -15
    endloop
  endfacet
  facet normal 0 0 -1
    outer loop
      vertex 2.54593 12.7992 -15
      vertex 11.5 16.4034 -15
      vertex 3.78821 12.4881 -15
    endloop
  endfacet
  facet normal 0 0 -1
    outer loop
      vertex 0 33.05 -15
      vertex 11.5 16.4034 -15
      vertex 2.54593 12.7992 -15
    endloop
  endfacet
  facet normal 0 0 -1
    outer loop
      vertex 0 33.05 -15
      vertex 2.54593 12.7992 -15
      vertex 1.27912 12.9872 -15
    endloop
  endfacet
  facet normal 0 0 -1
    outer loop
      vertex 0 33.05 -15
      vertex 1.27912 12.9872 -15
      vertex 0 13.05 -15
    endloop
  endfacet
  facet normal 0 0 -1
    outer loop
      vertex 11.5 16.4034 -15
      vertex 0 33.05 -15
      vertex 11.5 33.05 -15
    endloop
  endfacet
  facet normal -0.989167 -0.146797 -3.94978e-19
    outer loop
      vertex 12.9872 1.27912 5
      vertex 12.7992 2.54593 15
      vertex 12.7992 2.54593 5
    endloop
  endfacet
  facet normal -0.989167 -0.146797 -3.94978e-19
    outer loop
      vertex 12.7992 2.54593 15
      vertex 12.9872 1.27912 5
      vertex 12.9872 1.27912 15
    endloop
  endfacet
  facet normal -0.989167 -0.146797 -3.94978e-19
    outer loop
      vertex 12.9872 1.27912 -15
      vertex 12.7992 2.54593 -5
      vertex 12.7992 2.54593 -15
    endloop
  endfacet
  facet normal -0.989167 -0.146797 -3.94978e-19
    outer loop
      vertex 12.7992 2.54593 -5
      vertex 12.9872 1.27912 -15
      vertex 12.9872 1.27912 -5
    endloop
  endfacet
  facet normal -0.998797 -0.0490372 4.3403e-19
    outer loop
      vertex 13.05 0 5
      vertex 12.9872 1.27912 15
      vertex 12.9872 1.27912 5
    endloop
  endfacet
  facet normal -0.998797 -0.0490372 4.3403e-19
    outer loop
      vertex 12.9872 1.27912 15
      vertex 13.05 0 5
      vertex 13.05 0 15
    endloop
  endfacet
  facet normal -0.998797 -0.0490372 4.3403e-19
    outer loop
      vertex 13.05 0 -15
      vertex 12.9872 1.27912 -5
      vertex 12.9872 1.27912 -15
    endloop
  endfacet
  facet normal -0.998797 -0.0490372 4.3403e-19
    outer loop
      vertex 12.9872 1.27912 -5
      vertex 13.05 0 -15
      vertex 13.05 0 -5
    endloop
  endfacet
  facet normal -0.970045 -0.242925 -1.18456e-18
    outer loop
      vertex 12.7992 2.54593 5
      vertex 12.4881 3.78821 15
      vertex 12.4881 3.78821 5
    endloop
  endfacet
  facet normal -0.970045 -0.242925 -1.18456e-18
    outer loop
      vertex 12.4881 3.78821 15
      vertex 12.7992 2.54593 5
      vertex 12.7992 2.54593 15
    endloop
  endfacet
  facet normal -0.970045 -0.242925 -1.18456e-18
    outer loop
      vertex 12.7992 2.54593 -15
      vertex 12.4881 3.78821 -5
      vertex 12.4881 3.78821 -15
    endloop
  endfacet
  facet normal -0.970045 -0.242925 -1.18456e-18
    outer loop
      vertex 12.4881 3.78821 -5
      vertex 12.7992 2.54593 -15
      vertex 12.7992 2.54593 -5
    endloop
  endfacet
  facet normal -0.904006 0.427519 1.66905e-18
    outer loop
      vertex 11.5091 -6.15173 5
      vertex 12.0566 -4.99402 15
      vertex 12.0566 -4.99402 5
    endloop
  endfacet
  facet normal -0.904006 0.427519 1.66905e-18
    outer loop
      vertex 12.0566 -4.99402 15
      vertex 11.5091 -6.15173 5
      vertex 11.5091 -6.15173 15
    endloop
  endfacet
  facet normal -0.904006 0.427519 1.66905e-18
    outer loop
      vertex 11.5091 -6.15173 -15
      vertex 12.0566 -4.99402 -5
      vertex 12.0566 -4.99402 -15
    endloop
  endfacet
  facet normal -0.904006 0.427519 1.66905e-18
    outer loop
      vertex 12.0566 -4.99402 -5
      vertex 11.5091 -6.15173 -15
      vertex 11.5091 -6.15173 -5
    endloop
  endfacet
  facet normal -0.989167 0.146797 3.94978e-19
    outer loop
      vertex 12.7992 -2.54593 5
      vertex 12.9872 -1.27912 15
      vertex 12.9872 -1.27912 5
    endloop
  endfacet
  facet normal -0.989167 0.146797 3.94978e-19
    outer loop
      vertex 12.9872 -1.27912 15
      vertex 12.7992 -2.54593 5
      vertex 12.7992 -2.54593 15
    endloop
  endfacet
  facet normal -0.989167 0.146797 3.94978e-19
    outer loop
      vertex 12.7992 -2.54593 -15
      vertex 12.9872 -1.27912 -5
      vertex 12.9872 -1.27912 -15
    endloop
  endfacet
  facet normal -0.989167 0.146797 3.94978e-19
    outer loop
      vertex 12.9872 -1.27912 -5
      vertex 12.7992 -2.54593 -15
      vertex 12.7992 -2.54593 -5
    endloop
  endfacet
  facet normal -0.970045 0.242925 1.18456e-18
    outer loop
      vertex 12.4881 -3.78821 5
      vertex 12.7992 -2.54593 15
      vertex 12.7992 -2.54593 5
    endloop
  endfacet
  facet normal -0.970045 0.242925 1.18456e-18
    outer loop
      vertex 12.7992 -2.54593 15
      vertex 12.4881 -3.78821 5
      vertex 12.4881 -3.78821 15
    endloop
  endfacet
  facet normal -0.970045 0.242925 1.18456e-18
    outer loop
      vertex 12.4881 -3.78821 -15
      vertex 12.7992 -2.54593 -5
      vertex 12.7992 -2.54593 -15
    endloop
  endfacet
  facet normal -0.970045 0.242925 1.18456e-18
    outer loop
      vertex 12.7992 -2.54593 -5
      vertex 12.4881 -3.78821 -15
      vertex 12.4881 -3.78821 -5
    endloop
  endfacet
  facet normal -0.998797 0.0490372 -4.3403e-19
    outer loop
      vertex 12.9872 -1.27912 5
      vertex 13.05 0 15
      vertex 13.05 0 5
    endloop
  endfacet
  facet normal -0.998797 0.0490372 -4.3403e-19
    outer loop
      vertex 13.05 0 15
      vertex 12.9872 -1.27912 5
      vertex 12.9872 -1.27912 15
    endloop
  endfacet
  facet normal -0.998797 0.0490372 -4.3403e-19
    outer loop
      vertex 12.9872 -1.27912 -15
      vertex 13.05 0 -5
      vertex 13.05 0 -15
    endloop
  endfacet
  facet normal -0.998797 0.0490372 -4.3403e-19
    outer loop
      vertex 13.05 0 -5
      vertex 12.9872 -1.27912 -15
      vertex 12.9872 -1.27912 -5
    endloop
  endfacet
  facet normal -0.941531 -0.336927 1.17463e-18
    outer loop
      vertex 12.4881 3.78821 5
      vertex 12.0566 4.99402 15
      vertex 12.0566 4.99402 5
    endloop
  endfacet
  facet normal -0.941531 -0.336927 1.17463e-18
    outer loop
      vertex 12.0566 4.99402 15
      vertex 12.4881 3.78821 5
      vertex 12.4881 3.78821 15
    endloop
  endfacet
  facet normal -0.941531 -0.336927 1.17463e-18
    outer loop
      vertex 12.4881 3.78821 -15
      vertex 12.0566 4.99402 -5
      vertex 12.0566 4.99402 -15
    endloop
  endfacet
  facet normal -0.941531 -0.336927 1.17463e-18
    outer loop
      vertex 12.0566 4.99402 -5
      vertex 12.4881 3.78821 -15
      vertex 12.4881 3.78821 -5
    endloop
  endfacet
  facet normal -0.941531 0.336927 -1.17463e-18
    outer loop
      vertex 12.0566 -4.99402 5
      vertex 12.4881 -3.78821 15
      vertex 12.4881 -3.78821 5
    endloop
  endfacet
  facet normal -0.941531 0.336927 -1.17463e-18
    outer loop
      vertex 12.4881 -3.78821 15
      vertex 12.0566 -4.99402 5
      vertex 12.0566 -4.99402 15
    endloop
  endfacet
  facet normal -0.941531 0.336927 -1.17463e-18
    outer loop
      vertex 12.0566 -4.99402 -15
      vertex 12.4881 -3.78821 -5
      vertex 12.4881 -3.78821 -15
    endloop
  endfacet
  facet normal -0.941531 0.336927 -1.17463e-18
    outer loop
      vertex 12.4881 -3.78821 -5
      vertex 12.0566 -4.99402 -15
      vertex 12.0566 -4.99402 -5
    endloop
  endfacet
  facet normal -0.904006 -0.427519 -1.66905e-18
    outer loop
      vertex 12.0566 4.99402 5
      vertex 11.5091 6.15173 15
      vertex 11.5091 6.15173 5
    endloop
  endfacet
  facet normal -0.904006 -0.427519 -1.66905e-18
    outer loop
      vertex 11.5091 6.15173 15
      vertex 12.0566 4.99402 5
      vertex 12.0566 4.99402 15
    endloop
  endfacet
  facet normal -0.904006 -0.427519 -1.66905e-18
    outer loop
      vertex 12.0566 4.99402 -15
      vertex 11.5091 6.15173 -5
      vertex 11.5091 6.15173 -15
    endloop
  endfacet
  facet normal -0.904006 -0.427519 -1.66905e-18
    outer loop
      vertex 11.5091 6.15173 -5
      vertex 12.0566 4.99402 -15
      vertex 12.0566 4.99402 -5
    endloop
  endfacet
  facet normal -0.857726 0.514108 3.48762e-18
    outer loop
      vertex 10.8507 -7.25019 5
      vertex 11.5091 -6.15173 15
      vertex 11.5091 -6.15173 5
    endloop
  endfacet
  facet normal -0.857726 0.514108 3.48762e-18
    outer loop
      vertex 11.5091 -6.15173 15
      vertex 10.8507 -7.25019 5
      vertex 10.8507 -7.25019 15
    endloop
  endfacet
  facet normal -0.857726 0.514108 3.48762e-18
    outer loop
      vertex 10.8507 -7.25019 -15
      vertex 11.5091 -6.15173 -5
      vertex 11.5091 -6.15173 -15
    endloop
  endfacet
  facet normal -0.857726 0.514108 3.48762e-18
    outer loop
      vertex 11.5091 -6.15173 -5
      vertex 10.8507 -7.25019 -15
      vertex 10.8507 -7.25019 -5
    endloop
  endfacet
  facet normal -0.857726 -0.514108 -3.48762e-18
    outer loop
      vertex 11.5091 6.15173 5
      vertex 10.8507 7.25019 15
      vertex 10.8507 7.25019 5
    endloop
  endfacet
  facet normal -0.857726 -0.514108 -3.48762e-18
    outer loop
      vertex 10.8507 7.25019 15
      vertex 11.5091 6.15173 5
      vertex 11.5091 6.15173 15
    endloop
  endfacet
  facet normal -0.857726 -0.514108 -3.48762e-18
    outer loop
      vertex 11.5091 6.15173 -15
      vertex 10.8507 7.25019 -5
      vertex 10.8507 7.25019 -15
    endloop
  endfacet
  facet normal -0.857726 -0.514108 -3.48762e-18
    outer loop
      vertex 10.8507 7.25019 -5
      vertex 11.5091 6.15173 -15
      vertex 11.5091 6.15173 -5
    endloop
  endfacet
  facet normal -1 0 0
    outer loop
      vertex 0 -13.05 -15
      vertex 0 -23.8 0
      vertex 0 -13.05 15
    endloop
  endfacet
  facet normal -1 0 0
    outer loop
      vertex 0 -13.05 -15
      vertex 0 -23.8132 -0.269547
      vertex 0 -23.8 0
    endloop
  endfacet
  facet normal -1 0 0
    outer loop
      vertex 0 -13.05 -15
      vertex 0 -23.8528 -0.536498
      vertex 0 -23.8132 -0.269547
    endloop
  endfacet
  facet normal -1 0 0
    outer loop
      vertex 0 -13.05 -15
      vertex 0 -23.9184 -0.798283
      vertex 0 -23.8528 -0.536498
    endloop
  endfacet
  facet normal -1 0 0
    outer loop
      vertex 0 -13.05 -15
      vertex 0 -24.0093 -1.05238
      vertex 0 -23.9184 -0.798283
    endloop
  endfacet
  facet normal -1 0 0
    outer loop
      vertex 0 -13.05 -15
      vertex 0 -24.1247 -1.29634
      vertex 0 -24.0093 -1.05238
    endloop
  endfacet
  facet normal -1 0 0
    outer loop
      vertex 0 -13.05 -15
      vertex 0 -24.2635 -1.52782
      vertex 0 -24.1247 -1.29634
    endloop
  endfacet
  facet normal -1 0 0
    outer loop
      vertex 0 -13.05 -15
      vertex 0 -24.4242 -1.74458
      vertex 0 -24.2635 -1.52782
    endloop
  endfacet
  facet normal -1 0 0
    outer loop
      vertex 0 -13.05 -15
      vertex 0 -24.6055 -1.94454
      vertex 0 -24.4242 -1.74458
    endloop
  endfacet
  facet normal -1 0 0
    outer loop
      vertex 0 -13.05 -15
      vertex 0 -24.8054 -2.12578
      vertex 0 -24.6055 -1.94454
    endloop
  endfacet
  facet normal -1 0 0
    outer loop
      vertex 0 -13.05 -15
      vertex 0 -25.0222 -2.28654
      vertex 0 -24.8054 -2.12578
    endloop
  endfacet
  facet normal -1 0 0
    outer loop
      vertex 0 -13.05 -15
      vertex 0 -25.2537 -2.42528
      vertex 0 -25.0222 -2.28654
    endloop
  endfacet
  facet normal -1 0 0
    outer loop
      vertex 0 -13.05 -15
      vertex 0 -25.4976 -2.54067
      vertex 0 -25.2537 -2.42528
    endloop
  endfacet
  facet normal -1 0 0
    outer loop
      vertex 0 -13.05 -15
      vertex 0 -25.7517 -2.63159
      vertex 0 -25.4976 -2.54067
    endloop
  endfacet
  facet normal -1 0 0
    outer loop
      vertex 0 -33.05 -15
      vertex 0 -25.7517 -2.63159
      vertex 0 -13.05 -15
    endloop
  endfacet
  facet normal -1 0 0
    outer loop
      vertex 0 -25.7517 -2.63159
      vertex 0 -33.05 -15
      vertex 0 -26.0135 -2.69716
    endloop
  endfacet
  facet normal -1 0 0
    outer loop
      vertex 0 -26.0135 -2.69716
      vertex 0 -33.05 -15
      vertex 0 -26.2805 -2.73676
    endloop
  endfacet
  facet normal -1 0 0
    outer loop
      vertex 0 -26.2805 -2.73676
      vertex 0 -33.05 -15
      vertex 0 -26.55 -2.75
    endloop
  endfacet
  facet normal -1 -0 0
    outer loop
      vertex 0 -26.55 -2.75
      vertex 0 -33.05 -15
      vertex 0 -26.8195 -2.73676
    endloop
  endfacet
  facet normal -1 -0 0
    outer loop
      vertex 0 -26.8195 -2.73676
      vertex 0 -33.05 -15
      vertex 0 -27.0865 -2.69716
    endloop
  endfacet
  facet normal -1 -0 0
    outer loop
      vertex 0 -27.0865 -2.69716
      vertex 0 -33.05 -15
      vertex 0 -27.3483 -2.63159
    endloop
  endfacet
  facet normal -1 -0 0
    outer loop
      vertex 0 -27.3483 -2.63159
      vertex 0 -33.05 -15
      vertex 0 -27.6024 -2.54067
    endloop
  endfacet
  facet normal -1 -0 0
    outer loop
      vertex 0 -27.6024 -2.54067
      vertex 0 -33.05 -15
      vertex 0 -27.8463 -2.42528
    endloop
  endfacet
  facet normal -1 -0 0
    outer loop
      vertex 0 -27.8463 -2.42528
      vertex 0 -33.05 -15
      vertex 0 -28.0778 -2.28654
    endloop
  endfacet
  facet normal -1 -0 0
    outer loop
      vertex 0 -29.2868 -0.269547
      vertex 0 -33.05 -15
      vertex 0 -29.3 0
    endloop
  endfacet
  facet normal -1 -0 0
    outer loop
      vertex 0 -29.2472 -0.536498
      vertex 0 -33.05 -15
      vertex 0 -29.2868 -0.269547
    endloop
  endfacet
  facet normal -1 -0 0
    outer loop
      vertex 0 -29.1816 -0.798283
      vertex 0 -33.05 -15
      vertex 0 -29.2472 -0.536498
    endloop
  endfacet
  facet normal -1 -0 0
    outer loop
      vertex 0 -29.0907 -1.05238
      vertex 0 -33.05 -15
      vertex 0 -29.1816 -0.798283
    endloop
  endfacet
  facet normal -1 -0 0
    outer loop
      vertex 0 -28.9753 -1.29634
      vertex 0 -33.05 -15
      vertex 0 -29.0907 -1.05238
    endloop
  endfacet
  facet normal -1 -0 0
    outer loop
      vertex 0 -28.8365 -1.52782
      vertex 0 -33.05 -15
      vertex 0 -28.9753 -1.29634
    endloop
  endfacet
  facet normal -1 -0 0
    outer loop
      vertex 0 -28.6758 -1.74458
      vertex 0 -33.05 -15
      vertex 0 -28.8365 -1.52782
    endloop
  endfacet
  facet normal -1 -0 0
    outer loop
      vertex 0 -28.4945 -1.94454
      vertex 0 -33.05 -15
      vertex 0 -28.6758 -1.74458
    endloop
  endfacet
  facet normal -1 -0 0
    outer loop
      vertex 0 -28.2946 -2.12578
      vertex 0 -33.05 -15
      vertex 0 -28.4945 -1.94454
    endloop
  endfacet
  facet normal -1 -0 0
    outer loop
      vertex 0 -28.0778 -2.28654
      vertex 0 -33.05 -15
      vertex 0 -28.2946 -2.12578
    endloop
  endfacet
  facet normal -1 0 0
    outer loop
      vertex 0 -23.8132 0.269547
      vertex 0 -13.05 15
      vertex 0 -23.8 0
    endloop
  endfacet
  facet normal -1 0 0
    outer loop
      vertex 0 -23.8528 0.536498
      vertex 0 -13.05 15
      vertex 0 -23.8132 0.269547
    endloop
  endfacet
  facet normal -1 0 0
    outer loop
      vertex 0 -23.9184 0.798283
      vertex 0 -13.05 15
      vertex 0 -23.8528 0.536498
    endloop
  endfacet
  facet normal -1 0 0
    outer loop
      vertex 0 -24.0093 1.05238
      vertex 0 -13.05 15
      vertex 0 -23.9184 0.798283
    endloop
  endfacet
  facet normal -1 0 0
    outer loop
      vertex 0 -24.1247 1.29634
      vertex 0 -13.05 15
      vertex 0 -24.0093 1.05238
    endloop
  endfacet
  facet normal -1 0 0
    outer loop
      vertex 0 -24.2635 1.52782
      vertex 0 -13.05 15
      vertex 0 -24.1247 1.29634
    endloop
  endfacet
  facet normal -1 0 0
    outer loop
      vertex 0 -24.4242 1.74458
      vertex 0 -13.05 15
      vertex 0 -24.2635 1.52782
    endloop
  endfacet
  facet normal -1 0 0
    outer loop
      vertex 0 -24.6055 1.94454
      vertex 0 -13.05 15
      vertex 0 -24.4242 1.74458
    endloop
  endfacet
  facet normal -1 0 0
    outer loop
      vertex 0 -24.8054 2.12578
      vertex 0 -13.05 15
      vertex 0 -24.6055 1.94454
    endloop
  endfacet
  facet normal -1 0 0
    outer loop
      vertex 0 -25.0222 2.28654
      vertex 0 -13.05 15
      vertex 0 -24.8054 2.12578
    endloop
  endfacet
  facet normal -1 0 0
    outer loop
      vertex 0 -25.2537 2.42528
      vertex 0 -13.05 15
      vertex 0 -25.0222 2.28654
    endloop
  endfacet
  facet normal -1 0 0
    outer loop
      vertex 0 -25.4976 2.54067
      vertex 0 -13.05 15
      vertex 0 -25.2537 2.42528
    endloop
  endfacet
  facet normal -1 0 0
    outer loop
      vertex 0 -25.7517 2.63159
      vertex 0 -13.05 15
      vertex 0 -25.4976 2.54067
    endloop
  endfacet
  facet normal -1 0 0
    outer loop
      vertex 0 -33.05 15
      vertex 0 -25.7517 2.63159
      vertex 0 -26.0135 2.69716
    endloop
  endfacet
  facet normal -1 0 0
    outer loop
      vertex 0 -33.05 15
      vertex 0 -26.0135 2.69716
      vertex 0 -26.2805 2.73676
    endloop
  endfacet
  facet normal -1 0 0
    outer loop
      vertex 0 -33.05 15
      vertex 0 -26.2805 2.73676
      vertex 0 -26.55 2.75
    endloop
  endfacet
  facet normal -1 0 0
    outer loop
      vertex 0 -33.05 15
      vertex 0 -26.55 2.75
      vertex 0 -26.8195 2.73676
    endloop
  endfacet
  facet normal -1 0 0
    outer loop
      vertex 0 -33.05 15
      vertex 0 -26.8195 2.73676
      vertex 0 -27.0865 2.69716
    endloop
  endfacet
  facet normal -1 0 0
    outer loop
      vertex 0 -33.05 15
      vertex 0 -27.0865 2.69716
      vertex 0 -27.3483 2.63159
    endloop
  endfacet
  facet normal -1 0 0
    outer loop
      vertex 0 -33.05 15
      vertex 0 -27.3483 2.63159
      vertex 0 -27.6024 2.54067
    endloop
  endfacet
  facet normal -1 0 0
    outer loop
      vertex 0 -33.05 15
      vertex 0 -27.6024 2.54067
      vertex 0 -27.8463 2.42528
    endloop
  endfacet
  facet normal -1 0 0
    outer loop
      vertex 0 -33.05 15
      vertex 0 -27.8463 2.42528
      vertex 0 -28.0778 2.28654
    endloop
  endfacet
  facet normal -1 0 0
    outer loop
      vertex 0 -33.05 15
      vertex 0 -28.0778 2.28654
      vertex 0 -28.2946 2.12578
    endloop
  endfacet
  facet normal -1 0 0
    outer loop
      vertex 0 -33.05 15
      vertex 0 -29.3 0
      vertex 0 -33.05 -15
    endloop
  endfacet
  facet normal -1 0 0
    outer loop
      vertex 0 -29.3 0
      vertex 0 -33.05 15
      vertex 0 -29.2868 0.269547
    endloop
  endfacet
  facet normal -1 0 0
    outer loop
      vertex 0 -25.7517 2.63159
      vertex 0 -33.05 15
      vertex 0 -13.05 15
    endloop
  endfacet
  facet normal -1 0 0
    outer loop
      vertex 0 -28.4945 1.94454
      vertex 0 -33.05 15
      vertex 0 -28.2946 2.12578
    endloop
  endfacet
  facet normal -1 0 0
    outer loop
      vertex 0 -28.6758 1.74458
      vertex 0 -33.05 15
      vertex 0 -28.4945 1.94454
    endloop
  endfacet
  facet normal -1 0 0
    outer loop
      vertex 0 -28.8365 1.52782
      vertex 0 -33.05 15
      vertex 0 -28.6758 1.74458
    endloop
  endfacet
  facet normal -1 0 0
    outer loop
      vertex 0 -28.9753 1.29634
      vertex 0 -33.05 15
      vertex 0 -28.8365 1.52782
    endloop
  endfacet
  facet normal -1 0 0
    outer loop
      vertex 0 -29.0907 1.05238
      vertex 0 -33.05 15
      vertex 0 -28.9753 1.29634
    endloop
  endfacet
  facet normal -1 0 0
    outer loop
      vertex 0 -29.1816 0.798283
      vertex 0 -33.05 15
      vertex 0 -29.0907 1.05238
    endloop
  endfacet
  facet normal -1 0 0
    outer loop
      vertex 0 -29.2472 0.536498
      vertex 0 -33.05 15
      vertex 0 -29.1816 0.798283
    endloop
  endfacet
  facet normal -1 0 0
    outer loop
      vertex 0 -29.2868 0.269547
      vertex 0 -33.05 15
      vertex 0 -29.2472 0.536498
    endloop
  endfacet
  facet normal -1 0 0
    outer loop
      vertex 0 33.05 -15
      vertex 0 29.3 0
      vertex 0 33.05 15
    endloop
  endfacet
  facet normal -1 0 0
    outer loop
      vertex 0 33.05 -15
      vertex 0 29.2868 -0.269547
      vertex 0 29.3 0
    endloop
  endfacet
  facet normal -1 0 0
    outer loop
      vertex 0 33.05 -15
      vertex 0 29.2472 -0.536498
      vertex 0 29.2868 -0.269547
    endloop
  endfacet
  facet normal -1 0 0
    outer loop
      vertex 0 33.05 -15
      vertex 0 29.1816 -0.798283
      vertex 0 29.2472 -0.536498
    endloop
  endfacet
  facet normal -1 0 0
    outer loop
      vertex 0 33.05 -15
      vertex 0 29.0907 -1.05238
      vertex 0 29.1816 -0.798283
    endloop
  endfacet
  facet normal -1 0 0
    outer loop
      vertex 0 33.05 -15
      vertex 0 28.9753 -1.29634
      vertex 0 29.0907 -1.05238
    endloop
  endfacet
  facet normal -1 0 0
    outer loop
      vertex 0 33.05 -15
      vertex 0 28.8365 -1.52782
      vertex 0 28.9753 -1.29634
    endloop
  endfacet
  facet normal -1 0 0
    outer loop
      vertex 0 33.05 -15
      vertex 0 28.6758 -1.74458
      vertex 0 28.8365 -1.52782
    endloop
  endfacet
  facet normal -1 0 0
    outer loop
      vertex 0 33.05 -15
      vertex 0 28.4945 -1.94454
      vertex 0 28.6758 -1.74458
    endloop
  endfacet
  facet normal -1 0 0
    outer loop
      vertex 0 33.05 -15
      vertex 0 28.2946 -2.12578
      vertex 0 28.4945 -1.94454
    endloop
  endfacet
  facet normal -1 0 0
    outer loop
      vertex 0 33.05 -15
      vertex 0 28.0778 -2.28654
      vertex 0 28.2946 -2.12578
    endloop
  endfacet
  facet normal -1 0 0
    outer loop
      vertex 0 33.05 -15
      vertex 0 27.8463 -2.42528
      vertex 0 28.0778 -2.28654
    endloop
  endfacet
  facet normal -1 0 0
    outer loop
      vertex 0 33.05 -15
      vertex 0 27.6024 -2.54067
      vertex 0 27.8463 -2.42528
    endloop
  endfacet
  facet normal -1 0 0
    outer loop
      vertex 0 33.05 -15
      vertex 0 27.3483 -2.63159
      vertex 0 27.6024 -2.54067
    endloop
  endfacet
  facet normal -1 0 0
    outer loop
      vertex 0 33.05 -15
      vertex 0 27.0865 -2.69716
      vertex 0 27.3483 -2.63159
    endloop
  endfacet
  facet normal -1 0 0
    outer loop
      vertex 0 33.05 -15
      vertex 0 26.8195 -2.73676
      vertex 0 27.0865 -2.69716
    endloop
  endfacet
  facet normal -1 0 0
    outer loop
      vertex 0 33.05 -15
      vertex 0 26.55 -2.75
      vertex 0 26.8195 -2.73676
    endloop
  endfacet
  facet normal -1 0 0
    outer loop
      vertex 0 33.05 -15
      vertex 0 26.2805 -2.73676
      vertex 0 26.55 -2.75
    endloop
  endfacet
  facet normal -1 0 0
    outer loop
      vertex 0 33.05 -15
      vertex 0 26.0135 -2.69716
      vertex 0 26.2805 -2.73676
    endloop
  endfacet
  facet normal -1 0 0
    outer loop
      vertex 0 33.05 -15
      vertex 0 25.7517 -2.63159
      vertex 0 26.0135 -2.69716
    endloop
  endfacet
  facet normal -1 0 0
    outer loop
      vertex 0 13.05 -15
      vertex 0 25.7517 -2.63159
      vertex 0 33.05 -15
    endloop
  endfacet
  facet normal -1 -0 0
    outer loop
      vertex 0 25.7517 -2.63159
      vertex 0 13.05 -15
      vertex 0 25.4976 -2.54067
    endloop
  endfacet
  facet normal -1 -0 0
    outer loop
      vertex 0 25.4976 -2.54067
      vertex 0 13.05 -15
      vertex 0 25.2537 -2.42528
    endloop
  endfacet
  facet normal -1 -0 0
    outer loop
      vertex 0 25.2537 -2.42528
      vertex 0 13.05 -15
      vertex 0 25.0222 -2.28654
    endloop
  endfacet
  facet normal -1 -0 0
    outer loop
      vertex 0 25.0222 -2.28654
      vertex 0 13.05 -15
      vertex 0 24.8054 -2.12578
    endloop
  endfacet
  facet normal -1 -0 0
    outer loop
      vertex 0 24.8054 -2.12578
      vertex 0 13.05 -15
      vertex 0 24.6055 -1.94454
    endloop
  endfacet
  facet normal -1 -0 0
    outer loop
      vertex 0 24.6055 -1.94454
      vertex 0 13.05 -15
      vertex 0 24.4242 -1.74458
    endloop
  endfacet
  facet normal -1 -0 0
    outer loop
      vertex 0 23.8132 -0.269547
      vertex 0 13.05 -15
      vertex 0 23.8 0
    endloop
  endfacet
  facet normal -1 -0 0
    outer loop
      vertex 0 23.8528 -0.536498
      vertex 0 13.05 -15
      vertex 0 23.8132 -0.269547
    endloop
  endfacet
  facet normal -1 -0 0
    outer loop
      vertex 0 23.9184 -0.798283
      vertex 0 13.05 -15
      vertex 0 23.8528 -0.536498
    endloop
  endfacet
  facet normal -1 -0 0
    outer loop
      vertex 0 24.0093 -1.05238
      vertex 0 13.05 -15
      vertex 0 23.9184 -0.798283
    endloop
  endfacet
  facet normal -1 -0 0
    outer loop
      vertex 0 24.1247 -1.29634
      vertex 0 13.05 -15
      vertex 0 24.0093 -1.05238
    endloop
  endfacet
  facet normal -1 -0 0
    outer loop
      vertex 0 24.2635 -1.52782
      vertex 0 13.05 -15
      vertex 0 24.1247 -1.29634
    endloop
  endfacet
  facet normal -1 -0 0
    outer loop
      vertex 0 24.4242 -1.74458
      vertex 0 13.05 -15
      vertex 0 24.2635 -1.52782
    endloop
  endfacet
  facet normal -1 0 0
    outer loop
      vertex 0 29.2868 0.269547
      vertex 0 33.05 15
      vertex 0 29.3 0
    endloop
  endfacet
  facet normal -1 0 0
    outer loop
      vertex 0 29.2472 0.536498
      vertex 0 33.05 15
      vertex 0 29.2868 0.269547
    endloop
  endfacet
  facet normal -1 0 0
    outer loop
      vertex 0 29.1816 0.798283
      vertex 0 33.05 15
      vertex 0 29.2472 0.536498
    endloop
  endfacet
  facet normal -1 0 0
    outer loop
      vertex 0 29.0907 1.05238
      vertex 0 33.05 15
      vertex 0 29.1816 0.798283
    endloop
  endfacet
  facet normal -1 0 0
    outer loop
      vertex 0 28.9753 1.29634
      vertex 0 33.05 15
      vertex 0 29.0907 1.05238
    endloop
  endfacet
  facet normal -1 0 0
    outer loop
      vertex 0 28.8365 1.52782
      vertex 0 33.05 15
      vertex 0 28.9753 1.29634
    endloop
  endfacet
  facet normal -1 0 0
    outer loop
      vertex 0 28.6758 1.74458
      vertex 0 33.05 15
      vertex 0 28.8365 1.52782
    endloop
  endfacet
  facet normal -1 0 0
    outer loop
      vertex 0 28.4945 1.94454
      vertex 0 33.05 15
      vertex 0 28.6758 1.74458
    endloop
  endfacet
  facet normal -1 0 0
    outer loop
      vertex 0 28.2946 2.12578
      vertex 0 33.05 15
      vertex 0 28.4945 1.94454
    endloop
  endfacet
  facet normal -1 0 0
    outer loop
      vertex 0 28.0778 2.28654
      vertex 0 33.05 15
      vertex 0 28.2946 2.12578
    endloop
  endfacet
  facet normal -1 0 0
    outer loop
      vertex 0 27.8463 2.42528
      vertex 0 33.05 15
      vertex 0 28.0778 2.28654
    endloop
  endfacet
  facet normal -1 0 0
    outer loop
      vertex 0 27.6024 2.54067
      vertex 0 33.05 15
      vertex 0 27.8463 2.42528
    endloop
  endfacet
  facet normal -1 0 0
    outer loop
      vertex 0 27.3483 2.63159
      vertex 0 33.05 15
      vertex 0 27.6024 2.54067
    endloop
  endfacet
  facet normal -1 0 0
    outer loop
      vertex 0 27.0865 2.69716
      vertex 0 33.05 15
      vertex 0 27.3483 2.63159
    endloop
  endfacet
  facet normal -1 0 0
    outer loop
      vertex 0 26.8195 2.73676
      vertex 0 33.05 15
      vertex 0 27.0865 2.69716
    endloop
  endfacet
  facet normal -1 0 0
    outer loop
      vertex 0 26.55 2.75
      vertex 0 33.05 15
      vertex 0 26.8195 2.73676
    endloop
  endfacet
  facet normal -1 0 0
    outer loop
      vertex 0 26.2805 2.73676
      vertex 0 33.05 15
      vertex 0 26.55 2.75
    endloop
  endfacet
  facet normal -1 0 0
    outer loop
      vertex 0 26.0135 2.69716
      vertex 0 33.05 15
      vertex 0 26.2805 2.73676
    endloop
  endfacet
  facet normal -1 0 0
    outer loop
      vertex 0 25.7517 2.63159
      vertex 0 33.05 15
      vertex 0 26.0135 2.69716
    endloop
  endfacet
  facet normal -1 0 0
    outer loop
      vertex 0 13.05 15
      vertex 0 25.7517 2.63159
      vertex 0 25.4976 2.54067
    endloop
  endfacet
  facet normal -1 0 0
    outer loop
      vertex 0 13.05 15
      vertex 0 25.4976 2.54067
      vertex 0 25.2537 2.42528
    endloop
  endfacet
  facet normal -1 0 0
    outer loop
      vertex 0 13.05 15
      vertex 0 25.2537 2.42528
      vertex 0 25.0222 2.28654
    endloop
  endfacet
  facet normal -1 0 0
    outer loop
      vertex 0 13.05 15
      vertex 0 25.0222 2.28654
      vertex 0 24.8054 2.12578
    endloop
  endfacet
  facet normal -1 0 0
    outer loop
      vertex 0 13.05 15
      vertex 0 24.8054 2.12578
      vertex 0 24.6055 1.94454
    endloop
  endfacet
  facet normal -1 0 0
    outer loop
      vertex 0 13.05 15
      vertex 0 24.6055 1.94454
      vertex 0 24.4242 1.74458
    endloop
  endfacet
  facet normal -1 0 0
    outer loop
      vertex 0 13.05 15
      vertex 0 24.4242 1.74458
      vertex 0 24.2635 1.52782
    endloop
  endfacet
  facet normal -1 0 0
    outer loop
      vertex 0 13.05 15
      vertex 0 23.8 0
      vertex 0 13.05 -15
    endloop
  endfacet
  facet normal -1 0 0
    outer loop
      vertex 0 23.8 0
      vertex 0 13.05 15
      vertex 0 23.8132 0.269547
    endloop
  endfacet
  facet normal -1 0 0
    outer loop
      vertex 0 23.8132 0.269547
      vertex 0 13.05 15
      vertex 0 23.8528 0.536498
    endloop
  endfacet
  facet normal -1 0 0
    outer loop
      vertex 0 23.8528 0.536498
      vertex 0 13.05 15
      vertex 0 23.9184 0.798283
    endloop
  endfacet
  facet normal -1 0 0
    outer loop
      vertex 0 23.9184 0.798283
      vertex 0 13.05 15
      vertex 0 24.0093 1.05238
    endloop
  endfacet
  facet normal -1 0 0
    outer loop
      vertex 0 24.0093 1.05238
      vertex 0 13.05 15
      vertex 0 24.1247 1.29634
    endloop
  endfacet
  facet normal -1 0 0
    outer loop
      vertex 0 24.1247 1.29634
      vertex 0 13.05 15
      vertex 0 24.2635 1.52782
    endloop
  endfacet
  facet normal -1 0 0
    outer loop
      vertex 0 25.7517 2.63159
      vertex 0 13.05 15
      vertex 0 33.05 15
    endloop
  endfacet
  facet normal 1 0 0
    outer loop
      vertex 11.5 -16.4034 15
      vertex 11.5 -23.8 0
      vertex 11.5 -16.4034 -15
    endloop
  endfacet
  facet normal 1 0 0
    outer loop
      vertex 11.5 -16.4034 15
      vertex 11.5 -23.8132 0.269547
      vertex 11.5 -23.8 0
    endloop
  endfacet
  facet normal 1 0 0
    outer loop
      vertex 11.5 -16.4034 15
      vertex 11.5 -23.8528 0.536498
      vertex 11.5 -23.8132 0.269547
    endloop
  endfacet
  facet normal 1 0 0
    outer loop
      vertex 11.5 -16.4034 15
      vertex 11.5 -23.9184 0.798283
      vertex 11.5 -23.8528 0.536498
    endloop
  endfacet
  facet normal 1 0 0
    outer loop
      vertex 11.5 -16.4034 15
      vertex 11.5 -24.0093 1.05238
      vertex 11.5 -23.9184 0.798283
    endloop
  endfacet
  facet normal 1 0 0
    outer loop
      vertex 11.5 -16.4034 15
      vertex 11.5 -24.1247 1.29634
      vertex 11.5 -24.0093 1.05238
    endloop
  endfacet
  facet normal 1 0 0
    outer loop
      vertex 11.5 -16.4034 15
      vertex 11.5 -24.2635 1.52782
      vertex 11.5 -24.1247 1.29634
    endloop
  endfacet
  facet normal 1 0 0
    outer loop
      vertex 11.5 -16.4034 15
      vertex 11.5 -24.4242 1.74458
      vertex 11.5 -24.2635 1.52782
    endloop
  endfacet
  facet normal 1 0 0
    outer loop
      vertex 11.5 -16.4034 15
      vertex 11.5 -24.6055 1.94454
      vertex 11.5 -24.4242 1.74458
    endloop
  endfacet
  facet normal 1 0 0
    outer loop
      vertex 11.5 -16.4034 15
      vertex 11.5 -24.8054 2.12578
      vertex 11.5 -24.6055 1.94454
    endloop
  endfacet
  facet normal 1 0 0
    outer loop
      vertex 11.5 -16.4034 15
      vertex 11.5 -25.0222 2.28654
      vertex 11.5 -24.8054 2.12578
    endloop
  endfacet
  facet normal 1 0 0
    outer loop
      vertex 11.5 -16.4034 15
      vertex 11.5 -25.2537 2.42528
      vertex 11.5 -25.0222 2.28654
    endloop
  endfacet
  facet normal 1 0 0
    outer loop
      vertex 11.5 -16.4034 15
      vertex 11.5 -25.4976 2.54067
      vertex 11.5 -25.2537 2.42528
    endloop
  endfacet
  facet normal 1 0 0
    outer loop
      vertex 11.5 -16.4034 15
      vertex 11.5 -25.7517 2.63159
      vertex 11.5 -25.4976 2.54067
    endloop
  endfacet
  facet normal 1 0 0
    outer loop
      vertex 11.5 -16.4034 15
      vertex 11.5 -26.0135 2.69716
      vertex 11.5 -25.7517 2.63159
    endloop
  endfacet
  facet normal 1 -0 0
    outer loop
      vertex 11.5 -33.05 15
      vertex 11.5 -26.0135 2.69716
      vertex 11.5 -16.4034 15
    endloop
  endfacet
  facet normal 1 0 0
    outer loop
      vertex 11.5 -26.0135 2.69716
      vertex 11.5 -33.05 15
      vertex 11.5 -26.2805 2.73676
    endloop
  endfacet
  facet normal 1 0 0
    outer loop
      vertex 11.5 -26.2805 2.73676
      vertex 11.5 -33.05 15
      vertex 11.5 -26.55 2.75
    endloop
  endfacet
  facet normal 1 0 0
    outer loop
      vertex 11.5 -26.55 2.75
      vertex 11.5 -33.05 15
      vertex 11.5 -26.8195 2.73676
    endloop
  endfacet
  facet normal 1 0 0
    outer loop
      vertex 11.5 -26.8195 2.73676
      vertex 11.5 -33.05 15
      vertex 11.5 -27.0865 2.69716
    endloop
  endfacet
  facet normal 1 0 0
    outer loop
      vertex 11.5 -27.0865 2.69716
      vertex 11.5 -33.05 15
      vertex 11.5 -27.3483 2.63159
    endloop
  endfacet
  facet normal 1 0 0
    outer loop
      vertex 11.5 -27.3483 2.63159
      vertex 11.5 -33.05 15
      vertex 11.5 -27.6024 2.54067
    endloop
  endfacet
  facet normal 1 0 0
    outer loop
      vertex 11.5 -27.6024 2.54067
      vertex 11.5 -33.05 15
      vertex 11.5 -27.8463 2.42528
    endloop
  endfacet
  facet normal 1 0 0
    outer loop
      vertex 11.5 -27.8463 2.42528
      vertex 11.5 -33.05 15
      vertex 11.5 -28.0778 2.28654
    endloop
  endfacet
  facet normal 1 0 0
    outer loop
      vertex 11.5 -28.0778 2.28654
      vertex 11.5 -33.05 15
      vertex 11.5 -28.2946 2.12578
    endloop
  endfacet
  facet normal 1 0 0
    outer loop
      vertex 11.5 -29.2868 0.269547
      vertex 11.5 -33.05 15
      vertex 11.5 -29.3 0
    endloop
  endfacet
  facet normal 1 0 0
    outer loop
      vertex 11.5 -29.2472 0.536498
      vertex 11.5 -33.05 15
      vertex 11.5 -29.2868 0.269547
    endloop
  endfacet
  facet normal 1 0 0
    outer loop
      vertex 11.5 -29.1816 0.798283
      vertex 11.5 -33.05 15
      vertex 11.5 -29.2472 0.536498
    endloop
  endfacet
  facet normal 1 0 0
    outer loop
      vertex 11.5 -29.0907 1.05238
      vertex 11.5 -33.05 15
      vertex 11.5 -29.1816 0.798283
    endloop
  endfacet
  facet normal 1 0 0
    outer loop
      vertex 11.5 -28.9753 1.29634
      vertex 11.5 -33.05 15
      vertex 11.5 -29.0907 1.05238
    endloop
  endfacet
  facet normal 1 0 0
    outer loop
      vertex 11.5 -28.8365 1.52782
      vertex 11.5 -33.05 15
      vertex 11.5 -28.9753 1.29634
    endloop
  endfacet
  facet normal 1 0 0
    outer loop
      vertex 11.5 -28.6758 1.74458
      vertex 11.5 -33.05 15
      vertex 11.5 -28.8365 1.52782
    endloop
  endfacet
  facet normal 1 0 0
    outer loop
      vertex 11.5 -28.4945 1.94454
      vertex 11.5 -33.05 15
      vertex 11.5 -28.6758 1.74458
    endloop
  endfacet
  facet normal 1 0 0
    outer loop
      vertex 11.5 -28.2946 2.12578
      vertex 11.5 -33.05 15
      vertex 11.5 -28.4945 1.94454
    endloop
  endfacet
  facet normal 1 -0 0
    outer loop
      vertex 11.5 -23.8132 -0.269547
      vertex 11.5 -16.4034 -15
      vertex 11.5 -23.8 0
    endloop
  endfacet
  facet normal 1 -0 0
    outer loop
      vertex 11.5 -23.8528 -0.536498
      vertex 11.5 -16.4034 -15
      vertex 11.5 -23.8132 -0.269547
    endloop
  endfacet
  facet normal 1 -0 0
    outer loop
      vertex 11.5 -23.9184 -0.798283
      vertex 11.5 -16.4034 -15
      vertex 11.5 -23.8528 -0.536498
    endloop
  endfacet
  facet normal 1 -0 0
    outer loop
      vertex 11.5 -24.0093 -1.05238
      vertex 11.5 -16.4034 -15
      vertex 11.5 -23.9184 -0.798283
    endloop
  endfacet
  facet normal 1 -0 0
    outer loop
      vertex 11.5 -24.1247 -1.29634
      vertex 11.5 -16.4034 -15
      vertex 11.5 -24.0093 -1.05238
    endloop
  endfacet
  facet normal 1 -0 0
    outer loop
      vertex 11.5 -24.2635 -1.52782
      vertex 11.5 -16.4034 -15
      vertex 11.5 -24.1247 -1.29634
    endloop
  endfacet
  facet normal 1 -0 0
    outer loop
      vertex 11.5 -24.4242 -1.74458
      vertex 11.5 -16.4034 -15
      vertex 11.5 -24.2635 -1.52782
    endloop
  endfacet
  facet normal 1 -0 0
    outer loop
      vertex 11.5 -24.6055 -1.94454
      vertex 11.5 -16.4034 -15
      vertex 11.5 -24.4242 -1.74458
    endloop
  endfacet
  facet normal 1 -0 0
    outer loop
      vertex 11.5 -24.8054 -2.12578
      vertex 11.5 -16.4034 -15
      vertex 11.5 -24.6055 -1.94454
    endloop
  endfacet
  facet normal 1 -0 0
    outer loop
      vertex 11.5 -25.0222 -2.28654
      vertex 11.5 -16.4034 -15
      vertex 11.5 -24.8054 -2.12578
    endloop
  endfacet
  facet normal 1 -0 0
    outer loop
      vertex 11.5 -25.2537 -2.42528
      vertex 11.5 -16.4034 -15
      vertex 11.5 -25.0222 -2.28654
    endloop
  endfacet
  facet normal 1 -0 0
    outer loop
      vertex 11.5 -25.4976 -2.54067
      vertex 11.5 -16.4034 -15
      vertex 11.5 -25.2537 -2.42528
    endloop
  endfacet
  facet normal 1 -0 0
    outer loop
      vertex 11.5 -25.7517 -2.63159
      vertex 11.5 -16.4034 -15
      vertex 11.5 -25.4976 -2.54067
    endloop
  endfacet
  facet normal 1 -0 0
    outer loop
      vertex 11.5 -26.0135 -2.69716
      vertex 11.5 -16.4034 -15
      vertex 11.5 -25.7517 -2.63159
    endloop
  endfacet
  facet normal 1 0 0
    outer loop
      vertex 11.5 -33.05 -15
      vertex 11.5 -26.0135 -2.69716
      vertex 11.5 -26.2805 -2.73676
    endloop
  endfacet
  facet normal 1 0 0
    outer loop
      vertex 11.5 -33.05 -15
      vertex 11.5 -26.2805 -2.73676
      vertex 11.5 -26.55 -2.75
    endloop
  endfacet
  facet normal 1 0 0
    outer loop
      vertex 11.5 -33.05 -15
      vertex 11.5 -26.55 -2.75
      vertex 11.5 -26.8195 -2.73676
    endloop
  endfacet
  facet normal 1 0 0
    outer loop
      vertex 11.5 -33.05 -15
      vertex 11.5 -26.8195 -2.73676
      vertex 11.5 -27.0865 -2.69716
    endloop
  endfacet
  facet normal 1 0 0
    outer loop
      vertex 11.5 -33.05 -15
      vertex 11.5 -27.0865 -2.69716
      vertex 11.5 -27.3483 -2.63159
    endloop
  endfacet
  facet normal 1 0 0
    outer loop
      vertex 11.5 -33.05 -15
      vertex 11.5 -27.3483 -2.63159
      vertex 11.5 -27.6024 -2.54067
    endloop
  endfacet
  facet normal 1 0 0
    outer loop
      vertex 11.5 -33.05 -15
      vertex 11.5 -27.6024 -2.54067
      vertex 11.5 -27.8463 -2.42528
    endloop
  endfacet
  facet normal 1 0 0
    outer loop
      vertex 11.5 -33.05 -15
      vertex 11.5 -27.8463 -2.42528
      vertex 11.5 -28.0778 -2.28654
    endloop
  endfacet
  facet normal 1 0 0
    outer loop
      vertex 11.5 -33.05 -15
      vertex 11.5 -28.0778 -2.28654
      vertex 11.5 -28.2946 -2.12578
    endloop
  endfacet
  facet normal 1 0 0
    outer loop
      vertex 11.5 -33.05 -15
      vertex 11.5 -28.2946 -2.12578
      vertex 11.5 -28.4945 -1.94454
    endloop
  endfacet
  facet normal 1 0 0
    outer loop
      vertex 11.5 -33.05 -15
      vertex 11.5 -29.3 0
      vertex 11.5 -33.05 15
    endloop
  endfacet
  facet normal 1 0 0
    outer loop
      vertex 11.5 -29.3 0
      vertex 11.5 -33.05 -15
      vertex 11.5 -29.2868 -0.269547
    endloop
  endfacet
  facet normal 1 0 0
    outer loop
      vertex 11.5 -26.0135 -2.69716
      vertex 11.5 -33.05 -15
      vertex 11.5 -16.4034 -15
    endloop
  endfacet
  facet normal 1 0 0
    outer loop
      vertex 11.5 -28.6758 -1.74458
      vertex 11.5 -33.05 -15
      vertex 11.5 -28.4945 -1.94454
    endloop
  endfacet
  facet normal 1 0 0
    outer loop
      vertex 11.5 -28.8365 -1.52782
      vertex 11.5 -33.05 -15
      vertex 11.5 -28.6758 -1.74458
    endloop
  endfacet
  facet normal 1 0 0
    outer loop
      vertex 11.5 -28.9753 -1.29634
      vertex 11.5 -33.05 -15
      vertex 11.5 -28.8365 -1.52782
    endloop
  endfacet
  facet normal 1 0 0
    outer loop
      vertex 11.5 -29.0907 -1.05238
      vertex 11.5 -33.05 -15
      vertex 11.5 -28.9753 -1.29634
    endloop
  endfacet
  facet normal 1 0 0
    outer loop
      vertex 11.5 -29.1816 -0.798283
      vertex 11.5 -33.05 -15
      vertex 11.5 -29.0907 -1.05238
    endloop
  endfacet
  facet normal 1 0 0
    outer loop
      vertex 11.5 -29.2472 -0.536498
      vertex 11.5 -33.05 -15
      vertex 11.5 -29.1816 -0.798283
    endloop
  endfacet
  facet normal 1 0 0
    outer loop
      vertex 11.5 -29.2868 -0.269547
      vertex 11.5 -33.05 -15
      vertex 11.5 -29.2472 -0.536498
    endloop
  endfacet
  facet normal 0 -1 0
    outer loop
      vertex 0 -33.05 -15
      vertex 11.5 -33.05 15
      vertex 0 -33.05 15
    endloop
  endfacet
  facet normal 0 -1 -0
    outer loop
      vertex 11.5 -33.05 15
      vertex 0 -33.05 -15
      vertex 11.5 -33.05 -15
    endloop
  endfacet
  facet normal 1 0 0
    outer loop
      vertex 11.5 33.05 15
      vertex 11.5 29.3 0
      vertex 11.5 33.05 -15
    endloop
  endfacet
  facet normal 1 0 0
    outer loop
      vertex 11.5 33.05 15
      vertex 11.5 29.2868 0.269547
      vertex 11.5 29.3 0
    endloop
  endfacet
  facet normal 1 0 0
    outer loop
      vertex 11.5 33.05 15
      vertex 11.5 29.2472 0.536498
      vertex 11.5 29.2868 0.269547
    endloop
  endfacet
  facet normal 1 0 0
    outer loop
      vertex 11.5 33.05 15
      vertex 11.5 29.1816 0.798283
      vertex 11.5 29.2472 0.536498
    endloop
  endfacet
  facet normal 1 0 0
    outer loop
      vertex 11.5 33.05 15
      vertex 11.5 29.0907 1.05238
      vertex 11.5 29.1816 0.798283
    endloop
  endfacet
  facet normal 1 0 0
    outer loop
      vertex 11.5 33.05 15
      vertex 11.5 28.9753 1.29634
      vertex 11.5 29.0907 1.05238
    endloop
  endfacet
  facet normal 1 0 0
    outer loop
      vertex 11.5 33.05 15
      vertex 11.5 28.8365 1.52782
      vertex 11.5 28.9753 1.29634
    endloop
  endfacet
  facet normal 1 0 0
    outer loop
      vertex 11.5 33.05 15
      vertex 11.5 28.6758 1.74458
      vertex 11.5 28.8365 1.52782
    endloop
  endfacet
  facet normal 1 0 0
    outer loop
      vertex 11.5 33.05 15
      vertex 11.5 28.4945 1.94454
      vertex 11.5 28.6758 1.74458
    endloop
  endfacet
  facet normal 1 0 0
    outer loop
      vertex 11.5 33.05 15
      vertex 11.5 28.2946 2.12578
      vertex 11.5 28.4945 1.94454
    endloop
  endfacet
  facet normal 1 0 0
    outer loop
      vertex 11.5 33.05 15
      vertex 11.5 28.0778 2.28654
      vertex 11.5 28.2946 2.12578
    endloop
  endfacet
  facet normal 1 0 0
    outer loop
      vertex 11.5 33.05 15
      vertex 11.5 27.8463 2.42528
      vertex 11.5 28.0778 2.28654
    endloop
  endfacet
  facet normal 1 0 0
    outer loop
      vertex 11.5 33.05 15
      vertex 11.5 27.6024 2.54067
      vertex 11.5 27.8463 2.42528
    endloop
  endfacet
  facet normal 1 0 0
    outer loop
      vertex 11.5 33.05 15
      vertex 11.5 27.3483 2.63159
      vertex 11.5 27.6024 2.54067
    endloop
  endfacet
  facet normal 1 0 0
    outer loop
      vertex 11.5 33.05 15
      vertex 11.5 27.0865 2.69716
      vertex 11.5 27.3483 2.63159
    endloop
  endfacet
  facet normal 1 0 0
    outer loop
      vertex 11.5 33.05 15
      vertex 11.5 26.8195 2.73676
      vertex 11.5 27.0865 2.69716
    endloop
  endfacet
  facet normal 1 0 0
    outer loop
      vertex 11.5 33.05 15
      vertex 11.5 26.55 2.75
      vertex 11.5 26.8195 2.73676
    endloop
  endfacet
  facet normal 1 0 0
    outer loop
      vertex 11.5 33.05 15
      vertex 11.5 26.2805 2.73676
      vertex 11.5 26.55 2.75
    endloop
  endfacet
  facet normal 1 0 0
    outer loop
      vertex 11.5 33.05 15
      vertex 11.5 26.0135 2.69716
      vertex 11.5 26.2805 2.73676
    endloop
  endfacet
  facet normal 1 -0 0
    outer loop
      vertex 11.5 16.4034 15
      vertex 11.5 26.0135 2.69716
      vertex 11.5 33.05 15
    endloop
  endfacet
  facet normal 1 0 0
    outer loop
      vertex 11.5 26.0135 2.69716
      vertex 11.5 16.4034 15
      vertex 11.5 25.7517 2.63159
    endloop
  endfacet
  facet normal 1 0 0
    outer loop
      vertex 11.5 25.7517 2.63159
      vertex 11.5 16.4034 15
      vertex 11.5 25.4976 2.54067
    endloop
  endfacet
  facet normal 1 0 0
    outer loop
      vertex 11.5 25.4976 2.54067
      vertex 11.5 16.4034 15
      vertex 11.5 25.2537 2.42528
    endloop
  endfacet
  facet normal 1 0 0
    outer loop
      vertex 11.5 25.2537 2.42528
      vertex 11.5 16.4034 15
      vertex 11.5 25.0222 2.28654
    endloop
  endfacet
  facet normal 1 0 0
    outer loop
      vertex 11.5 25.0222 2.28654
      vertex 11.5 16.4034 15
      vertex 11.5 24.8054 2.12578
    endloop
  endfacet
  facet normal 1 0 0
    outer loop
      vertex 11.5 24.8054 2.12578
      vertex 11.5 16.4034 15
      vertex 11.5 24.6055 1.94454
    endloop
  endfacet
  facet normal 1 0 0
    outer loop
      vertex 11.5 24.6055 1.94454
      vertex 11.5 16.4034 15
      vertex 11.5 24.4242 1.74458
    endloop
  endfacet
  facet normal 1 0 0
    outer loop
      vertex 11.5 23.8132 0.269547
      vertex 11.5 16.4034 15
      vertex 11.5 23.8 0
    endloop
  endfacet
  facet normal 1 0 0
    outer loop
      vertex 11.5 23.8528 0.536498
      vertex 11.5 16.4034 15
      vertex 11.5 23.8132 0.269547
    endloop
  endfacet
  facet normal 1 0 0
    outer loop
      vertex 11.5 23.9184 0.798283
      vertex 11.5 16.4034 15
      vertex 11.5 23.8528 0.536498
    endloop
  endfacet
  facet normal 1 0 0
    outer loop
      vertex 11.5 24.0093 1.05238
      vertex 11.5 16.4034 15
      vertex 11.5 23.9184 0.798283
    endloop
  endfacet
  facet normal 1 0 0
    outer loop
      vertex 11.5 24.1247 1.29634
      vertex 11.5 16.4034 15
      vertex 11.5 24.0093 1.05238
    endloop
  endfacet
  facet normal 1 0 0
    outer loop
      vertex 11.5 24.2635 1.52782
      vertex 11.5 16.4034 15
      vertex 11.5 24.1247 1.29634
    endloop
  endfacet
  facet normal 1 0 0
    outer loop
      vertex 11.5 24.4242 1.74458
      vertex 11.5 16.4034 15
      vertex 11.5 24.2635 1.52782
    endloop
  endfacet
  facet normal 1 -0 0
    outer loop
      vertex 11.5 29.2868 -0.269547
      vertex 11.5 33.05 -15
      vertex 11.5 29.3 0
    endloop
  endfacet
  facet normal 1 -0 0
    outer loop
      vertex 11.5 29.2472 -0.536498
      vertex 11.5 33.05 -15
      vertex 11.5 29.2868 -0.269547
    endloop
  endfacet
  facet normal 1 -0 0
    outer loop
      vertex 11.5 29.1816 -0.798283
      vertex 11.5 33.05 -15
      vertex 11.5 29.2472 -0.536498
    endloop
  endfacet
  facet normal 1 -0 0
    outer loop
      vertex 11.5 29.0907 -1.05238
      vertex 11.5 33.05 -15
      vertex 11.5 29.1816 -0.798283
    endloop
  endfacet
  facet normal 1 -0 0
    outer loop
      vertex 11.5 28.9753 -1.29634
      vertex 11.5 33.05 -15
      vertex 11.5 29.0907 -1.05238
    endloop
  endfacet
  facet normal 1 -0 0
    outer loop
      vertex 11.5 28.8365 -1.52782
      vertex 11.5 33.05 -15
      vertex 11.5 28.9753 -1.29634
    endloop
  endfacet
  facet normal 1 -0 0
    outer loop
      vertex 11.5 28.6758 -1.74458
      vertex 11.5 33.05 -15
      vertex 11.5 28.8365 -1.52782
    endloop
  endfacet
  facet normal 1 -0 0
    outer loop
      vertex 11.5 28.4945 -1.94454
      vertex 11.5 33.05 -15
      vertex 11.5 28.6758 -1.74458
    endloop
  endfacet
  facet normal 1 -0 0
    outer loop
      vertex 11.5 28.2946 -2.12578
      vertex 11.5 33.05 -15
      vertex 11.5 28.4945 -1.94454
    endloop
  endfacet
  facet normal 1 -0 0
    outer loop
      vertex 11.5 28.0778 -2.28654
      vertex 11.5 33.05 -15
      vertex 11.5 28.2946 -2.12578
    endloop
  endfacet
  facet normal 1 -0 0
    outer loop
      vertex 11.5 27.8463 -2.42528
      vertex 11.5 33.05 -15
      vertex 11.5 28.0778 -2.28654
    endloop
  endfacet
  facet normal 1 -0 0
    outer loop
      vertex 11.5 27.6024 -2.54067
      vertex 11.5 33.05 -15
      vertex 11.5 27.8463 -2.42528
    endloop
  endfacet
  facet normal 1 -0 0
    outer loop
      vertex 11.5 27.3483 -2.63159
      vertex 11.5 33.05 -15
      vertex 11.5 27.6024 -2.54067
    endloop
  endfacet
  facet normal 1 -0 0
    outer loop
      vertex 11.5 27.0865 -2.69716
      vertex 11.5 33.05 -15
      vertex 11.5 27.3483 -2.63159
    endloop
  endfacet
  facet normal 1 -0 0
    outer loop
      vertex 11.5 26.8195 -2.73676
      vertex 11.5 33.05 -15
      vertex 11.5 27.0865 -2.69716
    endloop
  endfacet
  facet normal 1 -0 0
    outer loop
      vertex 11.5 26.55 -2.75
      vertex 11.5 33.05 -15
      vertex 11.5 26.8195 -2.73676
    endloop
  endfacet
  facet normal 1 0 0
    outer loop
      vertex 11.5 26.2805 -2.73676
      vertex 11.5 33.05 -15
      vertex 11.5 26.55 -2.75
    endloop
  endfacet
  facet normal 1 0 0
    outer loop
      vertex 11.5 26.0135 -2.69716
      vertex 11.5 33.05 -15
      vertex 11.5 26.2805 -2.73676
    endloop
  endfacet
  facet normal 1 0 0
    outer loop
      vertex 11.5 16.4034 -15
      vertex 11.5 26.0135 -2.69716
      vertex 11.5 25.7517 -2.63159
    endloop
  endfacet
  facet normal 1 0 0
    outer loop
      vertex 11.5 16.4034 -15
      vertex 11.5 25.7517 -2.63159
      vertex 11.5 25.4976 -2.54067
    endloop
  endfacet
  facet normal 1 0 0
    outer loop
      vertex 11.5 16.4034 -15
      vertex 11.5 25.4976 -2.54067
      vertex 11.5 25.2537 -2.42528
    endloop
  endfacet
  facet normal 1 0 0
    outer loop
      vertex 11.5 16.4034 -15
      vertex 11.5 25.2537 -2.42528
      vertex 11.5 25.0222 -2.28654
    endloop
  endfacet
  facet normal 1 0 0
    outer loop
      vertex 11.5 16.4034 -15
      vertex 11.5 25.0222 -2.28654
      vertex 11.5 24.8054 -2.12578
    endloop
  endfacet
  facet normal 1 0 0
    outer loop
      vertex 11.5 16.4034 -15
      vertex 11.5 24.8054 -2.12578
      vertex 11.5 24.6055 -1.94454
    endloop
  endfacet
  facet normal 1 0 0
    outer loop
      vertex 11.5 16.4034 -15
      vertex 11.5 24.6055 -1.94454
      vertex 11.5 24.4242 -1.74458
    endloop
  endfacet
  facet normal 1 0 0
    outer loop
      vertex 11.5 16.4034 -15
      vertex 11.5 24.4242 -1.74458
      vertex 11.5 24.2635 -1.52782
    endloop
  endfacet
  facet normal 1 0 0
    outer loop
      vertex 11.5 16.4034 -15
      vertex 11.5 23.8 0
      vertex 11.5 16.4034 15
    endloop
  endfacet
  facet normal 1 0 0
    outer loop
      vertex 11.5 23.8 0
      vertex 11.5 16.4034 -15
      vertex 11.5 23.8132 -0.269547
    endloop
  endfacet
  facet normal 1 0 0
    outer loop
      vertex 11.5 23.8132 -0.269547
      vertex 11.5 16.4034 -15
      vertex 11.5 23.8528 -0.536498
    endloop
  endfacet
  facet normal 1 0 0
    outer loop
      vertex 11.5 23.8528 -0.536498
      vertex 11.5 16.4034 -15
      vertex 11.5 23.9184 -0.798283
    endloop
  endfacet
  facet normal 1 0 0
    outer loop
      vertex 11.5 23.9184 -0.798283
      vertex 11.5 16.4034 -15
      vertex 11.5 24.0093 -1.05238
    endloop
  endfacet
  facet normal 1 0 0
    outer loop
      vertex 11.5 26.0135 -2.69716
      vertex 11.5 16.4034 -15
      vertex 11.5 33.05 -15
    endloop
  endfacet
  facet normal 1 0 0
    outer loop
      vertex 11.5 24.1247 -1.29634
      vertex 11.5 16.4034 -15
      vertex 11.5 24.2635 -1.52782
    endloop
  endfacet
  facet normal 1 0 0
    outer loop
      vertex 11.5 24.0093 -1.05238
      vertex 11.5 16.4034 -15
      vertex 11.5 24.1247 -1.29634
    endloop
  endfacet
  facet normal 0 1 -0
    outer loop
      vertex 11.5 33.05 -15
      vertex 0 33.05 15
      vertex 11.5 33.05 15
    endloop
  endfacet
  facet normal 0 1 0
    outer loop
      vertex 0 33.05 15
      vertex 11.5 33.05 -15
      vertex 0 33.05 -15
    endloop
  endfacet
  facet normal -2.34101e-19 0.941564 -0.336833
    outer loop
      vertex 11.5 -29.1816 0.798283
      vertex 0 -29.0907 1.05238
      vertex 11.5 -29.0907 1.05238
    endloop
  endfacet
  facet normal -2.34101e-19 0.941564 -0.336833
    outer loop
      vertex 0 -29.0907 1.05238
      vertex 11.5 -29.1816 0.798283
      vertex 0 -29.1816 0.798283
    endloop
  endfacet
  facet normal 0 -0.242954 0.970038
    outer loop
      vertex 0 -25.7517 -2.63159
      vertex 11.5 -26.0135 -2.69716
      vertex 11.5 -25.7517 -2.63159
    endloop
  endfacet
  facet normal 0 -0.242954 0.970038
    outer loop
      vertex 11.5 -26.0135 -2.69716
      vertex 0 -25.7517 -2.63159
      vertex 0 -26.0135 -2.69716
    endloop
  endfacet
  facet normal 0 -0.14671 -0.98918
    outer loop
      vertex 0 -26.2805 2.73676
      vertex 11.5 -26.0135 2.69716
      vertex 11.5 -26.2805 2.73676
    endloop
  endfacet
  facet normal -0 -0.14671 -0.98918
    outer loop
      vertex 11.5 -26.0135 2.69716
      vertex 0 -26.2805 2.73676
      vertex 0 -26.0135 2.69716
    endloop
  endfacet
  facet normal 0 -0.0490688 0.998795
    outer loop
      vertex 0 -26.2805 -2.73676
      vertex 11.5 -26.55 -2.75
      vertex 11.5 -26.2805 -2.73676
    endloop
  endfacet
  facet normal 0 -0.0490688 0.998795
    outer loop
      vertex 11.5 -26.55 -2.75
      vertex 0 -26.2805 -2.73676
      vertex 0 -26.55 -2.75
    endloop
  endfacet
  facet normal -8.43832e-19 -0.857637 -0.514256
    outer loop
      vertex 0 -24.1247 1.29634
      vertex 11.5 -24.2635 1.52782
      vertex 0 -24.2635 1.52782
    endloop
  endfacet
  facet normal -8.43832e-19 -0.857637 -0.514256
    outer loop
      vertex 11.5 -24.2635 1.52782
      vertex 0 -24.1247 1.29634
      vertex 11.5 -24.1247 1.29634
    endloop
  endfacet
  facet normal 8.43832e-19 0.857637 -0.514256
    outer loop
      vertex 11.5 -28.9753 1.29634
      vertex 0 -28.8365 1.52782
      vertex 11.5 -28.8365 1.52782
    endloop
  endfacet
  facet normal 8.43832e-19 0.857637 -0.514256
    outer loop
      vertex 0 -28.8365 1.52782
      vertex 11.5 -28.9753 1.29634
      vertex 0 -28.9753 1.29634
    endloop
  endfacet
  facet normal -1.08345e-19 -0.970008 -0.243072
    outer loop
      vertex 0 -23.8528 0.536498
      vertex 11.5 -23.9184 0.798283
      vertex 0 -23.9184 0.798283
    endloop
  endfacet
  facet normal -1.08345e-19 -0.970008 -0.243072
    outer loop
      vertex 11.5 -23.9184 0.798283
      vertex 0 -23.8528 0.536498
      vertex 11.5 -23.8528 0.536498
    endloop
  endfacet
  facet normal 0 -0.427658 0.903941
    outer loop
      vertex 0 -25.2537 -2.42528
      vertex 11.5 -25.4976 -2.54067
      vertex 11.5 -25.2537 -2.42528
    endloop
  endfacet
  facet normal 0 -0.427658 0.903941
    outer loop
      vertex 11.5 -25.4976 -2.54067
      vertex 0 -25.2537 -2.42528
      vertex 0 -25.4976 -2.54067
    endloop
  endfacet
  facet normal -1.08345e-19 0.970008 0.243072
    outer loop
      vertex 11.5 -29.1816 -0.798283
      vertex 0 -29.2472 -0.536498
      vertex 11.5 -29.2472 -0.536498
    endloop
  endfacet
  facet normal -1.08345e-19 0.970008 0.243072
    outer loop
      vertex 0 -29.2472 -0.536498
      vertex 11.5 -29.1816 -0.798283
      vertex 0 -29.1816 -0.798283
    endloop
  endfacet
  facet normal -6.54217e-19 0.803314 -0.595555
    outer loop
      vertex 11.5 -28.8365 1.52782
      vertex 0 -28.6758 1.74458
      vertex 11.5 -28.6758 1.74458
    endloop
  endfacet
  facet normal -6.54217e-19 0.803314 -0.595555
    outer loop
      vertex 0 -28.6758 1.74458
      vertex 11.5 -28.8365 1.52782
      vertex 0 -28.8365 1.52782
    endloop
  endfacet
  facet normal -8.43832e-19 0.857637 0.514256
    outer loop
      vertex 11.5 -28.8365 -1.52782
      vertex 0 -28.9753 -1.29634
      vertex 11.5 -28.9753 -1.29634
    endloop
  endfacet
  facet normal -8.43832e-19 0.857637 0.514256
    outer loop
      vertex 0 -28.9753 -1.29634
      vertex 11.5 -28.8365 -1.52782
      vertex 0 -28.8365 -1.52782
    endloop
  endfacet
  facet normal -0 0.595628 0.80326
    outer loop
      vertex 0 -28.0778 -2.28654
      vertex 11.5 -28.2946 -2.12578
      vertex 11.5 -28.0778 -2.28654
    endloop
  endfacet
  facet normal 0 0.595628 0.80326
    outer loop
      vertex 11.5 -28.2946 -2.12578
      vertex 0 -28.0778 -2.28654
      vertex 0 -28.2946 -2.12578
    endloop
  endfacet
  facet normal 6.11999e-19 -0.803314 -0.595555
    outer loop
      vertex 0 -24.2635 1.52782
      vertex 11.5 -24.4242 1.74458
      vertex 0 -24.4242 1.74458
    endloop
  endfacet
  facet normal 6.11999e-19 -0.803314 -0.595555
    outer loop
      vertex 11.5 -24.4242 1.74458
      vertex 0 -24.2635 1.52782
      vertex 11.5 -24.2635 1.52782
    endloop
  endfacet
  facet normal 0 -0.595628 -0.80326
    outer loop
      vertex 0 -25.0222 2.28654
      vertex 11.5 -24.8054 2.12578
      vertex 11.5 -25.0222 2.28654
    endloop
  endfacet
  facet normal -0 -0.595628 -0.80326
    outer loop
      vertex 11.5 -24.8054 2.12578
      vertex 0 -25.0222 2.28654
      vertex 0 -24.8054 2.12578
    endloop
  endfacet
  facet normal -0 0.14671 0.98918
    outer loop
      vertex 0 -26.8195 -2.73676
      vertex 11.5 -27.0865 -2.69716
      vertex 11.5 -26.8195 -2.73676
    endloop
  endfacet
  facet normal 0 0.14671 0.98918
    outer loop
      vertex 11.5 -27.0865 -2.69716
      vertex 0 -26.8195 -2.73676
      vertex 0 -27.0865 -2.69716
    endloop
  endfacet
  facet normal 0 -0.336895 -0.941542
    outer loop
      vertex 0 -25.7517 2.63159
      vertex 11.5 -25.4976 2.54067
      vertex 11.5 -25.7517 2.63159
    endloop
  endfacet
  facet normal -0 -0.336895 -0.941542
    outer loop
      vertex 11.5 -25.4976 2.54067
      vertex 0 -25.7517 2.63159
      vertex 0 -25.4976 2.54067
    endloop
  endfacet
  facet normal 1.54889e-19 -0.903967 0.427602
    outer loop
      vertex 0 -24.1247 -1.29634
      vertex 11.5 -24.0093 -1.05238
      vertex 0 -24.0093 -1.05238
    endloop
  endfacet
  facet normal 1.54889e-19 -0.903967 0.427602
    outer loop
      vertex 11.5 -24.0093 -1.05238
      vertex 0 -24.1247 -1.29634
      vertex 11.5 -24.1247 -1.29634
    endloop
  endfacet
  facet normal 0 0.51406 -0.857754
    outer loop
      vertex 0 -28.0778 2.28654
      vertex 11.5 -27.8463 2.42528
      vertex 11.5 -28.0778 2.28654
    endloop
  endfacet
  facet normal 0 0.51406 -0.857754
    outer loop
      vertex 11.5 -27.8463 2.42528
      vertex 0 -28.0778 2.28654
      vertex 0 -27.8463 2.42528
    endloop
  endfacet
  facet normal 1.08345e-19 0.970008 -0.243072
    outer loop
      vertex 11.5 -29.2472 0.536498
      vertex 0 -29.1816 0.798283
      vertex 11.5 -29.1816 0.798283
    endloop
  endfacet
  facet normal 1.08345e-19 0.970008 -0.243072
    outer loop
      vertex 0 -29.1816 0.798283
      vertex 11.5 -29.2472 0.536498
      vertex 0 -29.2472 0.536498
    endloop
  endfacet
  facet normal -7.86538e-22 0.998803 -0.0489124
    outer loop
      vertex 11.5 -29.3 0
      vertex 0 -29.2868 0.269547
      vertex 11.5 -29.2868 0.269547
    endloop
  endfacet
  facet normal -7.86538e-22 0.998803 -0.0489124
    outer loop
      vertex 0 -29.2868 0.269547
      vertex 11.5 -29.3 0
      vertex 0 -29.3 0
    endloop
  endfacet
  facet normal 0 0.336895 -0.941542
    outer loop
      vertex 0 -27.6024 2.54067
      vertex 11.5 -27.3483 2.63159
      vertex 11.5 -27.6024 2.54067
    endloop
  endfacet
  facet normal 0 0.336895 -0.941542
    outer loop
      vertex 11.5 -27.3483 2.63159
      vertex 0 -27.6024 2.54067
      vertex 0 -27.3483 2.63159
    endloop
  endfacet
  facet normal -0 0.242954 0.970038
    outer loop
      vertex 0 -27.0865 -2.69716
      vertex 11.5 -27.3483 -2.63159
      vertex 11.5 -27.0865 -2.69716
    endloop
  endfacet
  facet normal 0 0.242954 0.970038
    outer loop
      vertex 11.5 -27.3483 -2.63159
      vertex 0 -27.0865 -2.69716
      vertex 0 -27.3483 -2.63159
    endloop
  endfacet
  facet normal 1.88162e-20 -0.998803 -0.0489124
    outer loop
      vertex 0 -23.8 0
      vertex 11.5 -23.8132 0.269547
      vertex 0 -23.8132 0.269547
    endloop
  endfacet
  facet normal 1.88162e-20 -0.998803 -0.0489124
    outer loop
      vertex 11.5 -23.8132 0.269547
      vertex 0 -23.8 0
      vertex 11.5 -23.8 0
    endloop
  endfacet
  facet normal 8.43832e-19 -0.857637 0.514256
    outer loop
      vertex 0 -24.2635 -1.52782
      vertex 11.5 -24.1247 -1.29634
      vertex 0 -24.1247 -1.29634
    endloop
  endfacet
  facet normal 8.43832e-19 -0.857637 0.514256
    outer loop
      vertex 11.5 -24.1247 -1.29634
      vertex 0 -24.2635 -1.52782
      vertex 11.5 -24.2635 -1.52782
    endloop
  endfacet
  facet normal 0 -0.595628 0.80326
    outer loop
      vertex 0 -24.8054 -2.12578
      vertex 11.5 -25.0222 -2.28654
      vertex 11.5 -24.8054 -2.12578
    endloop
  endfacet
  facet normal 0 -0.595628 0.80326
    outer loop
      vertex 11.5 -25.0222 -2.28654
      vertex 0 -24.8054 -2.12578
      vertex 0 -25.0222 -2.28654
    endloop
  endfacet
  facet normal -1.54889e-19 -0.903967 -0.427602
    outer loop
      vertex 0 -24.0093 1.05238
      vertex 11.5 -24.1247 1.29634
      vertex 0 -24.1247 1.29634
    endloop
  endfacet
  facet normal -1.54889e-19 -0.903967 -0.427602
    outer loop
      vertex 11.5 -24.1247 1.29634
      vertex 0 -24.0093 1.05238
      vertex 11.5 -24.0093 1.05238
    endloop
  endfacet
  facet normal -1.08711e-18 -0.740828 -0.671695
    outer loop
      vertex 0 -24.4242 1.74458
      vertex 11.5 -24.6055 1.94454
      vertex 0 -24.6055 1.94454
    endloop
  endfacet
  facet normal -1.08711e-18 -0.740828 -0.671695
    outer loop
      vertex 11.5 -24.6055 1.94454
      vertex 0 -24.4242 1.74458
      vertex 11.5 -24.4242 1.74458
    endloop
  endfacet
  facet normal 2.34101e-19 0.941564 0.336833
    outer loop
      vertex 11.5 -29.0907 -1.05238
      vertex 0 -29.1816 -0.798283
      vertex 11.5 -29.1816 -0.798283
    endloop
  endfacet
  facet normal 2.34101e-19 0.941564 0.336833
    outer loop
      vertex 0 -29.1816 -0.798283
      vertex 11.5 -29.0907 -1.05238
      vertex 0 -29.0907 -1.05238
    endloop
  endfacet
  facet normal 2.34101e-19 -0.941564 -0.336833
    outer loop
      vertex 0 -23.9184 0.798283
      vertex 11.5 -24.0093 1.05238
      vertex 0 -24.0093 1.05238
    endloop
  endfacet
  facet normal 2.34101e-19 -0.941564 -0.336833
    outer loop
      vertex 11.5 -24.0093 1.05238
      vertex 0 -23.9184 0.798283
      vertex 11.5 -23.9184 0.798283
    endloop
  endfacet
  facet normal 0 0.427658 -0.903941
    outer loop
      vertex 0 -27.8463 2.42528
      vertex 11.5 -27.6024 2.54067
      vertex 11.5 -27.8463 2.42528
    endloop
  endfacet
  facet normal 0 0.427658 -0.903941
    outer loop
      vertex 11.5 -27.6024 2.54067
      vertex 0 -27.8463 2.42528
      vertex 0 -27.6024 2.54067
    endloop
  endfacet
  facet normal -2.34101e-19 -0.941564 0.336833
    outer loop
      vertex 0 -24.0093 -1.05238
      vertex 11.5 -23.9184 -0.798283
      vertex 0 -23.9184 -0.798283
    endloop
  endfacet
  facet normal -2.34101e-19 -0.941564 0.336833
    outer loop
      vertex 11.5 -23.9184 -0.798283
      vertex 0 -24.0093 -1.05238
      vertex 11.5 -24.0093 -1.05238
    endloop
  endfacet
  facet normal 0 -0.14671 0.98918
    outer loop
      vertex 0 -26.0135 -2.69716
      vertex 11.5 -26.2805 -2.73676
      vertex 11.5 -26.0135 -2.69716
    endloop
  endfacet
  facet normal 0 -0.14671 0.98918
    outer loop
      vertex 11.5 -26.2805 -2.73676
      vertex 0 -26.0135 -2.69716
      vertex 0 -26.2805 -2.73676
    endloop
  endfacet
  facet normal 0 -0.51406 -0.857754
    outer loop
      vertex 0 -25.2537 2.42528
      vertex 11.5 -25.0222 2.28654
      vertex 11.5 -25.2537 2.42528
    endloop
  endfacet
  facet normal -0 -0.51406 -0.857754
    outer loop
      vertex 11.5 -25.0222 2.28654
      vertex 0 -25.2537 2.42528
      vertex 0 -25.0222 2.28654
    endloop
  endfacet
  facet normal 1.87978e-20 -0.989176 0.146736
    outer loop
      vertex 0 -23.8528 -0.536498
      vertex 11.5 -23.8132 -0.269547
      vertex 0 -23.8132 -0.269547
    endloop
  endfacet
  facet normal 1.87978e-20 -0.989176 0.146736
    outer loop
      vertex 11.5 -23.8132 -0.269547
      vertex 0 -23.8528 -0.536498
      vertex 11.5 -23.8528 -0.536498
    endloop
  endfacet
  facet normal -0 0.0490688 0.998795
    outer loop
      vertex 0 -26.55 -2.75
      vertex 11.5 -26.8195 -2.73676
      vertex 11.5 -26.55 -2.75
    endloop
  endfacet
  facet normal 0 0.0490688 0.998795
    outer loop
      vertex 11.5 -26.8195 -2.73676
      vertex 0 -26.55 -2.75
      vertex 0 -26.8195 -2.73676
    endloop
  endfacet
  facet normal -0 0.427658 0.903941
    outer loop
      vertex 0 -27.6024 -2.54067
      vertex 11.5 -27.8463 -2.42528
      vertex 11.5 -27.6024 -2.54067
    endloop
  endfacet
  facet normal 0 0.427658 0.903941
    outer loop
      vertex 11.5 -27.8463 -2.42528
      vertex 0 -27.6024 -2.54067
      vertex 0 -27.8463 -2.42528
    endloop
  endfacet
  facet normal 1.08711e-18 0.740828 -0.671695
    outer loop
      vertex 11.5 -28.6758 1.74458
      vertex 0 -28.4945 1.94454
      vertex 11.5 -28.4945 1.94454
    endloop
  endfacet
  facet normal 1.08711e-18 0.740828 -0.671695
    outer loop
      vertex 0 -28.4945 1.94454
      vertex 11.5 -28.6758 1.74458
      vertex 0 -28.6758 1.74458
    endloop
  endfacet
  facet normal -6.11999e-19 -0.803314 0.595555
    outer loop
      vertex 0 -24.4242 -1.74458
      vertex 11.5 -24.2635 -1.52782
      vertex 0 -24.2635 -1.52782
    endloop
  endfacet
  facet normal -6.11999e-19 -0.803314 0.595555
    outer loop
      vertex 11.5 -24.2635 -1.52782
      vertex 0 -24.4242 -1.74458
      vertex 11.5 -24.4242 -1.74458
    endloop
  endfacet
  facet normal -1.87978e-20 0.989176 0.146736
    outer loop
      vertex 11.5 -29.2472 -0.536498
      vertex 0 -29.2868 -0.269547
      vertex 11.5 -29.2868 -0.269547
    endloop
  endfacet
  facet normal -1.87978e-20 0.989176 0.146736
    outer loop
      vertex 0 -29.2868 -0.269547
      vertex 11.5 -29.2472 -0.536498
      vertex 0 -29.2472 -0.536498
    endloop
  endfacet
  facet normal 0 -0.336895 0.941542
    outer loop
      vertex 0 -25.4976 -2.54067
      vertex 11.5 -25.7517 -2.63159
      vertex 11.5 -25.4976 -2.54067
    endloop
  endfacet
  facet normal 0 -0.336895 0.941542
    outer loop
      vertex 11.5 -25.7517 -2.63159
      vertex 0 -25.4976 -2.54067
      vertex 0 -25.7517 -2.63159
    endloop
  endfacet
  facet normal -0 0.51406 0.857754
    outer loop
      vertex 0 -27.8463 -2.42528
      vertex 11.5 -28.0778 -2.28654
      vertex 11.5 -27.8463 -2.42528
    endloop
  endfacet
  facet normal 0 0.51406 0.857754
    outer loop
      vertex 11.5 -28.0778 -2.28654
      vertex 0 -27.8463 -2.42528
      vertex 0 -28.0778 -2.28654
    endloop
  endfacet
  facet normal 0 0.0490688 -0.998795
    outer loop
      vertex 0 -26.8195 2.73676
      vertex 11.5 -26.55 2.75
      vertex 11.5 -26.8195 2.73676
    endloop
  endfacet
  facet normal 0 0.0490688 -0.998795
    outer loop
      vertex 11.5 -26.55 2.75
      vertex 0 -26.8195 2.73676
      vertex 0 -26.55 2.75
    endloop
  endfacet
  facet normal -0 0.336895 0.941542
    outer loop
      vertex 0 -27.3483 -2.63159
      vertex 11.5 -27.6024 -2.54067
      vertex 11.5 -27.3483 -2.63159
    endloop
  endfacet
  facet normal 0 0.336895 0.941542
    outer loop
      vertex 11.5 -27.6024 -2.54067
      vertex 0 -27.3483 -2.63159
      vertex 0 -27.6024 -2.54067
    endloop
  endfacet
  facet normal -1.88162e-20 -0.998803 0.0489124
    outer loop
      vertex 0 -23.8132 -0.269547
      vertex 11.5 -23.8 0
      vertex 0 -23.8 0
    endloop
  endfacet
  facet normal -1.88162e-20 -0.998803 0.0489124
    outer loop
      vertex 11.5 -23.8 0
      vertex 0 -23.8132 -0.269547
      vertex 11.5 -23.8132 -0.269547
    endloop
  endfacet
  facet normal 1.87978e-20 0.989176 -0.146736
    outer loop
      vertex 11.5 -29.2868 0.269547
      vertex 0 -29.2472 0.536498
      vertex 11.5 -29.2472 0.536498
    endloop
  endfacet
  facet normal 1.87978e-20 0.989176 -0.146736
    outer loop
      vertex 0 -29.2472 0.536498
      vertex 11.5 -29.2868 0.269547
      vertex 0 -29.2868 0.269547
    endloop
  endfacet
  facet normal -1.08711e-18 0.740828 0.671695
    outer loop
      vertex 11.5 -28.4945 -1.94454
      vertex 0 -28.6758 -1.74458
      vertex 11.5 -28.6758 -1.74458
    endloop
  endfacet
  facet normal -1.08711e-18 0.740828 0.671695
    outer loop
      vertex 0 -28.6758 -1.74458
      vertex 11.5 -28.4945 -1.94454
      vertex 0 -28.4945 -1.94454
    endloop
  endfacet
  facet normal 0 -0.51406 0.857754
    outer loop
      vertex 0 -25.0222 -2.28654
      vertex 11.5 -25.2537 -2.42528
      vertex 11.5 -25.0222 -2.28654
    endloop
  endfacet
  facet normal 0 -0.51406 0.857754
    outer loop
      vertex 11.5 -25.2537 -2.42528
      vertex 0 -25.0222 -2.28654
      vertex 0 -25.2537 -2.42528
    endloop
  endfacet
  facet normal 0 -0.671683 -0.740838
    outer loop
      vertex 0 -24.8054 2.12578
      vertex 11.5 -24.6055 1.94454
      vertex 11.5 -24.8054 2.12578
    endloop
  endfacet
  facet normal -0 -0.671683 -0.740838
    outer loop
      vertex 11.5 -24.6055 1.94454
      vertex 0 -24.8054 2.12578
      vertex 0 -24.6055 1.94454
    endloop
  endfacet
  facet normal 0 -0.671683 0.740838
    outer loop
      vertex 0 -24.6055 -1.94454
      vertex 11.5 -24.8054 -2.12578
      vertex 11.5 -24.6055 -1.94454
    endloop
  endfacet
  facet normal 0 -0.671683 0.740838
    outer loop
      vertex 11.5 -24.8054 -2.12578
      vertex 0 -24.6055 -1.94454
      vertex 0 -24.8054 -2.12578
    endloop
  endfacet
  facet normal 1.08711e-18 -0.740828 0.671695
    outer loop
      vertex 0 -24.6055 -1.94454
      vertex 11.5 -24.4242 -1.74458
      vertex 0 -24.4242 -1.74458
    endloop
  endfacet
  facet normal 1.08711e-18 -0.740828 0.671695
    outer loop
      vertex 11.5 -24.4242 -1.74458
      vertex 0 -24.6055 -1.94454
      vertex 11.5 -24.6055 -1.94454
    endloop
  endfacet
  facet normal -1.87978e-20 -0.989176 -0.146736
    outer loop
      vertex 0 -23.8132 0.269547
      vertex 11.5 -23.8528 0.536498
      vertex 0 -23.8528 0.536498
    endloop
  endfacet
  facet normal -1.87978e-20 -0.989176 -0.146736
    outer loop
      vertex 11.5 -23.8528 0.536498
      vertex 0 -23.8132 0.269547
      vertex 11.5 -23.8132 0.269547
    endloop
  endfacet
  facet normal 0 0.242954 -0.970038
    outer loop
      vertex 0 -27.3483 2.63159
      vertex 11.5 -27.0865 2.69716
      vertex 11.5 -27.3483 2.63159
    endloop
  endfacet
  facet normal 0 0.242954 -0.970038
    outer loop
      vertex 11.5 -27.0865 2.69716
      vertex 0 -27.3483 2.63159
      vertex 0 -27.0865 2.69716
    endloop
  endfacet
  facet normal 0 -0.427658 -0.903941
    outer loop
      vertex 0 -25.4976 2.54067
      vertex 11.5 -25.2537 2.42528
      vertex 11.5 -25.4976 2.54067
    endloop
  endfacet
  facet normal -0 -0.427658 -0.903941
    outer loop
      vertex 11.5 -25.2537 2.42528
      vertex 0 -25.4976 2.54067
      vertex 0 -25.2537 2.42528
    endloop
  endfacet
  facet normal 3.61653e-19 0.903967 -0.427602
    outer loop
      vertex 11.5 -29.0907 1.05238
      vertex 0 -28.9753 1.29634
      vertex 11.5 -28.9753 1.29634
    endloop
  endfacet
  facet normal 3.61653e-19 0.903967 -0.427602
    outer loop
      vertex 0 -28.9753 1.29634
      vertex 11.5 -29.0907 1.05238
      vertex 0 -29.0907 1.05238
    endloop
  endfacet
  facet normal 0 -0.242954 -0.970038
    outer loop
      vertex 0 -26.0135 2.69716
      vertex 11.5 -25.7517 2.63159
      vertex 11.5 -26.0135 2.69716
    endloop
  endfacet
  facet normal -0 -0.242954 -0.970038
    outer loop
      vertex 11.5 -25.7517 2.63159
      vertex 0 -26.0135 2.69716
      vertex 0 -25.7517 2.63159
    endloop
  endfacet
  facet normal 1.08345e-19 -0.970008 0.243072
    outer loop
      vertex 0 -23.9184 -0.798283
      vertex 11.5 -23.8528 -0.536498
      vertex 0 -23.8528 -0.536498
    endloop
  endfacet
  facet normal 1.08345e-19 -0.970008 0.243072
    outer loop
      vertex 11.5 -23.8528 -0.536498
      vertex 0 -23.9184 -0.798283
      vertex 11.5 -23.9184 -0.798283
    endloop
  endfacet
  facet normal 0 0.671683 -0.740838
    outer loop
      vertex 0 -28.4945 1.94454
      vertex 11.5 -28.2946 2.12578
      vertex 11.5 -28.4945 1.94454
    endloop
  endfacet
  facet normal 0 0.671683 -0.740838
    outer loop
      vertex 11.5 -28.2946 2.12578
      vertex 0 -28.4945 1.94454
      vertex 0 -28.2946 2.12578
    endloop
  endfacet
  facet normal -3.61653e-19 0.903967 0.427602
    outer loop
      vertex 11.5 -28.9753 -1.29634
      vertex 0 -29.0907 -1.05238
      vertex 11.5 -29.0907 -1.05238
    endloop
  endfacet
  facet normal -3.61653e-19 0.903967 0.427602
    outer loop
      vertex 0 -29.0907 -1.05238
      vertex 11.5 -28.9753 -1.29634
      vertex 0 -28.9753 -1.29634
    endloop
  endfacet
  facet normal 7.86538e-22 0.998803 0.0489124
    outer loop
      vertex 11.5 -29.2868 -0.269547
      vertex 0 -29.3 0
      vertex 11.5 -29.3 0
    endloop
  endfacet
  facet normal 7.86538e-22 0.998803 0.0489124
    outer loop
      vertex 0 -29.3 0
      vertex 11.5 -29.2868 -0.269547
      vertex 0 -29.2868 -0.269547
    endloop
  endfacet
  facet normal 0 0.14671 -0.98918
    outer loop
      vertex 0 -27.0865 2.69716
      vertex 11.5 -26.8195 2.73676
      vertex 11.5 -27.0865 2.69716
    endloop
  endfacet
  facet normal 0 0.14671 -0.98918
    outer loop
      vertex 11.5 -26.8195 2.73676
      vertex 0 -27.0865 2.69716
      vertex 0 -26.8195 2.73676
    endloop
  endfacet
  facet normal 6.54217e-19 0.803314 0.595555
    outer loop
      vertex 11.5 -28.6758 -1.74458
      vertex 0 -28.8365 -1.52782
      vertex 11.5 -28.8365 -1.52782
    endloop
  endfacet
  facet normal 6.54217e-19 0.803314 0.595555
    outer loop
      vertex 0 -28.8365 -1.52782
      vertex 11.5 -28.6758 -1.74458
      vertex 0 -28.6758 -1.74458
    endloop
  endfacet
  facet normal 0 0.595628 -0.80326
    outer loop
      vertex 0 -28.2946 2.12578
      vertex 11.5 -28.0778 2.28654
      vertex 11.5 -28.2946 2.12578
    endloop
  endfacet
  facet normal 0 0.595628 -0.80326
    outer loop
      vertex 11.5 -28.0778 2.28654
      vertex 0 -28.2946 2.12578
      vertex 0 -28.0778 2.28654
    endloop
  endfacet
  facet normal 0 -0.0490688 -0.998795
    outer loop
      vertex 0 -26.55 2.75
      vertex 11.5 -26.2805 2.73676
      vertex 11.5 -26.55 2.75
    endloop
  endfacet
  facet normal -0 -0.0490688 -0.998795
    outer loop
      vertex 11.5 -26.2805 2.73676
      vertex 0 -26.55 2.75
      vertex 0 -26.2805 2.73676
    endloop
  endfacet
  facet normal -0 0.671683 0.740838
    outer loop
      vertex 0 -28.2946 -2.12578
      vertex 11.5 -28.4945 -1.94454
      vertex 11.5 -28.2946 -2.12578
    endloop
  endfacet
  facet normal 0 0.671683 0.740838
    outer loop
      vertex 11.5 -28.4945 -1.94454
      vertex 0 -28.2946 -2.12578
      vertex 0 -28.4945 -1.94454
    endloop
  endfacet
  facet normal 0 -0.242954 0.970038
    outer loop
      vertex 0 27.3483 -2.63159
      vertex 11.5 27.0865 -2.69716
      vertex 11.5 27.3483 -2.63159
    endloop
  endfacet
  facet normal 0 -0.242954 0.970038
    outer loop
      vertex 11.5 27.0865 -2.69716
      vertex 0 27.3483 -2.63159
      vertex 0 27.0865 -2.69716
    endloop
  endfacet
  facet normal -1.08345e-19 -0.970008 -0.243072
    outer loop
      vertex 0 29.2472 0.536498
      vertex 11.5 29.1816 0.798283
      vertex 0 29.1816 0.798283
    endloop
  endfacet
  facet normal -1.08345e-19 -0.970008 -0.243072
    outer loop
      vertex 11.5 29.1816 0.798283
      vertex 0 29.2472 0.536498
      vertex 11.5 29.2472 0.536498
    endloop
  endfacet
  facet normal -7.86538e-22 -0.998803 0.0489124
    outer loop
      vertex 0 29.2868 -0.269547
      vertex 11.5 29.3 0
      vertex 0 29.3 0
    endloop
  endfacet
  facet normal -7.86538e-22 -0.998803 0.0489124
    outer loop
      vertex 11.5 29.3 0
      vertex 0 29.2868 -0.269547
      vertex 11.5 29.2868 -0.269547
    endloop
  endfacet
  facet normal 0 -0.595628 0.80326
    outer loop
      vertex 0 28.2946 -2.12578
      vertex 11.5 28.0778 -2.28654
      vertex 11.5 28.2946 -2.12578
    endloop
  endfacet
  facet normal 0 -0.595628 0.80326
    outer loop
      vertex 11.5 28.0778 -2.28654
      vertex 0 28.2946 -2.12578
      vertex 0 28.0778 -2.28654
    endloop
  endfacet
  facet normal 0 -0.0490688 0.998795
    outer loop
      vertex 0 26.8195 -2.73676
      vertex 11.5 26.55 -2.75
      vertex 11.5 26.8195 -2.73676
    endloop
  endfacet
  facet normal 0 -0.0490688 0.998795
    outer loop
      vertex 11.5 26.55 -2.75
      vertex 0 26.8195 -2.73676
      vertex 0 26.55 -2.75
    endloop
  endfacet
  facet normal -1.54889e-19 0.903967 0.427602
    outer loop
      vertex 11.5 24.1247 -1.29634
      vertex 0 24.0093 -1.05238
      vertex 11.5 24.0093 -1.05238
    endloop
  endfacet
  facet normal -1.54889e-19 0.903967 0.427602
    outer loop
      vertex 0 24.0093 -1.05238
      vertex 11.5 24.1247 -1.29634
      vertex 0 24.1247 -1.29634
    endloop
  endfacet
  facet normal -1.88162e-20 0.998803 -0.0489124
    outer loop
      vertex 11.5 23.8 0
      vertex 0 23.8132 0.269547
      vertex 11.5 23.8132 0.269547
    endloop
  endfacet
  facet normal -1.88162e-20 0.998803 -0.0489124
    outer loop
      vertex 0 23.8132 0.269547
      vertex 11.5 23.8 0
      vertex 0 23.8 0
    endloop
  endfacet
  facet normal -1.08345e-19 0.970008 0.243072
    outer loop
      vertex 11.5 23.9184 -0.798283
      vertex 0 23.8528 -0.536498
      vertex 11.5 23.8528 -0.536498
    endloop
  endfacet
  facet normal -1.08345e-19 0.970008 0.243072
    outer loop
      vertex 0 23.8528 -0.536498
      vertex 11.5 23.9184 -0.798283
      vertex 0 23.9184 -0.798283
    endloop
  endfacet
  facet normal 0 0.51406 -0.857754
    outer loop
      vertex 0 25.0222 2.28654
      vertex 11.5 25.2537 2.42528
      vertex 11.5 25.0222 2.28654
    endloop
  endfacet
  facet normal 0 0.51406 -0.857754
    outer loop
      vertex 11.5 25.2537 2.42528
      vertex 0 25.0222 2.28654
      vertex 0 25.2537 2.42528
    endloop
  endfacet
  facet normal -1.08711e-18 -0.740828 -0.671695
    outer loop
      vertex 0 28.6758 1.74458
      vertex 11.5 28.4945 1.94454
      vertex 0 28.4945 1.94454
    endloop
  endfacet
  facet normal -1.08711e-18 -0.740828 -0.671695
    outer loop
      vertex 11.5 28.4945 1.94454
      vertex 0 28.6758 1.74458
      vertex 11.5 28.6758 1.74458
    endloop
  endfacet
  facet normal 1.88162e-20 0.998803 0.0489124
    outer loop
      vertex 11.5 23.8132 -0.269547
      vertex 0 23.8 0
      vertex 11.5 23.8 0
    endloop
  endfacet
  facet normal 1.88162e-20 0.998803 0.0489124
    outer loop
      vertex 0 23.8 0
      vertex 11.5 23.8132 -0.269547
      vertex 0 23.8132 -0.269547
    endloop
  endfacet
  facet normal 0 -0.242954 -0.970038
    outer loop
      vertex 0 27.0865 2.69716
      vertex 11.5 27.3483 2.63159
      vertex 11.5 27.0865 2.69716
    endloop
  endfacet
  facet normal -0 -0.242954 -0.970038
    outer loop
      vertex 11.5 27.3483 2.63159
      vertex 0 27.0865 2.69716
      vertex 0 27.3483 2.63159
    endloop
  endfacet
  facet normal 0 -0.595628 -0.80326
    outer loop
      vertex 0 28.0778 2.28654
      vertex 11.5 28.2946 2.12578
      vertex 11.5 28.0778 2.28654
    endloop
  endfacet
  facet normal -0 -0.595628 -0.80326
    outer loop
      vertex 11.5 28.2946 2.12578
      vertex 0 28.0778 2.28654
      vertex 0 28.2946 2.12578
    endloop
  endfacet
  facet normal 8.43832e-19 -0.857637 0.514256
    outer loop
      vertex 0 28.8365 -1.52782
      vertex 11.5 28.9753 -1.29634
      vertex 0 28.9753 -1.29634
    endloop
  endfacet
  facet normal 8.43832e-19 -0.857637 0.514256
    outer loop
      vertex 11.5 28.9753 -1.29634
      vertex 0 28.8365 -1.52782
      vertex 11.5 28.8365 -1.52782
    endloop
  endfacet
  facet normal -2.34101e-19 -0.941564 0.336833
    outer loop
      vertex 0 29.0907 -1.05238
      vertex 11.5 29.1816 -0.798283
      vertex 0 29.1816 -0.798283
    endloop
  endfacet
  facet normal -2.34101e-19 -0.941564 0.336833
    outer loop
      vertex 11.5 29.1816 -0.798283
      vertex 0 29.0907 -1.05238
      vertex 11.5 29.0907 -1.05238
    endloop
  endfacet
  facet normal 6.54217e-19 -0.803314 -0.595555
    outer loop
      vertex 0 28.8365 1.52782
      vertex 11.5 28.6758 1.74458
      vertex 0 28.6758 1.74458
    endloop
  endfacet
  facet normal 6.54217e-19 -0.803314 -0.595555
    outer loop
      vertex 11.5 28.6758 1.74458
      vertex 0 28.8365 1.52782
      vertex 11.5 28.8365 1.52782
    endloop
  endfacet
  facet normal -6.54217e-19 -0.803314 0.595555
    outer loop
      vertex 0 28.6758 -1.74458
      vertex 11.5 28.8365 -1.52782
      vertex 0 28.8365 -1.52782
    endloop
  endfacet
  facet normal -6.54217e-19 -0.803314 0.595555
    outer loop
      vertex 11.5 28.8365 -1.52782
      vertex 0 28.6758 -1.74458
      vertex 11.5 28.6758 -1.74458
    endloop
  endfacet
  facet normal -0 0.671683 0.740838
    outer loop
      vertex 0 24.8054 -2.12578
      vertex 11.5 24.6055 -1.94454
      vertex 11.5 24.8054 -2.12578
    endloop
  endfacet
  facet normal 0 0.671683 0.740838
    outer loop
      vertex 11.5 24.6055 -1.94454
      vertex 0 24.8054 -2.12578
      vertex 0 24.6055 -1.94454
    endloop
  endfacet
  facet normal 7.86538e-22 -0.998803 -0.0489124
    outer loop
      vertex 0 29.3 0
      vertex 11.5 29.2868 0.269547
      vertex 0 29.2868 0.269547
    endloop
  endfacet
  facet normal 7.86538e-22 -0.998803 -0.0489124
    outer loop
      vertex 11.5 29.2868 0.269547
      vertex 0 29.3 0
      vertex 11.5 29.3 0
    endloop
  endfacet
  facet normal -0 0.14671 0.98918
    outer loop
      vertex 0 26.2805 -2.73676
      vertex 11.5 26.0135 -2.69716
      vertex 11.5 26.2805 -2.73676
    endloop
  endfacet
  facet normal 0 0.14671 0.98918
    outer loop
      vertex 11.5 26.0135 -2.69716
      vertex 0 26.2805 -2.73676
      vertex 0 26.0135 -2.69716
    endloop
  endfacet
  facet normal -1.87978e-20 -0.989176 -0.146736
    outer loop
      vertex 0 29.2868 0.269547
      vertex 11.5 29.2472 0.536498
      vertex 0 29.2472 0.536498
    endloop
  endfacet
  facet normal -1.87978e-20 -0.989176 -0.146736
    outer loop
      vertex 11.5 29.2472 0.536498
      vertex 0 29.2868 0.269547
      vertex 11.5 29.2868 0.269547
    endloop
  endfacet
  facet normal 0 0.242954 -0.970038
    outer loop
      vertex 0 25.7517 2.63159
      vertex 11.5 26.0135 2.69716
      vertex 11.5 25.7517 2.63159
    endloop
  endfacet
  facet normal 0 0.242954 -0.970038
    outer loop
      vertex 11.5 26.0135 2.69716
      vertex 0 25.7517 2.63159
      vertex 0 26.0135 2.69716
    endloop
  endfacet
  facet normal 0 0.0490688 -0.998795
    outer loop
      vertex 0 26.2805 2.73676
      vertex 11.5 26.55 2.75
      vertex 11.5 26.2805 2.73676
    endloop
  endfacet
  facet normal 0 0.0490688 -0.998795
    outer loop
      vertex 11.5 26.55 2.75
      vertex 0 26.2805 2.73676
      vertex 0 26.55 2.75
    endloop
  endfacet
  facet normal 1.08345e-19 -0.970008 0.243072
    outer loop
      vertex 0 29.1816 -0.798283
      vertex 11.5 29.2472 -0.536498
      vertex 0 29.2472 -0.536498
    endloop
  endfacet
  facet normal 1.08345e-19 -0.970008 0.243072
    outer loop
      vertex 11.5 29.2472 -0.536498
      vertex 0 29.1816 -0.798283
      vertex 11.5 29.1816 -0.798283
    endloop
  endfacet
  facet normal -3.61653e-19 -0.903967 -0.427602
    outer loop
      vertex 0 29.0907 1.05238
      vertex 11.5 28.9753 1.29634
      vertex 0 28.9753 1.29634
    endloop
  endfacet
  facet normal -3.61653e-19 -0.903967 -0.427602
    outer loop
      vertex 11.5 28.9753 1.29634
      vertex 0 29.0907 1.05238
      vertex 11.5 29.0907 1.05238
    endloop
  endfacet
  facet normal -0 0.51406 0.857754
    outer loop
      vertex 0 25.2537 -2.42528
      vertex 11.5 25.0222 -2.28654
      vertex 11.5 25.2537 -2.42528
    endloop
  endfacet
  facet normal 0 0.51406 0.857754
    outer loop
      vertex 11.5 25.0222 -2.28654
      vertex 0 25.2537 -2.42528
      vertex 0 25.0222 -2.28654
    endloop
  endfacet
  facet normal 0 0.336895 -0.941542
    outer loop
      vertex 0 25.4976 2.54067
      vertex 11.5 25.7517 2.63159
      vertex 11.5 25.4976 2.54067
    endloop
  endfacet
  facet normal 0 0.336895 -0.941542
    outer loop
      vertex 11.5 25.7517 2.63159
      vertex 0 25.4976 2.54067
      vertex 0 25.7517 2.63159
    endloop
  endfacet
  facet normal 0 -0.14671 0.98918
    outer loop
      vertex 0 27.0865 -2.69716
      vertex 11.5 26.8195 -2.73676
      vertex 11.5 27.0865 -2.69716
    endloop
  endfacet
  facet normal 0 -0.14671 0.98918
    outer loop
      vertex 11.5 26.8195 -2.73676
      vertex 0 27.0865 -2.69716
      vertex 0 26.8195 -2.73676
    endloop
  endfacet
  facet normal -1.87978e-20 0.989176 0.146736
    outer loop
      vertex 11.5 23.8528 -0.536498
      vertex 0 23.8132 -0.269547
      vertex 11.5 23.8132 -0.269547
    endloop
  endfacet
  facet normal -1.87978e-20 0.989176 0.146736
    outer loop
      vertex 0 23.8132 -0.269547
      vertex 11.5 23.8528 -0.536498
      vertex 0 23.8528 -0.536498
    endloop
  endfacet
  facet normal -6.11999e-19 0.803314 -0.595555
    outer loop
      vertex 11.5 24.2635 1.52782
      vertex 0 24.4242 1.74458
      vertex 11.5 24.4242 1.74458
    endloop
  endfacet
  facet normal -6.11999e-19 0.803314 -0.595555
    outer loop
      vertex 0 24.4242 1.74458
      vertex 11.5 24.2635 1.52782
      vertex 0 24.2635 1.52782
    endloop
  endfacet
  facet normal -8.43832e-19 -0.857637 -0.514256
    outer loop
      vertex 0 28.9753 1.29634
      vertex 11.5 28.8365 1.52782
      vertex 0 28.8365 1.52782
    endloop
  endfacet
  facet normal -8.43832e-19 -0.857637 -0.514256
    outer loop
      vertex 11.5 28.8365 1.52782
      vertex 0 28.9753 1.29634
      vertex 11.5 28.9753 1.29634
    endloop
  endfacet
  facet normal 0 -0.336895 0.941542
    outer loop
      vertex 0 27.6024 -2.54067
      vertex 11.5 27.3483 -2.63159
      vertex 11.5 27.6024 -2.54067
    endloop
  endfacet
  facet normal 0 -0.336895 0.941542
    outer loop
      vertex 11.5 27.3483 -2.63159
      vertex 0 27.6024 -2.54067
      vertex 0 27.3483 -2.63159
    endloop
  endfacet
  facet normal 0 -0.0490688 -0.998795
    outer loop
      vertex 0 26.55 2.75
      vertex 11.5 26.8195 2.73676
      vertex 11.5 26.55 2.75
    endloop
  endfacet
  facet normal -0 -0.0490688 -0.998795
    outer loop
      vertex 11.5 26.8195 2.73676
      vertex 0 26.55 2.75
      vertex 0 26.8195 2.73676
    endloop
  endfacet
  facet normal 0 0.671683 -0.740838
    outer loop
      vertex 0 24.6055 1.94454
      vertex 11.5 24.8054 2.12578
      vertex 11.5 24.6055 1.94454
    endloop
  endfacet
  facet normal 0 0.671683 -0.740838
    outer loop
      vertex 11.5 24.8054 2.12578
      vertex 0 24.6055 1.94454
      vertex 0 24.8054 2.12578
    endloop
  endfacet
  facet normal 1.87978e-20 -0.989176 0.146736
    outer loop
      vertex 0 29.2472 -0.536498
      vertex 11.5 29.2868 -0.269547
      vertex 0 29.2868 -0.269547
    endloop
  endfacet
  facet normal 1.87978e-20 -0.989176 0.146736
    outer loop
      vertex 11.5 29.2868 -0.269547
      vertex 0 29.2472 -0.536498
      vertex 11.5 29.2472 -0.536498
    endloop
  endfacet
  facet normal 8.43832e-19 0.857637 -0.514256
    outer loop
      vertex 11.5 24.1247 1.29634
      vertex 0 24.2635 1.52782
      vertex 11.5 24.2635 1.52782
    endloop
  endfacet
  facet normal 8.43832e-19 0.857637 -0.514256
    outer loop
      vertex 0 24.2635 1.52782
      vertex 11.5 24.1247 1.29634
      vertex 0 24.1247 1.29634
    endloop
  endfacet
  facet normal 0 -0.427658 0.903941
    outer loop
      vertex 0 27.8463 -2.42528
      vertex 11.5 27.6024 -2.54067
      vertex 11.5 27.8463 -2.42528
    endloop
  endfacet
  facet normal 0 -0.427658 0.903941
    outer loop
      vertex 11.5 27.6024 -2.54067
      vertex 0 27.8463 -2.42528
      vertex 0 27.6024 -2.54067
    endloop
  endfacet
  facet normal 1.08711e-18 0.740828 -0.671695
    outer loop
      vertex 11.5 24.4242 1.74458
      vertex 0 24.6055 1.94454
      vertex 11.5 24.6055 1.94454
    endloop
  endfacet
  facet normal 1.08711e-18 0.740828 -0.671695
    outer loop
      vertex 0 24.6055 1.94454
      vertex 11.5 24.4242 1.74458
      vertex 0 24.4242 1.74458
    endloop
  endfacet
  facet normal 2.34101e-19 -0.941564 -0.336833
    outer loop
      vertex 0 29.1816 0.798283
      vertex 11.5 29.0907 1.05238
      vertex 0 29.0907 1.05238
    endloop
  endfacet
  facet normal 2.34101e-19 -0.941564 -0.336833
    outer loop
      vertex 11.5 29.0907 1.05238
      vertex 0 29.1816 0.798283
      vertex 11.5 29.1816 0.798283
    endloop
  endfacet
  facet normal 0 -0.427658 -0.903941
    outer loop
      vertex 0 27.6024 2.54067
      vertex 11.5 27.8463 2.42528
      vertex 11.5 27.6024 2.54067
    endloop
  endfacet
  facet normal -0 -0.427658 -0.903941
    outer loop
      vertex 11.5 27.8463 2.42528
      vertex 0 27.6024 2.54067
      vertex 0 27.8463 2.42528
    endloop
  endfacet
  facet normal -0 0.336895 0.941542
    outer loop
      vertex 0 25.7517 -2.63159
      vertex 11.5 25.4976 -2.54067
      vertex 11.5 25.7517 -2.63159
    endloop
  endfacet
  facet normal 0 0.336895 0.941542
    outer loop
      vertex 11.5 25.4976 -2.54067
      vertex 0 25.7517 -2.63159
      vertex 0 25.4976 -2.54067
    endloop
  endfacet
  facet normal -0 0.595628 0.80326
    outer loop
      vertex 0 25.0222 -2.28654
      vertex 11.5 24.8054 -2.12578
      vertex 11.5 25.0222 -2.28654
    endloop
  endfacet
  facet normal 0 0.595628 0.80326
    outer loop
      vertex 11.5 24.8054 -2.12578
      vertex 0 25.0222 -2.28654
      vertex 0 24.8054 -2.12578
    endloop
  endfacet
  facet normal 3.61653e-19 -0.903967 0.427602
    outer loop
      vertex 0 28.9753 -1.29634
      vertex 11.5 29.0907 -1.05238
      vertex 0 29.0907 -1.05238
    endloop
  endfacet
  facet normal 3.61653e-19 -0.903967 0.427602
    outer loop
      vertex 11.5 29.0907 -1.05238
      vertex 0 28.9753 -1.29634
      vertex 11.5 28.9753 -1.29634
    endloop
  endfacet
  facet normal 1.08711e-18 -0.740828 0.671695
    outer loop
      vertex 0 28.4945 -1.94454
      vertex 11.5 28.6758 -1.74458
      vertex 0 28.6758 -1.74458
    endloop
  endfacet
  facet normal 1.08711e-18 -0.740828 0.671695
    outer loop
      vertex 11.5 28.6758 -1.74458
      vertex 0 28.4945 -1.94454
      vertex 11.5 28.4945 -1.94454
    endloop
  endfacet
  facet normal 1.87978e-20 0.989176 -0.146736
    outer loop
      vertex 11.5 23.8132 0.269547
      vertex 0 23.8528 0.536498
      vertex 11.5 23.8528 0.536498
    endloop
  endfacet
  facet normal 1.87978e-20 0.989176 -0.146736
    outer loop
      vertex 0 23.8528 0.536498
      vertex 11.5 23.8132 0.269547
      vertex 0 23.8132 0.269547
    endloop
  endfacet
  facet normal 0 -0.51406 0.857754
    outer loop
      vertex 0 28.0778 -2.28654
      vertex 11.5 27.8463 -2.42528
      vertex 11.5 28.0778 -2.28654
    endloop
  endfacet
  facet normal 0 -0.51406 0.857754
    outer loop
      vertex 11.5 27.8463 -2.42528
      vertex 0 28.0778 -2.28654
      vertex 0 27.8463 -2.42528
    endloop
  endfacet
  facet normal -0 0.0490688 0.998795
    outer loop
      vertex 0 26.55 -2.75
      vertex 11.5 26.2805 -2.73676
      vertex 11.5 26.55 -2.75
    endloop
  endfacet
  facet normal 0 0.0490688 0.998795
    outer loop
      vertex 11.5 26.2805 -2.73676
      vertex 0 26.55 -2.75
      vertex 0 26.2805 -2.73676
    endloop
  endfacet
  facet normal 0 -0.671683 -0.740838
    outer loop
      vertex 0 28.2946 2.12578
      vertex 11.5 28.4945 1.94454
      vertex 11.5 28.2946 2.12578
    endloop
  endfacet
  facet normal -0 -0.671683 -0.740838
    outer loop
      vertex 11.5 28.4945 1.94454
      vertex 0 28.2946 2.12578
      vertex 0 28.4945 1.94454
    endloop
  endfacet
  facet normal -0 0.242954 0.970038
    outer loop
      vertex 0 26.0135 -2.69716
      vertex 11.5 25.7517 -2.63159
      vertex 11.5 26.0135 -2.69716
    endloop
  endfacet
  facet normal 0 0.242954 0.970038
    outer loop
      vertex 11.5 25.7517 -2.63159
      vertex 0 26.0135 -2.69716
      vertex 0 25.7517 -2.63159
    endloop
  endfacet
  facet normal 0 -0.336895 -0.941542
    outer loop
      vertex 0 27.3483 2.63159
      vertex 11.5 27.6024 2.54067
      vertex 11.5 27.3483 2.63159
    endloop
  endfacet
  facet normal -0 -0.336895 -0.941542
    outer loop
      vertex 11.5 27.6024 2.54067
      vertex 0 27.3483 2.63159
      vertex 0 27.6024 2.54067
    endloop
  endfacet
  facet normal 0 0.14671 -0.98918
    outer loop
      vertex 0 26.0135 2.69716
      vertex 11.5 26.2805 2.73676
      vertex 11.5 26.0135 2.69716
    endloop
  endfacet
  facet normal 0 0.14671 -0.98918
    outer loop
      vertex 11.5 26.2805 2.73676
      vertex 0 26.0135 2.69716
      vertex 0 26.2805 2.73676
    endloop
  endfacet
  facet normal -2.34101e-19 0.941564 -0.336833
    outer loop
      vertex 11.5 23.9184 0.798283
      vertex 0 24.0093 1.05238
      vertex 11.5 24.0093 1.05238
    endloop
  endfacet
  facet normal -2.34101e-19 0.941564 -0.336833
    outer loop
      vertex 0 24.0093 1.05238
      vertex 11.5 23.9184 0.798283
      vertex 0 23.9184 0.798283
    endloop
  endfacet
  facet normal 1.08345e-19 0.970008 -0.243072
    outer loop
      vertex 11.5 23.8528 0.536498
      vertex 0 23.9184 0.798283
      vertex 11.5 23.9184 0.798283
    endloop
  endfacet
  facet normal 1.08345e-19 0.970008 -0.243072
    outer loop
      vertex 0 23.9184 0.798283
      vertex 11.5 23.8528 0.536498
      vertex 0 23.8528 0.536498
    endloop
  endfacet
  facet normal 6.11999e-19 0.803314 0.595555
    outer loop
      vertex 11.5 24.4242 -1.74458
      vertex 0 24.2635 -1.52782
      vertex 11.5 24.2635 -1.52782
    endloop
  endfacet
  facet normal 6.11999e-19 0.803314 0.595555
    outer loop
      vertex 0 24.2635 -1.52782
      vertex 11.5 24.4242 -1.74458
      vertex 0 24.4242 -1.74458
    endloop
  endfacet
  facet normal 0 0.595628 -0.80326
    outer loop
      vertex 0 24.8054 2.12578
      vertex 11.5 25.0222 2.28654
      vertex 11.5 24.8054 2.12578
    endloop
  endfacet
  facet normal 0 0.595628 -0.80326
    outer loop
      vertex 11.5 25.0222 2.28654
      vertex 0 24.8054 2.12578
      vertex 0 25.0222 2.28654
    endloop
  endfacet
  facet normal 2.34101e-19 0.941564 0.336833
    outer loop
      vertex 11.5 24.0093 -1.05238
      vertex 0 23.9184 -0.798283
      vertex 11.5 23.9184 -0.798283
    endloop
  endfacet
  facet normal 2.34101e-19 0.941564 0.336833
    outer loop
      vertex 0 23.9184 -0.798283
      vertex 11.5 24.0093 -1.05238
      vertex 0 24.0093 -1.05238
    endloop
  endfacet
  facet normal 0 -0.671683 0.740838
    outer loop
      vertex 0 28.4945 -1.94454
      vertex 11.5 28.2946 -2.12578
      vertex 11.5 28.4945 -1.94454
    endloop
  endfacet
  facet normal 0 -0.671683 0.740838
    outer loop
      vertex 11.5 28.2946 -2.12578
      vertex 0 28.4945 -1.94454
      vertex 0 28.2946 -2.12578
    endloop
  endfacet
  facet normal -8.43832e-19 0.857637 0.514256
    outer loop
      vertex 11.5 24.2635 -1.52782
      vertex 0 24.1247 -1.29634
      vertex 11.5 24.1247 -1.29634
    endloop
  endfacet
  facet normal -8.43832e-19 0.857637 0.514256
    outer loop
      vertex 0 24.1247 -1.29634
      vertex 11.5 24.2635 -1.52782
      vertex 0 24.2635 -1.52782
    endloop
  endfacet
  facet normal -0 0.427658 0.903941
    outer loop
      vertex 0 25.4976 -2.54067
      vertex 11.5 25.2537 -2.42528
      vertex 11.5 25.4976 -2.54067
    endloop
  endfacet
  facet normal 0 0.427658 0.903941
    outer loop
      vertex 11.5 25.2537 -2.42528
      vertex 0 25.4976 -2.54067
      vertex 0 25.2537 -2.42528
    endloop
  endfacet
  facet normal 0 -0.51406 -0.857754
    outer loop
      vertex 0 27.8463 2.42528
      vertex 11.5 28.0778 2.28654
      vertex 11.5 27.8463 2.42528
    endloop
  endfacet
  facet normal -0 -0.51406 -0.857754
    outer loop
      vertex 11.5 28.0778 2.28654
      vertex 0 27.8463 2.42528
      vertex 0 28.0778 2.28654
    endloop
  endfacet
  facet normal 1.54889e-19 0.903967 -0.427602
    outer loop
      vertex 11.5 24.0093 1.05238
      vertex 0 24.1247 1.29634
      vertex 11.5 24.1247 1.29634
    endloop
  endfacet
  facet normal 1.54889e-19 0.903967 -0.427602
    outer loop
      vertex 0 24.1247 1.29634
      vertex 11.5 24.0093 1.05238
      vertex 0 24.0093 1.05238
    endloop
  endfacet
  facet normal 0 0.427658 -0.903941
    outer loop
      vertex 0 25.2537 2.42528
      vertex 11.5 25.4976 2.54067
      vertex 11.5 25.2537 2.42528
    endloop
  endfacet
  facet normal 0 0.427658 -0.903941
    outer loop
      vertex 11.5 25.4976 2.54067
      vertex 0 25.2537 2.42528
      vertex 0 25.4976 2.54067
    endloop
  endfacet
  facet normal 0 -0.14671 -0.98918
    outer loop
      vertex 0 26.8195 2.73676
      vertex 11.5 27.0865 2.69716
      vertex 11.5 26.8195 2.73676
    endloop
  endfacet
  facet normal -0 -0.14671 -0.98918
    outer loop
      vertex 11.5 27.0865 2.69716
      vertex 0 26.8195 2.73676
      vertex 0 27.0865 2.69716
    endloop
  endfacet
  facet normal -1.08711e-18 0.740828 0.671695
    outer loop
      vertex 11.5 24.6055 -1.94454
      vertex 0 24.4242 -1.74458
      vertex 11.5 24.4242 -1.74458
    endloop
  endfacet
  facet normal -1.08711e-18 0.740828 0.671695
    outer loop
      vertex 0 24.4242 -1.74458
      vertex 11.5 24.6055 -1.94454
      vertex 0 24.6055 -1.94454
    endloop
  endfacet
  facet normal -0.242925 -0.970045 0
    outer loop
      vertex 2.54593 12.7992 -15
      vertex 3.78821 12.4881 15
      vertex 2.54593 12.7992 15
    endloop
  endfacet
  facet normal -0.242925 -0.970045 -0
    outer loop
      vertex 3.78821 12.4881 15
      vertex 2.54593 12.7992 -15
      vertex 3.78821 12.4881 -15
    endloop
  endfacet
  facet normal -0.671567 -0.740944 0
    outer loop
      vertex 8.27883 10.0878 -15
      vertex 9.22774 9.22774 15
      vertex 8.27883 10.0878 15
    endloop
  endfacet
  facet normal -0.671567 -0.740944 -0
    outer loop
      vertex 9.22774 9.22774 15
      vertex 8.27883 10.0878 -15
      vertex 9.22774 9.22774 -15
    endloop
  endfacet
  facet normal -0.671567 0.740944 0
    outer loop
      vertex 9.22774 -9.22774 -15
      vertex 8.27883 -10.0878 15
      vertex 9.22774 -9.22774 15
    endloop
  endfacet
  facet normal -0.671567 0.740944 0
    outer loop
      vertex 8.27883 -10.0878 15
      vertex 9.22774 -9.22774 -15
      vertex 8.27883 -10.0878 -15
    endloop
  endfacet
  facet normal -0.336927 0.941531 0
    outer loop
      vertex 4.99402 -12.0566 -15
      vertex 3.78821 -12.4881 15
      vertex 4.99402 -12.0566 15
    endloop
  endfacet
  facet normal -0.336927 0.941531 0
    outer loop
      vertex 3.78821 -12.4881 15
      vertex 4.99402 -12.0566 -15
      vertex 3.78821 -12.4881 -15
    endloop
  endfacet
  facet normal -0.514108 -0.857726 0
    outer loop
      vertex 6.15173 11.5091 -15
      vertex 7.25019 10.8507 15
      vertex 6.15173 11.5091 15
    endloop
  endfacet
  facet normal -0.514108 -0.857726 -0
    outer loop
      vertex 7.25019 10.8507 15
      vertex 6.15173 11.5091 -15
      vertex 7.25019 10.8507 -15
    endloop
  endfacet
  facet normal -0.427519 0.904006 0
    outer loop
      vertex 6.15173 -11.5091 -15
      vertex 4.99402 -12.0566 15
      vertex 6.15173 -11.5091 15
    endloop
  endfacet
  facet normal -0.427519 0.904006 0
    outer loop
      vertex 4.99402 -12.0566 15
      vertex 6.15173 -11.5091 -15
      vertex 4.99402 -12.0566 -15
    endloop
  endfacet
  facet normal -0.803204 -0.595704 3.94565e-18
    outer loop
      vertex 10.8507 7.25019 5
      vertex 10.0878 8.27883 15
      vertex 10.0878 8.27883 5
    endloop
  endfacet
  facet normal -0.803204 -0.595704 3.94565e-18
    outer loop
      vertex 10.0878 8.27883 15
      vertex 10.8507 7.25019 5
      vertex 10.8507 7.25019 15
    endloop
  endfacet
  facet normal -0.803204 -0.595704 3.94565e-18
    outer loop
      vertex 10.8507 7.25019 -15
      vertex 10.0878 8.27883 -5
      vertex 10.0878 8.27883 -15
    endloop
  endfacet
  facet normal -0.803204 -0.595704 3.94565e-18
    outer loop
      vertex 10.0878 8.27883 -5
      vertex 10.8507 7.25019 -15
      vertex 10.8507 7.25019 -5
    endloop
  endfacet
  facet normal -0.740937 -0.671574 0
    outer loop
      vertex 9.22774 9.22774 -15
      vertex 9.43416 9 -5
      vertex 9.22774 9.22774 15
    endloop
  endfacet
  facet normal -0.740944 -0.671567 3.07478e-07
    outer loop
      vertex 10.0878 8.27883 -15
      vertex 9.43416 9 -5
      vertex 9.22774 9.22774 -15
    endloop
  endfacet
  facet normal -0.740946 -0.671564 -1.96941e-18
    outer loop
      vertex 9.43416 9 -5
      vertex 10.0878 8.27883 -15
      vertex 10.0878 8.27883 -5
    endloop
  endfacet
  facet normal -0.740937 -0.671574 -0
    outer loop
      vertex 9.43416 9 5
      vertex 9.22774 9.22774 15
      vertex 9.43416 9 -5
    endloop
  endfacet
  facet normal -0.740946 -0.671564 -0
    outer loop
      vertex 10.0878 8.27883 15
      vertex 9.43416 9 5
      vertex 10.0878 8.27883 5
    endloop
  endfacet
  facet normal -0.740944 -0.671567 -3.07478e-07
    outer loop
      vertex 9.43416 9 5
      vertex 10.0878 8.27883 15
      vertex 9.22774 9.22774 15
    endloop
  endfacet
  facet normal -0.336927 -0.941531 0
    outer loop
      vertex 3.78821 12.4881 -15
      vertex 4.99402 12.0566 15
      vertex 3.78821 12.4881 15
    endloop
  endfacet
  facet normal -0.336927 -0.941531 -0
    outer loop
      vertex 4.99402 12.0566 15
      vertex 3.78821 12.4881 -15
      vertex 4.99402 12.0566 -15
    endloop
  endfacet
  facet normal -0.0490372 -0.998797 0
    outer loop
      vertex 0 13.05 -15
      vertex 1.27912 12.9872 15
      vertex 0 13.05 15
    endloop
  endfacet
  facet normal -0.0490372 -0.998797 -0
    outer loop
      vertex 1.27912 12.9872 15
      vertex 0 13.05 -15
      vertex 1.27912 12.9872 -15
    endloop
  endfacet
  facet normal -0.427519 -0.904006 0
    outer loop
      vertex 4.99402 12.0566 -15
      vertex 6.15173 11.5091 15
      vertex 4.99402 12.0566 15
    endloop
  endfacet
  facet normal -0.427519 -0.904006 -0
    outer loop
      vertex 6.15173 11.5091 15
      vertex 4.99402 12.0566 -15
      vertex 6.15173 11.5091 -15
    endloop
  endfacet
  facet normal -0.514108 0.857726 0
    outer loop
      vertex 7.25019 -10.8507 -15
      vertex 6.15173 -11.5091 15
      vertex 7.25019 -10.8507 15
    endloop
  endfacet
  facet normal -0.514108 0.857726 0
    outer loop
      vertex 6.15173 -11.5091 15
      vertex 7.25019 -10.8507 -15
      vertex 6.15173 -11.5091 -15
    endloop
  endfacet
  facet normal -0.146797 0.989167 0
    outer loop
      vertex 2.54593 -12.7992 -15
      vertex 1.27912 -12.9872 15
      vertex 2.54593 -12.7992 15
    endloop
  endfacet
  facet normal -0.146797 0.989167 0
    outer loop
      vertex 1.27912 -12.9872 15
      vertex 2.54593 -12.7992 -15
      vertex 1.27912 -12.9872 -15
    endloop
  endfacet
  facet normal -0.595704 -0.803204 0
    outer loop
      vertex 7.25019 10.8507 -15
      vertex 8.27883 10.0878 15
      vertex 7.25019 10.8507 15
    endloop
  endfacet
  facet normal -0.595704 -0.803204 -0
    outer loop
      vertex 8.27883 10.0878 15
      vertex 7.25019 10.8507 -15
      vertex 8.27883 10.0878 -15
    endloop
  endfacet
  facet normal -0.242925 0.970045 0
    outer loop
      vertex 3.78821 -12.4881 -15
      vertex 2.54593 -12.7992 15
      vertex 3.78821 -12.4881 15
    endloop
  endfacet
  facet normal -0.242925 0.970045 0
    outer loop
      vertex 2.54593 -12.7992 15
      vertex 3.78821 -12.4881 -15
      vertex 2.54593 -12.7992 -15
    endloop
  endfacet
  facet normal -0.803204 0.595704 -3.94565e-18
    outer loop
      vertex 10.0878 -8.27883 5
      vertex 10.8507 -7.25019 15
      vertex 10.8507 -7.25019 5
    endloop
  endfacet
  facet normal -0.803204 0.595704 -3.94565e-18
    outer loop
      vertex 10.8507 -7.25019 15
      vertex 10.0878 -8.27883 5
      vertex 10.0878 -8.27883 15
    endloop
  endfacet
  facet normal -0.803204 0.595704 -3.94565e-18
    outer loop
      vertex 10.0878 -8.27883 -15
      vertex 10.8507 -7.25019 -5
      vertex 10.8507 -7.25019 -15
    endloop
  endfacet
  facet normal -0.803204 0.595704 -3.94565e-18
    outer loop
      vertex 10.8507 -7.25019 -5
      vertex 10.0878 -8.27883 -15
      vertex 10.0878 -8.27883 -5
    endloop
  endfacet
  facet normal -0.595704 0.803204 0
    outer loop
      vertex 8.27883 -10.0878 -15
      vertex 7.25019 -10.8507 15
      vertex 8.27883 -10.0878 15
    endloop
  endfacet
  facet normal -0.595704 0.803204 0
    outer loop
      vertex 7.25019 -10.8507 15
      vertex 8.27883 -10.0878 -15
      vertex 7.25019 -10.8507 -15
    endloop
  endfacet
  facet normal -0.0490372 0.998797 0
    outer loop
      vertex 1.27912 -12.9872 -15
      vertex 0 -13.05 15
      vertex 1.27912 -12.9872 15
    endloop
  endfacet
  facet normal -0.0490372 0.998797 0
    outer loop
      vertex 0 -13.05 15
      vertex 1.27912 -12.9872 -15
      vertex 0 -13.05 -15
    endloop
  endfacet
  facet normal -0.740946 0.671564 0
    outer loop
      vertex 10.0878 -8.27883 -15
      vertex 9.43416 -9 -5
      vertex 10.0878 -8.27883 -5
    endloop
  endfacet
  facet normal -0.740937 0.671574 0
    outer loop
      vertex 9.43416 -9 -5
      vertex 9.22774 -9.22774 -15
      vertex 9.43416 -9 5
    endloop
  endfacet
  facet normal -0.740944 0.671567 3.07478e-07
    outer loop
      vertex 9.22774 -9.22774 -15
      vertex 9.43416 -9 -5
      vertex 10.0878 -8.27883 -15
    endloop
  endfacet
  facet normal -0.740946 0.671564 1.96941e-18
    outer loop
      vertex 9.43416 -9 5
      vertex 10.0878 -8.27883 15
      vertex 10.0878 -8.27883 5
    endloop
  endfacet
  facet normal -0.740944 0.671567 -3.07478e-07
    outer loop
      vertex 9.43416 -9 5
      vertex 9.22774 -9.22774 15
      vertex 10.0878 -8.27883 15
    endloop
  endfacet
  facet normal -0.740937 0.671574 0
    outer loop
      vertex 9.22774 -9.22774 15
      vertex 9.43416 -9 5
      vertex 9.22774 -9.22774 -15
    endloop
  endfacet
  facet normal -0.146797 -0.989167 0
    outer loop
      vertex 1.27912 12.9872 -15
      vertex 2.54593 12.7992 15
      vertex 1.27912 12.9872 15
    endloop
  endfacet
  facet normal -0.146797 -0.989167 -0
    outer loop
      vertex 2.54593 12.7992 15
      vertex 1.27912 12.9872 -15
      vertex 2.54593 12.7992 -15
    endloop
  endfacet
  facet normal 0.595709 0.8032 -0
    outer loop
      vertex 27.7095 6.95709 -5
      vertex 27.0001 7.48323 5
      vertex 27.7095 6.95709 5
    endloop
  endfacet
  facet normal 0.595709 0.8032 0
    outer loop
      vertex 27.0001 7.48323 5
      vertex 27.7095 6.95709 -5
      vertex 27.0001 7.48323 -5
    endloop
  endfacet
  facet normal 0 1 -0
    outer loop
      vertex 22 9 -5
      vertex 17.8961 9 5
      vertex 22 9 5
    endloop
  endfacet
  facet normal 0 1 0
    outer loop
      vertex 17.8961 9 5
      vertex 22 9 -5
      vertex 17.8961 9 -5
    endloop
  endfacet
  facet normal 0 1 -0
    outer loop
      vertex 9.43416 9 -5
      vertex 8.3 9 5
      vertex 9.43416 9 5
    endloop
  endfacet
  facet normal 0 1 0
    outer loop
      vertex 8.3 9 5
      vertex 9.43416 9 -5
      vertex 8.3 9 -5
    endloop
  endfacet
  facet normal 0.941525 0.336942 -1.28949e-18
    outer loop
      vertex 30.6125 2.61256 5
      vertex 30.3149 3.44415 -5
      vertex 30.3149 3.44415 5
    endloop
  endfacet
  facet normal 0.941525 0.336942 -1.28949e-18
    outer loop
      vertex 30.3149 3.44415 -5
      vertex 30.6125 2.61256 5
      vertex 30.6125 2.61256 -5
    endloop
  endfacet
  facet normal 0.970033 -0.242975 -1.35959e-20
    outer loop
      vertex 30.6125 -2.61256 5
      vertex 30.8271 -1.75581 -5
      vertex 30.8271 -1.75581 5
    endloop
  endfacet
  facet normal 0.970033 -0.242975 -1.35959e-20
    outer loop
      vertex 30.8271 -1.75581 -5
      vertex 30.6125 -2.61256 5
      vertex 30.6125 -2.61256 -5
    endloop
  endfacet
  facet normal -1 0 0
    outer loop
      vertex 8.3 -9 -5
      vertex 8.3 9 5
      vertex 8.3 9 -5
    endloop
  endfacet
  facet normal -1 -0 0
    outer loop
      vertex 8.3 9 5
      vertex 8.3 -9 -5
      vertex 8.3 -9 5
    endloop
  endfacet
  facet normal 0 -1 0
    outer loop
      vertex 8.3 -9 -5
      vertex 9.43416 -9 5
      vertex 8.3 -9 5
    endloop
  endfacet
  facet normal 0 -1 -0
    outer loop
      vertex 9.43416 -9 5
      vertex 8.3 -9 -5
      vertex 9.43416 -9 -5
    endloop
  endfacet
  facet normal 0 -1 0
    outer loop
      vertex 17.8961 -9 -5
      vertex 22 -9 5
      vertex 17.8961 -9 5
    endloop
  endfacet
  facet normal 0 -1 -0
    outer loop
      vertex 22 -9 5
      vertex 17.8961 -9 -5
      vertex 22 -9 -5
    endloop
  endfacet
  facet normal 0.514129 -0.857713 0
    outer loop
      vertex 26.2426 -7.93729 -5
      vertex 27.0001 -7.48323 5
      vertex 26.2426 -7.93729 5
    endloop
  endfacet
  facet normal 0.514129 -0.857713 0
    outer loop
      vertex 27.0001 -7.48323 5
      vertex 26.2426 -7.93729 -5
      vertex 27.0001 -7.48323 -5
    endloop
  endfacet
  facet normal 0.427525 -0.904003 0
    outer loop
      vertex 25.4441 -8.31492 -5
      vertex 26.2426 -7.93729 5
      vertex 25.4441 -8.31492 5
    endloop
  endfacet
  facet normal 0.427525 -0.904003 0
    outer loop
      vertex 26.2426 -7.93729 5
      vertex 25.4441 -8.31492 -5
      vertex 26.2426 -7.93729 -5
    endloop
  endfacet
  facet normal 0.857711 -0.514133 1.30109e-18
    outer loop
      vertex 29.4832 -5.00013 5
      vertex 29.9373 -4.24257 -5
      vertex 29.9373 -4.24257 5
    endloop
  endfacet
  facet normal 0.857711 -0.514133 1.30109e-18
    outer loop
      vertex 29.9373 -4.24257 -5
      vertex 29.4832 -5.00013 5
      vertex 29.4832 -5.00013 -5
    endloop
  endfacet
  facet normal 0.740969 -0.671539 2.35195e-19
    outer loop
      vertex 28.364 -6.36396 5
      vertex 28.9571 -5.70954 -5
      vertex 28.9571 -5.70954 5
    endloop
  endfacet
  facet normal 0.740969 -0.671539 2.35195e-19
    outer loop
      vertex 28.9571 -5.70954 -5
      vertex 28.364 -6.36396 5
      vertex 28.364 -6.36396 -5
    endloop
  endfacet
  facet normal 0.904 -0.427532 -2.49201e-18
    outer loop
      vertex 29.9373 -4.24257 5
      vertex 30.3149 -3.44415 -5
      vertex 30.3149 -3.44415 5
    endloop
  endfacet
  facet normal 0.904 -0.427532 -2.49201e-18
    outer loop
      vertex 30.3149 -3.44415 -5
      vertex 29.9373 -4.24257 5
      vertex 29.9373 -4.24257 -5
    endloop
  endfacet
  facet normal 0.514129 0.857713 -0
    outer loop
      vertex 27.0001 7.48323 -5
      vertex 26.2426 7.93729 5
      vertex 27.0001 7.48323 5
    endloop
  endfacet
  facet normal 0.514129 0.857713 0
    outer loop
      vertex 26.2426 7.93729 5
      vertex 27.0001 7.48323 -5
      vertex 26.2426 7.93729 -5
    endloop
  endfacet
  facet normal 0.970033 0.242975 1.35959e-20
    outer loop
      vertex 30.8271 1.75581 5
      vertex 30.6125 2.61256 -5
      vertex 30.6125 2.61256 5
    endloop
  endfacet
  facet normal 0.970033 0.242975 1.35959e-20
    outer loop
      vertex 30.6125 2.61256 -5
      vertex 30.8271 1.75581 5
      vertex 30.8271 1.75581 -5
    endloop
  endfacet
  facet normal 0.803226 -0.595674 1.50272e-18
    outer loop
      vertex 28.9571 -5.70954 5
      vertex 29.4832 -5.00013 -5
      vertex 29.4832 -5.00013 5
    endloop
  endfacet
  facet normal 0.803226 -0.595674 1.50272e-18
    outer loop
      vertex 29.4832 -5.00013 -5
      vertex 28.9571 -5.70954 5
      vertex 28.9571 -5.70954 -5
    endloop
  endfacet
  facet normal 0.989176 0.146736 7.34486e-20
    outer loop
      vertex 30.9567 0.882154 5
      vertex 30.8271 1.75581 -5
      vertex 30.8271 1.75581 5
    endloop
  endfacet
  facet normal 0.989176 0.146736 7.34486e-20
    outer loop
      vertex 30.8271 1.75581 -5
      vertex 30.9567 0.882154 5
      vertex 30.9567 0.882154 -5
    endloop
  endfacet
  facet normal 0.671513 -0.740993 0
    outer loop
      vertex 27.7095 -6.95709 -5
      vertex 28.364 -6.36396 5
      vertex 27.7095 -6.95709 5
    endloop
  endfacet
  facet normal 0.671513 -0.740993 0
    outer loop
      vertex 28.364 -6.36396 5
      vertex 27.7095 -6.95709 -5
      vertex 28.364 -6.36396 -5
    endloop
  endfacet
  facet normal 0.998798 0.0490254 1.45438e-19
    outer loop
      vertex 31 0 5
      vertex 30.9567 0.882154 -5
      vertex 30.9567 0.882154 5
    endloop
  endfacet
  facet normal 0.998798 0.0490254 1.45438e-19
    outer loop
      vertex 30.9567 0.882154 -5
      vertex 31 0 5
      vertex 31 0 -5
    endloop
  endfacet
  facet normal 0.242972 -0.970033 0
    outer loop
      vertex 23.7558 -8.82707 -5
      vertex 24.6126 -8.61246 5
      vertex 23.7558 -8.82707 5
    endloop
  endfacet
  facet normal 0.242972 -0.970033 0
    outer loop
      vertex 24.6126 -8.61246 5
      vertex 23.7558 -8.82707 -5
      vertex 24.6126 -8.61246 -5
    endloop
  endfacet
  facet normal 0.904 0.427532 2.49201e-18
    outer loop
      vertex 30.3149 3.44415 5
      vertex 29.9373 4.24257 -5
      vertex 29.9373 4.24257 5
    endloop
  endfacet
  facet normal 0.904 0.427532 2.49201e-18
    outer loop
      vertex 29.9373 4.24257 -5
      vertex 30.3149 3.44415 5
      vertex 30.3149 3.44415 -5
    endloop
  endfacet
  facet normal 0.336914 0.941535 -0
    outer loop
      vertex 25.4441 8.31492 -5
      vertex 24.6126 8.61246 5
      vertex 25.4441 8.31492 5
    endloop
  endfacet
  facet normal 0.336914 0.941535 0
    outer loop
      vertex 24.6126 8.61246 5
      vertex 25.4441 8.31492 -5
      vertex 24.6126 8.61246 -5
    endloop
  endfacet
  facet normal 0.049068 -0.998795 0
    outer loop
      vertex 22 -9 -5
      vertex 22.8822 -8.95666 5
      vertex 22 -9 5
    endloop
  endfacet
  facet normal 0.049068 -0.998795 0
    outer loop
      vertex 22.8822 -8.95666 5
      vertex 22 -9 -5
      vertex 22.8822 -8.95666 -5
    endloop
  endfacet
  facet normal 0.146735 -0.989176 0
    outer loop
      vertex 22.8822 -8.95666 -5
      vertex 23.7558 -8.82707 5
      vertex 22.8822 -8.95666 5
    endloop
  endfacet
  facet normal 0.146735 -0.989176 0
    outer loop
      vertex 23.7558 -8.82707 5
      vertex 22.8822 -8.95666 -5
      vertex 23.7558 -8.82707 -5
    endloop
  endfacet
  facet normal 0.146735 0.989176 -0
    outer loop
      vertex 23.7558 8.82707 -5
      vertex 22.8822 8.95666 5
      vertex 23.7558 8.82707 5
    endloop
  endfacet
  facet normal 0.146735 0.989176 0
    outer loop
      vertex 22.8822 8.95666 5
      vertex 23.7558 8.82707 -5
      vertex 22.8822 8.95666 -5
    endloop
  endfacet
  facet normal 0.998798 -0.0490254 -1.45438e-19
    outer loop
      vertex 30.9567 -0.882154 5
      vertex 31 0 -5
      vertex 31 0 5
    endloop
  endfacet
  facet normal 0.998798 -0.0490254 -1.45438e-19
    outer loop
      vertex 31 0 -5
      vertex 30.9567 -0.882154 5
      vertex 30.9567 -0.882154 -5
    endloop
  endfacet
  facet normal 0.427525 0.904003 -0
    outer loop
      vertex 26.2426 7.93729 -5
      vertex 25.4441 8.31492 5
      vertex 26.2426 7.93729 5
    endloop
  endfacet
  facet normal 0.427525 0.904003 0
    outer loop
      vertex 25.4441 8.31492 5
      vertex 26.2426 7.93729 -5
      vertex 25.4441 8.31492 -5
    endloop
  endfacet
  facet normal 0.803226 0.595674 -1.50272e-18
    outer loop
      vertex 29.4832 5.00013 5
      vertex 28.9571 5.70954 -5
      vertex 28.9571 5.70954 5
    endloop
  endfacet
  facet normal 0.803226 0.595674 -1.50272e-18
    outer loop
      vertex 28.9571 5.70954 -5
      vertex 29.4832 5.00013 5
      vertex 29.4832 5.00013 -5
    endloop
  endfacet
  facet normal 0.595709 -0.8032 0
    outer loop
      vertex 27.0001 -7.48323 -5
      vertex 27.7095 -6.95709 5
      vertex 27.0001 -7.48323 5
    endloop
  endfacet
  facet normal 0.595709 -0.8032 0
    outer loop
      vertex 27.7095 -6.95709 5
      vertex 27.0001 -7.48323 -5
      vertex 27.7095 -6.95709 -5
    endloop
  endfacet
  facet normal 0 0 -1
    outer loop
      vertex 30.1 0 -5
      vertex 31 0 -5
      vertex 30.9567 -0.882154 -5
    endloop
  endfacet
  facet normal 0 0 -1
    outer loop
      vertex 30.061 -0.793939 -5
      vertex 30.9567 -0.882154 -5
      vertex 30.8271 -1.75581 -5
    endloop
  endfacet
  facet normal 0 0 -1
    outer loop
      vertex 31 0 -5
      vertex 30.1 0 -5
      vertex 30.9567 0.882154 -5
    endloop
  endfacet
  facet normal 0 0 -1
    outer loop
      vertex 29.9444 -1.58023 -5
      vertex 30.8271 -1.75581 -5
      vertex 30.6125 -2.61256 -5
    endloop
  endfacet
  facet normal 0 0 -1
    outer loop
      vertex 30.061 0.793939 -5
      vertex 30.9567 0.882154 -5
      vertex 30.1 0 -5
    endloop
  endfacet
  facet normal 0 0 -1
    outer loop
      vertex 29.7512 -2.35131 -5
      vertex 30.6125 -2.61256 -5
      vertex 30.3149 -3.44415 -5
    endloop
  endfacet
  facet normal -0 0 -1
    outer loop
      vertex 30.9567 0.882154 -5
      vertex 30.061 0.793939 -5
      vertex 30.8271 1.75581 -5
    endloop
  endfacet
  facet normal 0 0 -1
    outer loop
      vertex 29.9444 1.58023 -5
      vertex 30.8271 1.75581 -5
      vertex 30.061 0.793939 -5
    endloop
  endfacet
  facet normal 0 0 -1
    outer loop
      vertex 30.9567 -0.882154 -5
      vertex 30.061 -0.793939 -5
      vertex 30.1 0 -5
    endloop
  endfacet
  facet normal 0 0 -1
    outer loop
      vertex 30.8271 -1.75581 -5
      vertex 29.9444 -1.58023 -5
      vertex 30.061 -0.793939 -5
    endloop
  endfacet
  facet normal 0 0 -1
    outer loop
      vertex 29.4834 -3.09974 -5
      vertex 30.3149 -3.44415 -5
      vertex 29.9373 -4.24257 -5
    endloop
  endfacet
  facet normal 0 0 -1
    outer loop
      vertex 30.6125 -2.61256 -5
      vertex 29.7512 -2.35131 -5
      vertex 29.9444 -1.58023 -5
    endloop
  endfacet
  facet normal 0 0 -1
    outer loop
      vertex 30.3149 -3.44415 -5
      vertex 29.4834 -3.09974 -5
      vertex 29.7512 -2.35131 -5
    endloop
  endfacet
  facet normal 0 0 -1
    outer loop
      vertex 29.1436 -3.81831 -5
      vertex 29.9373 -4.24257 -5
      vertex 29.4832 -5.00013 -5
    endloop
  endfacet
  facet normal 0 0 -1
    outer loop
      vertex 29.9373 -4.24257 -5
      vertex 29.1436 -3.81831 -5
      vertex 29.4834 -3.09974 -5
    endloop
  endfacet
  facet normal 0 0 -1
    outer loop
      vertex 28.7349 -4.50012 -5
      vertex 29.4832 -5.00013 -5
      vertex 28.9571 -5.70954 -5
    endloop
  endfacet
  facet normal 0 0 -1
    outer loop
      vertex 29.4832 -5.00013 -5
      vertex 28.7349 -4.50012 -5
      vertex 29.1436 -3.81831 -5
    endloop
  endfacet
  facet normal 0 0 -1
    outer loop
      vertex 28.2614 -5.13859 -5
      vertex 28.9571 -5.70954 -5
      vertex 28.364 -6.36396 -5
    endloop
  endfacet
  facet normal 0 0 -1
    outer loop
      vertex 28.9571 -5.70954 -5
      vertex 28.2614 -5.13859 -5
      vertex 28.7349 -4.50012 -5
    endloop
  endfacet
  facet normal 0 0 -1
    outer loop
      vertex 28.364 -6.36396 -5
      vertex 27.7276 -5.72756 -5
      vertex 28.2614 -5.13859 -5
    endloop
  endfacet
  facet normal 0 0 -1
    outer loop
      vertex 27.7095 -6.95709 -5
      vertex 27.7276 -5.72756 -5
      vertex 28.364 -6.36396 -5
    endloop
  endfacet
  facet normal 0 0 -1
    outer loop
      vertex 27.7095 -6.95709 -5
      vertex 27.1386 -6.26138 -5
      vertex 27.7276 -5.72756 -5
    endloop
  endfacet
  facet normal 0 0 -1
    outer loop
      vertex 27.0001 -7.48323 -5
      vertex 27.1386 -6.26138 -5
      vertex 27.7095 -6.95709 -5
    endloop
  endfacet
  facet normal 0 0 -1
    outer loop
      vertex 27.0001 -7.48323 -5
      vertex 26.5001 -6.7349 -5
      vertex 27.1386 -6.26138 -5
    endloop
  endfacet
  facet normal 0 0 -1
    outer loop
      vertex 26.2426 -7.93729 -5
      vertex 26.5001 -6.7349 -5
      vertex 27.0001 -7.48323 -5
    endloop
  endfacet
  facet normal 0 0 -1
    outer loop
      vertex 26.2426 -7.93729 -5
      vertex 25.8183 -7.14356 -5
      vertex 26.5001 -6.7349 -5
    endloop
  endfacet
  facet normal 0 0 -1
    outer loop
      vertex 25.4441 -8.31492 -5
      vertex 25.8183 -7.14356 -5
      vertex 26.2426 -7.93729 -5
    endloop
  endfacet
  facet normal 0 0 -1
    outer loop
      vertex 25.4441 -8.31492 -5
      vertex 25.0997 -7.48342 -5
      vertex 25.8183 -7.14356 -5
    endloop
  endfacet
  facet normal 0 0 -1
    outer loop
      vertex 24.6126 -8.61246 -5
      vertex 25.0997 -7.48342 -5
      vertex 25.4441 -8.31492 -5
    endloop
  endfacet
  facet normal 0 0 -1
    outer loop
      vertex 24.6126 -8.61246 -5
      vertex 24.3513 -7.75122 -5
      vertex 25.0997 -7.48342 -5
    endloop
  endfacet
  facet normal 0 0 -1
    outer loop
      vertex 23.7558 -8.82707 -5
      vertex 24.3513 -7.75122 -5
      vertex 24.6126 -8.61246 -5
    endloop
  endfacet
  facet normal 0 0 -1
    outer loop
      vertex 23.7558 -8.82707 -5
      vertex 23.5802 -7.94436 -5
      vertex 24.3513 -7.75122 -5
    endloop
  endfacet
  facet normal 0 0 -1
    outer loop
      vertex 22.8822 -8.95666 -5
      vertex 23.5802 -7.94436 -5
      vertex 23.7558 -8.82707 -5
    endloop
  endfacet
  facet normal 0 0 -1
    outer loop
      vertex 22.8822 -8.95666 -5
      vertex 22.7939 -8.061 -5
      vertex 23.5802 -7.94436 -5
    endloop
  endfacet
  facet normal 0 0 -1
    outer loop
      vertex 22 -9 -5
      vertex 22.7939 -8.061 -5
      vertex 22.8822 -8.95666 -5
    endloop
  endfacet
  facet normal 0 0 -1
    outer loop
      vertex 22 -9 -5
      vertex 22 -8.1 -5
      vertex 22.7939 -8.061 -5
    endloop
  endfacet
  facet normal 0 0 -1
    outer loop
      vertex 22 -9 -5
      vertex 18.3217 -8.1 -5
      vertex 22 -8.1 -5
    endloop
  endfacet
  facet normal 0 -0 -1
    outer loop
      vertex 18.3217 -8.1 -5
      vertex 22 -9 -5
      vertex 17.8961 -9 -5
    endloop
  endfacet
  facet normal -0 0 -1
    outer loop
      vertex 30.8271 1.75581 -5
      vertex 29.9444 1.58023 -5
      vertex 30.6125 2.61256 -5
    endloop
  endfacet
  facet normal 0 0 -1
    outer loop
      vertex 29.7512 2.35131 -5
      vertex 30.6125 2.61256 -5
      vertex 29.9444 1.58023 -5
    endloop
  endfacet
  facet normal -0 0 -1
    outer loop
      vertex 30.6125 2.61256 -5
      vertex 29.7512 2.35131 -5
      vertex 30.3149 3.44415 -5
    endloop
  endfacet
  facet normal 0 0 -1
    outer loop
      vertex 29.4834 3.09974 -5
      vertex 30.3149 3.44415 -5
      vertex 29.7512 2.35131 -5
    endloop
  endfacet
  facet normal -0 0 -1
    outer loop
      vertex 30.3149 3.44415 -5
      vertex 29.4834 3.09974 -5
      vertex 29.9373 4.24257 -5
    endloop
  endfacet
  facet normal 0 0 -1
    outer loop
      vertex 29.1436 3.81831 -5
      vertex 29.9373 4.24257 -5
      vertex 29.4834 3.09974 -5
    endloop
  endfacet
  facet normal -0 0 -1
    outer loop
      vertex 29.9373 4.24257 -5
      vertex 29.1436 3.81831 -5
      vertex 29.4832 5.00013 -5
    endloop
  endfacet
  facet normal 0 0 -1
    outer loop
      vertex 28.7349 4.50012 -5
      vertex 29.4832 5.00013 -5
      vertex 29.1436 3.81831 -5
    endloop
  endfacet
  facet normal -0 0 -1
    outer loop
      vertex 29.4832 5.00013 -5
      vertex 28.7349 4.50012 -5
      vertex 28.9571 5.70954 -5
    endloop
  endfacet
  facet normal 0 0 -1
    outer loop
      vertex 28.2614 5.13859 -5
      vertex 28.9571 5.70954 -5
      vertex 28.7349 4.50012 -5
    endloop
  endfacet
  facet normal -0 0 -1
    outer loop
      vertex 28.9571 5.70954 -5
      vertex 28.2614 5.13859 -5
      vertex 28.364 6.36396 -5
    endloop
  endfacet
  facet normal 0 0 -1
    outer loop
      vertex 27.7276 5.72756 -5
      vertex 28.364 6.36396 -5
      vertex 28.2614 5.13859 -5
    endloop
  endfacet
  facet normal 0 0 -1
    outer loop
      vertex 27.7276 5.72756 -5
      vertex 27.7095 6.95709 -5
      vertex 28.364 6.36396 -5
    endloop
  endfacet
  facet normal 0 0 -1
    outer loop
      vertex 27.1386 6.26138 -5
      vertex 27.7095 6.95709 -5
      vertex 27.7276 5.72756 -5
    endloop
  endfacet
  facet normal 0 0 -1
    outer loop
      vertex 27.1386 6.26138 -5
      vertex 27.0001 7.48323 -5
      vertex 27.7095 6.95709 -5
    endloop
  endfacet
  facet normal 0 0 -1
    outer loop
      vertex 26.5001 6.7349 -5
      vertex 27.0001 7.48323 -5
      vertex 27.1386 6.26138 -5
    endloop
  endfacet
  facet normal 0 0 -1
    outer loop
      vertex 26.5001 6.7349 -5
      vertex 26.2426 7.93729 -5
      vertex 27.0001 7.48323 -5
    endloop
  endfacet
  facet normal 0 0 -1
    outer loop
      vertex 25.8183 7.14356 -5
      vertex 26.2426 7.93729 -5
      vertex 26.5001 6.7349 -5
    endloop
  endfacet
  facet normal 0 0 -1
    outer loop
      vertex 25.8183 7.14356 -5
      vertex 25.4441 8.31492 -5
      vertex 26.2426 7.93729 -5
    endloop
  endfacet
  facet normal 0 0 -1
    outer loop
      vertex 25.0997 7.48342 -5
      vertex 25.4441 8.31492 -5
      vertex 25.8183 7.14356 -5
    endloop
  endfacet
  facet normal 0 0 -1
    outer loop
      vertex 25.0997 7.48342 -5
      vertex 24.6126 8.61246 -5
      vertex 25.4441 8.31492 -5
    endloop
  endfacet
  facet normal 0 0 -1
    outer loop
      vertex 24.3513 7.75122 -5
      vertex 24.6126 8.61246 -5
      vertex 25.0997 7.48342 -5
    endloop
  endfacet
  facet normal 0 0 -1
    outer loop
      vertex 24.3513 7.75122 -5
      vertex 23.7558 8.82707 -5
      vertex 24.6126 8.61246 -5
    endloop
  endfacet
  facet normal 0 0 -1
    outer loop
      vertex 23.5802 7.94436 -5
      vertex 23.7558 8.82707 -5
      vertex 24.3513 7.75122 -5
    endloop
  endfacet
  facet normal 0 0 -1
    outer loop
      vertex 23.5802 7.94436 -5
      vertex 22.8822 8.95666 -5
      vertex 23.7558 8.82707 -5
    endloop
  endfacet
  facet normal 0 0 -1
    outer loop
      vertex 22.7939 8.061 -5
      vertex 22.8822 8.95666 -5
      vertex 23.5802 7.94436 -5
    endloop
  endfacet
  facet normal 0 0 -1
    outer loop
      vertex 22 8.1 -5
      vertex 22.8822 8.95666 -5
      vertex 22.7939 8.061 -5
    endloop
  endfacet
  facet normal 0 0 -1
    outer loop
      vertex 22 8.1 -5
      vertex 22 9 -5
      vertex 22.8822 8.95666 -5
    endloop
  endfacet
  facet normal 0 0 -1
    outer loop
      vertex 18.3217 8.1 -5
      vertex 22 9 -5
      vertex 22 8.1 -5
    endloop
  endfacet
  facet normal -0 0 -1
    outer loop
      vertex 22 9 -5
      vertex 18.3217 8.1 -5
      vertex 17.8961 9 -5
    endloop
  endfacet
  facet normal 0 0 -1
    outer loop
      vertex 8.3 -9 -5
      vertex 13.05 0 -5
      vertex 12.9872 -1.27912 -5
    endloop
  endfacet
  facet normal 0 0 -1
    outer loop
      vertex 8.3 -9 -5
      vertex 12.9872 -1.27912 -5
      vertex 12.7992 -2.54593 -5
    endloop
  endfacet
  facet normal 0 0 -1
    outer loop
      vertex 8.3 9 -5
      vertex 13.05 0 -5
      vertex 8.3 -9 -5
    endloop
  endfacet
  facet normal 0 0 -1
    outer loop
      vertex 8.3 -9 -5
      vertex 12.7992 -2.54593 -5
      vertex 12.4881 -3.78821 -5
    endloop
  endfacet
  facet normal 0 0 -1
    outer loop
      vertex 13.05 0 -5
      vertex 8.3 9 -5
      vertex 12.9872 1.27912 -5
    endloop
  endfacet
  facet normal 0 0 -1
    outer loop
      vertex 8.3 -9 -5
      vertex 12.4881 -3.78821 -5
      vertex 12.0566 -4.99402 -5
    endloop
  endfacet
  facet normal 0 0 -1
    outer loop
      vertex 12.9872 1.27912 -5
      vertex 8.3 9 -5
      vertex 12.7992 2.54593 -5
    endloop
  endfacet
  facet normal 0 0 -1
    outer loop
      vertex 8.3 -9 -5
      vertex 12.0566 -4.99402 -5
      vertex 11.5091 -6.15173 -5
    endloop
  endfacet
  facet normal 0 0 -1
    outer loop
      vertex 12.7992 2.54593 -5
      vertex 8.3 9 -5
      vertex 12.4881 3.78821 -5
    endloop
  endfacet
  facet normal 0 0 -1
    outer loop
      vertex 8.3 -9 -5
      vertex 11.5091 -6.15173 -5
      vertex 10.8507 -7.25019 -5
    endloop
  endfacet
  facet normal 0 0 -1
    outer loop
      vertex 12.4881 3.78821 -5
      vertex 8.3 9 -5
      vertex 12.0566 4.99402 -5
    endloop
  endfacet
  facet normal 0 0 -1
    outer loop
      vertex 8.3 -9 -5
      vertex 10.8507 -7.25019 -5
      vertex 10.0878 -8.27883 -5
    endloop
  endfacet
  facet normal 0 0 -1
    outer loop
      vertex 12.0566 4.99402 -5
      vertex 8.3 9 -5
      vertex 11.5091 6.15173 -5
    endloop
  endfacet
  facet normal 0 0 -1
    outer loop
      vertex 8.3 -9 -5
      vertex 10.0878 -8.27883 -5
      vertex 9.43416 -9 -5
    endloop
  endfacet
  facet normal 0 0 -1
    outer loop
      vertex 11.5091 6.15173 -5
      vertex 8.3 9 -5
      vertex 10.8507 7.25019 -5
    endloop
  endfacet
  facet normal 0 0 -1
    outer loop
      vertex 10.8507 7.25019 -5
      vertex 8.3 9 -5
      vertex 10.0878 8.27883 -5
    endloop
  endfacet
  facet normal 0 0 -1
    outer loop
      vertex 10.0878 8.27883 -5
      vertex 8.3 9 -5
      vertex 9.43416 9 -5
    endloop
  endfacet
  facet normal 0.336914 -0.941535 0
    outer loop
      vertex 24.6126 -8.61246 -5
      vertex 25.4441 -8.31492 5
      vertex 24.6126 -8.61246 5
    endloop
  endfacet
  facet normal 0.336914 -0.941535 0
    outer loop
      vertex 25.4441 -8.31492 5
      vertex 24.6126 -8.61246 -5
      vertex 25.4441 -8.31492 -5
    endloop
  endfacet
  facet normal 0.242972 0.970033 -0
    outer loop
      vertex 24.6126 8.61246 -5
      vertex 23.7558 8.82707 5
      vertex 24.6126 8.61246 5
    endloop
  endfacet
  facet normal 0.242972 0.970033 0
    outer loop
      vertex 23.7558 8.82707 5
      vertex 24.6126 8.61246 -5
      vertex 23.7558 8.82707 -5
    endloop
  endfacet
  facet normal 0.941525 -0.336942 1.28949e-18
    outer loop
      vertex 30.3149 -3.44415 5
      vertex 30.6125 -2.61256 -5
      vertex 30.6125 -2.61256 5
    endloop
  endfacet
  facet normal 0.941525 -0.336942 1.28949e-18
    outer loop
      vertex 30.6125 -2.61256 -5
      vertex 30.3149 -3.44415 5
      vertex 30.3149 -3.44415 -5
    endloop
  endfacet
  facet normal 0.671513 0.740993 -0
    outer loop
      vertex 28.364 6.36396 -5
      vertex 27.7095 6.95709 5
      vertex 28.364 6.36396 5
    endloop
  endfacet
  facet normal 0.671513 0.740993 0
    outer loop
      vertex 27.7095 6.95709 5
      vertex 28.364 6.36396 -5
      vertex 27.7095 6.95709 -5
    endloop
  endfacet
  facet normal 0.740969 0.671539 -2.35195e-19
    outer loop
      vertex 28.9571 5.70954 5
      vertex 28.364 6.36396 -5
      vertex 28.364 6.36396 5
    endloop
  endfacet
  facet normal 0.740969 0.671539 -2.35195e-19
    outer loop
      vertex 28.364 6.36396 -5
      vertex 28.9571 5.70954 5
      vertex 28.9571 5.70954 -5
    endloop
  endfacet
  facet normal 0.857711 0.514133 -1.30109e-18
    outer loop
      vertex 29.9373 4.24257 5
      vertex 29.4832 5.00013 -5
      vertex 29.4832 5.00013 5
    endloop
  endfacet
  facet normal 0.857711 0.514133 -1.30109e-18
    outer loop
      vertex 29.4832 5.00013 -5
      vertex 29.9373 4.24257 5
      vertex 29.9373 4.24257 -5
    endloop
  endfacet
  facet normal 0.989176 -0.146736 -7.34486e-20
    outer loop
      vertex 30.8271 -1.75581 5
      vertex 30.9567 -0.882154 -5
      vertex 30.9567 -0.882154 5
    endloop
  endfacet
  facet normal 0.989176 -0.146736 -7.34486e-20
    outer loop
      vertex 30.9567 -0.882154 -5
      vertex 30.8271 -1.75581 5
      vertex 30.8271 -1.75581 -5
    endloop
  endfacet
  facet normal 0 0 1
    outer loop
      vertex 30.1 0 5
      vertex 31 0 5
      vertex 30.9567 0.882154 5
    endloop
  endfacet
  facet normal 0 0 1
    outer loop
      vertex 30.061 0.793939 5
      vertex 30.9567 0.882154 5
      vertex 30.8271 1.75581 5
    endloop
  endfacet
  facet normal 0 0 1
    outer loop
      vertex 31 0 5
      vertex 30.1 0 5
      vertex 30.9567 -0.882154 5
    endloop
  endfacet
  facet normal 0 0 1
    outer loop
      vertex 29.9444 1.58023 5
      vertex 30.8271 1.75581 5
      vertex 30.6125 2.61256 5
    endloop
  endfacet
  facet normal -0 0 1
    outer loop
      vertex 30.061 -0.793939 5
      vertex 30.9567 -0.882154 5
      vertex 30.1 0 5
    endloop
  endfacet
  facet normal 0 0 1
    outer loop
      vertex 29.7512 2.35131 5
      vertex 30.6125 2.61256 5
      vertex 30.3149 3.44415 5
    endloop
  endfacet
  facet normal 0 0 1
    outer loop
      vertex 30.9567 -0.882154 5
      vertex 30.061 -0.793939 5
      vertex 30.8271 -1.75581 5
    endloop
  endfacet
  facet normal -0 0 1
    outer loop
      vertex 29.9444 -1.58023 5
      vertex 30.8271 -1.75581 5
      vertex 30.061 -0.793939 5
    endloop
  endfacet
  facet normal 0 0 1
    outer loop
      vertex 30.9567 0.882154 5
      vertex 30.061 0.793939 5
      vertex 30.1 0 5
    endloop
  endfacet
  facet normal 0 0 1
    outer loop
      vertex 30.8271 1.75581 5
      vertex 29.9444 1.58023 5
      vertex 30.061 0.793939 5
    endloop
  endfacet
  facet normal 0 0 1
    outer loop
      vertex 29.4834 3.09974 5
      vertex 30.3149 3.44415 5
      vertex 29.9373 4.24257 5
    endloop
  endfacet
  facet normal 0 0 1
    outer loop
      vertex 30.6125 2.61256 5
      vertex 29.7512 2.35131 5
      vertex 29.9444 1.58023 5
    endloop
  endfacet
  facet normal 0 0 1
    outer loop
      vertex 30.3149 3.44415 5
      vertex 29.4834 3.09974 5
      vertex 29.7512 2.35131 5
    endloop
  endfacet
  facet normal 0 0 1
    outer loop
      vertex 29.1436 3.81831 5
      vertex 29.9373 4.24257 5
      vertex 29.4832 5.00013 5
    endloop
  endfacet
  facet normal 0 0 1
    outer loop
      vertex 29.9373 4.24257 5
      vertex 29.1436 3.81831 5
      vertex 29.4834 3.09974 5
    endloop
  endfacet
  facet normal 0 0 1
    outer loop
      vertex 28.7349 4.50012 5
      vertex 29.4832 5.00013 5
      vertex 28.9571 5.70954 5
    endloop
  endfacet
  facet normal 0 0 1
    outer loop
      vertex 29.4832 5.00013 5
      vertex 28.7349 4.50012 5
      vertex 29.1436 3.81831 5
    endloop
  endfacet
  facet normal 0 0 1
    outer loop
      vertex 28.2614 5.13859 5
      vertex 28.9571 5.70954 5
      vertex 28.364 6.36396 5
    endloop
  endfacet
  facet normal 0 0 1
    outer loop
      vertex 28.9571 5.70954 5
      vertex 28.2614 5.13859 5
      vertex 28.7349 4.50012 5
    endloop
  endfacet
  facet normal 0 0 1
    outer loop
      vertex 28.364 6.36396 5
      vertex 27.7276 5.72756 5
      vertex 28.2614 5.13859 5
    endloop
  endfacet
  facet normal 0 0 1
    outer loop
      vertex 27.7095 6.95709 5
      vertex 27.7276 5.72756 5
      vertex 28.364 6.36396 5
    endloop
  endfacet
  facet normal 0 0 1
    outer loop
      vertex 27.7095 6.95709 5
      vertex 27.1386 6.26138 5
      vertex 27.7276 5.72756 5
    endloop
  endfacet
  facet normal 0 0 1
    outer loop
      vertex 27.0001 7.48323 5
      vertex 27.1386 6.26138 5
      vertex 27.7095 6.95709 5
    endloop
  endfacet
  facet normal 0 0 1
    outer loop
      vertex 27.0001 7.48323 5
      vertex 26.5001 6.7349 5
      vertex 27.1386 6.26138 5
    endloop
  endfacet
  facet normal 0 0 1
    outer loop
      vertex 26.2426 7.93729 5
      vertex 26.5001 6.7349 5
      vertex 27.0001 7.48323 5
    endloop
  endfacet
  facet normal 0 0 1
    outer loop
      vertex 26.2426 7.93729 5
      vertex 25.8183 7.14356 5
      vertex 26.5001 6.7349 5
    endloop
  endfacet
  facet normal 0 0 1
    outer loop
      vertex 25.4441 8.31492 5
      vertex 25.8183 7.14356 5
      vertex 26.2426 7.93729 5
    endloop
  endfacet
  facet normal 0 0 1
    outer loop
      vertex 25.4441 8.31492 5
      vertex 25.0997 7.48342 5
      vertex 25.8183 7.14356 5
    endloop
  endfacet
  facet normal 0 0 1
    outer loop
      vertex 24.6126 8.61246 5
      vertex 25.0997 7.48342 5
      vertex 25.4441 8.31492 5
    endloop
  endfacet
  facet normal 0 0 1
    outer loop
      vertex 24.6126 8.61246 5
      vertex 24.3513 7.75122 5
      vertex 25.0997 7.48342 5
    endloop
  endfacet
  facet normal 0 0 1
    outer loop
      vertex 23.7558 8.82707 5
      vertex 24.3513 7.75122 5
      vertex 24.6126 8.61246 5
    endloop
  endfacet
  facet normal 0 0 1
    outer loop
      vertex 23.7558 8.82707 5
      vertex 23.5802 7.94436 5
      vertex 24.3513 7.75122 5
    endloop
  endfacet
  facet normal 0 0 1
    outer loop
      vertex 22.8822 8.95666 5
      vertex 23.5802 7.94436 5
      vertex 23.7558 8.82707 5
    endloop
  endfacet
  facet normal 0 0 1
    outer loop
      vertex 22.8822 8.95666 5
      vertex 22.7939 8.061 5
      vertex 23.5802 7.94436 5
    endloop
  endfacet
  facet normal 0 0 1
    outer loop
      vertex 22 9 5
      vertex 22.7939 8.061 5
      vertex 22.8822 8.95666 5
    endloop
  endfacet
  facet normal 0 0 1
    outer loop
      vertex 22 9 5
      vertex 22 8.1 5
      vertex 22.7939 8.061 5
    endloop
  endfacet
  facet normal 0 0 1
    outer loop
      vertex 22 9 5
      vertex 18.3217 8.1 5
      vertex 22 8.1 5
    endloop
  endfacet
  facet normal 0 -0 1
    outer loop
      vertex 18.3217 8.1 5
      vertex 22 9 5
      vertex 17.8961 9 5
    endloop
  endfacet
  facet normal 0 0 1
    outer loop
      vertex 30.8271 -1.75581 5
      vertex 29.9444 -1.58023 5
      vertex 30.6125 -2.61256 5
    endloop
  endfacet
  facet normal -0 0 1
    outer loop
      vertex 29.7512 -2.35131 5
      vertex 30.6125 -2.61256 5
      vertex 29.9444 -1.58023 5
    endloop
  endfacet
  facet normal 0 0 1
    outer loop
      vertex 30.6125 -2.61256 5
      vertex 29.7512 -2.35131 5
      vertex 30.3149 -3.44415 5
    endloop
  endfacet
  facet normal -0 0 1
    outer loop
      vertex 29.4834 -3.09974 5
      vertex 30.3149 -3.44415 5
      vertex 29.7512 -2.35131 5
    endloop
  endfacet
  facet normal 0 0 1
    outer loop
      vertex 30.3149 -3.44415 5
      vertex 29.4834 -3.09974 5
      vertex 29.9373 -4.24257 5
    endloop
  endfacet
  facet normal -0 0 1
    outer loop
      vertex 29.1436 -3.81831 5
      vertex 29.9373 -4.24257 5
      vertex 29.4834 -3.09974 5
    endloop
  endfacet
  facet normal 0 0 1
    outer loop
      vertex 29.9373 -4.24257 5
      vertex 29.1436 -3.81831 5
      vertex 29.4832 -5.00013 5
    endloop
  endfacet
  facet normal -0 0 1
    outer loop
      vertex 28.7349 -4.50012 5
      vertex 29.4832 -5.00013 5
      vertex 29.1436 -3.81831 5
    endloop
  endfacet
  facet normal 0 0 1
    outer loop
      vertex 29.4832 -5.00013 5
      vertex 28.7349 -4.50012 5
      vertex 28.9571 -5.70954 5
    endloop
  endfacet
  facet normal -0 0 1
    outer loop
      vertex 28.2614 -5.13859 5
      vertex 28.9571 -5.70954 5
      vertex 28.7349 -4.50012 5
    endloop
  endfacet
  facet normal 0 0 1
    outer loop
      vertex 28.9571 -5.70954 5
      vertex 28.2614 -5.13859 5
      vertex 28.364 -6.36396 5
    endloop
  endfacet
  facet normal -0 0 1
    outer loop
      vertex 27.7276 -5.72756 5
      vertex 28.364 -6.36396 5
      vertex 28.2614 -5.13859 5
    endloop
  endfacet
  facet normal 0 0 1
    outer loop
      vertex 27.7276 -5.72756 5
      vertex 27.7095 -6.95709 5
      vertex 28.364 -6.36396 5
    endloop
  endfacet
  facet normal -0 0 1
    outer loop
      vertex 27.1386 -6.26138 5
      vertex 27.7095 -6.95709 5
      vertex 27.7276 -5.72756 5
    endloop
  endfacet
  facet normal 0 0 1
    outer loop
      vertex 27.1386 -6.26138 5
      vertex 27.0001 -7.48323 5
      vertex 27.7095 -6.95709 5
    endloop
  endfacet
  facet normal -0 0 1
    outer loop
      vertex 26.5001 -6.7349 5
      vertex 27.0001 -7.48323 5
      vertex 27.1386 -6.26138 5
    endloop
  endfacet
  facet normal 0 0 1
    outer loop
      vertex 26.5001 -6.7349 5
      vertex 26.2426 -7.93729 5
      vertex 27.0001 -7.48323 5
    endloop
  endfacet
  facet normal -0 0 1
    outer loop
      vertex 25.8183 -7.14356 5
      vertex 26.2426 -7.93729 5
      vertex 26.5001 -6.7349 5
    endloop
  endfacet
  facet normal 0 0 1
    outer loop
      vertex 25.8183 -7.14356 5
      vertex 25.4441 -8.31492 5
      vertex 26.2426 -7.93729 5
    endloop
  endfacet
  facet normal -0 0 1
    outer loop
      vertex 25.0997 -7.48342 5
      vertex 25.4441 -8.31492 5
      vertex 25.8183 -7.14356 5
    endloop
  endfacet
  facet normal 0 0 1
    outer loop
      vertex 25.0997 -7.48342 5
      vertex 24.6126 -8.61246 5
      vertex 25.4441 -8.31492 5
    endloop
  endfacet
  facet normal -0 0 1
    outer loop
      vertex 24.3513 -7.75122 5
      vertex 24.6126 -8.61246 5
      vertex 25.0997 -7.48342 5
    endloop
  endfacet
  facet normal 0 0 1
    outer loop
      vertex 24.3513 -7.75122 5
      vertex 23.7558 -8.82707 5
      vertex 24.6126 -8.61246 5
    endloop
  endfacet
  facet normal -0 0 1
    outer loop
      vertex 23.5802 -7.94436 5
      vertex 23.7558 -8.82707 5
      vertex 24.3513 -7.75122 5
    endloop
  endfacet
  facet normal 0 0 1
    outer loop
      vertex 23.5802 -7.94436 5
      vertex 22.8822 -8.95666 5
      vertex 23.7558 -8.82707 5
    endloop
  endfacet
  facet normal -0 0 1
    outer loop
      vertex 22.7939 -8.061 5
      vertex 22.8822 -8.95666 5
      vertex 23.5802 -7.94436 5
    endloop
  endfacet
  facet normal -0 0 1
    outer loop
      vertex 22 -8.1 5
      vertex 22.8822 -8.95666 5
      vertex 22.7939 -8.061 5
    endloop
  endfacet
  facet normal 0 0 1
    outer loop
      vertex 22 -8.1 5
      vertex 22 -9 5
      vertex 22.8822 -8.95666 5
    endloop
  endfacet
  facet normal -0 0 1
    outer loop
      vertex 18.3217 -8.1 5
      vertex 22 -9 5
      vertex 22 -8.1 5
    endloop
  endfacet
  facet normal 0 0 1
    outer loop
      vertex 22 -9 5
      vertex 18.3217 -8.1 5
      vertex 17.8961 -9 5
    endloop
  endfacet
  facet normal 0 0 1
    outer loop
      vertex 8.3 9 5
      vertex 13.05 0 5
      vertex 12.9872 1.27912 5
    endloop
  endfacet
  facet normal 0 0 1
    outer loop
      vertex 8.3 9 5
      vertex 12.9872 1.27912 5
      vertex 12.7992 2.54593 5
    endloop
  endfacet
  facet normal 0 0 1
    outer loop
      vertex 8.3 -9 5
      vertex 13.05 0 5
      vertex 8.3 9 5
    endloop
  endfacet
  facet normal 0 0 1
    outer loop
      vertex 8.3 9 5
      vertex 12.7992 2.54593 5
      vertex 12.4881 3.78821 5
    endloop
  endfacet
  facet normal 0 0 1
    outer loop
      vertex 13.05 0 5
      vertex 8.3 -9 5
      vertex 12.9872 -1.27912 5
    endloop
  endfacet
  facet normal 0 0 1
    outer loop
      vertex 8.3 9 5
      vertex 12.4881 3.78821 5
      vertex 12.0566 4.99402 5
    endloop
  endfacet
  facet normal 0 0 1
    outer loop
      vertex 12.9872 -1.27912 5
      vertex 8.3 -9 5
      vertex 12.7992 -2.54593 5
    endloop
  endfacet
  facet normal 0 0 1
    outer loop
      vertex 8.3 9 5
      vertex 12.0566 4.99402 5
      vertex 11.5091 6.15173 5
    endloop
  endfacet
  facet normal 0 0 1
    outer loop
      vertex 12.7992 -2.54593 5
      vertex 8.3 -9 5
      vertex 12.4881 -3.78821 5
    endloop
  endfacet
  facet normal 0 0 1
    outer loop
      vertex 8.3 9 5
      vertex 11.5091 6.15173 5
      vertex 10.8507 7.25019 5
    endloop
  endfacet
  facet normal 0 0 1
    outer loop
      vertex 12.4881 -3.78821 5
      vertex 8.3 -9 5
      vertex 12.0566 -4.99402 5
    endloop
  endfacet
  facet normal 0 0 1
    outer loop
      vertex 8.3 9 5
      vertex 10.8507 7.25019 5
      vertex 10.0878 8.27883 5
    endloop
  endfacet
  facet normal 0 0 1
    outer loop
      vertex 12.0566 -4.99402 5
      vertex 8.3 -9 5
      vertex 11.5091 -6.15173 5
    endloop
  endfacet
  facet normal -0 0 1
    outer loop
      vertex 8.3 9 5
      vertex 10.0878 8.27883 5
      vertex 9.43416 9 5
    endloop
  endfacet
  facet normal 0 0 1
    outer loop
      vertex 11.5091 -6.15173 5
      vertex 8.3 -9 5
      vertex 10.8507 -7.25019 5
    endloop
  endfacet
  facet normal 0 0 1
    outer loop
      vertex 10.8507 -7.25019 5
      vertex 8.3 -9 5
      vertex 10.0878 -8.27883 5
    endloop
  endfacet
  facet normal 0 0 1
    outer loop
      vertex 10.0878 -8.27883 5
      vertex 8.3 -9 5
      vertex 9.43416 -9 5
    endloop
  endfacet
  facet normal 0.049068 0.998795 -0
    outer loop
      vertex 22.8822 8.95666 -5
      vertex 22 9 5
      vertex 22.8822 8.95666 5
    endloop
  endfacet
  facet normal 0.049068 0.998795 0
    outer loop
      vertex 22 9 5
      vertex 22.8822 8.95666 -5
      vertex 22 9 -5
    endloop
  endfacet
  facet normal 0.692532 0.173519 0.700208
    outer loop
      vertex 29.7512 2.35131 5
      vertex 18.3651 8.00836 14.8594
      vertex 29.9444 1.58023 5
    endloop
  endfacet
  facet normal 0.692119 0.170824 0.701278
    outer loop
      vertex 18.3651 8.00836 14.8594
      vertex 29.7512 2.35131 5
      vertex 18.3592 8.02077 14.8622
    endloop
  endfacet
  facet normal 0.24136 -0.963614 -0.114859
    outer loop
      vertex 18.3234 -8.09643 -14.7706
      vertex 24.3513 -7.75122 -5
      vertex 23.5802 -7.94436 -5
    endloop
  endfacet
  facet normal 0.241113 -0.963695 -0.114704
    outer loop
      vertex 24.3513 -7.75122 -5
      vertex 18.3234 -8.09643 -14.7706
      vertex 18.3251 -8.09291 -14.7966
    endloop
  endfacet
  facet normal 0.643344 -2.86452e-06 0.765577
    outer loop
      vertex 30.1 0 5
      vertex 19.9535 1.96524 13.5265
      vertex 20.05 0 13.4454
    endloop
  endfacet
  facet normal 0.643348 3.64132e-05 0.765574
    outer loop
      vertex 30.1 0 5
      vertex 19.6647 3.91156 13.7691
      vertex 19.9535 1.96524 13.5265
    endloop
  endfacet
  facet normal 0.643329 -5.40328e-05 0.76559
    outer loop
      vertex 30.1 0 5
      vertex 19.1867 5.82021 14.1709
      vertex 19.6647 3.91156 13.7691
    endloop
  endfacet
  facet normal 0.643355 3.1892e-05 0.765568
    outer loop
      vertex 30.1 0 5
      vertex 18.5238 7.6728 14.7279
      vertex 19.1867 5.82021 14.1709
    endloop
  endfacet
  facet normal 0.643429 0.00022127 0.765506
    outer loop
      vertex 18.5238 7.6728 14.7279
      vertex 30.1 0 5
      vertex 18.3795 7.9778 14.8491
    endloop
  endfacet
  facet normal 0.643344 2.86452e-06 0.765577
    outer loop
      vertex 19.9535 -1.96524 13.5265
      vertex 30.1 0 5
      vertex 20.05 0 13.4454
    endloop
  endfacet
  facet normal 0.643348 -3.64132e-05 0.765574
    outer loop
      vertex 19.6647 -3.91156 13.7691
      vertex 30.1 0 5
      vertex 19.9535 -1.96524 13.5265
    endloop
  endfacet
  facet normal 0.643329 5.40328e-05 0.76559
    outer loop
      vertex 19.1867 -5.82021 14.1709
      vertex 30.1 0 5
      vertex 19.6647 -3.91156 13.7691
    endloop
  endfacet
  facet normal 0.643355 -3.1892e-05 0.765568
    outer loop
      vertex 18.5238 -7.6728 14.7279
      vertex 30.1 0 5
      vertex 19.1867 -5.82021 14.1709
    endloop
  endfacet
  facet normal 0.643429 -0.00022127 0.765506
    outer loop
      vertex 30.1 0 5
      vertex 18.5238 -7.6728 14.7279
      vertex 18.3795 -7.9778 14.8491
    endloop
  endfacet
  facet normal 0.676736 -0.100354 0.729354
    outer loop
      vertex 18.3718 -7.99419 14.8552
      vertex 29.9444 -1.58023 5
      vertex 30.061 -0.793939 5
    endloop
  endfacet
  facet normal 0.677811 -0.10479 0.72773
    outer loop
      vertex 29.9444 -1.58023 5
      vertex 18.3718 -7.99419 14.8552
      vertex 18.3651 -8.00836 14.8594
    endloop
  endfacet
  facet normal 0.146171 0.987234 0.0632778
    outer loop
      vertex 23.5802 7.94436 5
      vertex 18.3222 8.09896 14.7339
      vertex 18.3234 8.09643 14.7706
    endloop
  endfacet
  facet normal 0.146439 0.987184 0.0634236
    outer loop
      vertex 18.3222 8.09896 14.7339
      vertex 23.5802 7.94436 5
      vertex 22.7939 8.061 5
    endloop
  endfacet
  facet normal 0.676736 0.100354 -0.729354
    outer loop
      vertex 18.3718 7.99419 -14.8552
      vertex 29.9444 1.58023 -5
      vertex 30.061 0.793939 -5
    endloop
  endfacet
  facet normal 0.677811 0.10479 -0.72773
    outer loop
      vertex 29.9444 1.58023 -5
      vertex 18.3718 7.99419 -14.8552
      vertex 18.3651 8.00836 -14.8594
    endloop
  endfacet
  facet normal 0.655767 0.0322127 0.754275
    outer loop
      vertex 30.061 0.793939 5
      vertex 18.3795 7.9778 14.8491
      vertex 30.1 0 5
    endloop
  endfacet
  facet normal 0.653492 0.0254546 0.756506
    outer loop
      vertex 18.3795 7.9778 14.8491
      vertex 30.061 0.793939 5
      vertex 18.3718 7.99419 14.8552
    endloop
  endfacet
  facet normal 0.489614 0.820756 0.294342
    outer loop
      vertex 26.5001 6.7349 5
      vertex 18.3294 8.08375 14.8301
      vertex 18.332 8.07829 14.841
    endloop
  endfacet
  facet normal 0.491105 0.819349 0.295774
    outer loop
      vertex 18.3294 8.08375 14.8301
      vertex 26.5001 6.7349 5
      vertex 25.8183 7.14356 5
    endloop
  endfacet
  facet normal 0.677666 0.508466 0.531254
    outer loop
      vertex 18.3452 8.05038 14.8622
      vertex 28.2614 5.13859 5
      vertex 18.3414 8.05837 14.8594
    endloop
  endfacet
  facet normal 0.679063 0.503605 0.534093
    outer loop
      vertex 28.2614 5.13859 5
      vertex 18.3452 8.05038 14.8622
      vertex 28.7349 4.50012 5
    endloop
  endfacet
  facet normal 0.608851 -0.672632 -0.420555
    outer loop
      vertex 18.338 -8.06564 -14.8552
      vertex 27.1386 -6.26138 -5
      vertex 18.3349 -8.07226 -14.8491
    endloop
  endfacet
  facet normal 0.609158 -0.672125 -0.420921
    outer loop
      vertex 27.1386 -6.26138 -5
      vertex 18.338 -8.06564 -14.8552
      vertex 27.7276 -5.72756 -5
    endloop
  endfacet
  facet normal 0.701961 -0.251173 0.666456
    outer loop
      vertex 18.3592 -8.02077 14.8622
      vertex 29.4834 -3.09974 5
      vertex 29.7512 -2.35131 5
    endloop
  endfacet
  facet normal 0.702101 -0.253733 0.665337
    outer loop
      vertex 29.4834 -3.09974 5
      vertex 18.3592 -8.02077 14.8622
      vertex 18.354 -8.03175 14.8635
    endloop
  endfacet
  facet normal 0.0490569 0.998622 -0.0186419
    outer loop
      vertex 22.7939 8.061 -5
      vertex 18.3217 8.1 -14.6796
      vertex 22 8.1 -5
    endloop
  endfacet
  facet normal 0.0491264 0.998618 -0.018674
    outer loop
      vertex 18.3217 8.1 -14.6796
      vertex 22.7939 8.061 -5
      vertex 18.3222 8.09896 -14.7339
    endloop
  endfacet
  facet normal 0.692532 -0.173519 -0.700208
    outer loop
      vertex 29.7512 -2.35131 -5
      vertex 18.3651 -8.00836 -14.8594
      vertex 29.9444 -1.58023 -5
    endloop
  endfacet
  facet normal 0.692119 -0.170824 -0.701278
    outer loop
      vertex 18.3651 -8.00836 -14.8594
      vertex 29.7512 -2.35131 -5
      vertex 18.3592 -8.02077 -14.8622
    endloop
  endfacet
  facet normal 0.643344 2.86452e-06 -0.765577
    outer loop
      vertex 30.1 0 -5
      vertex 19.9535 -1.96524 -13.5265
      vertex 20.05 0 -13.4454
    endloop
  endfacet
  facet normal 0.643348 -3.64132e-05 -0.765574
    outer loop
      vertex 30.1 0 -5
      vertex 19.6647 -3.91156 -13.7691
      vertex 19.9535 -1.96524 -13.5265
    endloop
  endfacet
  facet normal 0.643329 5.40328e-05 -0.76559
    outer loop
      vertex 30.1 0 -5
      vertex 19.1867 -5.82021 -14.1709
      vertex 19.6647 -3.91156 -13.7691
    endloop
  endfacet
  facet normal 0.643355 -3.1892e-05 -0.765568
    outer loop
      vertex 30.1 0 -5
      vertex 18.5238 -7.6728 -14.7279
      vertex 19.1867 -5.82021 -14.1709
    endloop
  endfacet
  facet normal 0.643429 -0.00022127 -0.765506
    outer loop
      vertex 18.5238 -7.6728 -14.7279
      vertex 30.1 0 -5
      vertex 18.3795 -7.9778 -14.8491
    endloop
  endfacet
  facet normal 0.643344 -2.86452e-06 -0.765577
    outer loop
      vertex 19.9535 1.96524 -13.5265
      vertex 30.1 0 -5
      vertex 20.05 0 -13.4454
    endloop
  endfacet
  facet normal 0.643348 3.64132e-05 -0.765574
    outer loop
      vertex 19.6647 3.91156 -13.7691
      vertex 30.1 0 -5
      vertex 19.9535 1.96524 -13.5265
    endloop
  endfacet
  facet normal 0.643329 -5.40328e-05 -0.76559
    outer loop
      vertex 19.1867 5.82021 -14.1709
      vertex 30.1 0 -5
      vertex 19.6647 3.91156 -13.7691
    endloop
  endfacet
  facet normal 0.643355 3.1892e-05 -0.765568
    outer loop
      vertex 18.5238 7.6728 -14.7279
      vertex 30.1 0 -5
      vertex 19.1867 5.82021 -14.1709
    endloop
  endfacet
  facet normal 0.643429 0.00022127 -0.765506
    outer loop
      vertex 30.1 0 -5
      vertex 18.5238 7.6728 -14.7279
      vertex 18.3795 7.9778 -14.8491
    endloop
  endfacet
  facet normal 0.489486 -0.820812 0.294401
    outer loop
      vertex 25.8183 -7.14356 5
      vertex 18.332 -8.07829 14.841
      vertex 18.3294 -8.08375 14.8301
    endloop
  endfacet
  facet normal 0.491105 -0.81935 0.295772
    outer loop
      vertex 18.332 -8.07829 14.841
      vertex 25.8183 -7.14356 5
      vertex 26.5001 -6.7349 5
    endloop
  endfacet
  facet normal 0.655767 0.0322127 -0.754275
    outer loop
      vertex 18.3795 7.9778 -14.8491
      vertex 30.061 0.793939 -5
      vertex 30.1 0 -5
    endloop
  endfacet
  facet normal 0.653492 0.0254546 -0.756506
    outer loop
      vertex 30.061 0.793939 -5
      vertex 18.3795 7.9778 -14.8491
      vertex 18.3718 7.99419 -14.8552
    endloop
  endfacet
  facet normal 0.696532 0.417675 -0.58343
    outer loop
      vertex 28.7349 4.50012 -5
      vertex 18.3494 8.04156 -14.8635
      vertex 18.3452 8.05038 -14.8622
    endloop
  endfacet
  facet normal 0.696554 0.417538 -0.583502
    outer loop
      vertex 18.3494 8.04156 -14.8635
      vertex 28.7349 4.50012 -5
      vertex 29.1436 3.81831 -5
    endloop
  endfacet
  facet normal 0.415807 0.879182 -0.232686
    outer loop
      vertex 25.8183 7.14356 -5
      vertex 18.3271 8.08864 -14.8158
      vertex 25.0997 7.48342 -5
    endloop
  endfacet
  facet normal 0.416686 0.878573 -0.233415
    outer loop
      vertex 18.3271 8.08864 -14.8158
      vertex 25.8183 7.14356 -5
      vertex 18.3294 8.08375 -14.8301
    endloop
  endfacet
  facet normal 0.609158 0.672125 -0.420921
    outer loop
      vertex 18.338 8.06564 -14.8552
      vertex 27.1386 6.26138 -5
      vertex 27.7276 5.72756 -5
    endloop
  endfacet
  facet normal 0.608851 0.672632 -0.420555
    outer loop
      vertex 27.1386 6.26138 -5
      vertex 18.338 8.06564 -14.8552
      vertex 18.3349 8.07226 -14.8491
    endloop
  endfacet
  facet normal 0.331789 0.927591 0.171731
    outer loop
      vertex 25.0997 7.48342 5
      vertex 18.3251 8.09291 14.7966
      vertex 18.3271 8.08864 14.8158
    endloop
  endfacet
  facet normal 0.3319 0.927536 0.171811
    outer loop
      vertex 18.3251 8.09291 14.7966
      vertex 25.0997 7.48342 5
      vertex 24.3513 7.75122 5
    endloop
  endfacet
  facet normal 0.696554 -0.417538 0.583502
    outer loop
      vertex 18.3494 -8.04156 14.8635
      vertex 28.7349 -4.50012 5
      vertex 29.1436 -3.81831 5
    endloop
  endfacet
  facet normal 0.696532 -0.417675 0.58343
    outer loop
      vertex 28.7349 -4.50012 5
      vertex 18.3494 -8.04156 14.8635
      vertex 18.3452 -8.05038 14.8622
    endloop
  endfacet
  facet normal 0.655767 -0.0322127 0.754275
    outer loop
      vertex 18.3795 -7.9778 14.8491
      vertex 30.061 -0.793939 5
      vertex 30.1 0 5
    endloop
  endfacet
  facet normal 0.653492 -0.0254546 0.756506
    outer loop
      vertex 30.061 -0.793939 5
      vertex 18.3795 -7.9778 14.8491
      vertex 18.3718 -7.99419 14.8552
    endloop
  endfacet
  facet normal 0.655767 -0.0322127 -0.754275
    outer loop
      vertex 30.061 -0.793939 -5
      vertex 18.3795 -7.9778 -14.8491
      vertex 30.1 0 -5
    endloop
  endfacet
  facet normal 0.653492 -0.0254546 -0.756506
    outer loop
      vertex 18.3795 -7.9778 -14.8491
      vertex 30.061 -0.793939 -5
      vertex 18.3718 -7.99419 -14.8552
    endloop
  endfacet
  facet normal 0.692532 -0.173519 0.700208
    outer loop
      vertex 18.3651 -8.00836 14.8594
      vertex 29.7512 -2.35131 5
      vertex 29.9444 -1.58023 5
    endloop
  endfacet
  facet normal 0.692119 -0.170824 0.701278
    outer loop
      vertex 29.7512 -2.35131 5
      vertex 18.3651 -8.00836 14.8594
      vertex 18.3592 -8.02077 14.8622
    endloop
  endfacet
  facet normal 0.146439 -0.987184 0.0634236
    outer loop
      vertex 23.5802 -7.94436 5
      vertex 18.3222 -8.09896 14.7339
      vertex 22.7939 -8.061 5
    endloop
  endfacet
  facet normal 0.146171 -0.987234 0.0632778
    outer loop
      vertex 18.3222 -8.09896 14.7339
      vertex 23.5802 -7.94436 5
      vertex 18.3234 -8.09643 14.7706
    endloop
  endfacet
  facet normal 0.3319 -0.927536 0.171811
    outer loop
      vertex 25.0997 -7.48342 5
      vertex 18.3251 -8.09291 14.7966
      vertex 24.3513 -7.75122 5
    endloop
  endfacet
  facet normal 0.331789 -0.927591 0.171731
    outer loop
      vertex 18.3251 -8.09291 14.7966
      vertex 25.0997 -7.48342 5
      vertex 18.3271 -8.08864 14.8158
    endloop
  endfacet
  facet normal 0.652161 -0.584142 0.483181
    outer loop
      vertex 18.338 -8.06564 14.8552
      vertex 28.2614 -5.13859 5
      vertex 18.3414 -8.05837 14.8594
    endloop
  endfacet
  facet normal 0.650162 -0.58926 0.479648
    outer loop
      vertex 28.2614 -5.13859 5
      vertex 18.338 -8.06564 14.8552
      vertex 27.7276 -5.72756 5
    endloop
  endfacet
  facet normal 0.679063 -0.503605 -0.534093
    outer loop
      vertex 28.2614 -5.13859 -5
      vertex 18.3452 -8.05038 -14.8622
      vertex 28.7349 -4.50012 -5
    endloop
  endfacet
  facet normal 0.677666 -0.508466 -0.531254
    outer loop
      vertex 18.3452 -8.05038 -14.8622
      vertex 28.2614 -5.13859 -5
      vertex 18.3414 -8.05837 -14.8594
    endloop
  endfacet
  facet normal 0.702101 0.253733 -0.665337
    outer loop
      vertex 29.4834 3.09974 -5
      vertex 18.3592 8.02077 -14.8622
      vertex 18.354 8.03175 -14.8635
    endloop
  endfacet
  facet normal 0.701961 0.251173 -0.666456
    outer loop
      vertex 18.3592 8.02077 -14.8622
      vertex 29.4834 3.09974 -5
      vertex 29.7512 2.35131 -5
    endloop
  endfacet
  facet normal 0.703881 0.330057 0.628978
    outer loop
      vertex 18.354 8.03175 14.8635
      vertex 29.1436 3.81831 5
      vertex 18.3494 8.04156 14.8635
    endloop
  endfacet
  facet normal 0.703757 0.332795 0.627672
    outer loop
      vertex 29.1436 3.81831 5
      vertex 18.354 8.03175 14.8635
      vertex 29.4834 3.09974 5
    endloop
  endfacet
  facet normal 0.703881 0.330057 -0.628978
    outer loop
      vertex 29.1436 3.81831 -5
      vertex 18.354 8.03175 -14.8635
      vertex 18.3494 8.04156 -14.8635
    endloop
  endfacet
  facet normal 0.703757 0.332795 -0.627672
    outer loop
      vertex 18.354 8.03175 -14.8635
      vertex 29.1436 3.81831 -5
      vertex 29.4834 3.09974 -5
    endloop
  endfacet
  facet normal 0.146439 0.987184 -0.0634236
    outer loop
      vertex 23.5802 7.94436 -5
      vertex 18.3222 8.09896 -14.7339
      vertex 22.7939 8.061 -5
    endloop
  endfacet
  facet normal 0.146171 0.987234 -0.0632778
    outer loop
      vertex 18.3222 8.09896 -14.7339
      vertex 23.5802 7.94436 -5
      vertex 18.3234 8.09643 -14.7706
    endloop
  endfacet
  facet normal 0.416686 0.878573 0.233415
    outer loop
      vertex 25.8183 7.14356 5
      vertex 18.3271 8.08864 14.8158
      vertex 18.3294 8.08375 14.8301
    endloop
  endfacet
  facet normal 0.415807 0.879182 0.232686
    outer loop
      vertex 18.3271 8.08864 14.8158
      vertex 25.8183 7.14356 5
      vertex 25.0997 7.48342 5
    endloop
  endfacet
  facet normal 0.241113 0.963695 0.114704
    outer loop
      vertex 24.3513 7.75122 5
      vertex 18.3234 8.09643 14.7706
      vertex 18.3251 8.09291 14.7966
    endloop
  endfacet
  facet normal 0.24136 0.963614 0.114859
    outer loop
      vertex 18.3234 8.09643 14.7706
      vertex 24.3513 7.75122 5
      vertex 23.5802 7.94436 5
    endloop
  endfacet
  facet normal 0.0491264 0.998618 0.018674
    outer loop
      vertex 22.7939 8.061 5
      vertex 18.3217 8.1 14.6796
      vertex 18.3222 8.09896 14.7339
    endloop
  endfacet
  facet normal 0.0490569 0.998622 0.0186419
    outer loop
      vertex 18.3217 8.1 14.6796
      vertex 22.7939 8.061 5
      vertex 22 8.1 5
    endloop
  endfacet
  facet normal 0.696554 -0.417538 -0.583502
    outer loop
      vertex 28.7349 -4.50012 -5
      vertex 18.3494 -8.04156 -14.8635
      vertex 29.1436 -3.81831 -5
    endloop
  endfacet
  facet normal 0.696532 -0.417675 -0.58343
    outer loop
      vertex 18.3494 -8.04156 -14.8635
      vertex 28.7349 -4.50012 -5
      vertex 18.3452 -8.05038 -14.8622
    endloop
  endfacet
  facet normal 0.0490569 -0.998622 0.0186419
    outer loop
      vertex 22.7939 -8.061 5
      vertex 18.3217 -8.1 14.6796
      vertex 22 -8.1 5
    endloop
  endfacet
  facet normal 0.0491264 -0.998618 0.018674
    outer loop
      vertex 18.3217 -8.1 14.6796
      vertex 22.7939 -8.061 5
      vertex 18.3222 -8.09896 14.7339
    endloop
  endfacet
  facet normal 0 -1 0
    outer loop
      vertex 18.3217 -8.1 -5
      vertex 18.3217 -8.1 -14.6796
      vertex 22 -8.1 -5
    endloop
  endfacet
  facet normal 0 -1 0
    outer loop
      vertex 18.3217 -8.1 14.6796
      vertex 18.3217 -8.1 5
      vertex 22 -8.1 5
    endloop
  endfacet
  facet normal 0.555911 -0.749687 0.359071
    outer loop
      vertex 26.5001 -6.7349 5
      vertex 18.3349 -8.07226 14.8491
      vertex 18.332 -8.07829 14.841
    endloop
  endfacet
  facet normal 0.555946 -0.749645 0.359106
    outer loop
      vertex 18.3349 -8.07226 14.8491
      vertex 26.5001 -6.7349 5
      vertex 27.1386 -6.26138 5
    endloop
  endfacet
  facet normal 0.676736 -0.100354 -0.729354
    outer loop
      vertex 29.9444 -1.58023 -5
      vertex 18.3718 -7.99419 -14.8552
      vertex 30.061 -0.793939 -5
    endloop
  endfacet
  facet normal 0.677811 -0.10479 -0.72773
    outer loop
      vertex 18.3718 -7.99419 -14.8552
      vertex 29.9444 -1.58023 -5
      vertex 18.3651 -8.00836 -14.8594
    endloop
  endfacet
  facet normal 0.692532 0.173519 -0.700208
    outer loop
      vertex 18.3651 8.00836 -14.8594
      vertex 29.7512 2.35131 -5
      vertex 29.9444 1.58023 -5
    endloop
  endfacet
  facet normal 0.692119 0.170824 -0.701278
    outer loop
      vertex 29.7512 2.35131 -5
      vertex 18.3651 8.00836 -14.8594
      vertex 18.3592 8.02077 -14.8622
    endloop
  endfacet
  facet normal 0 1 0
    outer loop
      vertex 22 8.1 -5
      vertex 18.3217 8.1 -14.6796
      vertex 18.3217 8.1 -5
    endloop
  endfacet
  facet normal 0 1 0
    outer loop
      vertex 22 8.1 5
      vertex 18.3217 8.1 5
      vertex 18.3217 8.1 14.6796
    endloop
  endfacet
  facet normal 0.24136 0.963614 -0.114859
    outer loop
      vertex 24.3513 7.75122 -5
      vertex 18.3234 8.09643 -14.7706
      vertex 23.5802 7.94436 -5
    endloop
  endfacet
  facet normal 0.241113 0.963695 -0.114704
    outer loop
      vertex 18.3234 8.09643 -14.7706
      vertex 24.3513 7.75122 -5
      vertex 18.3251 8.09291 -14.7966
    endloop
  endfacet
  facet normal 0.555946 0.749645 -0.359106
    outer loop
      vertex 18.3349 8.07226 -14.8491
      vertex 26.5001 6.7349 -5
      vertex 27.1386 6.26138 -5
    endloop
  endfacet
  facet normal 0.555911 0.749687 -0.359071
    outer loop
      vertex 26.5001 6.7349 -5
      vertex 18.3349 8.07226 -14.8491
      vertex 18.332 8.07829 -14.841
    endloop
  endfacet
  facet normal 0.609158 0.672125 0.420921
    outer loop
      vertex 27.1386 6.26138 5
      vertex 18.338 8.06564 14.8552
      vertex 27.7276 5.72756 5
    endloop
  endfacet
  facet normal 0.608851 0.672632 0.420555
    outer loop
      vertex 18.338 8.06564 14.8552
      vertex 27.1386 6.26138 5
      vertex 18.3349 8.07226 14.8491
    endloop
  endfacet
  facet normal 0.676736 0.100354 0.729354
    outer loop
      vertex 29.9444 1.58023 5
      vertex 18.3718 7.99419 14.8552
      vertex 30.061 0.793939 5
    endloop
  endfacet
  facet normal 0.677811 0.10479 0.72773
    outer loop
      vertex 18.3718 7.99419 14.8552
      vertex 29.9444 1.58023 5
      vertex 18.3651 8.00836 14.8594
    endloop
  endfacet
  facet normal 0.696532 0.417675 0.58343
    outer loop
      vertex 18.3494 8.04156 14.8635
      vertex 28.7349 4.50012 5
      vertex 18.3452 8.05038 14.8622
    endloop
  endfacet
  facet normal 0.696554 0.417538 0.583502
    outer loop
      vertex 28.7349 4.50012 5
      vertex 18.3494 8.04156 14.8635
      vertex 29.1436 3.81831 5
    endloop
  endfacet
  facet normal 0.415807 -0.879182 -0.232686
    outer loop
      vertex 18.3271 -8.08864 -14.8158
      vertex 25.8183 -7.14356 -5
      vertex 25.0997 -7.48342 -5
    endloop
  endfacet
  facet normal 0.416686 -0.878573 -0.233415
    outer loop
      vertex 25.8183 -7.14356 -5
      vertex 18.3271 -8.08864 -14.8158
      vertex 18.3294 -8.08375 -14.8301
    endloop
  endfacet
  facet normal 0.3319 -0.927536 -0.171811
    outer loop
      vertex 18.3251 -8.09291 -14.7966
      vertex 25.0997 -7.48342 -5
      vertex 24.3513 -7.75122 -5
    endloop
  endfacet
  facet normal 0.331789 -0.927591 -0.171731
    outer loop
      vertex 25.0997 -7.48342 -5
      vertex 18.3251 -8.09291 -14.7966
      vertex 18.3271 -8.08864 -14.8158
    endloop
  endfacet
  facet normal 0.608851 -0.672632 0.420555
    outer loop
      vertex 27.1386 -6.26138 5
      vertex 18.338 -8.06564 14.8552
      vertex 18.3349 -8.07226 14.8491
    endloop
  endfacet
  facet normal 0.609158 -0.672125 0.420921
    outer loop
      vertex 18.338 -8.06564 14.8552
      vertex 27.1386 -6.26138 5
      vertex 27.7276 -5.72756 5
    endloop
  endfacet
  facet normal 0.650162 -0.58926 -0.479648
    outer loop
      vertex 18.338 -8.06564 -14.8552
      vertex 28.2614 -5.13859 -5
      vertex 27.7276 -5.72756 -5
    endloop
  endfacet
  facet normal 0.652161 -0.584142 -0.483181
    outer loop
      vertex 28.2614 -5.13859 -5
      vertex 18.338 -8.06564 -14.8552
      vertex 18.3414 -8.05837 -14.8594
    endloop
  endfacet
  facet normal 0.679063 -0.503605 0.534093
    outer loop
      vertex 18.3452 -8.05038 14.8622
      vertex 28.2614 -5.13859 5
      vertex 28.7349 -4.50012 5
    endloop
  endfacet
  facet normal 0.677666 -0.508466 0.531254
    outer loop
      vertex 28.2614 -5.13859 5
      vertex 18.3452 -8.05038 14.8622
      vertex 18.3414 -8.05837 14.8594
    endloop
  endfacet
  facet normal 0.3319 0.927536 -0.171811
    outer loop
      vertex 25.0997 7.48342 -5
      vertex 18.3251 8.09291 -14.7966
      vertex 24.3513 7.75122 -5
    endloop
  endfacet
  facet normal 0.331789 0.927591 -0.171731
    outer loop
      vertex 18.3251 8.09291 -14.7966
      vertex 25.0997 7.48342 -5
      vertex 18.3271 8.08864 -14.8158
    endloop
  endfacet
  facet normal 0.491105 0.819349 -0.295774
    outer loop
      vertex 26.5001 6.7349 -5
      vertex 18.3294 8.08375 -14.8301
      vertex 25.8183 7.14356 -5
    endloop
  endfacet
  facet normal 0.489614 0.820756 -0.294342
    outer loop
      vertex 18.3294 8.08375 -14.8301
      vertex 26.5001 6.7349 -5
      vertex 18.332 8.07829 -14.841
    endloop
  endfacet
  facet normal 0.652161 0.584142 0.483181
    outer loop
      vertex 28.2614 5.13859 5
      vertex 18.338 8.06564 14.8552
      vertex 18.3414 8.05837 14.8594
    endloop
  endfacet
  facet normal 0.650162 0.58926 0.479648
    outer loop
      vertex 18.338 8.06564 14.8552
      vertex 28.2614 5.13859 5
      vertex 27.7276 5.72756 5
    endloop
  endfacet
  facet normal 0.650162 0.58926 -0.479648
    outer loop
      vertex 28.2614 5.13859 -5
      vertex 18.338 8.06564 -14.8552
      vertex 27.7276 5.72756 -5
    endloop
  endfacet
  facet normal 0.652161 0.584142 -0.483181
    outer loop
      vertex 18.338 8.06564 -14.8552
      vertex 28.2614 5.13859 -5
      vertex 18.3414 8.05837 -14.8594
    endloop
  endfacet
  facet normal 0.555946 0.749645 0.359106
    outer loop
      vertex 26.5001 6.7349 5
      vertex 18.3349 8.07226 14.8491
      vertex 27.1386 6.26138 5
    endloop
  endfacet
  facet normal 0.555911 0.749687 0.359071
    outer loop
      vertex 18.3349 8.07226 14.8491
      vertex 26.5001 6.7349 5
      vertex 18.332 8.07829 14.841
    endloop
  endfacet
  facet normal 0.702101 0.253733 0.665337
    outer loop
      vertex 18.3592 8.02077 14.8622
      vertex 29.4834 3.09974 5
      vertex 18.354 8.03175 14.8635
    endloop
  endfacet
  facet normal 0.701961 0.251173 0.666456
    outer loop
      vertex 29.4834 3.09974 5
      vertex 18.3592 8.02077 14.8622
      vertex 29.7512 2.35131 5
    endloop
  endfacet
  facet normal 0.703757 -0.332795 -0.627672
    outer loop
      vertex 29.1436 -3.81831 -5
      vertex 18.354 -8.03175 -14.8635
      vertex 29.4834 -3.09974 -5
    endloop
  endfacet
  facet normal 0.703881 -0.330057 -0.628978
    outer loop
      vertex 18.354 -8.03175 -14.8635
      vertex 29.1436 -3.81831 -5
      vertex 18.3494 -8.04156 -14.8635
    endloop
  endfacet
  facet normal 0.701961 -0.251173 -0.666456
    outer loop
      vertex 29.4834 -3.09974 -5
      vertex 18.3592 -8.02077 -14.8622
      vertex 29.7512 -2.35131 -5
    endloop
  endfacet
  facet normal 0.702101 -0.253733 -0.665337
    outer loop
      vertex 18.3592 -8.02077 -14.8622
      vertex 29.4834 -3.09974 -5
      vertex 18.354 -8.03175 -14.8635
    endloop
  endfacet
  facet normal 0.146439 -0.987184 -0.0634236
    outer loop
      vertex 18.3222 -8.09896 -14.7339
      vertex 23.5802 -7.94436 -5
      vertex 22.7939 -8.061 -5
    endloop
  endfacet
  facet normal 0.146171 -0.987234 -0.0632778
    outer loop
      vertex 23.5802 -7.94436 -5
      vertex 18.3222 -8.09896 -14.7339
      vertex 18.3234 -8.09643 -14.7706
    endloop
  endfacet
  facet normal 0.491105 -0.819349 -0.295774
    outer loop
      vertex 18.3294 -8.08375 -14.8301
      vertex 26.5001 -6.7349 -5
      vertex 25.8183 -7.14356 -5
    endloop
  endfacet
  facet normal 0.489614 -0.820756 -0.294342
    outer loop
      vertex 26.5001 -6.7349 -5
      vertex 18.3294 -8.08375 -14.8301
      vertex 18.332 -8.07829 -14.841
    endloop
  endfacet
  facet normal 0.555911 -0.749687 -0.359071
    outer loop
      vertex 18.3349 -8.07226 -14.8491
      vertex 26.5001 -6.7349 -5
      vertex 18.332 -8.07829 -14.841
    endloop
  endfacet
  facet normal 0.555946 -0.749645 -0.359106
    outer loop
      vertex 26.5001 -6.7349 -5
      vertex 18.3349 -8.07226 -14.8491
      vertex 27.1386 -6.26138 -5
    endloop
  endfacet
  facet normal 0.24136 -0.963614 0.114859
    outer loop
      vertex 24.3513 -7.75122 5
      vertex 18.3234 -8.09643 14.7706
      vertex 23.5802 -7.94436 5
    endloop
  endfacet
  facet normal 0.241113 -0.963695 0.114704
    outer loop
      vertex 18.3234 -8.09643 14.7706
      vertex 24.3513 -7.75122 5
      vertex 18.3251 -8.09291 14.7966
    endloop
  endfacet
  facet normal 0.415807 -0.879182 0.232686
    outer loop
      vertex 25.8183 -7.14356 5
      vertex 18.3271 -8.08864 14.8158
      vertex 25.0997 -7.48342 5
    endloop
  endfacet
  facet normal 0.416686 -0.878573 0.233415
    outer loop
      vertex 18.3271 -8.08864 14.8158
      vertex 25.8183 -7.14356 5
      vertex 18.3294 -8.08375 14.8301
    endloop
  endfacet
  facet normal 0.677666 0.508466 -0.531254
    outer loop
      vertex 28.2614 5.13859 -5
      vertex 18.3452 8.05038 -14.8622
      vertex 18.3414 8.05837 -14.8594
    endloop
  endfacet
  facet normal 0.679063 0.503605 -0.534093
    outer loop
      vertex 18.3452 8.05038 -14.8622
      vertex 28.2614 5.13859 -5
      vertex 28.7349 4.50012 -5
    endloop
  endfacet
  facet normal 0.703757 -0.332795 0.627672
    outer loop
      vertex 18.354 -8.03175 14.8635
      vertex 29.1436 -3.81831 5
      vertex 29.4834 -3.09974 5
    endloop
  endfacet
  facet normal 0.703881 -0.330057 0.628978
    outer loop
      vertex 29.1436 -3.81831 5
      vertex 18.354 -8.03175 14.8635
      vertex 18.3494 -8.04156 14.8635
    endloop
  endfacet
  facet normal 0.0490569 -0.998622 -0.0186419
    outer loop
      vertex 18.3217 -8.1 -14.6796
      vertex 22.7939 -8.061 -5
      vertex 22 -8.1 -5
    endloop
  endfacet
  facet normal 0.0491264 -0.998618 -0.018674
    outer loop
      vertex 22.7939 -8.061 -5
      vertex 18.3217 -8.1 -14.6796
      vertex 18.3222 -8.09896 -14.7339
    endloop
  endfacet
endsolid OpenSCAD_Model
