solid OpenSCAD_Model
  facet normal -0.998797 0.0490418 1.11763e-19
    outer loop
      vertex -65 26.35 0
      vertex -64.9615 27.1341 10
      vertex -64.9615 27.1341 0
    endloop
  endfacet
  facet normal -0.998797 0.0490418 1.11763e-19
    outer loop
      vertex -64.9615 27.1341 10
      vertex -65 26.35 0
      vertex -65 26.35 10
    endloop
  endfacet
  facet normal 0.0490418 -0.998797 0
    outer loop
      vertex 57 -34.35 0
      vertex 57.7841 -34.3115 10
      vertex 57 -34.35 10
    endloop
  endfacet
  facet normal 0.0490418 -0.998797 0
    outer loop
      vertex 57.7841 -34.3115 10
      vertex 57 -34.35 0
      vertex 57.7841 -34.3115 0
    endloop
  endfacet
  facet normal 0.741023 -0.67148 3.15674e-18
    outer loop
      vertex 62.6569 -32.0069 10
      vertex 63.1841 -31.4251 0
      vertex 63.1841 -31.4251 10
    endloop
  endfacet
  facet normal 0.741023 -0.67148 3.15674e-18
    outer loop
      vertex 63.1841 -31.4251 0
      vertex 62.6569 -32.0069 10
      vertex 62.6569 -32.0069 0
    endloop
  endfacet
  facet normal 0.514084 0.85774 -0
    outer loop
      vertex 61.4446 33.0018 0
      vertex 60.7712 33.4054 10
      vertex 61.4446 33.0018 10
    endloop
  endfacet
  facet normal 0.514084 0.85774 0
    outer loop
      vertex 60.7712 33.4054 10
      vertex 61.4446 33.0018 0
      vertex 60.7712 33.4054 0
    endloop
  endfacet
  facet normal -0.741023 0.67148 3.15674e-18
    outer loop
      vertex -63.1841 31.4251 0
      vertex -62.6569 32.0069 10
      vertex -62.6569 32.0069 0
    endloop
  endfacet
  facet normal -0.741023 0.67148 3.15674e-18
    outer loop
      vertex -62.6569 32.0069 10
      vertex -63.1841 31.4251 0
      vertex -63.1841 31.4251 10
    endloop
  endfacet
  facet normal -1 0 0
    outer loop
      vertex -65 -19.45 0
      vertex -65 -26.35 0
      vertex -65 -19.45 0.589999
    endloop
  endfacet
  facet normal -1 0 0
    outer loop
      vertex -65 19.45 0.589999
      vertex -65 26.35 0
      vertex -65 19.45 0
    endloop
  endfacet
  facet normal -1 0 0
    outer loop
      vertex -65 26.35 0
      vertex -65 19.45 0.589999
      vertex -65 26.35 10
    endloop
  endfacet
  facet normal -1 0 0
    outer loop
      vertex -65 -19.45 0.589999
      vertex -65 26.35 10
      vertex -65 19.45 0.589999
    endloop
  endfacet
  facet normal -1 0 0
    outer loop
      vertex -65 -26.35 10
      vertex -65 -19.45 0.589999
      vertex -65 -26.35 0
    endloop
  endfacet
  facet normal -1 0 0
    outer loop
      vertex -65 -19.45 0.589999
      vertex -65 -26.35 10
      vertex -65 26.35 10
    endloop
  endfacet
  facet normal -0.514084 0.85774 0
    outer loop
      vertex -60.7712 33.4054 0
      vertex -61.4446 33.0018 10
      vertex -60.7712 33.4054 10
    endloop
  endfacet
  facet normal -0.514084 0.85774 0
    outer loop
      vertex -61.4446 33.0018 10
      vertex -60.7712 33.4054 0
      vertex -61.4446 33.0018 0
    endloop
  endfacet
  facet normal 0 1 -0
    outer loop
      vertex 57 34.35 0
      vertex 32.5 34.35 10
      vertex 57 34.35 10
    endloop
  endfacet
  facet normal 0 1 0
    outer loop
      vertex 32.5 34.35 10
      vertex 57 34.35 0
      vertex 27.5 34.35 10
    endloop
  endfacet
  facet normal 0 1 0
    outer loop
      vertex 27.5 34.35 10
      vertex 57 34.35 0
      vertex -27.5 34.35 10
    endloop
  endfacet
  facet normal 0 1 0
    outer loop
      vertex -57 34.35 0
      vertex -27.5 34.35 10
      vertex 57 34.35 0
    endloop
  endfacet
  facet normal 0 1 0
    outer loop
      vertex -27.5 34.35 10
      vertex -57 34.35 0
      vertex -32.5 34.35 10
    endloop
  endfacet
  facet normal 0 1 0
    outer loop
      vertex -32.5 34.35 10
      vertex -57 34.35 0
      vertex -57 34.35 10
    endloop
  endfacet
  facet normal -0.514084 -0.85774 0
    outer loop
      vertex -61.4446 -33.0018 0
      vertex -60.7712 -33.4054 10
      vertex -61.4446 -33.0018 10
    endloop
  endfacet
  facet normal -0.514084 -0.85774 -0
    outer loop
      vertex -60.7712 -33.4054 10
      vertex -61.4446 -33.0018 0
      vertex -60.7712 -33.4054 0
    endloop
  endfacet
  facet normal -0.989176 0.146733 -1.13899e-20
    outer loop
      vertex -64.9615 27.1341 0
      vertex -64.8463 27.9107 10
      vertex -64.8463 27.9107 0
    endloop
  endfacet
  facet normal -0.989176 0.146733 -1.13899e-20
    outer loop
      vertex -64.8463 27.9107 10
      vertex -64.9615 27.1341 0
      vertex -64.9615 27.1341 10
    endloop
  endfacet
  facet normal -0.0490418 -0.998797 0
    outer loop
      vertex -57.7841 -34.3115 0
      vertex -57 -34.35 10
      vertex -57.7841 -34.3115 10
    endloop
  endfacet
  facet normal -0.0490418 -0.998797 -0
    outer loop
      vertex -57 -34.35 10
      vertex -57.7841 -34.3115 0
      vertex -57 -34.35 0
    endloop
  endfacet
  facet normal -0.970023 -0.243015 -1.32958e-18
    outer loop
      vertex -64.6555 -28.6723 0
      vertex -64.8463 -27.9107 10
      vertex -64.8463 -27.9107 0
    endloop
  endfacet
  facet normal -0.970023 -0.243015 -1.32958e-18
    outer loop
      vertex -64.8463 -27.9107 10
      vertex -64.6555 -28.6723 0
      vertex -64.6555 -28.6723 10
    endloop
  endfacet
  facet normal -0.803153 0.595773 -1.54394e-18
    outer loop
      vertex -63.6518 30.7946 0
      vertex -63.1841 31.4251 10
      vertex -63.1841 31.4251 0
    endloop
  endfacet
  facet normal -0.803153 0.595773 -1.54394e-18
    outer loop
      vertex -63.1841 31.4251 10
      vertex -63.6518 30.7946 0
      vertex -63.6518 30.7946 10
    endloop
  endfacet
  facet normal 0.998797 0.0490418 -1.11763e-19
    outer loop
      vertex 65 26.35 10
      vertex 64.9615 27.1341 0
      vertex 64.9615 27.1341 10
    endloop
  endfacet
  facet normal 0.998797 0.0490418 -1.11763e-19
    outer loop
      vertex 64.9615 27.1341 0
      vertex 65 26.35 10
      vertex 65 26.35 0
    endloop
  endfacet
  facet normal -0.85774 -0.514084 1.38538e-18
    outer loop
      vertex -63.6518 -30.7946 0
      vertex -64.0554 -30.1212 10
      vertex -64.0554 -30.1212 0
    endloop
  endfacet
  facet normal -0.85774 -0.514084 1.38538e-18
    outer loop
      vertex -64.0554 -30.1212 10
      vertex -63.6518 -30.7946 0
      vertex -63.6518 -30.7946 10
    endloop
  endfacet
  facet normal -0.741023 -0.67148 -3.15674e-18
    outer loop
      vertex -62.6569 -32.0069 0
      vertex -63.1841 -31.4251 10
      vertex -63.1841 -31.4251 0
    endloop
  endfacet
  facet normal -0.741023 -0.67148 -3.15674e-18
    outer loop
      vertex -63.1841 -31.4251 10
      vertex -62.6569 -32.0069 0
      vertex -62.6569 -32.0069 10
    endloop
  endfacet
  facet normal 0 -1 0
    outer loop
      vertex -57 -34.35 0
      vertex 57 -34.35 10
      vertex -57 -34.35 10
    endloop
  endfacet
  facet normal 0 -1 -0
    outer loop
      vertex 57 -34.35 10
      vertex -57 -34.35 0
      vertex 57 -34.35 0
    endloop
  endfacet
  facet normal -0.243015 -0.970023 0
    outer loop
      vertex -59.3223 -34.0055 0
      vertex -58.5607 -34.1963 10
      vertex -59.3223 -34.0055 10
    endloop
  endfacet
  facet normal -0.243015 -0.970023 -0
    outer loop
      vertex -58.5607 -34.1963 10
      vertex -59.3223 -34.0055 0
      vertex -58.5607 -34.1963 0
    endloop
  endfacet
  facet normal 0.243015 0.970023 -0
    outer loop
      vertex 59.3223 34.0055 0
      vertex 58.5607 34.1963 10
      vertex 59.3223 34.0055 10
    endloop
  endfacet
  facet normal 0.243015 0.970023 0
    outer loop
      vertex 58.5607 34.1963 10
      vertex 59.3223 34.0055 0
      vertex 58.5607 34.1963 0
    endloop
  endfacet
  facet normal 0.90402 -0.427489 -1.51567e-19
    outer loop
      vertex 64.0554 -30.1212 10
      vertex 64.391 -29.4115 0
      vertex 64.391 -29.4115 10
    endloop
  endfacet
  facet normal 0.90402 -0.427489 -1.51567e-19
    outer loop
      vertex 64.391 -29.4115 0
      vertex 64.0554 -30.1212 10
      vertex 64.0554 -30.1212 0
    endloop
  endfacet
  facet normal 0.427489 0.90402 -0
    outer loop
      vertex 60.7712 33.4054 0
      vertex 60.0615 33.741 10
      vertex 60.7712 33.4054 10
    endloop
  endfacet
  facet normal 0.427489 0.90402 0
    outer loop
      vertex 60.0615 33.741 10
      vertex 60.7712 33.4054 0
      vertex 60.0615 33.741 0
    endloop
  endfacet
  facet normal -0.146733 0.989176 0
    outer loop
      vertex -57.7841 34.3115 0
      vertex -58.5607 34.1963 10
      vertex -57.7841 34.3115 10
    endloop
  endfacet
  facet normal -0.146733 0.989176 0
    outer loop
      vertex -58.5607 34.1963 10
      vertex -57.7841 34.3115 0
      vertex -58.5607 34.1963 0
    endloop
  endfacet
  facet normal -0.94154 -0.336901 -3.81066e-19
    outer loop
      vertex -64.391 -29.4115 0
      vertex -64.6555 -28.6723 10
      vertex -64.6555 -28.6723 0
    endloop
  endfacet
  facet normal -0.94154 -0.336901 -3.81066e-19
    outer loop
      vertex -64.6555 -28.6723 10
      vertex -64.391 -29.4115 0
      vertex -64.391 -29.4115 10
    endloop
  endfacet
  facet normal -0.427489 -0.90402 0
    outer loop
      vertex -60.7712 -33.4054 0
      vertex -60.0615 -33.741 10
      vertex -60.7712 -33.4054 10
    endloop
  endfacet
  facet normal -0.427489 -0.90402 -0
    outer loop
      vertex -60.0615 -33.741 10
      vertex -60.7712 -33.4054 0
      vertex -60.0615 -33.741 0
    endloop
  endfacet
  facet normal -0.85774 0.514084 -1.38538e-18
    outer loop
      vertex -64.0554 30.1212 0
      vertex -63.6518 30.7946 10
      vertex -63.6518 30.7946 0
    endloop
  endfacet
  facet normal -0.85774 0.514084 -1.38538e-18
    outer loop
      vertex -63.6518 30.7946 10
      vertex -64.0554 30.1212 0
      vertex -64.0554 30.1212 10
    endloop
  endfacet
  facet normal 0.595773 -0.803153 0
    outer loop
      vertex 61.4446 -33.0018 0
      vertex 62.0751 -32.5341 10
      vertex 61.4446 -33.0018 10
    endloop
  endfacet
  facet normal 0.595773 -0.803153 0
    outer loop
      vertex 62.0751 -32.5341 10
      vertex 61.4446 -33.0018 0
      vertex 62.0751 -32.5341 0
    endloop
  endfacet
  facet normal 0.803153 0.595773 1.54394e-18
    outer loop
      vertex 63.6518 30.7946 10
      vertex 63.1841 31.4251 0
      vertex 63.1841 31.4251 10
    endloop
  endfacet
  facet normal 0.803153 0.595773 1.54394e-18
    outer loop
      vertex 63.1841 31.4251 0
      vertex 63.6518 30.7946 10
      vertex 63.6518 30.7946 0
    endloop
  endfacet
  facet normal 0.336901 0.94154 -0
    outer loop
      vertex 60.0615 33.741 0
      vertex 59.3223 34.0055 10
      vertex 60.0615 33.741 10
    endloop
  endfacet
  facet normal 0.336901 0.94154 0
    outer loop
      vertex 59.3223 34.0055 10
      vertex 60.0615 33.741 0
      vertex 59.3223 34.0055 0
    endloop
  endfacet
  facet normal 0.803153 -0.595773 -1.54394e-18
    outer loop
      vertex 63.1841 -31.4251 10
      vertex 63.6518 -30.7946 0
      vertex 63.6518 -30.7946 10
    endloop
  endfacet
  facet normal 0.803153 -0.595773 -1.54394e-18
    outer loop
      vertex 63.6518 -30.7946 0
      vertex 63.1841 -31.4251 10
      vertex 63.1841 -31.4251 0
    endloop
  endfacet
  facet normal -0.336901 -0.94154 0
    outer loop
      vertex -60.0615 -33.741 0
      vertex -59.3223 -34.0055 10
      vertex -60.0615 -33.741 10
    endloop
  endfacet
  facet normal -0.336901 -0.94154 -0
    outer loop
      vertex -59.3223 -34.0055 10
      vertex -60.0615 -33.741 0
      vertex -59.3223 -34.0055 0
    endloop
  endfacet
  facet normal 0.970023 0.243015 -1.32958e-18
    outer loop
      vertex 64.8463 27.9107 10
      vertex 64.6555 28.6723 0
      vertex 64.6555 28.6723 10
    endloop
  endfacet
  facet normal 0.970023 0.243015 -1.32958e-18
    outer loop
      vertex 64.6555 28.6723 0
      vertex 64.8463 27.9107 10
      vertex 64.8463 27.9107 0
    endloop
  endfacet
  facet normal -0.595773 -0.803153 0
    outer loop
      vertex -62.0751 -32.5341 0
      vertex -61.4446 -33.0018 10
      vertex -62.0751 -32.5341 10
    endloop
  endfacet
  facet normal -0.595773 -0.803153 -0
    outer loop
      vertex -61.4446 -33.0018 10
      vertex -62.0751 -32.5341 0
      vertex -61.4446 -33.0018 0
    endloop
  endfacet
  facet normal -0.90402 0.427489 -1.51567e-19
    outer loop
      vertex -64.391 29.4115 0
      vertex -64.0554 30.1212 10
      vertex -64.0554 30.1212 0
    endloop
  endfacet
  facet normal -0.90402 0.427489 -1.51567e-19
    outer loop
      vertex -64.0554 30.1212 10
      vertex -64.391 29.4115 0
      vertex -64.391 29.4115 10
    endloop
  endfacet
  facet normal 0.0490418 0.998797 -0
    outer loop
      vertex 57.7841 34.3115 0
      vertex 57 34.35 10
      vertex 57.7841 34.3115 10
    endloop
  endfacet
  facet normal 0.0490418 0.998797 0
    outer loop
      vertex 57 34.35 10
      vertex 57.7841 34.3115 0
      vertex 57 34.35 0
    endloop
  endfacet
  facet normal 0.90402 0.427489 1.51567e-19
    outer loop
      vertex 64.391 29.4115 10
      vertex 64.0554 30.1212 0
      vertex 64.0554 30.1212 10
    endloop
  endfacet
  facet normal 0.90402 0.427489 1.51567e-19
    outer loop
      vertex 64.0554 30.1212 0
      vertex 64.391 29.4115 10
      vertex 64.391 29.4115 0
    endloop
  endfacet
  facet normal 0.85774 -0.514084 -1.38538e-18
    outer loop
      vertex 63.6518 -30.7946 10
      vertex 64.0554 -30.1212 0
      vertex 64.0554 -30.1212 10
    endloop
  endfacet
  facet normal 0.85774 -0.514084 -1.38538e-18
    outer loop
      vertex 64.0554 -30.1212 0
      vertex 63.6518 -30.7946 10
      vertex 63.6518 -30.7946 0
    endloop
  endfacet
  facet normal -0.94154 0.336901 3.81066e-19
    outer loop
      vertex -64.6555 28.6723 0
      vertex -64.391 29.4115 10
      vertex -64.391 29.4115 0
    endloop
  endfacet
  facet normal -0.94154 0.336901 3.81066e-19
    outer loop
      vertex -64.391 29.4115 10
      vertex -64.6555 28.6723 0
      vertex -64.6555 28.6723 10
    endloop
  endfacet
  facet normal 0.85774 0.514084 1.38538e-18
    outer loop
      vertex 64.0554 30.1212 10
      vertex 63.6518 30.7946 0
      vertex 63.6518 30.7946 10
    endloop
  endfacet
  facet normal 0.85774 0.514084 1.38538e-18
    outer loop
      vertex 63.6518 30.7946 0
      vertex 64.0554 30.1212 10
      vertex 64.0554 30.1212 0
    endloop
  endfacet
  facet normal 0.146733 0.989176 -0
    outer loop
      vertex 58.5607 34.1963 0
      vertex 57.7841 34.3115 10
      vertex 58.5607 34.1963 10
    endloop
  endfacet
  facet normal 0.146733 0.989176 0
    outer loop
      vertex 57.7841 34.3115 10
      vertex 58.5607 34.1963 0
      vertex 57.7841 34.3115 0
    endloop
  endfacet
  facet normal 0.989176 0.146733 1.13899e-20
    outer loop
      vertex 64.9615 27.1341 10
      vertex 64.8463 27.9107 0
      vertex 64.8463 27.9107 10
    endloop
  endfacet
  facet normal 0.989176 0.146733 1.13899e-20
    outer loop
      vertex 64.8463 27.9107 0
      vertex 64.9615 27.1341 10
      vertex 64.9615 27.1341 0
    endloop
  endfacet
  facet normal -0.998797 -0.0490418 -1.11763e-19
    outer loop
      vertex -64.9615 -27.1341 0
      vertex -65 -26.35 10
      vertex -65 -26.35 0
    endloop
  endfacet
  facet normal -0.998797 -0.0490418 -1.11763e-19
    outer loop
      vertex -65 -26.35 10
      vertex -64.9615 -27.1341 0
      vertex -64.9615 -27.1341 10
    endloop
  endfacet
  facet normal -0.803153 -0.595773 1.54394e-18
    outer loop
      vertex -63.1841 -31.4251 0
      vertex -63.6518 -30.7946 10
      vertex -63.6518 -30.7946 0
    endloop
  endfacet
  facet normal -0.803153 -0.595773 1.54394e-18
    outer loop
      vertex -63.6518 -30.7946 10
      vertex -63.1841 -31.4251 0
      vertex -63.1841 -31.4251 10
    endloop
  endfacet
  facet normal -0.67148 0.741023 0
    outer loop
      vertex -62.0751 32.5341 0
      vertex -62.6569 32.0069 10
      vertex -62.0751 32.5341 10
    endloop
  endfacet
  facet normal -0.67148 0.741023 0
    outer loop
      vertex -62.6569 32.0069 10
      vertex -62.0751 32.5341 0
      vertex -62.6569 32.0069 0
    endloop
  endfacet
  facet normal 0.94154 -0.336901 3.81066e-19
    outer loop
      vertex 64.391 -29.4115 10
      vertex 64.6555 -28.6723 0
      vertex 64.6555 -28.6723 10
    endloop
  endfacet
  facet normal 0.94154 -0.336901 3.81066e-19
    outer loop
      vertex 64.6555 -28.6723 0
      vertex 64.391 -29.4115 10
      vertex 64.391 -29.4115 0
    endloop
  endfacet
  facet normal -0.146733 -0.989176 0
    outer loop
      vertex -58.5607 -34.1963 0
      vertex -57.7841 -34.3115 10
      vertex -58.5607 -34.1963 10
    endloop
  endfacet
  facet normal -0.146733 -0.989176 -0
    outer loop
      vertex -57.7841 -34.3115 10
      vertex -58.5607 -34.1963 0
      vertex -57.7841 -34.3115 0
    endloop
  endfacet
  facet normal 0.998797 -0.0490418 1.11763e-19
    outer loop
      vertex 64.9615 -27.1341 10
      vertex 65 -26.35 0
      vertex 65 -26.35 10
    endloop
  endfacet
  facet normal 0.998797 -0.0490418 1.11763e-19
    outer loop
      vertex 65 -26.35 0
      vertex 64.9615 -27.1341 10
      vertex 64.9615 -27.1341 0
    endloop
  endfacet
  facet normal 0.989176 -0.146733 -1.13899e-20
    outer loop
      vertex 64.8463 -27.9107 10
      vertex 64.9615 -27.1341 0
      vertex 64.9615 -27.1341 10
    endloop
  endfacet
  facet normal 0.989176 -0.146733 -1.13899e-20
    outer loop
      vertex 64.9615 -27.1341 0
      vertex 64.8463 -27.9107 10
      vertex 64.8463 -27.9107 0
    endloop
  endfacet
  facet normal 0.67148 -0.741023 0
    outer loop
      vertex 62.0751 -32.5341 0
      vertex 62.6569 -32.0069 10
      vertex 62.0751 -32.5341 10
    endloop
  endfacet
  facet normal 0.67148 -0.741023 0
    outer loop
      vertex 62.6569 -32.0069 10
      vertex 62.0751 -32.5341 0
      vertex 62.6569 -32.0069 0
    endloop
  endfacet
  facet normal -0.595773 0.803153 0
    outer loop
      vertex -61.4446 33.0018 0
      vertex -62.0751 32.5341 10
      vertex -61.4446 33.0018 10
    endloop
  endfacet
  facet normal -0.595773 0.803153 0
    outer loop
      vertex -62.0751 32.5341 10
      vertex -61.4446 33.0018 0
      vertex -62.0751 32.5341 0
    endloop
  endfacet
  facet normal 0.970023 -0.243015 1.32958e-18
    outer loop
      vertex 64.6555 -28.6723 10
      vertex 64.8463 -27.9107 0
      vertex 64.8463 -27.9107 10
    endloop
  endfacet
  facet normal 0.970023 -0.243015 1.32958e-18
    outer loop
      vertex 64.8463 -27.9107 0
      vertex 64.6555 -28.6723 10
      vertex 64.6555 -28.6723 0
    endloop
  endfacet
  facet normal 0.67148 0.741023 -0
    outer loop
      vertex 62.6569 32.0069 0
      vertex 62.0751 32.5341 10
      vertex 62.6569 32.0069 10
    endloop
  endfacet
  facet normal 0.67148 0.741023 0
    outer loop
      vertex 62.0751 32.5341 10
      vertex 62.6569 32.0069 0
      vertex 62.0751 32.5341 0
    endloop
  endfacet
  facet normal 1 0 0
    outer loop
      vertex 65 26.35 10
      vertex 65 19.45 0.589999
      vertex 65 26.35 0
    endloop
  endfacet
  facet normal 1 0 0
    outer loop
      vertex 65 26.35 10
      vertex 65 -19.45 0.589999
      vertex 65 19.45 0.589999
    endloop
  endfacet
  facet normal 1 -0 0
    outer loop
      vertex 65 -26.35 10
      vertex 65 -19.45 0.589999
      vertex 65 26.35 10
    endloop
  endfacet
  facet normal 1 0 0
    outer loop
      vertex 65 -26.35 0
      vertex 65 -19.45 0.589999
      vertex 65 -26.35 10
    endloop
  endfacet
  facet normal 1 0 0
    outer loop
      vertex 65 -19.45 0.589999
      vertex 65 -26.35 0
      vertex 65 -19.45 0
    endloop
  endfacet
  facet normal 1 0 0
    outer loop
      vertex 65 26.35 0
      vertex 65 19.45 0.589999
      vertex 65 19.45 0
    endloop
  endfacet
  facet normal -0.970023 0.243015 1.32958e-18
    outer loop
      vertex -64.8463 27.9107 0
      vertex -64.6555 28.6723 10
      vertex -64.6555 28.6723 0
    endloop
  endfacet
  facet normal -0.970023 0.243015 1.32958e-18
    outer loop
      vertex -64.6555 28.6723 10
      vertex -64.8463 27.9107 0
      vertex -64.8463 27.9107 10
    endloop
  endfacet
  facet normal 0.243015 -0.970023 0
    outer loop
      vertex 58.5607 -34.1963 0
      vertex 59.3223 -34.0055 10
      vertex 58.5607 -34.1963 10
    endloop
  endfacet
  facet normal 0.243015 -0.970023 0
    outer loop
      vertex 59.3223 -34.0055 10
      vertex 58.5607 -34.1963 0
      vertex 59.3223 -34.0055 0
    endloop
  endfacet
  facet normal -0.427489 0.90402 0
    outer loop
      vertex -60.0615 33.741 0
      vertex -60.7712 33.4054 10
      vertex -60.0615 33.741 10
    endloop
  endfacet
  facet normal -0.427489 0.90402 0
    outer loop
      vertex -60.7712 33.4054 10
      vertex -60.0615 33.741 0
      vertex -60.7712 33.4054 0
    endloop
  endfacet
  facet normal -0.243015 0.970023 0
    outer loop
      vertex -58.5607 34.1963 0
      vertex -59.3223 34.0055 10
      vertex -58.5607 34.1963 10
    endloop
  endfacet
  facet normal -0.243015 0.970023 0
    outer loop
      vertex -59.3223 34.0055 10
      vertex -58.5607 34.1963 0
      vertex -59.3223 34.0055 0
    endloop
  endfacet
  facet normal -0.989176 -0.146733 1.13899e-20
    outer loop
      vertex -64.8463 -27.9107 0
      vertex -64.9615 -27.1341 10
      vertex -64.9615 -27.1341 0
    endloop
  endfacet
  facet normal -0.989176 -0.146733 1.13899e-20
    outer loop
      vertex -64.9615 -27.1341 10
      vertex -64.8463 -27.9107 0
      vertex -64.8463 -27.9107 10
    endloop
  endfacet
  facet normal 0.427489 -0.90402 0
    outer loop
      vertex 60.0615 -33.741 0
      vertex 60.7712 -33.4054 10
      vertex 60.0615 -33.741 10
    endloop
  endfacet
  facet normal 0.427489 -0.90402 0
    outer loop
      vertex 60.7712 -33.4054 10
      vertex 60.0615 -33.741 0
      vertex 60.7712 -33.4054 0
    endloop
  endfacet
  facet normal -0.90402 -0.427489 1.51567e-19
    outer loop
      vertex -64.0554 -30.1212 0
      vertex -64.391 -29.4115 10
      vertex -64.391 -29.4115 0
    endloop
  endfacet
  facet normal -0.90402 -0.427489 1.51567e-19
    outer loop
      vertex -64.391 -29.4115 10
      vertex -64.0554 -30.1212 0
      vertex -64.0554 -30.1212 10
    endloop
  endfacet
  facet normal 0.514084 -0.85774 0
    outer loop
      vertex 60.7712 -33.4054 0
      vertex 61.4446 -33.0018 10
      vertex 60.7712 -33.4054 10
    endloop
  endfacet
  facet normal 0.514084 -0.85774 0
    outer loop
      vertex 61.4446 -33.0018 10
      vertex 60.7712 -33.4054 0
      vertex 61.4446 -33.0018 0
    endloop
  endfacet
  facet normal 0.146733 -0.989176 0
    outer loop
      vertex 57.7841 -34.3115 0
      vertex 58.5607 -34.1963 10
      vertex 57.7841 -34.3115 10
    endloop
  endfacet
  facet normal 0.146733 -0.989176 0
    outer loop
      vertex 58.5607 -34.1963 10
      vertex 57.7841 -34.3115 0
      vertex 58.5607 -34.1963 0
    endloop
  endfacet
  facet normal 0 0 -1
    outer loop
      vertex 65 -26.35 0
      vertex 50.1798 -25.5617 0
      vertex 50.2 -25.15 0
    endloop
  endfacet
  facet normal 0 0 -1
    outer loop
      vertex 57.7841 -34.3115 0
      vertex 50.1193 -25.9694 0
      vertex 50.1798 -25.5617 0
    endloop
  endfacet
  facet normal 0 0 -1
    outer loop
      vertex 57 -34.35 0
      vertex 50.0191 -26.3692 0
      vertex 50.1193 -25.9694 0
    endloop
  endfacet
  facet normal 0 0 -1
    outer loop
      vertex 57 -34.35 0
      vertex 49.8803 -26.7573 0
      vertex 50.0191 -26.3692 0
    endloop
  endfacet
  facet normal 0 0 -1
    outer loop
      vertex 57 -34.35 0
      vertex 49.7041 -27.1299 0
      vertex 49.8803 -26.7573 0
    endloop
  endfacet
  facet normal 0 0 -1
    outer loop
      vertex 57 -34.35 0
      vertex 49.4922 -27.4834 0
      vertex 49.7041 -27.1299 0
    endloop
  endfacet
  facet normal 0 0 -1
    outer loop
      vertex 57 -34.35 0
      vertex 49.2466 -27.8145 0
      vertex 49.4922 -27.4834 0
    endloop
  endfacet
  facet normal 0 0 -1
    outer loop
      vertex 57 -34.35 0
      vertex 48.9698 -28.1198 0
      vertex 49.2466 -27.8145 0
    endloop
  endfacet
  facet normal 0 0 -1
    outer loop
      vertex 57 -34.35 0
      vertex 48.6645 -28.3966 0
      vertex 48.9698 -28.1198 0
    endloop
  endfacet
  facet normal 0 0 -1
    outer loop
      vertex 57 -34.35 0
      vertex 48.3334 -28.6422 0
      vertex 48.6645 -28.3966 0
    endloop
  endfacet
  facet normal 0 0 -1
    outer loop
      vertex 57 -34.35 0
      vertex 47.9799 -28.8541 0
      vertex 48.3334 -28.6422 0
    endloop
  endfacet
  facet normal 0 0 -1
    outer loop
      vertex 57 -34.35 0
      vertex 47.6073 -29.0303 0
      vertex 47.9799 -28.8541 0
    endloop
  endfacet
  facet normal 0 0 -1
    outer loop
      vertex 57 -34.35 0
      vertex 47.2192 -29.1691 0
      vertex 47.6073 -29.0303 0
    endloop
  endfacet
  facet normal 0 0 -1
    outer loop
      vertex 57 -34.35 0
      vertex 46.8194 -29.2693 0
      vertex 47.2192 -29.1691 0
    endloop
  endfacet
  facet normal 0 0 -1
    outer loop
      vertex 57 -34.35 0
      vertex 46.4117 -29.3298 0
      vertex 46.8194 -29.2693 0
    endloop
  endfacet
  facet normal 0 0 -1
    outer loop
      vertex 57 -34.35 0
      vertex 46 -29.35 0
      vertex 46.4117 -29.3298 0
    endloop
  endfacet
  facet normal 0 0 -1
    outer loop
      vertex 57 -34.35 0
      vertex 45.5883 -29.3298 0
      vertex 46 -29.35 0
    endloop
  endfacet
  facet normal 0 0 -1
    outer loop
      vertex 57 -34.35 0
      vertex 45.1806 -29.2693 0
      vertex 45.5883 -29.3298 0
    endloop
  endfacet
  facet normal 0 0 -1
    outer loop
      vertex 57 -34.35 0
      vertex 44.7808 -29.1691 0
      vertex 45.1806 -29.2693 0
    endloop
  endfacet
  facet normal 0 0 -1
    outer loop
      vertex 57 -34.35 0
      vertex 44.3927 -29.0303 0
      vertex 44.7808 -29.1691 0
    endloop
  endfacet
  facet normal 0 0 -1
    outer loop
      vertex 41.8202 -25.5617 0
      vertex -41.8 -25.15 0
      vertex 41.8 -25.15 0
    endloop
  endfacet
  facet normal 0 0 -1
    outer loop
      vertex -41.8202 -25.5617 0
      vertex 41.8202 -25.5617 0
      vertex 41.8807 -25.9694 0
    endloop
  endfacet
  facet normal 0 0 -1
    outer loop
      vertex -41.8807 -25.9694 0
      vertex 41.8807 -25.9694 0
      vertex 41.9809 -26.3692 0
    endloop
  endfacet
  facet normal 0 0 -1
    outer loop
      vertex -41.9809 -26.3692 0
      vertex 41.9809 -26.3692 0
      vertex 42.1197 -26.7573 0
    endloop
  endfacet
  facet normal 0 0 -1
    outer loop
      vertex -42.1197 -26.7573 0
      vertex 42.1197 -26.7573 0
      vertex 42.2959 -27.1299 0
    endloop
  endfacet
  facet normal 0 0 -1
    outer loop
      vertex -42.2959 -27.1299 0
      vertex 42.2959 -27.1299 0
      vertex 42.5078 -27.4834 0
    endloop
  endfacet
  facet normal 0 0 -1
    outer loop
      vertex -42.5078 -27.4834 0
      vertex 42.5078 -27.4834 0
      vertex 42.7534 -27.8145 0
    endloop
  endfacet
  facet normal 0 0 -1
    outer loop
      vertex -42.7534 -27.8145 0
      vertex 42.7534 -27.8145 0
      vertex 43.0302 -28.1198 0
    endloop
  endfacet
  facet normal 0 0 -1
    outer loop
      vertex -43.0302 -28.1198 0
      vertex 43.0302 -28.1198 0
      vertex 43.3355 -28.3966 0
    endloop
  endfacet
  facet normal 0 0 -1
    outer loop
      vertex -43.3355 -28.3966 0
      vertex 43.3355 -28.3966 0
      vertex 43.6666 -28.6422 0
    endloop
  endfacet
  facet normal 0 0 -1
    outer loop
      vertex -43.6666 -28.6422 0
      vertex 43.6666 -28.6422 0
      vertex 44.0201 -28.8541 0
    endloop
  endfacet
  facet normal 0 0 -1
    outer loop
      vertex -44.0201 -28.8541 0
      vertex 44.0201 -28.8541 0
      vertex 44.3927 -29.0303 0
    endloop
  endfacet
  facet normal 0 0 -1
    outer loop
      vertex -44.3927 -29.0303 0
      vertex 44.3927 -29.0303 0
      vertex 57 -34.35 0
    endloop
  endfacet
  facet normal 0 0 -1
    outer loop
      vertex 41.8202 -25.5617 0
      vertex -41.8202 -25.5617 0
      vertex -41.8 -25.15 0
    endloop
  endfacet
  facet normal 0 0 -1
    outer loop
      vertex 41.8807 -25.9694 0
      vertex -41.8807 -25.9694 0
      vertex -41.8202 -25.5617 0
    endloop
  endfacet
  facet normal 0 0 -1
    outer loop
      vertex 41.9809 -26.3692 0
      vertex -41.9809 -26.3692 0
      vertex -41.8807 -25.9694 0
    endloop
  endfacet
  facet normal 0 0 -1
    outer loop
      vertex 42.1197 -26.7573 0
      vertex -42.1197 -26.7573 0
      vertex -41.9809 -26.3692 0
    endloop
  endfacet
  facet normal 0 0 -1
    outer loop
      vertex 42.2959 -27.1299 0
      vertex -42.2959 -27.1299 0
      vertex -42.1197 -26.7573 0
    endloop
  endfacet
  facet normal 0 0 -1
    outer loop
      vertex 42.5078 -27.4834 0
      vertex -42.5078 -27.4834 0
      vertex -42.2959 -27.1299 0
    endloop
  endfacet
  facet normal 0 0 -1
    outer loop
      vertex 42.7534 -27.8145 0
      vertex -42.7534 -27.8145 0
      vertex -42.5078 -27.4834 0
    endloop
  endfacet
  facet normal 0 0 -1
    outer loop
      vertex 43.0302 -28.1198 0
      vertex -43.0302 -28.1198 0
      vertex -42.7534 -27.8145 0
    endloop
  endfacet
  facet normal 0 0 -1
    outer loop
      vertex 43.3355 -28.3966 0
      vertex -43.3355 -28.3966 0
      vertex -43.0302 -28.1198 0
    endloop
  endfacet
  facet normal 0 0 -1
    outer loop
      vertex 43.6666 -28.6422 0
      vertex -43.6666 -28.6422 0
      vertex -43.3355 -28.3966 0
    endloop
  endfacet
  facet normal 0 0 -1
    outer loop
      vertex 44.0201 -28.8541 0
      vertex -44.0201 -28.8541 0
      vertex -43.6666 -28.6422 0
    endloop
  endfacet
  facet normal 0 0 -1
    outer loop
      vertex 44.3927 -29.0303 0
      vertex -44.3927 -29.0303 0
      vertex -44.0201 -28.8541 0
    endloop
  endfacet
  facet normal 0 0 -1
    outer loop
      vertex 57 -34.35 0
      vertex -44.7808 -29.1691 0
      vertex -44.3927 -29.0303 0
    endloop
  endfacet
  facet normal 0 0 -1
    outer loop
      vertex -57 -34.35 0
      vertex -44.7808 -29.1691 0
      vertex 57 -34.35 0
    endloop
  endfacet
  facet normal 0 0 -1
    outer loop
      vertex -44.7808 -29.1691 0
      vertex -57 -34.35 0
      vertex -45.1806 -29.2693 0
    endloop
  endfacet
  facet normal 0 0 -1
    outer loop
      vertex -45.1806 -29.2693 0
      vertex -57 -34.35 0
      vertex -45.5883 -29.3298 0
    endloop
  endfacet
  facet normal 0 0 -1
    outer loop
      vertex -58.5607 -34.1963 0
      vertex -50.1193 -25.9694 0
      vertex -57.7841 -34.3115 0
    endloop
  endfacet
  facet normal 0 0 -1
    outer loop
      vertex -57.7841 -34.3115 0
      vertex -50.1193 -25.9694 0
      vertex -57 -34.35 0
    endloop
  endfacet
  facet normal -0 0 -1
    outer loop
      vertex -50.0191 -26.3692 0
      vertex -57 -34.35 0
      vertex -50.1193 -25.9694 0
    endloop
  endfacet
  facet normal -0 0 -1
    outer loop
      vertex -49.8803 -26.7573 0
      vertex -57 -34.35 0
      vertex -50.0191 -26.3692 0
    endloop
  endfacet
  facet normal -0 0 -1
    outer loop
      vertex -49.7041 -27.1299 0
      vertex -57 -34.35 0
      vertex -49.8803 -26.7573 0
    endloop
  endfacet
  facet normal -0 0 -1
    outer loop
      vertex -49.4922 -27.4834 0
      vertex -57 -34.35 0
      vertex -49.7041 -27.1299 0
    endloop
  endfacet
  facet normal -0 0 -1
    outer loop
      vertex -49.2466 -27.8145 0
      vertex -57 -34.35 0
      vertex -49.4922 -27.4834 0
    endloop
  endfacet
  facet normal -0 0 -1
    outer loop
      vertex -48.9698 -28.1198 0
      vertex -57 -34.35 0
      vertex -49.2466 -27.8145 0
    endloop
  endfacet
  facet normal -0 0 -1
    outer loop
      vertex -48.6645 -28.3966 0
      vertex -57 -34.35 0
      vertex -48.9698 -28.1198 0
    endloop
  endfacet
  facet normal -0 0 -1
    outer loop
      vertex -48.3334 -28.6422 0
      vertex -57 -34.35 0
      vertex -48.6645 -28.3966 0
    endloop
  endfacet
  facet normal -0 0 -1
    outer loop
      vertex -47.9799 -28.8541 0
      vertex -57 -34.35 0
      vertex -48.3334 -28.6422 0
    endloop
  endfacet
  facet normal -0 0 -1
    outer loop
      vertex -47.6073 -29.0303 0
      vertex -57 -34.35 0
      vertex -47.9799 -28.8541 0
    endloop
  endfacet
  facet normal -0 0 -1
    outer loop
      vertex -47.2192 -29.1691 0
      vertex -57 -34.35 0
      vertex -47.6073 -29.0303 0
    endloop
  endfacet
  facet normal -0 0 -1
    outer loop
      vertex -46.8194 -29.2693 0
      vertex -57 -34.35 0
      vertex -47.2192 -29.1691 0
    endloop
  endfacet
  facet normal -0 0 -1
    outer loop
      vertex -46.4117 -29.3298 0
      vertex -57 -34.35 0
      vertex -46.8194 -29.2693 0
    endloop
  endfacet
  facet normal -0 0 -1
    outer loop
      vertex -46 -29.35 0
      vertex -57 -34.35 0
      vertex -46.4117 -29.3298 0
    endloop
  endfacet
  facet normal 0 0 -1
    outer loop
      vertex -45.5883 -29.3298 0
      vertex -57 -34.35 0
      vertex -46 -29.35 0
    endloop
  endfacet
  facet normal 0 0 -1
    outer loop
      vertex 50.1798 -25.5617 0
      vertex 65 -26.35 0
      vertex 64.9615 -27.1341 0
    endloop
  endfacet
  facet normal 0 0 -1
    outer loop
      vertex 50.1798 -25.5617 0
      vertex 64.9615 -27.1341 0
      vertex 64.8463 -27.9107 0
    endloop
  endfacet
  facet normal 0 0 -1
    outer loop
      vertex 50.1798 -25.5617 0
      vertex 64.8463 -27.9107 0
      vertex 64.6555 -28.6723 0
    endloop
  endfacet
  facet normal 0 0 -1
    outer loop
      vertex 50.1798 -25.5617 0
      vertex 64.6555 -28.6723 0
      vertex 64.391 -29.4115 0
    endloop
  endfacet
  facet normal 0 0 -1
    outer loop
      vertex 50.1798 -25.5617 0
      vertex 64.391 -29.4115 0
      vertex 64.0554 -30.1212 0
    endloop
  endfacet
  facet normal 0 0 -1
    outer loop
      vertex 50.1798 -25.5617 0
      vertex 64.0554 -30.1212 0
      vertex 63.6518 -30.7946 0
    endloop
  endfacet
  facet normal 0 0 -1
    outer loop
      vertex 50.1798 -25.5617 0
      vertex 63.6518 -30.7946 0
      vertex 63.1841 -31.4251 0
    endloop
  endfacet
  facet normal 0 0 -1
    outer loop
      vertex 50.1798 -25.5617 0
      vertex 63.1841 -31.4251 0
      vertex 62.6569 -32.0069 0
    endloop
  endfacet
  facet normal 0 0 -1
    outer loop
      vertex 50.1798 -25.5617 0
      vertex 62.6569 -32.0069 0
      vertex 62.0751 -32.5341 0
    endloop
  endfacet
  facet normal 0 0 -1
    outer loop
      vertex 50.1798 -25.5617 0
      vertex 62.0751 -32.5341 0
      vertex 61.4446 -33.0018 0
    endloop
  endfacet
  facet normal 0 0 -1
    outer loop
      vertex 50.1798 -25.5617 0
      vertex 61.4446 -33.0018 0
      vertex 60.7712 -33.4054 0
    endloop
  endfacet
  facet normal 0 0 -1
    outer loop
      vertex 50.1798 -25.5617 0
      vertex 60.7712 -33.4054 0
      vertex 60.0615 -33.741 0
    endloop
  endfacet
  facet normal 0 0 -1
    outer loop
      vertex 50.1798 -25.5617 0
      vertex 60.0615 -33.741 0
      vertex 59.3223 -34.0055 0
    endloop
  endfacet
  facet normal 0 0 -1
    outer loop
      vertex 50.1798 -25.5617 0
      vertex 59.3223 -34.0055 0
      vertex 58.5607 -34.1963 0
    endloop
  endfacet
  facet normal 0 0 -1
    outer loop
      vertex 50.1798 -25.5617 0
      vertex 58.5607 -34.1963 0
      vertex 57.7841 -34.3115 0
    endloop
  endfacet
  facet normal 0 0 -1
    outer loop
      vertex 50.1193 -25.9694 0
      vertex 57.7841 -34.3115 0
      vertex 57 -34.35 0
    endloop
  endfacet
  facet normal 0 0 -1
    outer loop
      vertex 65 -26.35 0
      vertex 50.2 -25.15 0
      vertex 50.1798 -24.7383 0
    endloop
  endfacet
  facet normal 0 0 -1
    outer loop
      vertex 65 -26.35 0
      vertex 50.1798 -24.7383 0
      vertex 50.1193 -24.3306 0
    endloop
  endfacet
  facet normal 0 0 -1
    outer loop
      vertex 65 -26.35 0
      vertex 50.1193 -24.3306 0
      vertex 65 -19.45 0
    endloop
  endfacet
  facet normal 0 0 -1
    outer loop
      vertex 50.0191 -23.9308 0
      vertex 65 -19.45 0
      vertex 50.1193 -24.3306 0
    endloop
  endfacet
  facet normal 0 0 -1
    outer loop
      vertex 49.8803 -23.5427 0
      vertex 65 -19.45 0
      vertex 50.0191 -23.9308 0
    endloop
  endfacet
  facet normal 0 0 -1
    outer loop
      vertex 49.7041 -23.1701 0
      vertex 65 -19.45 0
      vertex 49.8803 -23.5427 0
    endloop
  endfacet
  facet normal 0 0 -1
    outer loop
      vertex 49.4922 -22.8166 0
      vertex 65 -19.45 0
      vertex 49.7041 -23.1701 0
    endloop
  endfacet
  facet normal 0 0 -1
    outer loop
      vertex 49.2466 -22.4855 0
      vertex 65 -19.45 0
      vertex 49.4922 -22.8166 0
    endloop
  endfacet
  facet normal 0 0 -1
    outer loop
      vertex 48.9698 -22.1802 0
      vertex 65 -19.45 0
      vertex 49.2466 -22.4855 0
    endloop
  endfacet
  facet normal 0 0 -1
    outer loop
      vertex 48.6645 -21.9034 0
      vertex 65 -19.45 0
      vertex 48.9698 -22.1802 0
    endloop
  endfacet
  facet normal 0 0 -1
    outer loop
      vertex 48.3334 -21.6578 0
      vertex 65 -19.45 0
      vertex 48.6645 -21.9034 0
    endloop
  endfacet
  facet normal 0 0 -1
    outer loop
      vertex 47.9799 -21.4459 0
      vertex 65 -19.45 0
      vertex 48.3334 -21.6578 0
    endloop
  endfacet
  facet normal 0 0 -1
    outer loop
      vertex 47.6073 -21.2697 0
      vertex 65 -19.45 0
      vertex 47.9799 -21.4459 0
    endloop
  endfacet
  facet normal 0 0 -1
    outer loop
      vertex 47.2192 -21.1308 0
      vertex 65 -19.45 0
      vertex 47.6073 -21.2697 0
    endloop
  endfacet
  facet normal 0 0 -1
    outer loop
      vertex 46.8194 -21.0307 0
      vertex 65 -19.45 0
      vertex 47.2192 -21.1308 0
    endloop
  endfacet
  facet normal 0 0 -1
    outer loop
      vertex 46.4117 -20.9702 0
      vertex 65 -19.45 0
      vertex 46.8194 -21.0307 0
    endloop
  endfacet
  facet normal 0 0 -1
    outer loop
      vertex 46 -20.95 0
      vertex 65 -19.45 0
      vertex 46.4117 -20.9702 0
    endloop
  endfacet
  facet normal 0 0 -1
    outer loop
      vertex 45.5883 -20.9702 0
      vertex 65 -19.45 0
      vertex 46 -20.95 0
    endloop
  endfacet
  facet normal 0 0 -1
    outer loop
      vertex -41.8 -25.15 0
      vertex 41.8202 -24.7383 0
      vertex 41.8 -25.15 0
    endloop
  endfacet
  facet normal 0 0 -1
    outer loop
      vertex -41.8202 -24.7383 0
      vertex 41.8202 -24.7383 0
      vertex -41.8 -25.15 0
    endloop
  endfacet
  facet normal 0 0 -1
    outer loop
      vertex 41.8202 -24.7383 0
      vertex -41.8202 -24.7383 0
      vertex 41.8807 -24.3306 0
    endloop
  endfacet
  facet normal 0 0 -1
    outer loop
      vertex -41.8807 -24.3306 0
      vertex 41.8807 -24.3306 0
      vertex -41.8202 -24.7383 0
    endloop
  endfacet
  facet normal 0 0 -1
    outer loop
      vertex 41.8807 -24.3306 0
      vertex -41.8807 -24.3306 0
      vertex 41.9809 -23.9308 0
    endloop
  endfacet
  facet normal 0 0 -1
    outer loop
      vertex -41.9809 -23.9308 0
      vertex 41.9809 -23.9308 0
      vertex -41.8807 -24.3306 0
    endloop
  endfacet
  facet normal 0 0 -1
    outer loop
      vertex 41.9809 -23.9308 0
      vertex -41.9809 -23.9308 0
      vertex 42.1197 -23.5427 0
    endloop
  endfacet
  facet normal 0 0 -1
    outer loop
      vertex -42.1197 -23.5427 0
      vertex 42.1197 -23.5427 0
      vertex -41.9809 -23.9308 0
    endloop
  endfacet
  facet normal 0 0 -1
    outer loop
      vertex 42.1197 -23.5427 0
      vertex -42.1197 -23.5427 0
      vertex 42.2959 -23.1701 0
    endloop
  endfacet
  facet normal 0 0 -1
    outer loop
      vertex -42.2959 -23.1701 0
      vertex 42.2959 -23.1701 0
      vertex -42.1197 -23.5427 0
    endloop
  endfacet
  facet normal 0 0 -1
    outer loop
      vertex 42.2959 -23.1701 0
      vertex -42.2959 -23.1701 0
      vertex 42.5078 -22.8166 0
    endloop
  endfacet
  facet normal 0 0 -1
    outer loop
      vertex -42.5078 -22.8166 0
      vertex 42.5078 -22.8166 0
      vertex -42.2959 -23.1701 0
    endloop
  endfacet
  facet normal 0 0 -1
    outer loop
      vertex 42.5078 -22.8166 0
      vertex -42.5078 -22.8166 0
      vertex 42.7534 -22.4855 0
    endloop
  endfacet
  facet normal 0 0 -1
    outer loop
      vertex -42.7534 -22.4855 0
      vertex 42.7534 -22.4855 0
      vertex -42.5078 -22.8166 0
    endloop
  endfacet
  facet normal 0 0 -1
    outer loop
      vertex 42.7534 -22.4855 0
      vertex -42.7534 -22.4855 0
      vertex 43.0302 -22.1802 0
    endloop
  endfacet
  facet normal 0 0 -1
    outer loop
      vertex -43.0302 -22.1802 0
      vertex 43.0302 -22.1802 0
      vertex -42.7534 -22.4855 0
    endloop
  endfacet
  facet normal 0 0 -1
    outer loop
      vertex 43.0302 -22.1802 0
      vertex -43.0302 -22.1802 0
      vertex 43.3355 -21.9034 0
    endloop
  endfacet
  facet normal 0 0 -1
    outer loop
      vertex -43.3355 -21.9034 0
      vertex 43.3355 -21.9034 0
      vertex -43.0302 -22.1802 0
    endloop
  endfacet
  facet normal 0 0 -1
    outer loop
      vertex 43.3355 -21.9034 0
      vertex -43.3355 -21.9034 0
      vertex 43.6666 -21.6578 0
    endloop
  endfacet
  facet normal 0 0 -1
    outer loop
      vertex -43.6666 -21.6578 0
      vertex 43.6666 -21.6578 0
      vertex -43.3355 -21.9034 0
    endloop
  endfacet
  facet normal 0 0 -1
    outer loop
      vertex 43.6666 -21.6578 0
      vertex -43.6666 -21.6578 0
      vertex 44.0201 -21.4459 0
    endloop
  endfacet
  facet normal 0 0 -1
    outer loop
      vertex -44.0201 -21.4459 0
      vertex 44.0201 -21.4459 0
      vertex -43.6666 -21.6578 0
    endloop
  endfacet
  facet normal 0 0 -1
    outer loop
      vertex 44.0201 -21.4459 0
      vertex -44.0201 -21.4459 0
      vertex 44.3927 -21.2697 0
    endloop
  endfacet
  facet normal 0 0 -1
    outer loop
      vertex -44.3927 -21.2697 0
      vertex 44.3927 -21.2697 0
      vertex -44.0201 -21.4459 0
    endloop
  endfacet
  facet normal 0 0 -1
    outer loop
      vertex 44.3927 -21.2697 0
      vertex -44.3927 -21.2697 0
      vertex 44.7808 -21.1308 0
    endloop
  endfacet
  facet normal 0 0 -1
    outer loop
      vertex -44.7808 -21.1308 0
      vertex 44.7808 -21.1308 0
      vertex -44.3927 -21.2697 0
    endloop
  endfacet
  facet normal 0 0 -1
    outer loop
      vertex 44.7808 -21.1308 0
      vertex -44.7808 -21.1308 0
      vertex 45.1806 -21.0307 0
    endloop
  endfacet
  facet normal 0 0 -1
    outer loop
      vertex -45.1806 -21.0307 0
      vertex 45.1806 -21.0307 0
      vertex -44.7808 -21.1308 0
    endloop
  endfacet
  facet normal 0 0 -1
    outer loop
      vertex 45.1806 -21.0307 0
      vertex -45.1806 -21.0307 0
      vertex 45.5883 -20.9702 0
    endloop
  endfacet
  facet normal 0 0 -1
    outer loop
      vertex -45.5883 -20.9702 0
      vertex 45.5883 -20.9702 0
      vertex -45.1806 -21.0307 0
    endloop
  endfacet
  facet normal 0 0 -1
    outer loop
      vertex 45.5883 -20.9702 0
      vertex -45.5883 -20.9702 0
      vertex 65 -19.45 0
    endloop
  endfacet
  facet normal 0 0 -1
    outer loop
      vertex -65 -19.45 0
      vertex -45.5883 -20.9702 0
      vertex -46 -20.95 0
    endloop
  endfacet
  facet normal 0 0 -1
    outer loop
      vertex -59.3223 -34.0055 0
      vertex -50.1193 -25.9694 0
      vertex -58.5607 -34.1963 0
    endloop
  endfacet
  facet normal 0 0 -1
    outer loop
      vertex -60.0615 -33.741 0
      vertex -50.1193 -25.9694 0
      vertex -59.3223 -34.0055 0
    endloop
  endfacet
  facet normal 0 0 -1
    outer loop
      vertex -60.7712 -33.4054 0
      vertex -50.1193 -25.9694 0
      vertex -60.0615 -33.741 0
    endloop
  endfacet
  facet normal 0 0 -1
    outer loop
      vertex -61.4446 -33.0018 0
      vertex -50.1193 -25.9694 0
      vertex -60.7712 -33.4054 0
    endloop
  endfacet
  facet normal -0 0 -1
    outer loop
      vertex -50.1193 -25.9694 0
      vertex -61.4446 -33.0018 0
      vertex -50.1798 -25.5617 0
    endloop
  endfacet
  facet normal 0 0 -1
    outer loop
      vertex -50.0191 -23.9308 0
      vertex -65 -19.45 0
      vertex -49.8803 -23.5427 0
    endloop
  endfacet
  facet normal 0 0 -1
    outer loop
      vertex -62.0751 -32.5341 0
      vertex -50.1798 -25.5617 0
      vertex -61.4446 -33.0018 0
    endloop
  endfacet
  facet normal 0 0 -1
    outer loop
      vertex -62.6569 -32.0069 0
      vertex -50.1798 -25.5617 0
      vertex -62.0751 -32.5341 0
    endloop
  endfacet
  facet normal 0 0 -1
    outer loop
      vertex -49.8803 -23.5427 0
      vertex -65 -19.45 0
      vertex -49.7041 -23.1701 0
    endloop
  endfacet
  facet normal 0 0 -1
    outer loop
      vertex -63.1841 -31.4251 0
      vertex -50.1798 -25.5617 0
      vertex -62.6569 -32.0069 0
    endloop
  endfacet
  facet normal 0 0 -1
    outer loop
      vertex -63.6518 -30.7946 0
      vertex -50.1798 -25.5617 0
      vertex -63.1841 -31.4251 0
    endloop
  endfacet
  facet normal 0 0 -1
    outer loop
      vertex -49.7041 -23.1701 0
      vertex -65 -19.45 0
      vertex -49.4922 -22.8166 0
    endloop
  endfacet
  facet normal 0 0 -1
    outer loop
      vertex -64.0554 -30.1212 0
      vertex -50.1798 -25.5617 0
      vertex -63.6518 -30.7946 0
    endloop
  endfacet
  facet normal 0 0 -1
    outer loop
      vertex -64.391 -29.4115 0
      vertex -50.1798 -25.5617 0
      vertex -64.0554 -30.1212 0
    endloop
  endfacet
  facet normal 0 0 -1
    outer loop
      vertex -49.4922 -22.8166 0
      vertex -65 -19.45 0
      vertex -49.2466 -22.4855 0
    endloop
  endfacet
  facet normal 0 0 -1
    outer loop
      vertex -50.1193 -24.3306 0
      vertex -65 -19.45 0
      vertex -50.0191 -23.9308 0
    endloop
  endfacet
  facet normal 0 0 -1
    outer loop
      vertex -64.6555 -28.6723 0
      vertex -50.1798 -25.5617 0
      vertex -64.391 -29.4115 0
    endloop
  endfacet
  facet normal 0 0 -1
    outer loop
      vertex -49.2466 -22.4855 0
      vertex -65 -19.45 0
      vertex -48.9698 -22.1802 0
    endloop
  endfacet
  facet normal 0 0 -1
    outer loop
      vertex -64.8463 -27.9107 0
      vertex -50.1798 -25.5617 0
      vertex -64.6555 -28.6723 0
    endloop
  endfacet
  facet normal 0 0 -1
    outer loop
      vertex -65 -26.35 0
      vertex -50.1798 -25.5617 0
      vertex -64.8463 -27.9107 0
    endloop
  endfacet
  facet normal 0 0 -1
    outer loop
      vertex -48.9698 -22.1802 0
      vertex -65 -19.45 0
      vertex -48.6645 -21.9034 0
    endloop
  endfacet
  facet normal 0 0 -1
    outer loop
      vertex -65 -19.45 0
      vertex -50.1193 -24.3306 0
      vertex -65 -26.35 0
    endloop
  endfacet
  facet normal -0 0 -1
    outer loop
      vertex -50.2 -25.15 0
      vertex -65 -26.35 0
      vertex -50.1798 -24.7383 0
    endloop
  endfacet
  facet normal -0 0 -1
    outer loop
      vertex -50.1798 -24.7383 0
      vertex -65 -26.35 0
      vertex -50.1193 -24.3306 0
    endloop
  endfacet
  facet normal 0 0 -1
    outer loop
      vertex -48.6645 -21.9034 0
      vertex -65 -19.45 0
      vertex -48.3334 -21.6578 0
    endloop
  endfacet
  facet normal -0 0 -1
    outer loop
      vertex -50.1798 -25.5617 0
      vertex -65 -26.35 0
      vertex -50.2 -25.15 0
    endloop
  endfacet
  facet normal 0 0 -1
    outer loop
      vertex -65 -26.35 0
      vertex -64.8463 -27.9107 0
      vertex -64.9615 -27.1341 0
    endloop
  endfacet
  facet normal 0 0 -1
    outer loop
      vertex -48.3334 -21.6578 0
      vertex -65 -19.45 0
      vertex -47.9799 -21.4459 0
    endloop
  endfacet
  facet normal 0 0 -1
    outer loop
      vertex -47.9799 -21.4459 0
      vertex -65 -19.45 0
      vertex -47.6073 -21.2697 0
    endloop
  endfacet
  facet normal 0 0 -1
    outer loop
      vertex -45.5883 -20.9702 0
      vertex -65 -19.45 0
      vertex 65 -19.45 0
    endloop
  endfacet
  facet normal 0 0 -1
    outer loop
      vertex -46.4117 -20.9702 0
      vertex -65 -19.45 0
      vertex -46 -20.95 0
    endloop
  endfacet
  facet normal 0 0 -1
    outer loop
      vertex -46.8194 -21.0307 0
      vertex -65 -19.45 0
      vertex -46.4117 -20.9702 0
    endloop
  endfacet
  facet normal 0 0 -1
    outer loop
      vertex -47.2192 -21.1308 0
      vertex -65 -19.45 0
      vertex -46.8194 -21.0307 0
    endloop
  endfacet
  facet normal 0 0 -1
    outer loop
      vertex -47.6073 -21.2697 0
      vertex -65 -19.45 0
      vertex -47.2192 -21.1308 0
    endloop
  endfacet
  facet normal 0 0 -1
    outer loop
      vertex 50.1193 24.3306 0
      vertex 65 26.35 0
      vertex 65 19.45 0
    endloop
  endfacet
  facet normal 0 -0 -1
    outer loop
      vertex 50.1798 24.7383 0
      vertex 65 26.35 0
      vertex 50.1193 24.3306 0
    endloop
  endfacet
  facet normal 0 0 -1
    outer loop
      vertex 50.1798 25.5617 0
      vertex 65 26.35 0
      vertex 50.2 25.15 0
    endloop
  endfacet
  facet normal -0 0 -1
    outer loop
      vertex 65 26.35 0
      vertex 50.1798 25.5617 0
      vertex 64.9615 27.1341 0
    endloop
  endfacet
  facet normal -0 0 -1
    outer loop
      vertex 64.9615 27.1341 0
      vertex 50.1798 25.5617 0
      vertex 64.8463 27.9107 0
    endloop
  endfacet
  facet normal -0 0 -1
    outer loop
      vertex 64.8463 27.9107 0
      vertex 50.1798 25.5617 0
      vertex 64.6555 28.6723 0
    endloop
  endfacet
  facet normal -0 0 -1
    outer loop
      vertex 64.6555 28.6723 0
      vertex 50.1798 25.5617 0
      vertex 64.391 29.4115 0
    endloop
  endfacet
  facet normal -0 0 -1
    outer loop
      vertex 64.0554 30.1212 0
      vertex 50.1798 25.5617 0
      vertex 63.6518 30.7946 0
    endloop
  endfacet
  facet normal -0 0 -1
    outer loop
      vertex 63.6518 30.7946 0
      vertex 50.1798 25.5617 0
      vertex 63.1841 31.4251 0
    endloop
  endfacet
  facet normal -0 0 -1
    outer loop
      vertex 63.1841 31.4251 0
      vertex 50.1798 25.5617 0
      vertex 62.6569 32.0069 0
    endloop
  endfacet
  facet normal -0 0 -1
    outer loop
      vertex 62.6569 32.0069 0
      vertex 50.1798 25.5617 0
      vertex 62.0751 32.5341 0
    endloop
  endfacet
  facet normal -0 0 -1
    outer loop
      vertex 62.0751 32.5341 0
      vertex 50.1798 25.5617 0
      vertex 61.4446 33.0018 0
    endloop
  endfacet
  facet normal 0 0 -1
    outer loop
      vertex 50.1193 25.9694 0
      vertex 61.4446 33.0018 0
      vertex 50.1798 25.5617 0
    endloop
  endfacet
  facet normal -0 0 -1
    outer loop
      vertex 61.4446 33.0018 0
      vertex 50.1193 25.9694 0
      vertex 60.7712 33.4054 0
    endloop
  endfacet
  facet normal -0 0 -1
    outer loop
      vertex 60.7712 33.4054 0
      vertex 50.1193 25.9694 0
      vertex 60.0615 33.741 0
    endloop
  endfacet
  facet normal -0 0 -1
    outer loop
      vertex 60.0615 33.741 0
      vertex 50.1193 25.9694 0
      vertex 59.3223 34.0055 0
    endloop
  endfacet
  facet normal -0 0 -1
    outer loop
      vertex 59.3223 34.0055 0
      vertex 50.1193 25.9694 0
      vertex 58.5607 34.1963 0
    endloop
  endfacet
  facet normal -0 0 -1
    outer loop
      vertex 64.391 29.4115 0
      vertex 50.1798 25.5617 0
      vertex 64.0554 30.1212 0
    endloop
  endfacet
  facet normal 0 -0 -1
    outer loop
      vertex 50.2 25.15 0
      vertex 65 26.35 0
      vertex 50.1798 24.7383 0
    endloop
  endfacet
  facet normal 0 0 -1
    outer loop
      vertex 65 19.45 0
      vertex 50.0191 23.9308 0
      vertex 50.1193 24.3306 0
    endloop
  endfacet
  facet normal 0 0 -1
    outer loop
      vertex 65 19.45 0
      vertex 49.8803 23.5427 0
      vertex 50.0191 23.9308 0
    endloop
  endfacet
  facet normal 0 0 -1
    outer loop
      vertex 65 19.45 0
      vertex 49.7041 23.1701 0
      vertex 49.8803 23.5427 0
    endloop
  endfacet
  facet normal 0 0 -1
    outer loop
      vertex 65 19.45 0
      vertex 49.4922 22.8166 0
      vertex 49.7041 23.1701 0
    endloop
  endfacet
  facet normal 0 0 -1
    outer loop
      vertex 65 19.45 0
      vertex 49.2466 22.4855 0
      vertex 49.4922 22.8166 0
    endloop
  endfacet
  facet normal 0 0 -1
    outer loop
      vertex 65 19.45 0
      vertex 48.9698 22.1802 0
      vertex 49.2466 22.4855 0
    endloop
  endfacet
  facet normal 0 0 -1
    outer loop
      vertex 65 19.45 0
      vertex 48.6645 21.9034 0
      vertex 48.9698 22.1802 0
    endloop
  endfacet
  facet normal 0 0 -1
    outer loop
      vertex 65 19.45 0
      vertex 48.3334 21.6578 0
      vertex 48.6645 21.9034 0
    endloop
  endfacet
  facet normal 0 0 -1
    outer loop
      vertex 65 19.45 0
      vertex 47.9799 21.4459 0
      vertex 48.3334 21.6578 0
    endloop
  endfacet
  facet normal 0 0 -1
    outer loop
      vertex 65 19.45 0
      vertex 47.6073 21.2697 0
      vertex 47.9799 21.4459 0
    endloop
  endfacet
  facet normal 0 0 -1
    outer loop
      vertex 65 19.45 0
      vertex 47.2192 21.1308 0
      vertex 47.6073 21.2697 0
    endloop
  endfacet
  facet normal 0 0 -1
    outer loop
      vertex 65 19.45 0
      vertex 46.8194 21.0307 0
      vertex 47.2192 21.1308 0
    endloop
  endfacet
  facet normal 0 0 -1
    outer loop
      vertex 65 19.45 0
      vertex 46.4117 20.9702 0
      vertex 46.8194 21.0307 0
    endloop
  endfacet
  facet normal 0 0 -1
    outer loop
      vertex 65 19.45 0
      vertex 46 20.95 0
      vertex 46.4117 20.9702 0
    endloop
  endfacet
  facet normal 0 0 -1
    outer loop
      vertex 65 19.45 0
      vertex 45.5883 20.9702 0
      vertex 46 20.95 0
    endloop
  endfacet
  facet normal 0 0 -1
    outer loop
      vertex 41.8202 24.7383 0
      vertex -41.8 25.15 0
      vertex 41.8 25.15 0
    endloop
  endfacet
  facet normal 0 0 -1
    outer loop
      vertex -41.8202 24.7383 0
      vertex 41.8202 24.7383 0
      vertex 41.8807 24.3306 0
    endloop
  endfacet
  facet normal 0 0 -1
    outer loop
      vertex -41.8807 24.3306 0
      vertex 41.8807 24.3306 0
      vertex 41.9809 23.9308 0
    endloop
  endfacet
  facet normal 0 0 -1
    outer loop
      vertex -41.9809 23.9308 0
      vertex 41.9809 23.9308 0
      vertex 42.1197 23.5427 0
    endloop
  endfacet
  facet normal 0 0 -1
    outer loop
      vertex -42.1197 23.5427 0
      vertex 42.1197 23.5427 0
      vertex 42.2959 23.1701 0
    endloop
  endfacet
  facet normal 0 0 -1
    outer loop
      vertex -42.2959 23.1701 0
      vertex 42.2959 23.1701 0
      vertex 42.5078 22.8166 0
    endloop
  endfacet
  facet normal 0 0 -1
    outer loop
      vertex -42.5078 22.8166 0
      vertex 42.5078 22.8166 0
      vertex 42.7534 22.4855 0
    endloop
  endfacet
  facet normal 0 0 -1
    outer loop
      vertex -42.7534 22.4855 0
      vertex 42.7534 22.4855 0
      vertex 43.0302 22.1802 0
    endloop
  endfacet
  facet normal 0 0 -1
    outer loop
      vertex -43.0302 22.1802 0
      vertex 43.0302 22.1802 0
      vertex 43.3355 21.9034 0
    endloop
  endfacet
  facet normal 0 0 -1
    outer loop
      vertex -43.3355 21.9034 0
      vertex 43.3355 21.9034 0
      vertex 43.6666 21.6578 0
    endloop
  endfacet
  facet normal 0 0 -1
    outer loop
      vertex -43.6666 21.6578 0
      vertex 43.6666 21.6578 0
      vertex 44.0201 21.4459 0
    endloop
  endfacet
  facet normal 0 0 -1
    outer loop
      vertex -44.0201 21.4459 0
      vertex 44.0201 21.4459 0
      vertex 44.3927 21.2697 0
    endloop
  endfacet
  facet normal 0 0 -1
    outer loop
      vertex -44.3927 21.2697 0
      vertex 44.3927 21.2697 0
      vertex 44.7808 21.1308 0
    endloop
  endfacet
  facet normal 0 0 -1
    outer loop
      vertex -44.7808 21.1308 0
      vertex 44.7808 21.1308 0
      vertex 45.1806 21.0307 0
    endloop
  endfacet
  facet normal 0 0 -1
    outer loop
      vertex -45.1806 21.0307 0
      vertex 45.1806 21.0307 0
      vertex 45.5883 20.9702 0
    endloop
  endfacet
  facet normal 0 0 -1
    outer loop
      vertex -45.5883 20.9702 0
      vertex 45.5883 20.9702 0
      vertex 65 19.45 0
    endloop
  endfacet
  facet normal 0 0 -1
    outer loop
      vertex 41.8202 24.7383 0
      vertex -41.8202 24.7383 0
      vertex -41.8 25.15 0
    endloop
  endfacet
  facet normal 0 0 -1
    outer loop
      vertex 41.8807 24.3306 0
      vertex -41.8807 24.3306 0
      vertex -41.8202 24.7383 0
    endloop
  endfacet
  facet normal 0 0 -1
    outer loop
      vertex 41.9809 23.9308 0
      vertex -41.9809 23.9308 0
      vertex -41.8807 24.3306 0
    endloop
  endfacet
  facet normal 0 0 -1
    outer loop
      vertex 42.1197 23.5427 0
      vertex -42.1197 23.5427 0
      vertex -41.9809 23.9308 0
    endloop
  endfacet
  facet normal 0 0 -1
    outer loop
      vertex 42.2959 23.1701 0
      vertex -42.2959 23.1701 0
      vertex -42.1197 23.5427 0
    endloop
  endfacet
  facet normal 0 0 -1
    outer loop
      vertex 42.5078 22.8166 0
      vertex -42.5078 22.8166 0
      vertex -42.2959 23.1701 0
    endloop
  endfacet
  facet normal 0 0 -1
    outer loop
      vertex 42.7534 22.4855 0
      vertex -42.7534 22.4855 0
      vertex -42.5078 22.8166 0
    endloop
  endfacet
  facet normal 0 0 -1
    outer loop
      vertex 43.0302 22.1802 0
      vertex -43.0302 22.1802 0
      vertex -42.7534 22.4855 0
    endloop
  endfacet
  facet normal 0 0 -1
    outer loop
      vertex 43.3355 21.9034 0
      vertex -43.3355 21.9034 0
      vertex -43.0302 22.1802 0
    endloop
  endfacet
  facet normal 0 0 -1
    outer loop
      vertex 43.6666 21.6578 0
      vertex -43.6666 21.6578 0
      vertex -43.3355 21.9034 0
    endloop
  endfacet
  facet normal 0 0 -1
    outer loop
      vertex 44.0201 21.4459 0
      vertex -44.0201 21.4459 0
      vertex -43.6666 21.6578 0
    endloop
  endfacet
  facet normal 0 0 -1
    outer loop
      vertex 44.3927 21.2697 0
      vertex -44.3927 21.2697 0
      vertex -44.0201 21.4459 0
    endloop
  endfacet
  facet normal 0 0 -1
    outer loop
      vertex 44.7808 21.1308 0
      vertex -44.7808 21.1308 0
      vertex -44.3927 21.2697 0
    endloop
  endfacet
  facet normal 0 0 -1
    outer loop
      vertex 45.1806 21.0307 0
      vertex -45.1806 21.0307 0
      vertex -44.7808 21.1308 0
    endloop
  endfacet
  facet normal 0 0 -1
    outer loop
      vertex 45.5883 20.9702 0
      vertex -45.5883 20.9702 0
      vertex -45.1806 21.0307 0
    endloop
  endfacet
  facet normal 0 0 -1
    outer loop
      vertex -65 19.45 0
      vertex -45.5883 20.9702 0
      vertex 65 19.45 0
    endloop
  endfacet
  facet normal 0 0 -1
    outer loop
      vertex -65 26.35 0
      vertex -50.2 25.15 0
      vertex -50.1798 24.7383 0
    endloop
  endfacet
  facet normal 0 0 -1
    outer loop
      vertex -65 26.35 0
      vertex -50.1798 24.7383 0
      vertex -50.1193 24.3306 0
    endloop
  endfacet
  facet normal 0 0 -1
    outer loop
      vertex -65 19.45 0
      vertex -50.1193 24.3306 0
      vertex -50.0191 23.9308 0
    endloop
  endfacet
  facet normal 0 0 -1
    outer loop
      vertex -65 19.45 0
      vertex -50.0191 23.9308 0
      vertex -49.8803 23.5427 0
    endloop
  endfacet
  facet normal 0 0 -1
    outer loop
      vertex -65 19.45 0
      vertex -49.8803 23.5427 0
      vertex -49.7041 23.1701 0
    endloop
  endfacet
  facet normal 0 0 -1
    outer loop
      vertex -65 19.45 0
      vertex -49.7041 23.1701 0
      vertex -49.4922 22.8166 0
    endloop
  endfacet
  facet normal 0 -0 -1
    outer loop
      vertex -64.8463 27.9107 0
      vertex -50.2 25.15 0
      vertex -65 26.35 0
    endloop
  endfacet
  facet normal 0 0 -1
    outer loop
      vertex -50.2 25.15 0
      vertex -57.7841 34.3115 0
      vertex -57 34.35 0
    endloop
  endfacet
  facet normal 0 0 -1
    outer loop
      vertex -65 19.45 0
      vertex -49.4922 22.8166 0
      vertex -49.2466 22.4855 0
    endloop
  endfacet
  facet normal 0 0 -1
    outer loop
      vertex -50.2 25.15 0
      vertex -58.5607 34.1963 0
      vertex -57.7841 34.3115 0
    endloop
  endfacet
  facet normal 0 0 -1
    outer loop
      vertex -50.2 25.15 0
      vertex -59.3223 34.0055 0
      vertex -58.5607 34.1963 0
    endloop
  endfacet
  facet normal 0 0 -1
    outer loop
      vertex -65 19.45 0
      vertex -49.2466 22.4855 0
      vertex -48.9698 22.1802 0
    endloop
  endfacet
  facet normal 0 0 -1
    outer loop
      vertex -50.2 25.15 0
      vertex -60.0615 33.741 0
      vertex -59.3223 34.0055 0
    endloop
  endfacet
  facet normal 0 0 -1
    outer loop
      vertex -50.2 25.15 0
      vertex -60.7712 33.4054 0
      vertex -60.0615 33.741 0
    endloop
  endfacet
  facet normal 0 0 -1
    outer loop
      vertex -65 19.45 0
      vertex -48.9698 22.1802 0
      vertex -48.6645 21.9034 0
    endloop
  endfacet
  facet normal 0 0 -1
    outer loop
      vertex -50.2 25.15 0
      vertex -61.4446 33.0018 0
      vertex -60.7712 33.4054 0
    endloop
  endfacet
  facet normal 0 0 -1
    outer loop
      vertex -50.2 25.15 0
      vertex -62.0751 32.5341 0
      vertex -61.4446 33.0018 0
    endloop
  endfacet
  facet normal 0 0 -1
    outer loop
      vertex -65 19.45 0
      vertex -48.6645 21.9034 0
      vertex -48.3334 21.6578 0
    endloop
  endfacet
  facet normal 0 0 -1
    outer loop
      vertex -50.2 25.15 0
      vertex -62.6569 32.0069 0
      vertex -62.0751 32.5341 0
    endloop
  endfacet
  facet normal 0 0 -1
    outer loop
      vertex -50.2 25.15 0
      vertex -63.1841 31.4251 0
      vertex -62.6569 32.0069 0
    endloop
  endfacet
  facet normal 0 0 -1
    outer loop
      vertex -65 19.45 0
      vertex -48.3334 21.6578 0
      vertex -47.9799 21.4459 0
    endloop
  endfacet
  facet normal 0 0 -1
    outer loop
      vertex -50.2 25.15 0
      vertex -63.6518 30.7946 0
      vertex -63.1841 31.4251 0
    endloop
  endfacet
  facet normal 0 0 -1
    outer loop
      vertex -50.2 25.15 0
      vertex -64.0554 30.1212 0
      vertex -63.6518 30.7946 0
    endloop
  endfacet
  facet normal 0 0 -1
    outer loop
      vertex -50.2 25.15 0
      vertex -64.391 29.4115 0
      vertex -64.0554 30.1212 0
    endloop
  endfacet
  facet normal 0 0 -1
    outer loop
      vertex -65 19.45 0
      vertex -47.9799 21.4459 0
      vertex -47.6073 21.2697 0
    endloop
  endfacet
  facet normal 0 0 -1
    outer loop
      vertex -50.2 25.15 0
      vertex -64.6555 28.6723 0
      vertex -64.391 29.4115 0
    endloop
  endfacet
  facet normal 0 0 -1
    outer loop
      vertex -50.2 25.15 0
      vertex -64.8463 27.9107 0
      vertex -64.6555 28.6723 0
    endloop
  endfacet
  facet normal 0 0 -1
    outer loop
      vertex -65 19.45 0
      vertex -47.6073 21.2697 0
      vertex -47.2192 21.1308 0
    endloop
  endfacet
  facet normal 0 0 -1
    outer loop
      vertex -45.5883 20.9702 0
      vertex -65 19.45 0
      vertex -46 20.95 0
    endloop
  endfacet
  facet normal 0 0 -1
    outer loop
      vertex -65 19.45 0
      vertex -46.4117 20.9702 0
      vertex -46 20.95 0
    endloop
  endfacet
  facet normal 0 0 -1
    outer loop
      vertex -65 19.45 0
      vertex -46.8194 21.0307 0
      vertex -46.4117 20.9702 0
    endloop
  endfacet
  facet normal 0 0 -1
    outer loop
      vertex -65 19.45 0
      vertex -47.2192 21.1308 0
      vertex -46.8194 21.0307 0
    endloop
  endfacet
  facet normal -0 0 -1
    outer loop
      vertex -50.1193 24.3306 0
      vertex -65 19.45 0
      vertex -65 26.35 0
    endloop
  endfacet
  facet normal 0 0 -1
    outer loop
      vertex -64.8463 27.9107 0
      vertex -65 26.35 0
      vertex -64.9615 27.1341 0
    endloop
  endfacet
  facet normal -0 0 -1
    outer loop
      vertex 58.5607 34.1963 0
      vertex 50.1193 25.9694 0
      vertex 57.7841 34.3115 0
    endloop
  endfacet
  facet normal -0 0 -1
    outer loop
      vertex 57.7841 34.3115 0
      vertex 50.1193 25.9694 0
      vertex 57 34.35 0
    endloop
  endfacet
  facet normal 0 0 -1
    outer loop
      vertex 50.0191 26.3692 0
      vertex 57 34.35 0
      vertex 50.1193 25.9694 0
    endloop
  endfacet
  facet normal 0 0 -1
    outer loop
      vertex 49.8803 26.7573 0
      vertex 57 34.35 0
      vertex 50.0191 26.3692 0
    endloop
  endfacet
  facet normal 0 0 -1
    outer loop
      vertex 49.7041 27.1299 0
      vertex 57 34.35 0
      vertex 49.8803 26.7573 0
    endloop
  endfacet
  facet normal 0 0 -1
    outer loop
      vertex 49.4922 27.4834 0
      vertex 57 34.35 0
      vertex 49.7041 27.1299 0
    endloop
  endfacet
  facet normal 0 0 -1
    outer loop
      vertex 49.2466 27.8145 0
      vertex 57 34.35 0
      vertex 49.4922 27.4834 0
    endloop
  endfacet
  facet normal 0 0 -1
    outer loop
      vertex 48.9698 28.1198 0
      vertex 57 34.35 0
      vertex 49.2466 27.8145 0
    endloop
  endfacet
  facet normal 0 0 -1
    outer loop
      vertex 48.6645 28.3966 0
      vertex 57 34.35 0
      vertex 48.9698 28.1198 0
    endloop
  endfacet
  facet normal 0 0 -1
    outer loop
      vertex 48.3334 28.6422 0
      vertex 57 34.35 0
      vertex 48.6645 28.3966 0
    endloop
  endfacet
  facet normal 0 0 -1
    outer loop
      vertex 47.9799 28.8541 0
      vertex 57 34.35 0
      vertex 48.3334 28.6422 0
    endloop
  endfacet
  facet normal 0 0 -1
    outer loop
      vertex 47.6073 29.0303 0
      vertex 57 34.35 0
      vertex 47.9799 28.8541 0
    endloop
  endfacet
  facet normal 0 0 -1
    outer loop
      vertex 47.2192 29.1691 0
      vertex 57 34.35 0
      vertex 47.6073 29.0303 0
    endloop
  endfacet
  facet normal 0 0 -1
    outer loop
      vertex 46.8194 29.2693 0
      vertex 57 34.35 0
      vertex 47.2192 29.1691 0
    endloop
  endfacet
  facet normal 0 0 -1
    outer loop
      vertex 46.4117 29.3298 0
      vertex 57 34.35 0
      vertex 46.8194 29.2693 0
    endloop
  endfacet
  facet normal 0 0 -1
    outer loop
      vertex 46 29.35 0
      vertex 57 34.35 0
      vertex 46.4117 29.3298 0
    endloop
  endfacet
  facet normal 0 0 -1
    outer loop
      vertex 45.5883 29.3298 0
      vertex 57 34.35 0
      vertex 46 29.35 0
    endloop
  endfacet
  facet normal 0 0 -1
    outer loop
      vertex 45.1806 29.2693 0
      vertex 57 34.35 0
      vertex 45.5883 29.3298 0
    endloop
  endfacet
  facet normal 0 0 -1
    outer loop
      vertex 44.7808 29.1691 0
      vertex 57 34.35 0
      vertex 45.1806 29.2693 0
    endloop
  endfacet
  facet normal 0 0 -1
    outer loop
      vertex 44.3927 29.0303 0
      vertex 57 34.35 0
      vertex 44.7808 29.1691 0
    endloop
  endfacet
  facet normal 0 0 -1
    outer loop
      vertex -41.8 25.15 0
      vertex 41.8202 25.5617 0
      vertex 41.8 25.15 0
    endloop
  endfacet
  facet normal 0 0 -1
    outer loop
      vertex -41.8202 25.5617 0
      vertex 41.8202 25.5617 0
      vertex -41.8 25.15 0
    endloop
  endfacet
  facet normal 0 0 -1
    outer loop
      vertex 41.8202 25.5617 0
      vertex -41.8202 25.5617 0
      vertex 41.8807 25.9694 0
    endloop
  endfacet
  facet normal 0 0 -1
    outer loop
      vertex -41.8807 25.9694 0
      vertex 41.8807 25.9694 0
      vertex -41.8202 25.5617 0
    endloop
  endfacet
  facet normal 0 0 -1
    outer loop
      vertex 41.8807 25.9694 0
      vertex -41.8807 25.9694 0
      vertex 41.9809 26.3692 0
    endloop
  endfacet
  facet normal 0 0 -1
    outer loop
      vertex -41.9809 26.3692 0
      vertex 41.9809 26.3692 0
      vertex -41.8807 25.9694 0
    endloop
  endfacet
  facet normal 0 0 -1
    outer loop
      vertex 41.9809 26.3692 0
      vertex -41.9809 26.3692 0
      vertex 42.1197 26.7573 0
    endloop
  endfacet
  facet normal 0 0 -1
    outer loop
      vertex -42.1197 26.7573 0
      vertex 42.1197 26.7573 0
      vertex -41.9809 26.3692 0
    endloop
  endfacet
  facet normal 0 0 -1
    outer loop
      vertex 42.1197 26.7573 0
      vertex -42.1197 26.7573 0
      vertex 42.2959 27.1299 0
    endloop
  endfacet
  facet normal 0 0 -1
    outer loop
      vertex -42.2959 27.1299 0
      vertex 42.2959 27.1299 0
      vertex -42.1197 26.7573 0
    endloop
  endfacet
  facet normal 0 0 -1
    outer loop
      vertex 42.2959 27.1299 0
      vertex -42.2959 27.1299 0
      vertex 42.5078 27.4834 0
    endloop
  endfacet
  facet normal 0 0 -1
    outer loop
      vertex -42.5078 27.4834 0
      vertex 42.5078 27.4834 0
      vertex -42.2959 27.1299 0
    endloop
  endfacet
  facet normal 0 0 -1
    outer loop
      vertex 42.5078 27.4834 0
      vertex -42.5078 27.4834 0
      vertex 42.7534 27.8145 0
    endloop
  endfacet
  facet normal 0 0 -1
    outer loop
      vertex -42.7534 27.8145 0
      vertex 42.7534 27.8145 0
      vertex -42.5078 27.4834 0
    endloop
  endfacet
  facet normal 0 0 -1
    outer loop
      vertex 42.7534 27.8145 0
      vertex -42.7534 27.8145 0
      vertex 43.0302 28.1198 0
    endloop
  endfacet
  facet normal 0 0 -1
    outer loop
      vertex -43.0302 28.1198 0
      vertex 43.0302 28.1198 0
      vertex -42.7534 27.8145 0
    endloop
  endfacet
  facet normal 0 0 -1
    outer loop
      vertex 43.0302 28.1198 0
      vertex -43.0302 28.1198 0
      vertex 43.3355 28.3966 0
    endloop
  endfacet
  facet normal 0 0 -1
    outer loop
      vertex -43.3355 28.3966 0
      vertex 43.3355 28.3966 0
      vertex -43.0302 28.1198 0
    endloop
  endfacet
  facet normal 0 0 -1
    outer loop
      vertex 43.3355 28.3966 0
      vertex -43.3355 28.3966 0
      vertex 43.6666 28.6422 0
    endloop
  endfacet
  facet normal 0 0 -1
    outer loop
      vertex -43.6666 28.6422 0
      vertex 43.6666 28.6422 0
      vertex -43.3355 28.3966 0
    endloop
  endfacet
  facet normal 0 0 -1
    outer loop
      vertex 43.6666 28.6422 0
      vertex -43.6666 28.6422 0
      vertex 44.0201 28.8541 0
    endloop
  endfacet
  facet normal 0 0 -1
    outer loop
      vertex -44.0201 28.8541 0
      vertex 44.0201 28.8541 0
      vertex -43.6666 28.6422 0
    endloop
  endfacet
  facet normal 0 0 -1
    outer loop
      vertex 44.0201 28.8541 0
      vertex -44.0201 28.8541 0
      vertex 44.3927 29.0303 0
    endloop
  endfacet
  facet normal 0 0 -1
    outer loop
      vertex -44.3927 29.0303 0
      vertex 44.3927 29.0303 0
      vertex -44.0201 28.8541 0
    endloop
  endfacet
  facet normal 0 0 -1
    outer loop
      vertex 44.3927 29.0303 0
      vertex -44.3927 29.0303 0
      vertex 57 34.35 0
    endloop
  endfacet
  facet normal 0 0 -1
    outer loop
      vertex -44.7808 29.1691 0
      vertex 57 34.35 0
      vertex -44.3927 29.0303 0
    endloop
  endfacet
  facet normal 0 0 -1
    outer loop
      vertex -57 34.35 0
      vertex -44.7808 29.1691 0
      vertex -45.1806 29.2693 0
    endloop
  endfacet
  facet normal 0 0 -1
    outer loop
      vertex -57 34.35 0
      vertex -45.1806 29.2693 0
      vertex -45.5883 29.3298 0
    endloop
  endfacet
  facet normal 0 0 -1
    outer loop
      vertex -57 34.35 0
      vertex -45.5883 29.3298 0
      vertex -46 29.35 0
    endloop
  endfacet
  facet normal 0 0 -1
    outer loop
      vertex -44.7808 29.1691 0
      vertex -57 34.35 0
      vertex 57 34.35 0
    endloop
  endfacet
  facet normal 0 0 -1
    outer loop
      vertex -46.4117 29.3298 0
      vertex -57 34.35 0
      vertex -46 29.35 0
    endloop
  endfacet
  facet normal 0 0 -1
    outer loop
      vertex -46.8194 29.2693 0
      vertex -57 34.35 0
      vertex -46.4117 29.3298 0
    endloop
  endfacet
  facet normal 0 0 -1
    outer loop
      vertex -47.2192 29.1691 0
      vertex -57 34.35 0
      vertex -46.8194 29.2693 0
    endloop
  endfacet
  facet normal 0 0 -1
    outer loop
      vertex -47.6073 29.0303 0
      vertex -57 34.35 0
      vertex -47.2192 29.1691 0
    endloop
  endfacet
  facet normal 0 0 -1
    outer loop
      vertex -47.9799 28.8541 0
      vertex -57 34.35 0
      vertex -47.6073 29.0303 0
    endloop
  endfacet
  facet normal 0 0 -1
    outer loop
      vertex -48.3334 28.6422 0
      vertex -57 34.35 0
      vertex -47.9799 28.8541 0
    endloop
  endfacet
  facet normal 0 0 -1
    outer loop
      vertex -48.6645 28.3966 0
      vertex -57 34.35 0
      vertex -48.3334 28.6422 0
    endloop
  endfacet
  facet normal 0 0 -1
    outer loop
      vertex -48.9698 28.1198 0
      vertex -57 34.35 0
      vertex -48.6645 28.3966 0
    endloop
  endfacet
  facet normal 0 0 -1
    outer loop
      vertex -49.2466 27.8145 0
      vertex -57 34.35 0
      vertex -48.9698 28.1198 0
    endloop
  endfacet
  facet normal 0 0 -1
    outer loop
      vertex -49.4922 27.4834 0
      vertex -57 34.35 0
      vertex -49.2466 27.8145 0
    endloop
  endfacet
  facet normal 0 0 -1
    outer loop
      vertex -49.7041 27.1299 0
      vertex -57 34.35 0
      vertex -49.4922 27.4834 0
    endloop
  endfacet
  facet normal 0 0 -1
    outer loop
      vertex -49.8803 26.7573 0
      vertex -57 34.35 0
      vertex -49.7041 27.1299 0
    endloop
  endfacet
  facet normal 0 0 -1
    outer loop
      vertex -50.0191 26.3692 0
      vertex -57 34.35 0
      vertex -49.8803 26.7573 0
    endloop
  endfacet
  facet normal 0 0 -1
    outer loop
      vertex -50.1193 25.9694 0
      vertex -57 34.35 0
      vertex -50.0191 26.3692 0
    endloop
  endfacet
  facet normal 0 0 -1
    outer loop
      vertex -50.1798 25.5617 0
      vertex -57 34.35 0
      vertex -50.1193 25.9694 0
    endloop
  endfacet
  facet normal 0 0 -1
    outer loop
      vertex -57 34.35 0
      vertex -50.1798 25.5617 0
      vertex -50.2 25.15 0
    endloop
  endfacet
  facet normal -0.336901 0.94154 0
    outer loop
      vertex -59.3223 34.0055 0
      vertex -60.0615 33.741 10
      vertex -59.3223 34.0055 10
    endloop
  endfacet
  facet normal -0.336901 0.94154 0
    outer loop
      vertex -60.0615 33.741 10
      vertex -59.3223 34.0055 0
      vertex -60.0615 33.741 0
    endloop
  endfacet
  facet normal -0 0 1
    outer loop
      vertex -27.5 34.35 10
      vertex 27.5 4.5 10
      vertex 27.5 34.35 10
    endloop
  endfacet
  facet normal 0 0 1
    outer loop
      vertex 27.5 4.5 10
      vertex -27.5 34.35 10
      vertex -27.5 4.5 10
    endloop
  endfacet
  facet normal 0 0 -1
    outer loop
      vertex 27.5 34.35 10
      vertex 32.5 34.5 10
      vertex 32.5 34.35 10
    endloop
  endfacet
  facet normal -0 0 -1
    outer loop
      vertex 32.5 34.5 10
      vertex 27.5 34.35 10
      vertex 27.5 34.5 10
    endloop
  endfacet
  facet normal -0 0 1
    outer loop
      vertex -42.1197 23.5427 10
      vertex -32.5 4.5 10
      vertex -41.9809 23.9308 10
    endloop
  endfacet
  facet normal 0 0 1
    outer loop
      vertex -38 -4.5 10
      vertex -41.8202 -24.7383 10
      vertex -41.8 -25.15 10
    endloop
  endfacet
  facet normal -0 0 1
    outer loop
      vertex -42.2959 23.1701 10
      vertex -32.5 4.5 10
      vertex -42.1197 23.5427 10
    endloop
  endfacet
  facet normal 0 0 1
    outer loop
      vertex -38 -4.5 10
      vertex -41.8807 -24.3306 10
      vertex -41.8202 -24.7383 10
    endloop
  endfacet
  facet normal -0 0 1
    outer loop
      vertex -42.5078 22.8166 10
      vertex -32.5 4.5 10
      vertex -42.2959 23.1701 10
    endloop
  endfacet
  facet normal 0 0 1
    outer loop
      vertex -38 -4.5 10
      vertex -41.9809 -23.9308 10
      vertex -41.8807 -24.3306 10
    endloop
  endfacet
  facet normal -0 0 1
    outer loop
      vertex -42.7534 22.4855 10
      vertex -32.5 4.5 10
      vertex -42.5078 22.8166 10
    endloop
  endfacet
  facet normal 0 0 1
    outer loop
      vertex -38 -4.5 10
      vertex -42.1197 -23.5427 10
      vertex -41.9809 -23.9308 10
    endloop
  endfacet
  facet normal -0 0 1
    outer loop
      vertex -43.0302 22.1802 10
      vertex -32.5 4.5 10
      vertex -42.7534 22.4855 10
    endloop
  endfacet
  facet normal 0 0 1
    outer loop
      vertex -38 -4.5 10
      vertex -42.2959 -23.1701 10
      vertex -42.1197 -23.5427 10
    endloop
  endfacet
  facet normal 0 0 1
    outer loop
      vertex -32.5 4.5 10
      vertex -43.0302 22.1802 10
      vertex -38 4.5 10
    endloop
  endfacet
  facet normal 0 0 1
    outer loop
      vertex -38 -4.5 10
      vertex -42.5078 -22.8166 10
      vertex -42.2959 -23.1701 10
    endloop
  endfacet
  facet normal -0 0 1
    outer loop
      vertex -43.3355 21.9034 10
      vertex -38 4.5 10
      vertex -43.0302 22.1802 10
    endloop
  endfacet
  facet normal 0 0 1
    outer loop
      vertex -38 -4.5 10
      vertex -42.7534 -22.4855 10
      vertex -42.5078 -22.8166 10
    endloop
  endfacet
  facet normal -0 0 1
    outer loop
      vertex -43.6666 21.6578 10
      vertex -38 4.5 10
      vertex -43.3355 21.9034 10
    endloop
  endfacet
  facet normal 0 0 1
    outer loop
      vertex -38 -4.5 10
      vertex -43.0302 -22.1802 10
      vertex -42.7534 -22.4855 10
    endloop
  endfacet
  facet normal -0 0 1
    outer loop
      vertex -44.0201 21.4459 10
      vertex -38 4.5 10
      vertex -43.6666 21.6578 10
    endloop
  endfacet
  facet normal 0 0 1
    outer loop
      vertex -38 -4.5 10
      vertex -43.3355 -21.9034 10
      vertex -43.0302 -22.1802 10
    endloop
  endfacet
  facet normal -0 0 1
    outer loop
      vertex -44.3927 21.2697 10
      vertex -38 4.5 10
      vertex -44.0201 21.4459 10
    endloop
  endfacet
  facet normal 0 0 1
    outer loop
      vertex -38 -4.5 10
      vertex -43.6666 -21.6578 10
      vertex -43.3355 -21.9034 10
    endloop
  endfacet
  facet normal -0 0 1
    outer loop
      vertex -44.7808 21.1308 10
      vertex -38 4.5 10
      vertex -44.3927 21.2697 10
    endloop
  endfacet
  facet normal 0 0 1
    outer loop
      vertex -38 -4.5 10
      vertex -44.0201 -21.4459 10
      vertex -43.6666 -21.6578 10
    endloop
  endfacet
  facet normal -0 0 1
    outer loop
      vertex -45.1806 21.0307 10
      vertex -38 4.5 10
      vertex -44.7808 21.1308 10
    endloop
  endfacet
  facet normal 0 0 1
    outer loop
      vertex -38 -4.5 10
      vertex -44.3927 -21.2697 10
      vertex -44.0201 -21.4459 10
    endloop
  endfacet
  facet normal -0 0 1
    outer loop
      vertex -45.5883 20.9702 10
      vertex -38 4.5 10
      vertex -45.1806 21.0307 10
    endloop
  endfacet
  facet normal 0 0 1
    outer loop
      vertex -38 -4.5 10
      vertex -44.7808 -21.1308 10
      vertex -44.3927 -21.2697 10
    endloop
  endfacet
  facet normal -0 0 1
    outer loop
      vertex -46 20.95 10
      vertex -38 4.5 10
      vertex -45.5883 20.9702 10
    endloop
  endfacet
  facet normal 0 0 1
    outer loop
      vertex -38 -4.5 10
      vertex -45.1806 -21.0307 10
      vertex -44.7808 -21.1308 10
    endloop
  endfacet
  facet normal 0 0 1
    outer loop
      vertex -46.4117 20.9702 10
      vertex -38 4.5 10
      vertex -46 20.95 10
    endloop
  endfacet
  facet normal 0 0 1
    outer loop
      vertex -38 -4.5 10
      vertex -45.5883 -20.9702 10
      vertex -45.1806 -21.0307 10
    endloop
  endfacet
  facet normal 0 0 1
    outer loop
      vertex -46.8194 21.0307 10
      vertex -38 4.5 10
      vertex -46.4117 20.9702 10
    endloop
  endfacet
  facet normal 0 0 1
    outer loop
      vertex -38 -4.5 10
      vertex -46 -20.95 10
      vertex -45.5883 -20.9702 10
    endloop
  endfacet
  facet normal 0 0 1
    outer loop
      vertex -47.2192 21.1308 10
      vertex -38 4.5 10
      vertex -46.8194 21.0307 10
    endloop
  endfacet
  facet normal 0 0 1
    outer loop
      vertex -38 -4.5 10
      vertex -46.4117 -20.9702 10
      vertex -46 -20.95 10
    endloop
  endfacet
  facet normal 0 0 1
    outer loop
      vertex -47.6073 21.2697 10
      vertex -38 4.5 10
      vertex -47.2192 21.1308 10
    endloop
  endfacet
  facet normal 0 0 1
    outer loop
      vertex -38 -4.5 10
      vertex -46.8194 -21.0307 10
      vertex -46.4117 -20.9702 10
    endloop
  endfacet
  facet normal 0 0 1
    outer loop
      vertex -47.9799 21.4459 10
      vertex -38 4.5 10
      vertex -47.6073 21.2697 10
    endloop
  endfacet
  facet normal 0 0 1
    outer loop
      vertex -38 -4.5 10
      vertex -47.2192 -21.1308 10
      vertex -46.8194 -21.0307 10
    endloop
  endfacet
  facet normal 0 0 1
    outer loop
      vertex -48.3334 21.6578 10
      vertex -38 4.5 10
      vertex -47.9799 21.4459 10
    endloop
  endfacet
  facet normal 0 0 1
    outer loop
      vertex -38 -4.5 10
      vertex -47.6073 -21.2697 10
      vertex -47.2192 -21.1308 10
    endloop
  endfacet
  facet normal 0 0 1
    outer loop
      vertex -65 26.35 10
      vertex -38 4.5 10
      vertex -48.3334 21.6578 10
    endloop
  endfacet
  facet normal 0 0 1
    outer loop
      vertex -38 -4.5 10
      vertex -47.9799 -21.4459 10
      vertex -47.6073 -21.2697 10
    endloop
  endfacet
  facet normal 0 0 1
    outer loop
      vertex -38 4.5 10
      vertex -65 26.35 10
      vertex -38 -4.5 10
    endloop
  endfacet
  facet normal 0 0 1
    outer loop
      vertex -38 -4.5 10
      vertex -48.3334 -21.6578 10
      vertex -47.9799 -21.4459 10
    endloop
  endfacet
  facet normal 0 0 1
    outer loop
      vertex -65 26.35 10
      vertex -48.3334 21.6578 10
      vertex -48.6645 21.9034 10
    endloop
  endfacet
  facet normal 0 0 1
    outer loop
      vertex -65 -26.35 10
      vertex -38 -4.5 10
      vertex -65 26.35 10
    endloop
  endfacet
  facet normal 0 0 1
    outer loop
      vertex -65 26.35 10
      vertex -48.6645 21.9034 10
      vertex -48.9698 22.1802 10
    endloop
  endfacet
  facet normal 0 0 1
    outer loop
      vertex -38 -4.5 10
      vertex -65 -26.35 10
      vertex -48.3334 -21.6578 10
    endloop
  endfacet
  facet normal 0 0 1
    outer loop
      vertex -65 26.35 10
      vertex -48.9698 22.1802 10
      vertex -49.2466 22.4855 10
    endloop
  endfacet
  facet normal 0 0 1
    outer loop
      vertex -48.3334 -21.6578 10
      vertex -65 -26.35 10
      vertex -48.6645 -21.9034 10
    endloop
  endfacet
  facet normal 0 0 1
    outer loop
      vertex -65 26.35 10
      vertex -49.2466 22.4855 10
      vertex -49.4922 22.8166 10
    endloop
  endfacet
  facet normal 0 0 1
    outer loop
      vertex -48.6645 -21.9034 10
      vertex -65 -26.35 10
      vertex -48.9698 -22.1802 10
    endloop
  endfacet
  facet normal 0 0 1
    outer loop
      vertex -65 26.35 10
      vertex -49.4922 22.8166 10
      vertex -49.7041 23.1701 10
    endloop
  endfacet
  facet normal 0 0 1
    outer loop
      vertex -48.9698 -22.1802 10
      vertex -65 -26.35 10
      vertex -49.2466 -22.4855 10
    endloop
  endfacet
  facet normal 0 0 1
    outer loop
      vertex -65 26.35 10
      vertex -49.7041 23.1701 10
      vertex -49.8803 23.5427 10
    endloop
  endfacet
  facet normal 0 0 1
    outer loop
      vertex -49.2466 -22.4855 10
      vertex -65 -26.35 10
      vertex -49.4922 -22.8166 10
    endloop
  endfacet
  facet normal 0 0 1
    outer loop
      vertex -65 26.35 10
      vertex -49.8803 23.5427 10
      vertex -50.0191 23.9308 10
    endloop
  endfacet
  facet normal 0 0 1
    outer loop
      vertex -49.4922 -22.8166 10
      vertex -65 -26.35 10
      vertex -49.7041 -23.1701 10
    endloop
  endfacet
  facet normal 0 0 1
    outer loop
      vertex -65 26.35 10
      vertex -50.0191 23.9308 10
      vertex -50.1193 24.3306 10
    endloop
  endfacet
  facet normal 0 0 1
    outer loop
      vertex -49.7041 -23.1701 10
      vertex -65 -26.35 10
      vertex -49.8803 -23.5427 10
    endloop
  endfacet
  facet normal 0 0 1
    outer loop
      vertex -65 26.35 10
      vertex -50.1193 24.3306 10
      vertex -50.1798 24.7383 10
    endloop
  endfacet
  facet normal 0 0 1
    outer loop
      vertex -49.8803 -23.5427 10
      vertex -65 -26.35 10
      vertex -50.0191 -23.9308 10
    endloop
  endfacet
  facet normal 0 0 1
    outer loop
      vertex -65 26.35 10
      vertex -50.1798 24.7383 10
      vertex -50.2 25.15 10
    endloop
  endfacet
  facet normal 0 0 1
    outer loop
      vertex -50.0191 -23.9308 10
      vertex -65 -26.35 10
      vertex -50.1193 -24.3306 10
    endloop
  endfacet
  facet normal 0 0 1
    outer loop
      vertex -41.8202 24.7383 10
      vertex -32.5 34.35 10
      vertex -41.8 25.15 10
    endloop
  endfacet
  facet normal 0 0 1
    outer loop
      vertex -41.9809 23.9308 10
      vertex -32.5 34.35 10
      vertex -41.8807 24.3306 10
    endloop
  endfacet
  facet normal 0 0 1
    outer loop
      vertex -41.8807 24.3306 10
      vertex -32.5 34.35 10
      vertex -41.8202 24.7383 10
    endloop
  endfacet
  facet normal 0 0 1
    outer loop
      vertex -32.5 34.35 10
      vertex -41.8202 25.5617 10
      vertex -41.8 25.15 10
    endloop
  endfacet
  facet normal 0 0 1
    outer loop
      vertex -32.5 34.35 10
      vertex -41.8807 25.9694 10
      vertex -41.8202 25.5617 10
    endloop
  endfacet
  facet normal 0 0 1
    outer loop
      vertex -32.5 34.35 10
      vertex -41.9809 26.3692 10
      vertex -41.8807 25.9694 10
    endloop
  endfacet
  facet normal 0 0 1
    outer loop
      vertex -32.5 34.35 10
      vertex -42.1197 26.7573 10
      vertex -41.9809 26.3692 10
    endloop
  endfacet
  facet normal 0 0 1
    outer loop
      vertex -32.5 34.35 10
      vertex -42.2959 27.1299 10
      vertex -42.1197 26.7573 10
    endloop
  endfacet
  facet normal 0 0 1
    outer loop
      vertex -32.5 34.35 10
      vertex -42.5078 27.4834 10
      vertex -42.2959 27.1299 10
    endloop
  endfacet
  facet normal 0 0 1
    outer loop
      vertex -32.5 34.35 10
      vertex -42.7534 27.8145 10
      vertex -42.5078 27.4834 10
    endloop
  endfacet
  facet normal 0 0 1
    outer loop
      vertex -32.5 34.35 10
      vertex -43.0302 28.1198 10
      vertex -42.7534 27.8145 10
    endloop
  endfacet
  facet normal 0 0 1
    outer loop
      vertex -32.5 34.35 10
      vertex -43.3355 28.3966 10
      vertex -43.0302 28.1198 10
    endloop
  endfacet
  facet normal 0 0 1
    outer loop
      vertex -32.5 34.35 10
      vertex -43.6666 28.6422 10
      vertex -43.3355 28.3966 10
    endloop
  endfacet
  facet normal 0 0 1
    outer loop
      vertex -32.5 34.35 10
      vertex -44.0201 28.8541 10
      vertex -43.6666 28.6422 10
    endloop
  endfacet
  facet normal 0 0 1
    outer loop
      vertex -32.5 34.35 10
      vertex -44.3927 29.0303 10
      vertex -44.0201 28.8541 10
    endloop
  endfacet
  facet normal 0 0 1
    outer loop
      vertex -32.5 34.35 10
      vertex -44.7808 29.1691 10
      vertex -44.3927 29.0303 10
    endloop
  endfacet
  facet normal 0 0 1
    outer loop
      vertex -32.5 34.35 10
      vertex -45.1806 29.2693 10
      vertex -44.7808 29.1691 10
    endloop
  endfacet
  facet normal 0 0 1
    outer loop
      vertex -32.5 34.35 10
      vertex -45.5883 29.3298 10
      vertex -45.1806 29.2693 10
    endloop
  endfacet
  facet normal -0 0 1
    outer loop
      vertex -57 34.35 10
      vertex -45.5883 29.3298 10
      vertex -32.5 34.35 10
    endloop
  endfacet
  facet normal 0 0 1
    outer loop
      vertex -45.5883 29.3298 10
      vertex -57 34.35 10
      vertex -46 29.35 10
    endloop
  endfacet
  facet normal 0 0 1
    outer loop
      vertex -46 29.35 10
      vertex -57 34.35 10
      vertex -46.4117 29.3298 10
    endloop
  endfacet
  facet normal 0 0 1
    outer loop
      vertex -46.4117 29.3298 10
      vertex -57 34.35 10
      vertex -46.8194 29.2693 10
    endloop
  endfacet
  facet normal -0 0 1
    outer loop
      vertex -59.3223 34.0055 10
      vertex -50.1193 25.9694 10
      vertex -58.5607 34.1963 10
    endloop
  endfacet
  facet normal -0 0 1
    outer loop
      vertex -58.5607 34.1963 10
      vertex -50.1193 25.9694 10
      vertex -57.7841 34.3115 10
    endloop
  endfacet
  facet normal -0 0 1
    outer loop
      vertex -57.7841 34.3115 10
      vertex -50.1193 25.9694 10
      vertex -57 34.35 10
    endloop
  endfacet
  facet normal 0 0 1
    outer loop
      vertex -50.0191 26.3692 10
      vertex -57 34.35 10
      vertex -50.1193 25.9694 10
    endloop
  endfacet
  facet normal 0 0 1
    outer loop
      vertex -49.8803 26.7573 10
      vertex -57 34.35 10
      vertex -50.0191 26.3692 10
    endloop
  endfacet
  facet normal 0 0 1
    outer loop
      vertex -49.7041 27.1299 10
      vertex -57 34.35 10
      vertex -49.8803 26.7573 10
    endloop
  endfacet
  facet normal 0 0 1
    outer loop
      vertex -49.4922 27.4834 10
      vertex -57 34.35 10
      vertex -49.7041 27.1299 10
    endloop
  endfacet
  facet normal 0 0 1
    outer loop
      vertex -49.2466 27.8145 10
      vertex -57 34.35 10
      vertex -49.4922 27.4834 10
    endloop
  endfacet
  facet normal 0 0 1
    outer loop
      vertex -48.9698 28.1198 10
      vertex -57 34.35 10
      vertex -49.2466 27.8145 10
    endloop
  endfacet
  facet normal 0 0 1
    outer loop
      vertex -48.6645 28.3966 10
      vertex -57 34.35 10
      vertex -48.9698 28.1198 10
    endloop
  endfacet
  facet normal 0 0 1
    outer loop
      vertex -48.3334 28.6422 10
      vertex -57 34.35 10
      vertex -48.6645 28.3966 10
    endloop
  endfacet
  facet normal 0 0 1
    outer loop
      vertex -47.9799 28.8541 10
      vertex -57 34.35 10
      vertex -48.3334 28.6422 10
    endloop
  endfacet
  facet normal 0 0 1
    outer loop
      vertex -47.6073 29.0303 10
      vertex -57 34.35 10
      vertex -47.9799 28.8541 10
    endloop
  endfacet
  facet normal 0 0 1
    outer loop
      vertex -47.2192 29.1691 10
      vertex -57 34.35 10
      vertex -47.6073 29.0303 10
    endloop
  endfacet
  facet normal 0 0 1
    outer loop
      vertex -46.8194 29.2693 10
      vertex -57 34.35 10
      vertex -47.2192 29.1691 10
    endloop
  endfacet
  facet normal 0 0 1
    outer loop
      vertex 50.0191 23.9308 10
      vertex 65 26.35 10
      vertex 50.1193 24.3306 10
    endloop
  endfacet
  facet normal 0 0 1
    outer loop
      vertex 65 -26.35 10
      vertex 50.1798 -24.7383 10
      vertex 50.2 -25.15 10
    endloop
  endfacet
  facet normal 0 0 1
    outer loop
      vertex 49.8803 23.5427 10
      vertex 65 26.35 10
      vertex 50.0191 23.9308 10
    endloop
  endfacet
  facet normal 0 0 1
    outer loop
      vertex 65 -26.35 10
      vertex 50.1193 -24.3306 10
      vertex 50.1798 -24.7383 10
    endloop
  endfacet
  facet normal 0 0 1
    outer loop
      vertex 49.7041 23.1701 10
      vertex 65 26.35 10
      vertex 49.8803 23.5427 10
    endloop
  endfacet
  facet normal 0 0 1
    outer loop
      vertex 65 -26.35 10
      vertex 50.0191 -23.9308 10
      vertex 50.1193 -24.3306 10
    endloop
  endfacet
  facet normal 0 0 1
    outer loop
      vertex 49.4922 22.8166 10
      vertex 65 26.35 10
      vertex 49.7041 23.1701 10
    endloop
  endfacet
  facet normal 0 0 1
    outer loop
      vertex 65 -26.35 10
      vertex 49.8803 -23.5427 10
      vertex 50.0191 -23.9308 10
    endloop
  endfacet
  facet normal 0 0 1
    outer loop
      vertex 49.2466 22.4855 10
      vertex 65 26.35 10
      vertex 49.4922 22.8166 10
    endloop
  endfacet
  facet normal 0 0 1
    outer loop
      vertex 65 -26.35 10
      vertex 49.7041 -23.1701 10
      vertex 49.8803 -23.5427 10
    endloop
  endfacet
  facet normal 0 0 1
    outer loop
      vertex 48.9698 22.1802 10
      vertex 65 26.35 10
      vertex 49.2466 22.4855 10
    endloop
  endfacet
  facet normal 0 0 1
    outer loop
      vertex 65 -26.35 10
      vertex 49.4922 -22.8166 10
      vertex 49.7041 -23.1701 10
    endloop
  endfacet
  facet normal 0 0 1
    outer loop
      vertex 48.6645 21.9034 10
      vertex 65 26.35 10
      vertex 48.9698 22.1802 10
    endloop
  endfacet
  facet normal 0 0 1
    outer loop
      vertex 65 -26.35 10
      vertex 49.2466 -22.4855 10
      vertex 49.4922 -22.8166 10
    endloop
  endfacet
  facet normal 0 0 1
    outer loop
      vertex 48.3334 21.6578 10
      vertex 65 26.35 10
      vertex 48.6645 21.9034 10
    endloop
  endfacet
  facet normal 0 0 1
    outer loop
      vertex 65 -26.35 10
      vertex 48.9698 -22.1802 10
      vertex 49.2466 -22.4855 10
    endloop
  endfacet
  facet normal 0 0 1
    outer loop
      vertex 38 4.5 10
      vertex 65 26.35 10
      vertex 48.3334 21.6578 10
    endloop
  endfacet
  facet normal 0 0 1
    outer loop
      vertex 65 -26.35 10
      vertex 48.6645 -21.9034 10
      vertex 48.9698 -22.1802 10
    endloop
  endfacet
  facet normal 0 0 1
    outer loop
      vertex 65 26.35 10
      vertex 38 4.5 10
      vertex 65 -26.35 10
    endloop
  endfacet
  facet normal 0 0 1
    outer loop
      vertex 65 -26.35 10
      vertex 48.3334 -21.6578 10
      vertex 48.6645 -21.9034 10
    endloop
  endfacet
  facet normal 0 0 1
    outer loop
      vertex 38 4.5 10
      vertex 48.3334 21.6578 10
      vertex 47.9799 21.4459 10
    endloop
  endfacet
  facet normal -0 0 1
    outer loop
      vertex 38 -4.5 10
      vertex 65 -26.35 10
      vertex 38 4.5 10
    endloop
  endfacet
  facet normal 0 0 1
    outer loop
      vertex 38 4.5 10
      vertex 47.9799 21.4459 10
      vertex 47.6073 21.2697 10
    endloop
  endfacet
  facet normal 0 0 1
    outer loop
      vertex 65 -26.35 10
      vertex 38 -4.5 10
      vertex 48.3334 -21.6578 10
    endloop
  endfacet
  facet normal 0 0 1
    outer loop
      vertex 38 4.5 10
      vertex 47.6073 21.2697 10
      vertex 47.2192 21.1308 10
    endloop
  endfacet
  facet normal 0 0 1
    outer loop
      vertex 48.3334 -21.6578 10
      vertex 38 -4.5 10
      vertex 47.9799 -21.4459 10
    endloop
  endfacet
  facet normal 0 0 1
    outer loop
      vertex 38 4.5 10
      vertex 47.2192 21.1308 10
      vertex 46.8194 21.0307 10
    endloop
  endfacet
  facet normal 0 0 1
    outer loop
      vertex 47.9799 -21.4459 10
      vertex 38 -4.5 10
      vertex 47.6073 -21.2697 10
    endloop
  endfacet
  facet normal 0 0 1
    outer loop
      vertex 38 4.5 10
      vertex 46.8194 21.0307 10
      vertex 46.4117 20.9702 10
    endloop
  endfacet
  facet normal 0 0 1
    outer loop
      vertex 47.6073 -21.2697 10
      vertex 38 -4.5 10
      vertex 47.2192 -21.1308 10
    endloop
  endfacet
  facet normal 0 0 1
    outer loop
      vertex 38 4.5 10
      vertex 46.4117 20.9702 10
      vertex 46 20.95 10
    endloop
  endfacet
  facet normal 0 0 1
    outer loop
      vertex 47.2192 -21.1308 10
      vertex 38 -4.5 10
      vertex 46.8194 -21.0307 10
    endloop
  endfacet
  facet normal 0 0 1
    outer loop
      vertex 38 4.5 10
      vertex 46 20.95 10
      vertex 45.5883 20.9702 10
    endloop
  endfacet
  facet normal 0 0 1
    outer loop
      vertex 46.8194 -21.0307 10
      vertex 38 -4.5 10
      vertex 46.4117 -20.9702 10
    endloop
  endfacet
  facet normal 0 0 1
    outer loop
      vertex 38 4.5 10
      vertex 45.5883 20.9702 10
      vertex 45.1806 21.0307 10
    endloop
  endfacet
  facet normal 0 0 1
    outer loop
      vertex 46.4117 -20.9702 10
      vertex 38 -4.5 10
      vertex 46 -20.95 10
    endloop
  endfacet
  facet normal 0 0 1
    outer loop
      vertex 38 4.5 10
      vertex 45.1806 21.0307 10
      vertex 44.7808 21.1308 10
    endloop
  endfacet
  facet normal 0 0 1
    outer loop
      vertex 46 -20.95 10
      vertex 38 -4.5 10
      vertex 45.5883 -20.9702 10
    endloop
  endfacet
  facet normal 0 0 1
    outer loop
      vertex 38 4.5 10
      vertex 44.7808 21.1308 10
      vertex 44.3927 21.2697 10
    endloop
  endfacet
  facet normal 0 0 1
    outer loop
      vertex 45.5883 -20.9702 10
      vertex 38 -4.5 10
      vertex 45.1806 -21.0307 10
    endloop
  endfacet
  facet normal 0 0 1
    outer loop
      vertex 38 4.5 10
      vertex 44.3927 21.2697 10
      vertex 44.0201 21.4459 10
    endloop
  endfacet
  facet normal 0 0 1
    outer loop
      vertex 45.1806 -21.0307 10
      vertex 38 -4.5 10
      vertex 44.7808 -21.1308 10
    endloop
  endfacet
  facet normal 0 0 1
    outer loop
      vertex 38 4.5 10
      vertex 44.0201 21.4459 10
      vertex 43.6666 21.6578 10
    endloop
  endfacet
  facet normal 0 0 1
    outer loop
      vertex 44.7808 -21.1308 10
      vertex 38 -4.5 10
      vertex 44.3927 -21.2697 10
    endloop
  endfacet
  facet normal 0 0 1
    outer loop
      vertex 38 4.5 10
      vertex 43.6666 21.6578 10
      vertex 43.3355 21.9034 10
    endloop
  endfacet
  facet normal 0 0 1
    outer loop
      vertex 44.3927 -21.2697 10
      vertex 38 -4.5 10
      vertex 44.0201 -21.4459 10
    endloop
  endfacet
  facet normal 0 0 1
    outer loop
      vertex 38 4.5 10
      vertex 43.3355 21.9034 10
      vertex 43.0302 22.1802 10
    endloop
  endfacet
  facet normal 0 0 1
    outer loop
      vertex 44.0201 -21.4459 10
      vertex 38 -4.5 10
      vertex 43.6666 -21.6578 10
    endloop
  endfacet
  facet normal 0 0 1
    outer loop
      vertex 32.5 4.5 10
      vertex 43.0302 22.1802 10
      vertex 42.7534 22.4855 10
    endloop
  endfacet
  facet normal 0 0 1
    outer loop
      vertex 43.6666 -21.6578 10
      vertex 38 -4.5 10
      vertex 43.3355 -21.9034 10
    endloop
  endfacet
  facet normal 0 0 1
    outer loop
      vertex 32.5 4.5 10
      vertex 42.7534 22.4855 10
      vertex 42.5078 22.8166 10
    endloop
  endfacet
  facet normal 0 0 1
    outer loop
      vertex 43.3355 -21.9034 10
      vertex 38 -4.5 10
      vertex 43.0302 -22.1802 10
    endloop
  endfacet
  facet normal 0 0 1
    outer loop
      vertex 32.5 4.5 10
      vertex 42.5078 22.8166 10
      vertex 42.2959 23.1701 10
    endloop
  endfacet
  facet normal 0 0 1
    outer loop
      vertex 43.0302 -22.1802 10
      vertex 38 -4.5 10
      vertex 42.7534 -22.4855 10
    endloop
  endfacet
  facet normal 0 0 1
    outer loop
      vertex 32.5 4.5 10
      vertex 42.2959 23.1701 10
      vertex 42.1197 23.5427 10
    endloop
  endfacet
  facet normal 0 0 1
    outer loop
      vertex 42.7534 -22.4855 10
      vertex 38 -4.5 10
      vertex 42.5078 -22.8166 10
    endloop
  endfacet
  facet normal 0 0 1
    outer loop
      vertex 32.5 4.5 10
      vertex 42.1197 23.5427 10
      vertex 41.9809 23.9308 10
    endloop
  endfacet
  facet normal 0 0 1
    outer loop
      vertex 42.5078 -22.8166 10
      vertex 38 -4.5 10
      vertex 42.2959 -23.1701 10
    endloop
  endfacet
  facet normal 0 0 1
    outer loop
      vertex 32.5 34.35 10
      vertex 41.9809 23.9308 10
      vertex 41.8807 24.3306 10
    endloop
  endfacet
  facet normal 0 0 1
    outer loop
      vertex 42.2959 -23.1701 10
      vertex 38 -4.5 10
      vertex 42.1197 -23.5427 10
    endloop
  endfacet
  facet normal 0 0 1
    outer loop
      vertex 32.5 34.35 10
      vertex 41.8807 24.3306 10
      vertex 41.8202 24.7383 10
    endloop
  endfacet
  facet normal 0 0 1
    outer loop
      vertex 42.1197 -23.5427 10
      vertex 38 -4.5 10
      vertex 41.9809 -23.9308 10
    endloop
  endfacet
  facet normal 0 0 1
    outer loop
      vertex 32.5 34.35 10
      vertex 41.8202 24.7383 10
      vertex 41.8 25.15 10
    endloop
  endfacet
  facet normal 0 0 1
    outer loop
      vertex 41.9809 -23.9308 10
      vertex 38 -4.5 10
      vertex 41.8807 -24.3306 10
    endloop
  endfacet
  facet normal 0 0 1
    outer loop
      vertex 50.1798 25.5617 10
      vertex 65 26.35 10
      vertex 64.9615 27.1341 10
    endloop
  endfacet
  facet normal 0 0 1
    outer loop
      vertex 50.1798 24.7383 10
      vertex 65 26.35 10
      vertex 50.2 25.15 10
    endloop
  endfacet
  facet normal 0 0 1
    outer loop
      vertex 50.1798 25.5617 10
      vertex 64.9615 27.1341 10
      vertex 64.8463 27.9107 10
    endloop
  endfacet
  facet normal 0 0 1
    outer loop
      vertex 50.1193 24.3306 10
      vertex 65 26.35 10
      vertex 50.1798 24.7383 10
    endloop
  endfacet
  facet normal 0 0 1
    outer loop
      vertex 50.1798 25.5617 10
      vertex 64.8463 27.9107 10
      vertex 64.6555 28.6723 10
    endloop
  endfacet
  facet normal -0 0 1
    outer loop
      vertex 50.1798 -25.5617 10
      vertex 65 -26.35 10
      vertex 50.2 -25.15 10
    endloop
  endfacet
  facet normal 0 0 1
    outer loop
      vertex 50.1798 25.5617 10
      vertex 64.6555 28.6723 10
      vertex 64.391 29.4115 10
    endloop
  endfacet
  facet normal 0 0 1
    outer loop
      vertex 65 -26.35 10
      vertex 50.1798 -25.5617 10
      vertex 64.9615 -27.1341 10
    endloop
  endfacet
  facet normal 0 0 1
    outer loop
      vertex 50.1798 25.5617 10
      vertex 64.391 29.4115 10
      vertex 64.0554 30.1212 10
    endloop
  endfacet
  facet normal 0 0 1
    outer loop
      vertex 64.9615 -27.1341 10
      vertex 50.1798 -25.5617 10
      vertex 64.8463 -27.9107 10
    endloop
  endfacet
  facet normal 0 0 1
    outer loop
      vertex 50.1798 25.5617 10
      vertex 64.0554 30.1212 10
      vertex 63.6518 30.7946 10
    endloop
  endfacet
  facet normal 0 0 1
    outer loop
      vertex 64.8463 -27.9107 10
      vertex 50.1798 -25.5617 10
      vertex 64.6555 -28.6723 10
    endloop
  endfacet
  facet normal 0 0 1
    outer loop
      vertex 50.1798 25.5617 10
      vertex 63.6518 30.7946 10
      vertex 63.1841 31.4251 10
    endloop
  endfacet
  facet normal 0 0 1
    outer loop
      vertex 64.6555 -28.6723 10
      vertex 50.1798 -25.5617 10
      vertex 64.391 -29.4115 10
    endloop
  endfacet
  facet normal 0 0 1
    outer loop
      vertex 50.1798 25.5617 10
      vertex 63.1841 31.4251 10
      vertex 62.6569 32.0069 10
    endloop
  endfacet
  facet normal 0 0 1
    outer loop
      vertex 64.391 -29.4115 10
      vertex 50.1798 -25.5617 10
      vertex 64.0554 -30.1212 10
    endloop
  endfacet
  facet normal 0 0 1
    outer loop
      vertex 50.1798 25.5617 10
      vertex 62.6569 32.0069 10
      vertex 62.0751 32.5341 10
    endloop
  endfacet
  facet normal 0 0 1
    outer loop
      vertex 64.0554 -30.1212 10
      vertex 50.1798 -25.5617 10
      vertex 63.6518 -30.7946 10
    endloop
  endfacet
  facet normal 0 0 1
    outer loop
      vertex 50.1798 25.5617 10
      vertex 62.0751 32.5341 10
      vertex 61.4446 33.0018 10
    endloop
  endfacet
  facet normal 0 0 1
    outer loop
      vertex 63.6518 -30.7946 10
      vertex 50.1798 -25.5617 10
      vertex 63.1841 -31.4251 10
    endloop
  endfacet
  facet normal 0 0 1
    outer loop
      vertex 50.1193 25.9694 10
      vertex 61.4446 33.0018 10
      vertex 60.7712 33.4054 10
    endloop
  endfacet
  facet normal 0 0 1
    outer loop
      vertex 63.1841 -31.4251 10
      vertex 50.1798 -25.5617 10
      vertex 62.6569 -32.0069 10
    endloop
  endfacet
  facet normal 0 0 1
    outer loop
      vertex 50.1193 25.9694 10
      vertex 60.7712 33.4054 10
      vertex 60.0615 33.741 10
    endloop
  endfacet
  facet normal 0 0 1
    outer loop
      vertex 62.6569 -32.0069 10
      vertex 50.1798 -25.5617 10
      vertex 62.0751 -32.5341 10
    endloop
  endfacet
  facet normal 0 0 1
    outer loop
      vertex 50.1193 25.9694 10
      vertex 60.0615 33.741 10
      vertex 59.3223 34.0055 10
    endloop
  endfacet
  facet normal 0 0 1
    outer loop
      vertex 62.0751 -32.5341 10
      vertex 50.1798 -25.5617 10
      vertex 61.4446 -33.0018 10
    endloop
  endfacet
  facet normal 0 0 1
    outer loop
      vertex 50.1193 25.9694 10
      vertex 59.3223 34.0055 10
      vertex 58.5607 34.1963 10
    endloop
  endfacet
  facet normal -0 0 1
    outer loop
      vertex 50.1193 -25.9694 10
      vertex 61.4446 -33.0018 10
      vertex 50.1798 -25.5617 10
    endloop
  endfacet
  facet normal 0 0 1
    outer loop
      vertex 50.1193 25.9694 10
      vertex 58.5607 34.1963 10
      vertex 57.7841 34.3115 10
    endloop
  endfacet
  facet normal 0 0 1
    outer loop
      vertex 61.4446 -33.0018 10
      vertex 50.1193 -25.9694 10
      vertex 60.7712 -33.4054 10
    endloop
  endfacet
  facet normal 0 0 1
    outer loop
      vertex 50.1193 25.9694 10
      vertex 57.7841 34.3115 10
      vertex 57 34.35 10
    endloop
  endfacet
  facet normal 0 0 1
    outer loop
      vertex 60.7712 -33.4054 10
      vertex 50.1193 -25.9694 10
      vertex 60.0615 -33.741 10
    endloop
  endfacet
  facet normal 0 0 1
    outer loop
      vertex 60.0615 -33.741 10
      vertex 50.1193 -25.9694 10
      vertex 59.3223 -34.0055 10
    endloop
  endfacet
  facet normal 0 0 1
    outer loop
      vertex 65 26.35 10
      vertex 50.1798 25.5617 10
      vertex 50.2 25.15 10
    endloop
  endfacet
  facet normal 0 0 1
    outer loop
      vertex 61.4446 33.0018 10
      vertex 50.1193 25.9694 10
      vertex 50.1798 25.5617 10
    endloop
  endfacet
  facet normal 0 0 1
    outer loop
      vertex 57 34.35 10
      vertex 50.0191 26.3692 10
      vertex 50.1193 25.9694 10
    endloop
  endfacet
  facet normal 0 0 1
    outer loop
      vertex 57 34.35 10
      vertex 49.8803 26.7573 10
      vertex 50.0191 26.3692 10
    endloop
  endfacet
  facet normal 0 0 1
    outer loop
      vertex 57 34.35 10
      vertex 49.7041 27.1299 10
      vertex 49.8803 26.7573 10
    endloop
  endfacet
  facet normal 0 0 1
    outer loop
      vertex 57 34.35 10
      vertex 49.4922 27.4834 10
      vertex 49.7041 27.1299 10
    endloop
  endfacet
  facet normal 0 0 1
    outer loop
      vertex 57 34.35 10
      vertex 49.2466 27.8145 10
      vertex 49.4922 27.4834 10
    endloop
  endfacet
  facet normal 0 0 1
    outer loop
      vertex 57 34.35 10
      vertex 48.9698 28.1198 10
      vertex 49.2466 27.8145 10
    endloop
  endfacet
  facet normal 0 0 1
    outer loop
      vertex 57 34.35 10
      vertex 48.6645 28.3966 10
      vertex 48.9698 28.1198 10
    endloop
  endfacet
  facet normal 0 0 1
    outer loop
      vertex 57 34.35 10
      vertex 48.3334 28.6422 10
      vertex 48.6645 28.3966 10
    endloop
  endfacet
  facet normal 0 0 1
    outer loop
      vertex 57 34.35 10
      vertex 47.9799 28.8541 10
      vertex 48.3334 28.6422 10
    endloop
  endfacet
  facet normal 0 0 1
    outer loop
      vertex 57 34.35 10
      vertex 47.6073 29.0303 10
      vertex 47.9799 28.8541 10
    endloop
  endfacet
  facet normal 0 0 1
    outer loop
      vertex 57 34.35 10
      vertex 47.2192 29.1691 10
      vertex 47.6073 29.0303 10
    endloop
  endfacet
  facet normal 0 0 1
    outer loop
      vertex 57 34.35 10
      vertex 46.8194 29.2693 10
      vertex 47.2192 29.1691 10
    endloop
  endfacet
  facet normal 0 0 1
    outer loop
      vertex 57 34.35 10
      vertex 46.4117 29.3298 10
      vertex 46.8194 29.2693 10
    endloop
  endfacet
  facet normal 0 0 1
    outer loop
      vertex 57 34.35 10
      vertex 46 29.35 10
      vertex 46.4117 29.3298 10
    endloop
  endfacet
  facet normal 0 0 1
    outer loop
      vertex 57 34.35 10
      vertex 45.5883 29.3298 10
      vertex 46 29.35 10
    endloop
  endfacet
  facet normal -0 0 1
    outer loop
      vertex 32.5 34.35 10
      vertex 45.5883 29.3298 10
      vertex 57 34.35 10
    endloop
  endfacet
  facet normal 0 0 1
    outer loop
      vertex 45.5883 29.3298 10
      vertex 32.5 34.35 10
      vertex 45.1806 29.2693 10
    endloop
  endfacet
  facet normal 0 0 1
    outer loop
      vertex 45.1806 29.2693 10
      vertex 32.5 34.35 10
      vertex 44.7808 29.1691 10
    endloop
  endfacet
  facet normal 0 0 1
    outer loop
      vertex 41.8807 -24.3306 10
      vertex 38 -4.5 10
      vertex 41.8202 -24.7383 10
    endloop
  endfacet
  facet normal 0 0 1
    outer loop
      vertex 32.5 34.35 10
      vertex 41.8 25.15 10
      vertex 41.8202 25.5617 10
    endloop
  endfacet
  facet normal 0 0 1
    outer loop
      vertex 32.5 34.35 10
      vertex 41.8202 25.5617 10
      vertex 41.8807 25.9694 10
    endloop
  endfacet
  facet normal 0 0 1
    outer loop
      vertex 44.7808 29.1691 10
      vertex 32.5 34.35 10
      vertex 44.3927 29.0303 10
    endloop
  endfacet
  facet normal 0 0 1
    outer loop
      vertex 32.5 34.35 10
      vertex 44.0201 28.8541 10
      vertex 44.3927 29.0303 10
    endloop
  endfacet
  facet normal 0 0 1
    outer loop
      vertex 32.5 34.35 10
      vertex 43.6666 28.6422 10
      vertex 44.0201 28.8541 10
    endloop
  endfacet
  facet normal 0 0 1
    outer loop
      vertex 32.5 34.35 10
      vertex 43.3355 28.3966 10
      vertex 43.6666 28.6422 10
    endloop
  endfacet
  facet normal 0 0 1
    outer loop
      vertex 32.5 34.35 10
      vertex 43.0302 28.1198 10
      vertex 43.3355 28.3966 10
    endloop
  endfacet
  facet normal 0 0 1
    outer loop
      vertex 32.5 34.35 10
      vertex 42.7534 27.8145 10
      vertex 43.0302 28.1198 10
    endloop
  endfacet
  facet normal 0 0 1
    outer loop
      vertex 32.5 34.35 10
      vertex 42.5078 27.4834 10
      vertex 42.7534 27.8145 10
    endloop
  endfacet
  facet normal 0 0 1
    outer loop
      vertex 32.5 34.35 10
      vertex 42.2959 27.1299 10
      vertex 42.5078 27.4834 10
    endloop
  endfacet
  facet normal 0 0 1
    outer loop
      vertex 32.5 34.35 10
      vertex 42.1197 26.7573 10
      vertex 42.2959 27.1299 10
    endloop
  endfacet
  facet normal 0 0 1
    outer loop
      vertex 32.5 34.35 10
      vertex 41.9809 26.3692 10
      vertex 42.1197 26.7573 10
    endloop
  endfacet
  facet normal 0 0 1
    outer loop
      vertex 32.5 34.35 10
      vertex 41.8807 25.9694 10
      vertex 41.9809 26.3692 10
    endloop
  endfacet
  facet normal 0 0 1
    outer loop
      vertex 41.9809 23.9308 10
      vertex 32.5 34.35 10
      vertex 32.5 4.5 10
    endloop
  endfacet
  facet normal 0 0 1
    outer loop
      vertex 43.0302 22.1802 10
      vertex 32.5 4.5 10
      vertex 38 4.5 10
    endloop
  endfacet
  facet normal 0 0 1
    outer loop
      vertex 59.3223 -34.0055 10
      vertex 50.1193 -25.9694 10
      vertex 58.5607 -34.1963 10
    endloop
  endfacet
  facet normal 0 0 1
    outer loop
      vertex 58.5607 -34.1963 10
      vertex 50.1193 -25.9694 10
      vertex 57.7841 -34.3115 10
    endloop
  endfacet
  facet normal 0 0 1
    outer loop
      vertex 57.7841 -34.3115 10
      vertex 50.1193 -25.9694 10
      vertex 57 -34.35 10
    endloop
  endfacet
  facet normal -0 0 1
    outer loop
      vertex 50.0191 -26.3692 10
      vertex 57 -34.35 10
      vertex 50.1193 -25.9694 10
    endloop
  endfacet
  facet normal -0 0 1
    outer loop
      vertex 49.8803 -26.7573 10
      vertex 57 -34.35 10
      vertex 50.0191 -26.3692 10
    endloop
  endfacet
  facet normal -0 0 1
    outer loop
      vertex 49.7041 -27.1299 10
      vertex 57 -34.35 10
      vertex 49.8803 -26.7573 10
    endloop
  endfacet
  facet normal -0 0 1
    outer loop
      vertex 49.4922 -27.4834 10
      vertex 57 -34.35 10
      vertex 49.7041 -27.1299 10
    endloop
  endfacet
  facet normal -0 0 1
    outer loop
      vertex 49.2466 -27.8145 10
      vertex 57 -34.35 10
      vertex 49.4922 -27.4834 10
    endloop
  endfacet
  facet normal -0 0 1
    outer loop
      vertex 48.9698 -28.1198 10
      vertex 57 -34.35 10
      vertex 49.2466 -27.8145 10
    endloop
  endfacet
  facet normal -0 0 1
    outer loop
      vertex 48.6645 -28.3966 10
      vertex 57 -34.35 10
      vertex 48.9698 -28.1198 10
    endloop
  endfacet
  facet normal -0 0 1
    outer loop
      vertex 48.3334 -28.6422 10
      vertex 57 -34.35 10
      vertex 48.6645 -28.3966 10
    endloop
  endfacet
  facet normal -0 0 1
    outer loop
      vertex 47.9799 -28.8541 10
      vertex 57 -34.35 10
      vertex 48.3334 -28.6422 10
    endloop
  endfacet
  facet normal -0 0 1
    outer loop
      vertex 47.6073 -29.0303 10
      vertex 57 -34.35 10
      vertex 47.9799 -28.8541 10
    endloop
  endfacet
  facet normal -0 0 1
    outer loop
      vertex 47.2192 -29.1691 10
      vertex 57 -34.35 10
      vertex 47.6073 -29.0303 10
    endloop
  endfacet
  facet normal -0 0 1
    outer loop
      vertex 46.8194 -29.2693 10
      vertex 57 -34.35 10
      vertex 47.2192 -29.1691 10
    endloop
  endfacet
  facet normal -0 0 1
    outer loop
      vertex 46.4117 -29.3298 10
      vertex 57 -34.35 10
      vertex 46.8194 -29.2693 10
    endloop
  endfacet
  facet normal -0 0 1
    outer loop
      vertex 46 -29.35 10
      vertex 57 -34.35 10
      vertex 46.4117 -29.3298 10
    endloop
  endfacet
  facet normal 0 0 1
    outer loop
      vertex 45.5883 -29.3298 10
      vertex 57 -34.35 10
      vertex 46 -29.35 10
    endloop
  endfacet
  facet normal 0 0 1
    outer loop
      vertex 45.1806 -29.2693 10
      vertex 57 -34.35 10
      vertex 45.5883 -29.3298 10
    endloop
  endfacet
  facet normal 0 0 1
    outer loop
      vertex 44.7808 -29.1691 10
      vertex 57 -34.35 10
      vertex 45.1806 -29.2693 10
    endloop
  endfacet
  facet normal 0 0 1
    outer loop
      vertex 44.3927 -29.0303 10
      vertex 57 -34.35 10
      vertex 44.7808 -29.1691 10
    endloop
  endfacet
  facet normal -0 0 1
    outer loop
      vertex -38 -4.5 10
      vertex 41.8202 -24.7383 10
      vertex 38 -4.5 10
    endloop
  endfacet
  facet normal 0 0 1
    outer loop
      vertex -41.8 -25.15 10
      vertex 41.8202 -24.7383 10
      vertex -38 -4.5 10
    endloop
  endfacet
  facet normal 0 0 1
    outer loop
      vertex 41.8202 -24.7383 10
      vertex -41.8 -25.15 10
      vertex 41.8 -25.15 10
    endloop
  endfacet
  facet normal 0 0 1
    outer loop
      vertex 41.8 -25.15 10
      vertex -41.8 -25.15 10
      vertex 41.8202 -25.5617 10
    endloop
  endfacet
  facet normal 0 0 1
    outer loop
      vertex -41.8202 -25.5617 10
      vertex 41.8202 -25.5617 10
      vertex -41.8 -25.15 10
    endloop
  endfacet
  facet normal 0 0 1
    outer loop
      vertex 41.8202 -25.5617 10
      vertex -41.8202 -25.5617 10
      vertex 41.8807 -25.9694 10
    endloop
  endfacet
  facet normal 0 0 1
    outer loop
      vertex -41.8807 -25.9694 10
      vertex 41.8807 -25.9694 10
      vertex -41.8202 -25.5617 10
    endloop
  endfacet
  facet normal 0 0 1
    outer loop
      vertex 41.8807 -25.9694 10
      vertex -41.8807 -25.9694 10
      vertex 41.9809 -26.3692 10
    endloop
  endfacet
  facet normal 0 0 1
    outer loop
      vertex -41.9809 -26.3692 10
      vertex 41.9809 -26.3692 10
      vertex -41.8807 -25.9694 10
    endloop
  endfacet
  facet normal 0 0 1
    outer loop
      vertex 41.9809 -26.3692 10
      vertex -41.9809 -26.3692 10
      vertex 42.1197 -26.7573 10
    endloop
  endfacet
  facet normal 0 0 1
    outer loop
      vertex -42.1197 -26.7573 10
      vertex 42.1197 -26.7573 10
      vertex -41.9809 -26.3692 10
    endloop
  endfacet
  facet normal 0 0 1
    outer loop
      vertex 42.1197 -26.7573 10
      vertex -42.1197 -26.7573 10
      vertex 42.2959 -27.1299 10
    endloop
  endfacet
  facet normal 0 0 1
    outer loop
      vertex -42.2959 -27.1299 10
      vertex 42.2959 -27.1299 10
      vertex -42.1197 -26.7573 10
    endloop
  endfacet
  facet normal 0 0 1
    outer loop
      vertex 42.2959 -27.1299 10
      vertex -42.2959 -27.1299 10
      vertex 42.5078 -27.4834 10
    endloop
  endfacet
  facet normal 0 0 1
    outer loop
      vertex -42.5078 -27.4834 10
      vertex 42.5078 -27.4834 10
      vertex -42.2959 -27.1299 10
    endloop
  endfacet
  facet normal 0 0 1
    outer loop
      vertex -32.5 34.35 10
      vertex -41.9809 23.9308 10
      vertex -32.5 4.5 10
    endloop
  endfacet
  facet normal 0 0 1
    outer loop
      vertex 42.5078 -27.4834 10
      vertex -42.5078 -27.4834 10
      vertex 42.7534 -27.8145 10
    endloop
  endfacet
  facet normal 0 0 1
    outer loop
      vertex -42.7534 -27.8145 10
      vertex 42.7534 -27.8145 10
      vertex -42.5078 -27.4834 10
    endloop
  endfacet
  facet normal 0 0 1
    outer loop
      vertex 42.7534 -27.8145 10
      vertex -42.7534 -27.8145 10
      vertex 43.0302 -28.1198 10
    endloop
  endfacet
  facet normal 0 0 1
    outer loop
      vertex -43.0302 -28.1198 10
      vertex 43.0302 -28.1198 10
      vertex -42.7534 -27.8145 10
    endloop
  endfacet
  facet normal 0 0 1
    outer loop
      vertex 43.0302 -28.1198 10
      vertex -43.0302 -28.1198 10
      vertex 43.3355 -28.3966 10
    endloop
  endfacet
  facet normal 0 0 1
    outer loop
      vertex -43.3355 -28.3966 10
      vertex 43.3355 -28.3966 10
      vertex -43.0302 -28.1198 10
    endloop
  endfacet
  facet normal 0 0 1
    outer loop
      vertex 43.3355 -28.3966 10
      vertex -43.3355 -28.3966 10
      vertex 43.6666 -28.6422 10
    endloop
  endfacet
  facet normal 0 0 1
    outer loop
      vertex -43.6666 -28.6422 10
      vertex 43.6666 -28.6422 10
      vertex -43.3355 -28.3966 10
    endloop
  endfacet
  facet normal 0 0 1
    outer loop
      vertex 43.6666 -28.6422 10
      vertex -43.6666 -28.6422 10
      vertex 44.0201 -28.8541 10
    endloop
  endfacet
  facet normal 0 0 1
    outer loop
      vertex -44.0201 -28.8541 10
      vertex 44.0201 -28.8541 10
      vertex -43.6666 -28.6422 10
    endloop
  endfacet
  facet normal 0 0 1
    outer loop
      vertex 44.0201 -28.8541 10
      vertex -44.0201 -28.8541 10
      vertex 44.3927 -29.0303 10
    endloop
  endfacet
  facet normal 0 0 1
    outer loop
      vertex -44.3927 -29.0303 10
      vertex 44.3927 -29.0303 10
      vertex -44.0201 -28.8541 10
    endloop
  endfacet
  facet normal 0 0 1
    outer loop
      vertex 44.3927 -29.0303 10
      vertex -44.3927 -29.0303 10
      vertex 57 -34.35 10
    endloop
  endfacet
  facet normal -0 0 1
    outer loop
      vertex -44.7808 -29.1691 10
      vertex 57 -34.35 10
      vertex -44.3927 -29.0303 10
    endloop
  endfacet
  facet normal 0 0 1
    outer loop
      vertex -57 -34.35 10
      vertex -44.7808 -29.1691 10
      vertex -45.1806 -29.2693 10
    endloop
  endfacet
  facet normal 0 0 1
    outer loop
      vertex -57 -34.35 10
      vertex -45.1806 -29.2693 10
      vertex -45.5883 -29.3298 10
    endloop
  endfacet
  facet normal 0 0 1
    outer loop
      vertex -57 -34.35 10
      vertex -45.5883 -29.3298 10
      vertex -46 -29.35 10
    endloop
  endfacet
  facet normal 0 0 1
    outer loop
      vertex -50.1193 -24.3306 10
      vertex -65 -26.35 10
      vertex -50.1798 -24.7383 10
    endloop
  endfacet
  facet normal 0 0 1
    outer loop
      vertex -44.7808 -29.1691 10
      vertex -57 -34.35 10
      vertex 57 -34.35 10
    endloop
  endfacet
  facet normal 0 0 1
    outer loop
      vertex -46.4117 -29.3298 10
      vertex -57 -34.35 10
      vertex -46 -29.35 10
    endloop
  endfacet
  facet normal 0 0 1
    outer loop
      vertex -46.8194 -29.2693 10
      vertex -57 -34.35 10
      vertex -46.4117 -29.3298 10
    endloop
  endfacet
  facet normal 0 0 1
    outer loop
      vertex -47.2192 -29.1691 10
      vertex -57 -34.35 10
      vertex -46.8194 -29.2693 10
    endloop
  endfacet
  facet normal 0 0 1
    outer loop
      vertex -47.6073 -29.0303 10
      vertex -57 -34.35 10
      vertex -47.2192 -29.1691 10
    endloop
  endfacet
  facet normal 0 0 1
    outer loop
      vertex -47.9799 -28.8541 10
      vertex -57 -34.35 10
      vertex -47.6073 -29.0303 10
    endloop
  endfacet
  facet normal 0 0 1
    outer loop
      vertex -48.3334 -28.6422 10
      vertex -57 -34.35 10
      vertex -47.9799 -28.8541 10
    endloop
  endfacet
  facet normal 0 0 1
    outer loop
      vertex -48.6645 -28.3966 10
      vertex -57 -34.35 10
      vertex -48.3334 -28.6422 10
    endloop
  endfacet
  facet normal 0 0 1
    outer loop
      vertex -48.9698 -28.1198 10
      vertex -57 -34.35 10
      vertex -48.6645 -28.3966 10
    endloop
  endfacet
  facet normal 0 0 1
    outer loop
      vertex -49.2466 -27.8145 10
      vertex -57 -34.35 10
      vertex -48.9698 -28.1198 10
    endloop
  endfacet
  facet normal 0 0 1
    outer loop
      vertex -49.4922 -27.4834 10
      vertex -57 -34.35 10
      vertex -49.2466 -27.8145 10
    endloop
  endfacet
  facet normal 0 0 1
    outer loop
      vertex -49.7041 -27.1299 10
      vertex -57 -34.35 10
      vertex -49.4922 -27.4834 10
    endloop
  endfacet
  facet normal 0 0 1
    outer loop
      vertex -49.8803 -26.7573 10
      vertex -57 -34.35 10
      vertex -49.7041 -27.1299 10
    endloop
  endfacet
  facet normal 0 0 1
    outer loop
      vertex -50.0191 -26.3692 10
      vertex -57 -34.35 10
      vertex -49.8803 -26.7573 10
    endloop
  endfacet
  facet normal 0 0 1
    outer loop
      vertex -50.1193 -25.9694 10
      vertex -57 -34.35 10
      vertex -50.0191 -26.3692 10
    endloop
  endfacet
  facet normal 0 0 1
    outer loop
      vertex -61.4446 -33.0018 10
      vertex -50.1193 -25.9694 10
      vertex -50.1798 -25.5617 10
    endloop
  endfacet
  facet normal 0 0 1
    outer loop
      vertex -50.1798 -24.7383 10
      vertex -65 -26.35 10
      vertex -50.2 -25.15 10
    endloop
  endfacet
  facet normal -0 0 1
    outer loop
      vertex -60.0615 33.741 10
      vertex -50.1193 25.9694 10
      vertex -59.3223 34.0055 10
    endloop
  endfacet
  facet normal 0 0 1
    outer loop
      vertex -50.2 -25.15 10
      vertex -65 -26.35 10
      vertex -50.1798 -25.5617 10
    endloop
  endfacet
  facet normal -0 0 1
    outer loop
      vertex -60.7712 33.4054 10
      vertex -50.1193 25.9694 10
      vertex -60.0615 33.741 10
    endloop
  endfacet
  facet normal 0 -0 1
    outer loop
      vertex -64.8463 -27.9107 10
      vertex -50.1798 -25.5617 10
      vertex -65 -26.35 10
    endloop
  endfacet
  facet normal -0 0 1
    outer loop
      vertex -61.4446 33.0018 10
      vertex -50.1193 25.9694 10
      vertex -60.7712 33.4054 10
    endloop
  endfacet
  facet normal 0 0 1
    outer loop
      vertex -50.1193 -25.9694 10
      vertex -57.7841 -34.3115 10
      vertex -57 -34.35 10
    endloop
  endfacet
  facet normal 0 0 1
    outer loop
      vertex -50.1193 25.9694 10
      vertex -61.4446 33.0018 10
      vertex -50.1798 25.5617 10
    endloop
  endfacet
  facet normal 0 0 1
    outer loop
      vertex -50.1193 -25.9694 10
      vertex -58.5607 -34.1963 10
      vertex -57.7841 -34.3115 10
    endloop
  endfacet
  facet normal -0 0 1
    outer loop
      vertex -62.0751 32.5341 10
      vertex -50.1798 25.5617 10
      vertex -61.4446 33.0018 10
    endloop
  endfacet
  facet normal 0 0 1
    outer loop
      vertex -50.1193 -25.9694 10
      vertex -59.3223 -34.0055 10
      vertex -58.5607 -34.1963 10
    endloop
  endfacet
  facet normal -0 0 1
    outer loop
      vertex -62.6569 32.0069 10
      vertex -50.1798 25.5617 10
      vertex -62.0751 32.5341 10
    endloop
  endfacet
  facet normal 0 0 1
    outer loop
      vertex -50.1193 -25.9694 10
      vertex -60.0615 -33.741 10
      vertex -59.3223 -34.0055 10
    endloop
  endfacet
  facet normal -0 0 1
    outer loop
      vertex -63.1841 31.4251 10
      vertex -50.1798 25.5617 10
      vertex -62.6569 32.0069 10
    endloop
  endfacet
  facet normal 0 0 1
    outer loop
      vertex -50.1193 -25.9694 10
      vertex -60.7712 -33.4054 10
      vertex -60.0615 -33.741 10
    endloop
  endfacet
  facet normal -0 0 1
    outer loop
      vertex -63.6518 30.7946 10
      vertex -50.1798 25.5617 10
      vertex -63.1841 31.4251 10
    endloop
  endfacet
  facet normal 0 0 1
    outer loop
      vertex -50.1193 -25.9694 10
      vertex -61.4446 -33.0018 10
      vertex -60.7712 -33.4054 10
    endloop
  endfacet
  facet normal -0 0 1
    outer loop
      vertex -64.0554 30.1212 10
      vertex -50.1798 25.5617 10
      vertex -63.6518 30.7946 10
    endloop
  endfacet
  facet normal 0 0 1
    outer loop
      vertex -50.1798 -25.5617 10
      vertex -62.0751 -32.5341 10
      vertex -61.4446 -33.0018 10
    endloop
  endfacet
  facet normal -0 0 1
    outer loop
      vertex -64.391 29.4115 10
      vertex -50.1798 25.5617 10
      vertex -64.0554 30.1212 10
    endloop
  endfacet
  facet normal 0 0 1
    outer loop
      vertex -50.1798 -25.5617 10
      vertex -62.6569 -32.0069 10
      vertex -62.0751 -32.5341 10
    endloop
  endfacet
  facet normal -0 0 1
    outer loop
      vertex -64.6555 28.6723 10
      vertex -50.1798 25.5617 10
      vertex -64.391 29.4115 10
    endloop
  endfacet
  facet normal 0 0 1
    outer loop
      vertex -50.1798 -25.5617 10
      vertex -63.1841 -31.4251 10
      vertex -62.6569 -32.0069 10
    endloop
  endfacet
  facet normal -0 0 1
    outer loop
      vertex -64.8463 27.9107 10
      vertex -50.1798 25.5617 10
      vertex -64.6555 28.6723 10
    endloop
  endfacet
  facet normal 0 0 1
    outer loop
      vertex -50.1798 -25.5617 10
      vertex -63.6518 -30.7946 10
      vertex -63.1841 -31.4251 10
    endloop
  endfacet
  facet normal -0 0 1
    outer loop
      vertex -65 26.35 10
      vertex -50.1798 25.5617 10
      vertex -64.8463 27.9107 10
    endloop
  endfacet
  facet normal 0 0 1
    outer loop
      vertex -50.1798 -25.5617 10
      vertex -64.0554 -30.1212 10
      vertex -63.6518 -30.7946 10
    endloop
  endfacet
  facet normal 0 0 1
    outer loop
      vertex -50.1798 25.5617 10
      vertex -65 26.35 10
      vertex -50.2 25.15 10
    endloop
  endfacet
  facet normal 0 0 1
    outer loop
      vertex -50.1798 -25.5617 10
      vertex -64.391 -29.4115 10
      vertex -64.0554 -30.1212 10
    endloop
  endfacet
  facet normal 0 0 1
    outer loop
      vertex -65 26.35 10
      vertex -64.8463 27.9107 10
      vertex -64.9615 27.1341 10
    endloop
  endfacet
  facet normal 0 0 1
    outer loop
      vertex -50.1798 -25.5617 10
      vertex -64.6555 -28.6723 10
      vertex -64.391 -29.4115 10
    endloop
  endfacet
  facet normal 0 0 1
    outer loop
      vertex -50.1798 -25.5617 10
      vertex -64.8463 -27.9107 10
      vertex -64.6555 -28.6723 10
    endloop
  endfacet
  facet normal 0 0 1
    outer loop
      vertex -64.8463 -27.9107 10
      vertex -65 -26.35 10
      vertex -64.9615 -27.1341 10
    endloop
  endfacet
  facet normal 0 0 -1
    outer loop
      vertex -32.5 34.35 10
      vertex -27.5 34.5 10
      vertex -27.5 34.35 10
    endloop
  endfacet
  facet normal -0 0 -1
    outer loop
      vertex -27.5 34.5 10
      vertex -32.5 34.35 10
      vertex -32.5 34.5 10
    endloop
  endfacet
  facet normal -0.0490418 0.998797 0
    outer loop
      vertex -57 34.35 0
      vertex -57.7841 34.3115 10
      vertex -57 34.35 10
    endloop
  endfacet
  facet normal -0.0490418 0.998797 0
    outer loop
      vertex -57.7841 34.3115 10
      vertex -57 34.35 0
      vertex -57.7841 34.3115 0
    endloop
  endfacet
  facet normal 0.94154 0.336901 -3.81066e-19
    outer loop
      vertex 64.6555 28.6723 10
      vertex 64.391 29.4115 0
      vertex 64.391 29.4115 10
    endloop
  endfacet
  facet normal 0.94154 0.336901 -3.81066e-19
    outer loop
      vertex 64.391 29.4115 0
      vertex 64.6555 28.6723 10
      vertex 64.6555 28.6723 0
    endloop
  endfacet
  facet normal 0.741023 0.67148 -3.15674e-18
    outer loop
      vertex 63.1841 31.4251 10
      vertex 62.6569 32.0069 0
      vertex 62.6569 32.0069 10
    endloop
  endfacet
  facet normal 0.741023 0.67148 -3.15674e-18
    outer loop
      vertex 62.6569 32.0069 0
      vertex 63.1841 31.4251 10
      vertex 63.1841 31.4251 0
    endloop
  endfacet
  facet normal 0.336901 -0.94154 0
    outer loop
      vertex 59.3223 -34.0055 0
      vertex 60.0615 -33.741 10
      vertex 59.3223 -34.0055 10
    endloop
  endfacet
  facet normal 0.336901 -0.94154 0
    outer loop
      vertex 60.0615 -33.741 10
      vertex 59.3223 -34.0055 0
      vertex 60.0615 -33.741 0
    endloop
  endfacet
  facet normal -0.67148 -0.741023 0
    outer loop
      vertex -62.6569 -32.0069 0
      vertex -62.0751 -32.5341 10
      vertex -62.6569 -32.0069 10
    endloop
  endfacet
  facet normal -0.67148 -0.741023 -0
    outer loop
      vertex -62.0751 -32.5341 10
      vertex -62.6569 -32.0069 0
      vertex -62.0751 -32.5341 0
    endloop
  endfacet
  facet normal 0.595773 0.803153 -0
    outer loop
      vertex 62.0751 32.5341 0
      vertex 61.4446 33.0018 10
      vertex 62.0751 32.5341 10
    endloop
  endfacet
  facet normal 0.595773 0.803153 0
    outer loop
      vertex 61.4446 33.0018 10
      vertex 62.0751 32.5341 0
      vertex 61.4446 33.0018 0
    endloop
  endfacet
  facet normal 0 0 -1
    outer loop
      vertex -65 -19.45 0.589999
      vertex 65 19.45 0.589999
      vertex 65 -19.45 0.589999
    endloop
  endfacet
  facet normal -0 0 -1
    outer loop
      vertex 65 19.45 0.589999
      vertex -65 -19.45 0.589999
      vertex -65 19.45 0.589999
    endloop
  endfacet
  facet normal 0 -1 0
    outer loop
      vertex -65 19.45 0
      vertex 65 19.45 0.589999
      vertex -65 19.45 0.589999
    endloop
  endfacet
  facet normal 0 -1 -0
    outer loop
      vertex 65 19.45 0.589999
      vertex -65 19.45 0
      vertex 65 19.45 0
    endloop
  endfacet
  facet normal 0 1 -0
    outer loop
      vertex 65 -19.45 0
      vertex -65 -19.45 0.589999
      vertex 65 -19.45 0.589999
    endloop
  endfacet
  facet normal 0 1 0
    outer loop
      vertex -65 -19.45 0.589999
      vertex 65 -19.45 0
      vertex -65 -19.45 0
    endloop
  endfacet
  facet normal 0.0489209 4.35831e-20 0.998803
    outer loop
      vertex 20.7305 4.5 28.2632
      vertex 21 -4.5 28.25
      vertex 21 4.5 28.25
    endloop
  endfacet
  facet normal 0.0489209 4.35831e-20 0.998803
    outer loop
      vertex 21 -4.5 28.25
      vertex 20.7305 4.5 28.2632
      vertex 20.7305 -4.5 28.2632
    endloop
  endfacet
  facet normal -0.595485 9.25282e-19 -0.803367
    outer loop
      vertex 30.5278 -4.5 33.2865
      vertex 30.7446 4.5 33.1258
      vertex 30.7446 -4.5 33.1258
    endloop
  endfacet
  facet normal -0.595485 9.25282e-19 -0.803367
    outer loop
      vertex 30.7446 4.5 33.1258
      vertex 30.5278 -4.5 33.2865
      vertex 30.5278 4.5 33.2865
    endloop
  endfacet
  facet normal 0.857656 -0 0.514223
    outer loop
      vertex 18.5747 -4.5 29.7037
      vertex 18.7135 4.5 29.4722
      vertex 18.5747 4.5 29.7037
    endloop
  endfacet
  facet normal 0.857656 0 0.514223
    outer loop
      vertex 18.7135 4.5 29.4722
      vertex 18.5747 -4.5 29.7037
      vertex 18.7135 -4.5 29.4722
    endloop
  endfacet
  facet normal -0.970012 0 -0.243059
    outer loop
      vertex 31.6972 -4.5 31.5365
      vertex 31.6316 4.5 31.7983
      vertex 31.6972 4.5 31.5365
    endloop
  endfacet
  facet normal -0.970012 -0 -0.243059
    outer loop
      vertex 31.6316 4.5 31.7983
      vertex 31.6972 -4.5 31.5365
      vertex 31.6316 -4.5 31.7983
    endloop
  endfacet
  facet normal -0.998803 0 -0.0489209
    outer loop
      vertex 31.75 -4.5 31
      vertex 31.7368 4.5 31.2695
      vertex 31.75 4.5 31
    endloop
  endfacet
  facet normal -0.998803 -0 -0.0489209
    outer loop
      vertex 31.7368 4.5 31.2695
      vertex 31.75 -4.5 31
      vertex 31.7368 -4.5 31.2695
    endloop
  endfacet
  facet normal -0.671805 -3.44428e-19 0.740728
    outer loop
      vertex 30.7446 4.5 28.8742
      vertex 30.9445 -4.5 29.0555
      vertex 30.9445 4.5 29.0555
    endloop
  endfacet
  facet normal -0.671805 -3.44428e-19 0.740728
    outer loop
      vertex 30.9445 -4.5 29.0555
      vertex 30.7446 4.5 28.8742
      vertex 30.7446 -4.5 28.8742
    endloop
  endfacet
  facet normal 0.671805 3.44428e-19 0.740728
    outer loop
      vertex 19.0555 4.5 29.0555
      vertex 19.2554 -4.5 28.8742
      vertex 19.2554 4.5 28.8742
    endloop
  endfacet
  facet normal 0.671805 3.44428e-19 0.740728
    outer loop
      vertex 19.2554 -4.5 28.8742
      vertex 19.0555 4.5 29.0555
      vertex 19.0555 -4.5 29.0555
    endloop
  endfacet
  facet normal 0.740728 -0 0.671805
    outer loop
      vertex 18.8742 -4.5 29.2554
      vertex 19.0555 4.5 29.0555
      vertex 18.8742 4.5 29.2554
    endloop
  endfacet
  facet normal 0.740728 0 0.671805
    outer loop
      vertex 19.0555 4.5 29.0555
      vertex 18.8742 -4.5 29.2554
      vertex 19.0555 -4.5 29.0555
    endloop
  endfacet
  facet normal -0.998803 0 0.0489209
    outer loop
      vertex 31.7368 -4.5 30.7305
      vertex 31.75 4.5 31
      vertex 31.7368 4.5 30.7305
    endloop
  endfacet
  facet normal -0.998803 0 0.0489209
    outer loop
      vertex 31.75 4.5 31
      vertex 31.7368 -4.5 30.7305
      vertex 31.75 -4.5 31
    endloop
  endfacet
  facet normal -0 0 1
    outer loop
      vertex 27.5 4.5 28.25
      vertex 29 -4.5 28.25
      vertex 29 4.5 28.25
    endloop
  endfacet
  facet normal 0 0 1
    outer loop
      vertex 21 -4.5 28.25
      vertex 27.5 4.5 28.25
      vertex 21 4.5 28.25
    endloop
  endfacet
  facet normal 0 0 1
    outer loop
      vertex 27.5 4.5 28.25
      vertex 21 -4.5 28.25
      vertex 29 -4.5 28.25
    endloop
  endfacet
  facet normal 0.595485 9.25282e-19 0.803367
    outer loop
      vertex 19.2554 4.5 28.8742
      vertex 19.4722 -4.5 28.7135
      vertex 19.4722 4.5 28.7135
    endloop
  endfacet
  facet normal 0.595485 9.25282e-19 0.803367
    outer loop
      vertex 19.4722 -4.5 28.7135
      vertex 19.2554 4.5 28.8742
      vertex 19.2554 -4.5 28.8742
    endloop
  endfacet
  facet normal -0.14671 -1.03313e-19 -0.98918
    outer loop
      vertex 29.2695 -4.5 33.7368
      vertex 29.5365 4.5 33.6972
      vertex 29.5365 -4.5 33.6972
    endloop
  endfacet
  facet normal -0.14671 -1.03313e-19 -0.98918
    outer loop
      vertex 29.5365 4.5 33.6972
      vertex 29.2695 -4.5 33.7368
      vertex 29.2695 4.5 33.7368
    endloop
  endfacet
  facet normal -0.0489209 -4.35831e-20 0.998803
    outer loop
      vertex 29 4.5 28.25
      vertex 29.2695 -4.5 28.2632
      vertex 29.2695 4.5 28.2632
    endloop
  endfacet
  facet normal -0.0489209 -4.35831e-20 0.998803
    outer loop
      vertex 29.2695 -4.5 28.2632
      vertex 29 4.5 28.25
      vertex 29 -4.5 28.25
    endloop
  endfacet
  facet normal 0.243059 1.6512e-19 -0.970012
    outer loop
      vertex 20.2017 -4.5 33.6316
      vertex 20.4635 4.5 33.6972
      vertex 20.4635 -4.5 33.6972
    endloop
  endfacet
  facet normal 0.243059 1.6512e-19 -0.970012
    outer loop
      vertex 20.4635 4.5 33.6972
      vertex 20.2017 -4.5 33.6316
      vertex 20.2017 4.5 33.6316
    endloop
  endfacet
  facet normal 0.336829 -5.51196e-19 -0.941566
    outer loop
      vertex 19.9476 -4.5 33.5407
      vertex 20.2017 4.5 33.6316
      vertex 20.2017 -4.5 33.6316
    endloop
  endfacet
  facet normal 0.336829 -5.51196e-19 -0.941566
    outer loop
      vertex 20.2017 4.5 33.6316
      vertex 19.9476 -4.5 33.5407
      vertex 19.9476 4.5 33.5407
    endloop
  endfacet
  facet normal 0.14671 -1.03313e-19 0.98918
    outer loop
      vertex 20.4635 4.5 28.3028
      vertex 20.7305 -4.5 28.2632
      vertex 20.7305 4.5 28.2632
    endloop
  endfacet
  facet normal 0.14671 -1.03313e-19 0.98918
    outer loop
      vertex 20.7305 -4.5 28.2632
      vertex 20.4635 4.5 28.3028
      vertex 20.4635 -4.5 28.3028
    endloop
  endfacet
  facet normal 0.427688 -5.21575e-19 0.903926
    outer loop
      vertex 19.7037 4.5 28.5747
      vertex 19.9476 -4.5 28.4593
      vertex 19.9476 4.5 28.4593
    endloop
  endfacet
  facet normal 0.427688 -5.21575e-19 0.903926
    outer loop
      vertex 19.9476 -4.5 28.4593
      vertex 19.7037 4.5 28.5747
      vertex 19.7037 -4.5 28.5747
    endloop
  endfacet
  facet normal 0.941566 0 -0.336829
    outer loop
      vertex 18.4593 -4.5 32.0524
      vertex 18.3684 4.5 31.7983
      vertex 18.4593 4.5 32.0524
    endloop
  endfacet
  facet normal 0.941566 0 -0.336829
    outer loop
      vertex 18.3684 4.5 31.7983
      vertex 18.4593 -4.5 32.0524
      vertex 18.3684 -4.5 31.7983
    endloop
  endfacet
  facet normal 0 0 -1
    outer loop
      vertex 29 -4.5 33.75
      vertex 27.5 4.5 33.75
      vertex 29 4.5 33.75
    endloop
  endfacet
  facet normal 0 0 -1
    outer loop
      vertex 21 -4.5 33.75
      vertex 27.5 4.5 33.75
      vertex 29 -4.5 33.75
    endloop
  endfacet
  facet normal -0 0 -1
    outer loop
      vertex 27.5 4.5 33.75
      vertex 21 -4.5 33.75
      vertex 21 4.5 33.75
    endloop
  endfacet
  facet normal -0.740728 0 -0.671805
    outer loop
      vertex 31.1258 -4.5 32.7446
      vertex 30.9445 4.5 32.9445
      vertex 31.1258 4.5 32.7446
    endloop
  endfacet
  facet normal -0.740728 -0 -0.671805
    outer loop
      vertex 30.9445 4.5 32.9445
      vertex 31.1258 -4.5 32.7446
      vertex 30.9445 -4.5 32.9445
    endloop
  endfacet
  facet normal 0.803367 -0 0.595485
    outer loop
      vertex 18.7135 -4.5 29.4722
      vertex 18.8742 4.5 29.2554
      vertex 18.7135 4.5 29.4722
    endloop
  endfacet
  facet normal 0.803367 0 0.595485
    outer loop
      vertex 18.8742 4.5 29.2554
      vertex 18.7135 -4.5 29.4722
      vertex 18.8742 -4.5 29.2554
    endloop
  endfacet
  facet normal -0.98918 0 0.14671
    outer loop
      vertex 31.6972 -4.5 30.4635
      vertex 31.7368 4.5 30.7305
      vertex 31.6972 4.5 30.4635
    endloop
  endfacet
  facet normal -0.98918 0 0.14671
    outer loop
      vertex 31.7368 4.5 30.7305
      vertex 31.6972 -4.5 30.4635
      vertex 31.7368 -4.5 30.7305
    endloop
  endfacet
  facet normal -0.0489209 -2.13504e-21 -0.998803
    outer loop
      vertex 29 -4.5 33.75
      vertex 29.2695 4.5 33.7368
      vertex 29.2695 -4.5 33.7368
    endloop
  endfacet
  facet normal -0.0489209 -2.13504e-21 -0.998803
    outer loop
      vertex 29.2695 4.5 33.7368
      vertex 29 -4.5 33.75
      vertex 29 4.5 33.75
    endloop
  endfacet
  facet normal 0.243059 -4.62839e-20 0.970012
    outer loop
      vertex 20.2017 4.5 28.3684
      vertex 20.4635 -4.5 28.3028
      vertex 20.4635 4.5 28.3028
    endloop
  endfacet
  facet normal 0.243059 -4.62839e-20 0.970012
    outer loop
      vertex 20.4635 -4.5 28.3028
      vertex 20.2017 4.5 28.3684
      vertex 20.2017 -4.5 28.3684
    endloop
  endfacet
  facet normal 0.514223 -1.30512e-18 0.857656
    outer loop
      vertex 19.4722 4.5 28.7135
      vertex 19.7037 -4.5 28.5747
      vertex 19.7037 4.5 28.5747
    endloop
  endfacet
  facet normal 0.514223 -1.30512e-18 0.857656
    outer loop
      vertex 19.7037 -4.5 28.5747
      vertex 19.4722 4.5 28.7135
      vertex 19.4722 -4.5 28.7135
    endloop
  endfacet
  facet normal 0.514223 -4.30691e-20 -0.857656
    outer loop
      vertex 19.4722 -4.5 33.2865
      vertex 19.7037 4.5 33.4253
      vertex 19.7037 -4.5 33.4253
    endloop
  endfacet
  facet normal 0.514223 -4.30691e-20 -0.857656
    outer loop
      vertex 19.7037 4.5 33.4253
      vertex 19.4722 -4.5 33.2865
      vertex 19.4722 4.5 33.2865
    endloop
  endfacet
  facet normal -0.14671 1.03313e-19 0.98918
    outer loop
      vertex 29.2695 4.5 28.2632
      vertex 29.5365 -4.5 28.3028
      vertex 29.5365 4.5 28.3028
    endloop
  endfacet
  facet normal -0.14671 1.03313e-19 0.98918
    outer loop
      vertex 29.5365 -4.5 28.3028
      vertex 29.2695 4.5 28.2632
      vertex 29.2695 -4.5 28.2632
    endloop
  endfacet
  facet normal -0.941566 0 -0.336829
    outer loop
      vertex 31.6316 -4.5 31.7983
      vertex 31.5407 4.5 32.0524
      vertex 31.6316 4.5 31.7983
    endloop
  endfacet
  facet normal -0.941566 -0 -0.336829
    outer loop
      vertex 31.5407 4.5 32.0524
      vertex 31.6316 -4.5 31.7983
      vertex 31.5407 -4.5 32.0524
    endloop
  endfacet
  facet normal -0.514223 1.30512e-18 0.857656
    outer loop
      vertex 30.2963 4.5 28.5747
      vertex 30.5278 -4.5 28.7135
      vertex 30.5278 4.5 28.7135
    endloop
  endfacet
  facet normal -0.514223 1.30512e-18 0.857656
    outer loop
      vertex 30.5278 -4.5 28.7135
      vertex 30.2963 4.5 28.5747
      vertex 30.2963 -4.5 28.5747
    endloop
  endfacet
  facet normal -0.427688 5.21575e-19 0.903926
    outer loop
      vertex 30.0524 4.5 28.4593
      vertex 30.2963 -4.5 28.5747
      vertex 30.2963 4.5 28.5747
    endloop
  endfacet
  facet normal -0.427688 5.21575e-19 0.903926
    outer loop
      vertex 30.2963 -4.5 28.5747
      vertex 30.0524 4.5 28.4593
      vertex 30.0524 -4.5 28.4593
    endloop
  endfacet
  facet normal -0.243059 4.62839e-20 0.970012
    outer loop
      vertex 29.5365 4.5 28.3028
      vertex 29.7983 -4.5 28.3684
      vertex 29.7983 4.5 28.3684
    endloop
  endfacet
  facet normal -0.243059 4.62839e-20 0.970012
    outer loop
      vertex 29.7983 -4.5 28.3684
      vertex 29.5365 4.5 28.3028
      vertex 29.5365 -4.5 28.3028
    endloop
  endfacet
  facet normal 0.98918 0 -0.14671
    outer loop
      vertex 18.3028 -4.5 31.5365
      vertex 18.2632 4.5 31.2695
      vertex 18.3028 4.5 31.5365
    endloop
  endfacet
  facet normal 0.98918 0 -0.14671
    outer loop
      vertex 18.2632 4.5 31.2695
      vertex 18.3028 -4.5 31.5365
      vertex 18.2632 -4.5 31.2695
    endloop
  endfacet
  facet normal -0.740728 0 0.671805
    outer loop
      vertex 30.9445 -4.5 29.0555
      vertex 31.1258 4.5 29.2554
      vertex 30.9445 4.5 29.0555
    endloop
  endfacet
  facet normal -0.740728 0 0.671805
    outer loop
      vertex 31.1258 4.5 29.2554
      vertex 30.9445 -4.5 29.0555
      vertex 31.1258 -4.5 29.2554
    endloop
  endfacet
  facet normal 0.0489209 2.13504e-21 -0.998803
    outer loop
      vertex 20.7305 -4.5 33.7368
      vertex 21 4.5 33.75
      vertex 21 -4.5 33.75
    endloop
  endfacet
  facet normal 0.0489209 2.13504e-21 -0.998803
    outer loop
      vertex 21 4.5 33.75
      vertex 20.7305 -4.5 33.7368
      vertex 20.7305 4.5 33.7368
    endloop
  endfacet
  facet normal 0.970012 -0 0.243059
    outer loop
      vertex 18.3028 -4.5 30.4635
      vertex 18.3684 4.5 30.2017
      vertex 18.3028 4.5 30.4635
    endloop
  endfacet
  facet normal 0.970012 0 0.243059
    outer loop
      vertex 18.3684 4.5 30.2017
      vertex 18.3028 -4.5 30.4635
      vertex 18.3684 -4.5 30.2017
    endloop
  endfacet
  facet normal 0.941566 -0 0.336829
    outer loop
      vertex 18.3684 -4.5 30.2017
      vertex 18.4593 4.5 29.9476
      vertex 18.3684 4.5 30.2017
    endloop
  endfacet
  facet normal 0.941566 0 0.336829
    outer loop
      vertex 18.4593 4.5 29.9476
      vertex 18.3684 -4.5 30.2017
      vertex 18.4593 -4.5 29.9476
    endloop
  endfacet
  facet normal 0.803367 0 -0.595485
    outer loop
      vertex 18.8742 -4.5 32.7446
      vertex 18.7135 4.5 32.5278
      vertex 18.8742 4.5 32.7446
    endloop
  endfacet
  facet normal 0.803367 0 -0.595485
    outer loop
      vertex 18.7135 4.5 32.5278
      vertex 18.8742 -4.5 32.7446
      vertex 18.7135 -4.5 32.5278
    endloop
  endfacet
  facet normal 0.671805 -3.44428e-19 -0.740728
    outer loop
      vertex 19.0555 -4.5 32.9445
      vertex 19.2554 4.5 33.1258
      vertex 19.2554 -4.5 33.1258
    endloop
  endfacet
  facet normal 0.671805 -3.44428e-19 -0.740728
    outer loop
      vertex 19.2554 4.5 33.1258
      vertex 19.0555 -4.5 32.9445
      vertex 19.0555 4.5 32.9445
    endloop
  endfacet
  facet normal -0.970012 0 0.243059
    outer loop
      vertex 31.6316 -4.5 30.2017
      vertex 31.6972 4.5 30.4635
      vertex 31.6316 4.5 30.2017
    endloop
  endfacet
  facet normal -0.970012 0 0.243059
    outer loop
      vertex 31.6972 4.5 30.4635
      vertex 31.6316 -4.5 30.2017
      vertex 31.6972 -4.5 30.4635
    endloop
  endfacet
  facet normal 0.903926 -0 0.427688
    outer loop
      vertex 18.4593 -4.5 29.9476
      vertex 18.5747 4.5 29.7037
      vertex 18.4593 4.5 29.9476
    endloop
  endfacet
  facet normal 0.903926 0 0.427688
    outer loop
      vertex 18.5747 4.5 29.7037
      vertex 18.4593 -4.5 29.9476
      vertex 18.5747 -4.5 29.7037
    endloop
  endfacet
  facet normal 0.336829 5.51196e-19 0.941566
    outer loop
      vertex 19.9476 4.5 28.4593
      vertex 20.2017 -4.5 28.3684
      vertex 20.2017 4.5 28.3684
    endloop
  endfacet
  facet normal 0.336829 5.51196e-19 0.941566
    outer loop
      vertex 20.2017 -4.5 28.3684
      vertex 19.9476 4.5 28.4593
      vertex 19.9476 -4.5 28.4593
    endloop
  endfacet
  facet normal -0.427688 -5.21575e-19 -0.903926
    outer loop
      vertex 30.0524 -4.5 33.5407
      vertex 30.2963 4.5 33.4253
      vertex 30.2963 -4.5 33.4253
    endloop
  endfacet
  facet normal -0.427688 -5.21575e-19 -0.903926
    outer loop
      vertex 30.2963 4.5 33.4253
      vertex 30.0524 -4.5 33.5407
      vertex 30.0524 4.5 33.5407
    endloop
  endfacet
  facet normal 0.14671 1.03313e-19 -0.98918
    outer loop
      vertex 20.4635 -4.5 33.6972
      vertex 20.7305 4.5 33.7368
      vertex 20.7305 -4.5 33.7368
    endloop
  endfacet
  facet normal 0.14671 1.03313e-19 -0.98918
    outer loop
      vertex 20.7305 4.5 33.7368
      vertex 20.4635 -4.5 33.6972
      vertex 20.4635 4.5 33.6972
    endloop
  endfacet
  facet normal 0.427688 5.21575e-19 -0.903926
    outer loop
      vertex 19.7037 -4.5 33.4253
      vertex 19.9476 4.5 33.5407
      vertex 19.9476 -4.5 33.5407
    endloop
  endfacet
  facet normal 0.427688 5.21575e-19 -0.903926
    outer loop
      vertex 19.9476 4.5 33.5407
      vertex 19.7037 -4.5 33.4253
      vertex 19.7037 4.5 33.4253
    endloop
  endfacet
  facet normal 0.98918 -0 0.14671
    outer loop
      vertex 18.2632 -4.5 30.7305
      vertex 18.3028 4.5 30.4635
      vertex 18.2632 4.5 30.7305
    endloop
  endfacet
  facet normal 0.98918 0 0.14671
    outer loop
      vertex 18.3028 4.5 30.4635
      vertex 18.2632 -4.5 30.7305
      vertex 18.3028 -4.5 30.4635
    endloop
  endfacet
  facet normal -0.243059 -1.6512e-19 -0.970012
    outer loop
      vertex 29.5365 -4.5 33.6972
      vertex 29.7983 4.5 33.6316
      vertex 29.7983 -4.5 33.6316
    endloop
  endfacet
  facet normal -0.243059 -1.6512e-19 -0.970012
    outer loop
      vertex 29.7983 4.5 33.6316
      vertex 29.5365 -4.5 33.6972
      vertex 29.5365 4.5 33.6972
    endloop
  endfacet
  facet normal -0.803367 0 0.595485
    outer loop
      vertex 31.1258 -4.5 29.2554
      vertex 31.2865 4.5 29.4722
      vertex 31.1258 4.5 29.2554
    endloop
  endfacet
  facet normal -0.803367 0 0.595485
    outer loop
      vertex 31.2865 4.5 29.4722
      vertex 31.1258 -4.5 29.2554
      vertex 31.2865 -4.5 29.4722
    endloop
  endfacet
  facet normal 0.903926 0 -0.427688
    outer loop
      vertex 18.5747 -4.5 32.2963
      vertex 18.4593 4.5 32.0524
      vertex 18.5747 4.5 32.2963
    endloop
  endfacet
  facet normal 0.903926 0 -0.427688
    outer loop
      vertex 18.4593 4.5 32.0524
      vertex 18.5747 -4.5 32.2963
      vertex 18.4593 -4.5 32.0524
    endloop
  endfacet
  facet normal -0.595485 -9.25282e-19 0.803367
    outer loop
      vertex 30.5278 4.5 28.7135
      vertex 30.7446 -4.5 28.8742
      vertex 30.7446 4.5 28.8742
    endloop
  endfacet
  facet normal -0.595485 -9.25282e-19 0.803367
    outer loop
      vertex 30.7446 -4.5 28.8742
      vertex 30.5278 4.5 28.7135
      vertex 30.5278 -4.5 28.7135
    endloop
  endfacet
  facet normal -0.336829 5.51196e-19 -0.941566
    outer loop
      vertex 29.7983 -4.5 33.6316
      vertex 30.0524 4.5 33.5407
      vertex 30.0524 -4.5 33.5407
    endloop
  endfacet
  facet normal -0.336829 5.51196e-19 -0.941566
    outer loop
      vertex 30.0524 4.5 33.5407
      vertex 29.7983 -4.5 33.6316
      vertex 29.7983 4.5 33.6316
    endloop
  endfacet
  facet normal -0.857656 0 0.514223
    outer loop
      vertex 31.2865 -4.5 29.4722
      vertex 31.4253 4.5 29.7037
      vertex 31.2865 4.5 29.4722
    endloop
  endfacet
  facet normal -0.857656 0 0.514223
    outer loop
      vertex 31.4253 4.5 29.7037
      vertex 31.2865 -4.5 29.4722
      vertex 31.4253 -4.5 29.7037
    endloop
  endfacet
  facet normal 0.998803 -0 0.0489209
    outer loop
      vertex 18.25 -4.5 31
      vertex 18.2632 4.5 30.7305
      vertex 18.25 4.5 31
    endloop
  endfacet
  facet normal 0.998803 0 0.0489209
    outer loop
      vertex 18.2632 4.5 30.7305
      vertex 18.25 -4.5 31
      vertex 18.2632 -4.5 30.7305
    endloop
  endfacet
  facet normal 0.857656 0 -0.514223
    outer loop
      vertex 18.7135 -4.5 32.5278
      vertex 18.5747 4.5 32.2963
      vertex 18.7135 4.5 32.5278
    endloop
  endfacet
  facet normal 0.857656 0 -0.514223
    outer loop
      vertex 18.5747 4.5 32.2963
      vertex 18.7135 -4.5 32.5278
      vertex 18.5747 -4.5 32.2963
    endloop
  endfacet
  facet normal 0.595485 -9.25282e-19 -0.803367
    outer loop
      vertex 19.2554 -4.5 33.1258
      vertex 19.4722 4.5 33.2865
      vertex 19.4722 -4.5 33.2865
    endloop
  endfacet
  facet normal 0.595485 -9.25282e-19 -0.803367
    outer loop
      vertex 19.4722 4.5 33.2865
      vertex 19.2554 -4.5 33.1258
      vertex 19.2554 4.5 33.1258
    endloop
  endfacet
  facet normal 0.970012 0 -0.243059
    outer loop
      vertex 18.3684 -4.5 31.7983
      vertex 18.3028 4.5 31.5365
      vertex 18.3684 4.5 31.7983
    endloop
  endfacet
  facet normal 0.970012 0 -0.243059
    outer loop
      vertex 18.3028 4.5 31.5365
      vertex 18.3684 -4.5 31.7983
      vertex 18.3028 -4.5 31.5365
    endloop
  endfacet
  facet normal -0.903926 0 -0.427688
    outer loop
      vertex 31.5407 -4.5 32.0524
      vertex 31.4253 4.5 32.2963
      vertex 31.5407 4.5 32.0524
    endloop
  endfacet
  facet normal -0.903926 -0 -0.427688
    outer loop
      vertex 31.4253 4.5 32.2963
      vertex 31.5407 -4.5 32.0524
      vertex 31.4253 -4.5 32.2963
    endloop
  endfacet
  facet normal -0.903926 0 0.427688
    outer loop
      vertex 31.4253 -4.5 29.7037
      vertex 31.5407 4.5 29.9476
      vertex 31.4253 4.5 29.7037
    endloop
  endfacet
  facet normal -0.903926 0 0.427688
    outer loop
      vertex 31.5407 4.5 29.9476
      vertex 31.4253 -4.5 29.7037
      vertex 31.5407 -4.5 29.9476
    endloop
  endfacet
  facet normal -0.336829 -5.51196e-19 0.941566
    outer loop
      vertex 29.7983 4.5 28.3684
      vertex 30.0524 -4.5 28.4593
      vertex 30.0524 4.5 28.4593
    endloop
  endfacet
  facet normal -0.336829 -5.51196e-19 0.941566
    outer loop
      vertex 30.0524 -4.5 28.4593
      vertex 29.7983 4.5 28.3684
      vertex 29.7983 -4.5 28.3684
    endloop
  endfacet
  facet normal -0.514223 4.30691e-20 -0.857656
    outer loop
      vertex 30.2963 -4.5 33.4253
      vertex 30.5278 4.5 33.2865
      vertex 30.5278 -4.5 33.2865
    endloop
  endfacet
  facet normal -0.514223 4.30691e-20 -0.857656
    outer loop
      vertex 30.5278 4.5 33.2865
      vertex 30.2963 -4.5 33.4253
      vertex 30.2963 4.5 33.4253
    endloop
  endfacet
  facet normal -0.803367 0 -0.595485
    outer loop
      vertex 31.2865 -4.5 32.5278
      vertex 31.1258 4.5 32.7446
      vertex 31.2865 4.5 32.5278
    endloop
  endfacet
  facet normal -0.803367 -0 -0.595485
    outer loop
      vertex 31.1258 4.5 32.7446
      vertex 31.2865 -4.5 32.5278
      vertex 31.1258 -4.5 32.7446
    endloop
  endfacet
  facet normal -0.941566 0 0.336829
    outer loop
      vertex 31.5407 -4.5 29.9476
      vertex 31.6316 4.5 30.2017
      vertex 31.5407 4.5 29.9476
    endloop
  endfacet
  facet normal -0.941566 0 0.336829
    outer loop
      vertex 31.6316 4.5 30.2017
      vertex 31.5407 -4.5 29.9476
      vertex 31.6316 -4.5 30.2017
    endloop
  endfacet
  facet normal -0.671805 3.44428e-19 -0.740728
    outer loop
      vertex 30.7446 -4.5 33.1258
      vertex 30.9445 4.5 32.9445
      vertex 30.9445 -4.5 32.9445
    endloop
  endfacet
  facet normal -0.671805 3.44428e-19 -0.740728
    outer loop
      vertex 30.9445 4.5 32.9445
      vertex 30.7446 -4.5 33.1258
      vertex 30.7446 4.5 33.1258
    endloop
  endfacet
  facet normal 0.740728 0 -0.671805
    outer loop
      vertex 19.0555 -4.5 32.9445
      vertex 18.8742 4.5 32.7446
      vertex 19.0555 4.5 32.9445
    endloop
  endfacet
  facet normal 0.740728 0 -0.671805
    outer loop
      vertex 18.8742 4.5 32.7446
      vertex 19.0555 -4.5 32.9445
      vertex 18.8742 -4.5 32.7446
    endloop
  endfacet
  facet normal -0.98918 0 -0.14671
    outer loop
      vertex 31.7368 -4.5 31.2695
      vertex 31.6972 4.5 31.5365
      vertex 31.7368 4.5 31.2695
    endloop
  endfacet
  facet normal -0.98918 -0 -0.14671
    outer loop
      vertex 31.6972 4.5 31.5365
      vertex 31.7368 -4.5 31.2695
      vertex 31.6972 -4.5 31.5365
    endloop
  endfacet
  facet normal -0.857656 0 -0.514223
    outer loop
      vertex 31.4253 -4.5 32.2963
      vertex 31.2865 4.5 32.5278
      vertex 31.4253 4.5 32.2963
    endloop
  endfacet
  facet normal -0.857656 -0 -0.514223
    outer loop
      vertex 31.2865 4.5 32.5278
      vertex 31.4253 -4.5 32.2963
      vertex 31.2865 -4.5 32.5278
    endloop
  endfacet
  facet normal 0.998803 0 -0.0489209
    outer loop
      vertex 18.2632 -4.5 31.2695
      vertex 18.25 4.5 31
      vertex 18.2632 4.5 31.2695
    endloop
  endfacet
  facet normal 0.998803 0 -0.0489209
    outer loop
      vertex 18.25 4.5 31
      vertex 18.2632 -4.5 31.2695
      vertex 18.25 -4.5 31
    endloop
  endfacet
  facet normal 0.0489209 -2.13504e-21 0.998803
    outer loop
      vertex 20.7305 4.5 48.2632
      vertex 21 -4.5 48.25
      vertex 21 4.5 48.25
    endloop
  endfacet
  facet normal 0.0489209 -2.13504e-21 0.998803
    outer loop
      vertex 21 -4.5 48.25
      vertex 20.7305 4.5 48.2632
      vertex 20.7305 -4.5 48.2632
    endloop
  endfacet
  facet normal -0.595485 9.25282e-19 -0.803367
    outer loop
      vertex 30.5278 -4.5 53.2865
      vertex 30.7446 4.5 53.1258
      vertex 30.7446 -4.5 53.1258
    endloop
  endfacet
  facet normal -0.595485 9.25282e-19 -0.803367
    outer loop
      vertex 30.7446 4.5 53.1258
      vertex 30.5278 -4.5 53.2865
      vertex 30.5278 4.5 53.2865
    endloop
  endfacet
  facet normal 0.857656 -0 0.514223
    outer loop
      vertex 18.5747 -4.5 49.7037
      vertex 18.7135 4.5 49.4722
      vertex 18.5747 4.5 49.7037
    endloop
  endfacet
  facet normal 0.857656 0 0.514223
    outer loop
      vertex 18.7135 4.5 49.4722
      vertex 18.5747 -4.5 49.7037
      vertex 18.7135 -4.5 49.4722
    endloop
  endfacet
  facet normal -0.970012 0 -0.243059
    outer loop
      vertex 31.6972 -4.5 51.5365
      vertex 31.6316 4.5 51.7983
      vertex 31.6972 4.5 51.5365
    endloop
  endfacet
  facet normal -0.970012 -0 -0.243059
    outer loop
      vertex 31.6316 4.5 51.7983
      vertex 31.6972 -4.5 51.5365
      vertex 31.6316 -4.5 51.7983
    endloop
  endfacet
  facet normal -0.998803 0 -0.0489209
    outer loop
      vertex 31.75 -4.5 51
      vertex 31.7368 4.5 51.2695
      vertex 31.75 4.5 51
    endloop
  endfacet
  facet normal -0.998803 -0 -0.0489209
    outer loop
      vertex 31.7368 4.5 51.2695
      vertex 31.75 -4.5 51
      vertex 31.7368 -4.5 51.2695
    endloop
  endfacet
  facet normal -0.671805 -3.44428e-19 0.740728
    outer loop
      vertex 30.7446 4.5 48.8742
      vertex 30.9445 -4.5 49.0555
      vertex 30.9445 4.5 49.0555
    endloop
  endfacet
  facet normal -0.671805 -3.44428e-19 0.740728
    outer loop
      vertex 30.9445 -4.5 49.0555
      vertex 30.7446 4.5 48.8742
      vertex 30.7446 -4.5 48.8742
    endloop
  endfacet
  facet normal 0.671805 3.44428e-19 0.740728
    outer loop
      vertex 19.0555 4.5 49.0555
      vertex 19.2554 -4.5 48.8742
      vertex 19.2554 4.5 48.8742
    endloop
  endfacet
  facet normal 0.671805 3.44428e-19 0.740728
    outer loop
      vertex 19.2554 -4.5 48.8742
      vertex 19.0555 4.5 49.0555
      vertex 19.0555 -4.5 49.0555
    endloop
  endfacet
  facet normal 0.740728 -0 0.671805
    outer loop
      vertex 18.8742 -4.5 49.2554
      vertex 19.0555 4.5 49.0555
      vertex 18.8742 4.5 49.2554
    endloop
  endfacet
  facet normal 0.740728 0 0.671805
    outer loop
      vertex 19.0555 4.5 49.0555
      vertex 18.8742 -4.5 49.2554
      vertex 19.0555 -4.5 49.0555
    endloop
  endfacet
  facet normal -0.998803 0 0.0489209
    outer loop
      vertex 31.7368 -4.5 50.7305
      vertex 31.75 4.5 51
      vertex 31.7368 4.5 50.7305
    endloop
  endfacet
  facet normal -0.998803 0 0.0489209
    outer loop
      vertex 31.75 4.5 51
      vertex 31.7368 -4.5 50.7305
      vertex 31.75 -4.5 51
    endloop
  endfacet
  facet normal -0 0 1
    outer loop
      vertex 27.5 4.5 48.25
      vertex 29 -4.5 48.25
      vertex 29 4.5 48.25
    endloop
  endfacet
  facet normal 0 0 1
    outer loop
      vertex 21 -4.5 48.25
      vertex 27.5 4.5 48.25
      vertex 21 4.5 48.25
    endloop
  endfacet
  facet normal 0 0 1
    outer loop
      vertex 27.5 4.5 48.25
      vertex 21 -4.5 48.25
      vertex 29 -4.5 48.25
    endloop
  endfacet
  facet normal 0.595485 9.25282e-19 0.803367
    outer loop
      vertex 19.2554 4.5 48.8742
      vertex 19.4722 -4.5 48.7135
      vertex 19.4722 4.5 48.7135
    endloop
  endfacet
  facet normal 0.595485 9.25282e-19 0.803367
    outer loop
      vertex 19.4722 -4.5 48.7135
      vertex 19.2554 4.5 48.8742
      vertex 19.2554 -4.5 48.8742
    endloop
  endfacet
  facet normal -0.14671 -1.03313e-19 -0.98918
    outer loop
      vertex 29.2695 -4.5 53.7368
      vertex 29.5365 4.5 53.6972
      vertex 29.5365 -4.5 53.6972
    endloop
  endfacet
  facet normal -0.14671 -1.03313e-19 -0.98918
    outer loop
      vertex 29.5365 4.5 53.6972
      vertex 29.2695 -4.5 53.7368
      vertex 29.2695 4.5 53.7368
    endloop
  endfacet
  facet normal -0.0489209 2.13504e-21 0.998803
    outer loop
      vertex 29 4.5 48.25
      vertex 29.2695 -4.5 48.2632
      vertex 29.2695 4.5 48.2632
    endloop
  endfacet
  facet normal -0.0489209 2.13504e-21 0.998803
    outer loop
      vertex 29.2695 -4.5 48.2632
      vertex 29 4.5 48.25
      vertex 29 -4.5 48.25
    endloop
  endfacet
  facet normal 0.243059 1.6512e-19 -0.970012
    outer loop
      vertex 20.2017 -4.5 53.6316
      vertex 20.4635 4.5 53.6972
      vertex 20.4635 -4.5 53.6972
    endloop
  endfacet
  facet normal 0.243059 1.6512e-19 -0.970012
    outer loop
      vertex 20.4635 4.5 53.6972
      vertex 20.2017 -4.5 53.6316
      vertex 20.2017 4.5 53.6316
    endloop
  endfacet
  facet normal 0.336829 -5.51196e-19 -0.941566
    outer loop
      vertex 19.9476 -4.5 53.5407
      vertex 20.2017 4.5 53.6316
      vertex 20.2017 -4.5 53.6316
    endloop
  endfacet
  facet normal 0.336829 -5.51196e-19 -0.941566
    outer loop
      vertex 20.2017 4.5 53.6316
      vertex 19.9476 -4.5 53.5407
      vertex 19.9476 4.5 53.5407
    endloop
  endfacet
  facet normal 0.14671 -1.03313e-19 0.98918
    outer loop
      vertex 20.4635 4.5 48.3028
      vertex 20.7305 -4.5 48.2632
      vertex 20.7305 4.5 48.2632
    endloop
  endfacet
  facet normal 0.14671 -1.03313e-19 0.98918
    outer loop
      vertex 20.7305 -4.5 48.2632
      vertex 20.4635 4.5 48.3028
      vertex 20.4635 -4.5 48.3028
    endloop
  endfacet
  facet normal 0.427688 -5.21575e-19 0.903926
    outer loop
      vertex 19.7037 4.5 48.5747
      vertex 19.9476 -4.5 48.4593
      vertex 19.9476 4.5 48.4593
    endloop
  endfacet
  facet normal 0.427688 -5.21575e-19 0.903926
    outer loop
      vertex 19.9476 -4.5 48.4593
      vertex 19.7037 4.5 48.5747
      vertex 19.7037 -4.5 48.5747
    endloop
  endfacet
  facet normal 0.941566 0 -0.336829
    outer loop
      vertex 18.4593 -4.5 52.0524
      vertex 18.3684 4.5 51.7983
      vertex 18.4593 4.5 52.0524
    endloop
  endfacet
  facet normal 0.941566 0 -0.336829
    outer loop
      vertex 18.3684 4.5 51.7983
      vertex 18.4593 -4.5 52.0524
      vertex 18.3684 -4.5 51.7983
    endloop
  endfacet
  facet normal 0 0 -1
    outer loop
      vertex 29 -4.5 53.75
      vertex 27.5 4.5 53.75
      vertex 29 4.5 53.75
    endloop
  endfacet
  facet normal 0 0 -1
    outer loop
      vertex 21 -4.5 53.75
      vertex 27.5 4.5 53.75
      vertex 29 -4.5 53.75
    endloop
  endfacet
  facet normal -0 0 -1
    outer loop
      vertex 27.5 4.5 53.75
      vertex 21 -4.5 53.75
      vertex 21 4.5 53.75
    endloop
  endfacet
  facet normal -0.740728 0 -0.671805
    outer loop
      vertex 31.1258 -4.5 52.7446
      vertex 30.9445 4.5 52.9445
      vertex 31.1258 4.5 52.7446
    endloop
  endfacet
  facet normal -0.740728 -0 -0.671805
    outer loop
      vertex 30.9445 4.5 52.9445
      vertex 31.1258 -4.5 52.7446
      vertex 30.9445 -4.5 52.9445
    endloop
  endfacet
  facet normal 0.803367 -0 0.595485
    outer loop
      vertex 18.7135 -4.5 49.4722
      vertex 18.8742 4.5 49.2554
      vertex 18.7135 4.5 49.4722
    endloop
  endfacet
  facet normal 0.803367 0 0.595485
    outer loop
      vertex 18.8742 4.5 49.2554
      vertex 18.7135 -4.5 49.4722
      vertex 18.8742 -4.5 49.2554
    endloop
  endfacet
  facet normal -0.98918 0 0.14671
    outer loop
      vertex 31.6972 -4.5 50.4635
      vertex 31.7368 4.5 50.7305
      vertex 31.6972 4.5 50.4635
    endloop
  endfacet
  facet normal -0.98918 0 0.14671
    outer loop
      vertex 31.7368 4.5 50.7305
      vertex 31.6972 -4.5 50.4635
      vertex 31.7368 -4.5 50.7305
    endloop
  endfacet
  facet normal -0.0489209 -2.13504e-21 -0.998803
    outer loop
      vertex 29 -4.5 53.75
      vertex 29.2695 4.5 53.7368
      vertex 29.2695 -4.5 53.7368
    endloop
  endfacet
  facet normal -0.0489209 -2.13504e-21 -0.998803
    outer loop
      vertex 29.2695 4.5 53.7368
      vertex 29 -4.5 53.75
      vertex 29 4.5 53.75
    endloop
  endfacet
  facet normal 0.243059 -1.6512e-19 0.970012
    outer loop
      vertex 20.2017 4.5 48.3684
      vertex 20.4635 -4.5 48.3028
      vertex 20.4635 4.5 48.3028
    endloop
  endfacet
  facet normal 0.243059 -1.6512e-19 0.970012
    outer loop
      vertex 20.4635 -4.5 48.3028
      vertex 20.2017 4.5 48.3684
      vertex 20.2017 -4.5 48.3684
    endloop
  endfacet
  facet normal 0.514223 4.30691e-20 0.857656
    outer loop
      vertex 19.4722 4.5 48.7135
      vertex 19.7037 -4.5 48.5747
      vertex 19.7037 4.5 48.5747
    endloop
  endfacet
  facet normal 0.514223 4.30691e-20 0.857656
    outer loop
      vertex 19.7037 -4.5 48.5747
      vertex 19.4722 4.5 48.7135
      vertex 19.4722 -4.5 48.7135
    endloop
  endfacet
  facet normal 0.514223 -4.30691e-20 -0.857656
    outer loop
      vertex 19.4722 -4.5 53.2865
      vertex 19.7037 4.5 53.4253
      vertex 19.7037 -4.5 53.4253
    endloop
  endfacet
  facet normal 0.514223 -4.30691e-20 -0.857656
    outer loop
      vertex 19.7037 4.5 53.4253
      vertex 19.4722 -4.5 53.2865
      vertex 19.4722 4.5 53.2865
    endloop
  endfacet
  facet normal -0.14671 1.03313e-19 0.98918
    outer loop
      vertex 29.2695 4.5 48.2632
      vertex 29.5365 -4.5 48.3028
      vertex 29.5365 4.5 48.3028
    endloop
  endfacet
  facet normal -0.14671 1.03313e-19 0.98918
    outer loop
      vertex 29.5365 -4.5 48.3028
      vertex 29.2695 4.5 48.2632
      vertex 29.2695 -4.5 48.2632
    endloop
  endfacet
  facet normal -0.941566 0 -0.336829
    outer loop
      vertex 31.6316 -4.5 51.7983
      vertex 31.5407 4.5 52.0524
      vertex 31.6316 4.5 51.7983
    endloop
  endfacet
  facet normal -0.941566 -0 -0.336829
    outer loop
      vertex 31.5407 4.5 52.0524
      vertex 31.6316 -4.5 51.7983
      vertex 31.5407 -4.5 52.0524
    endloop
  endfacet
  facet normal -0.514223 -4.30691e-20 0.857656
    outer loop
      vertex 30.2963 4.5 48.5747
      vertex 30.5278 -4.5 48.7135
      vertex 30.5278 4.5 48.7135
    endloop
  endfacet
  facet normal -0.514223 -4.30691e-20 0.857656
    outer loop
      vertex 30.5278 -4.5 48.7135
      vertex 30.2963 4.5 48.5747
      vertex 30.2963 -4.5 48.5747
    endloop
  endfacet
  facet normal -0.427688 5.21575e-19 0.903926
    outer loop
      vertex 30.0524 4.5 48.4593
      vertex 30.2963 -4.5 48.5747
      vertex 30.2963 4.5 48.5747
    endloop
  endfacet
  facet normal -0.427688 5.21575e-19 0.903926
    outer loop
      vertex 30.2963 -4.5 48.5747
      vertex 30.0524 4.5 48.4593
      vertex 30.0524 -4.5 48.4593
    endloop
  endfacet
  facet normal -0.243059 1.6512e-19 0.970012
    outer loop
      vertex 29.5365 4.5 48.3028
      vertex 29.7983 -4.5 48.3684
      vertex 29.7983 4.5 48.3684
    endloop
  endfacet
  facet normal -0.243059 1.6512e-19 0.970012
    outer loop
      vertex 29.7983 -4.5 48.3684
      vertex 29.5365 4.5 48.3028
      vertex 29.5365 -4.5 48.3028
    endloop
  endfacet
  facet normal 0.98918 0 -0.14671
    outer loop
      vertex 18.3028 -4.5 51.5365
      vertex 18.2632 4.5 51.2695
      vertex 18.3028 4.5 51.5365
    endloop
  endfacet
  facet normal 0.98918 0 -0.14671
    outer loop
      vertex 18.2632 4.5 51.2695
      vertex 18.3028 -4.5 51.5365
      vertex 18.2632 -4.5 51.2695
    endloop
  endfacet
  facet normal -0.740728 0 0.671805
    outer loop
      vertex 30.9445 -4.5 49.0555
      vertex 31.1258 4.5 49.2554
      vertex 30.9445 4.5 49.0555
    endloop
  endfacet
  facet normal -0.740728 0 0.671805
    outer loop
      vertex 31.1258 4.5 49.2554
      vertex 30.9445 -4.5 49.0555
      vertex 31.1258 -4.5 49.2554
    endloop
  endfacet
  facet normal 0.0489209 2.13504e-21 -0.998803
    outer loop
      vertex 20.7305 -4.5 53.7368
      vertex 21 4.5 53.75
      vertex 21 -4.5 53.75
    endloop
  endfacet
  facet normal 0.0489209 2.13504e-21 -0.998803
    outer loop
      vertex 21 4.5 53.75
      vertex 20.7305 -4.5 53.7368
      vertex 20.7305 4.5 53.7368
    endloop
  endfacet
  facet normal 0.970012 -0 0.243059
    outer loop
      vertex 18.3028 -4.5 50.4635
      vertex 18.3684 4.5 50.2017
      vertex 18.3028 4.5 50.4635
    endloop
  endfacet
  facet normal 0.970012 0 0.243059
    outer loop
      vertex 18.3684 4.5 50.2017
      vertex 18.3028 -4.5 50.4635
      vertex 18.3684 -4.5 50.2017
    endloop
  endfacet
  facet normal 0.941566 -0 0.336829
    outer loop
      vertex 18.3684 -4.5 50.2017
      vertex 18.4593 4.5 49.9476
      vertex 18.3684 4.5 50.2017
    endloop
  endfacet
  facet normal 0.941566 0 0.336829
    outer loop
      vertex 18.4593 4.5 49.9476
      vertex 18.3684 -4.5 50.2017
      vertex 18.4593 -4.5 49.9476
    endloop
  endfacet
  facet normal 0.803367 0 -0.595485
    outer loop
      vertex 18.8742 -4.5 52.7446
      vertex 18.7135 4.5 52.5278
      vertex 18.8742 4.5 52.7446
    endloop
  endfacet
  facet normal 0.803367 0 -0.595485
    outer loop
      vertex 18.7135 4.5 52.5278
      vertex 18.8742 -4.5 52.7446
      vertex 18.7135 -4.5 52.5278
    endloop
  endfacet
  facet normal 0.671805 -3.44428e-19 -0.740728
    outer loop
      vertex 19.0555 -4.5 52.9445
      vertex 19.2554 4.5 53.1258
      vertex 19.2554 -4.5 53.1258
    endloop
  endfacet
  facet normal 0.671805 -3.44428e-19 -0.740728
    outer loop
      vertex 19.2554 4.5 53.1258
      vertex 19.0555 -4.5 52.9445
      vertex 19.0555 4.5 52.9445
    endloop
  endfacet
  facet normal -0.970012 0 0.243059
    outer loop
      vertex 31.6316 -4.5 50.2017
      vertex 31.6972 4.5 50.4635
      vertex 31.6316 4.5 50.2017
    endloop
  endfacet
  facet normal -0.970012 0 0.243059
    outer loop
      vertex 31.6972 4.5 50.4635
      vertex 31.6316 -4.5 50.2017
      vertex 31.6972 -4.5 50.4635
    endloop
  endfacet
  facet normal 0.903926 -0 0.427688
    outer loop
      vertex 18.4593 -4.5 49.9476
      vertex 18.5747 4.5 49.7037
      vertex 18.4593 4.5 49.9476
    endloop
  endfacet
  facet normal 0.903926 0 0.427688
    outer loop
      vertex 18.5747 4.5 49.7037
      vertex 18.4593 -4.5 49.9476
      vertex 18.5747 -4.5 49.7037
    endloop
  endfacet
  facet normal 0.336829 5.51196e-19 0.941566
    outer loop
      vertex 19.9476 4.5 48.4593
      vertex 20.2017 -4.5 48.3684
      vertex 20.2017 4.5 48.3684
    endloop
  endfacet
  facet normal 0.336829 5.51196e-19 0.941566
    outer loop
      vertex 20.2017 -4.5 48.3684
      vertex 19.9476 4.5 48.4593
      vertex 19.9476 -4.5 48.4593
    endloop
  endfacet
  facet normal -0.427688 -5.21575e-19 -0.903926
    outer loop
      vertex 30.0524 -4.5 53.5407
      vertex 30.2963 4.5 53.4253
      vertex 30.2963 -4.5 53.4253
    endloop
  endfacet
  facet normal -0.427688 -5.21575e-19 -0.903926
    outer loop
      vertex 30.2963 4.5 53.4253
      vertex 30.0524 -4.5 53.5407
      vertex 30.0524 4.5 53.5407
    endloop
  endfacet
  facet normal 0.14671 1.03313e-19 -0.98918
    outer loop
      vertex 20.4635 -4.5 53.6972
      vertex 20.7305 4.5 53.7368
      vertex 20.7305 -4.5 53.7368
    endloop
  endfacet
  facet normal 0.14671 1.03313e-19 -0.98918
    outer loop
      vertex 20.7305 4.5 53.7368
      vertex 20.4635 -4.5 53.6972
      vertex 20.4635 4.5 53.6972
    endloop
  endfacet
  facet normal 0.427688 5.21575e-19 -0.903926
    outer loop
      vertex 19.7037 -4.5 53.4253
      vertex 19.9476 4.5 53.5407
      vertex 19.9476 -4.5 53.5407
    endloop
  endfacet
  facet normal 0.427688 5.21575e-19 -0.903926
    outer loop
      vertex 19.9476 4.5 53.5407
      vertex 19.7037 -4.5 53.4253
      vertex 19.7037 4.5 53.4253
    endloop
  endfacet
  facet normal 0.98918 -0 0.14671
    outer loop
      vertex 18.2632 -4.5 50.7305
      vertex 18.3028 4.5 50.4635
      vertex 18.2632 4.5 50.7305
    endloop
  endfacet
  facet normal 0.98918 0 0.14671
    outer loop
      vertex 18.3028 4.5 50.4635
      vertex 18.2632 -4.5 50.7305
      vertex 18.3028 -4.5 50.4635
    endloop
  endfacet
  facet normal -0.243059 -1.6512e-19 -0.970012
    outer loop
      vertex 29.5365 -4.5 53.6972
      vertex 29.7983 4.5 53.6316
      vertex 29.7983 -4.5 53.6316
    endloop
  endfacet
  facet normal -0.243059 -1.6512e-19 -0.970012
    outer loop
      vertex 29.7983 4.5 53.6316
      vertex 29.5365 -4.5 53.6972
      vertex 29.5365 4.5 53.6972
    endloop
  endfacet
  facet normal -0.803367 0 0.595485
    outer loop
      vertex 31.1258 -4.5 49.2554
      vertex 31.2865 4.5 49.4722
      vertex 31.1258 4.5 49.2554
    endloop
  endfacet
  facet normal -0.803367 0 0.595485
    outer loop
      vertex 31.2865 4.5 49.4722
      vertex 31.1258 -4.5 49.2554
      vertex 31.2865 -4.5 49.4722
    endloop
  endfacet
  facet normal 0.903926 0 -0.427688
    outer loop
      vertex 18.5747 -4.5 52.2963
      vertex 18.4593 4.5 52.0524
      vertex 18.5747 4.5 52.2963
    endloop
  endfacet
  facet normal 0.903926 0 -0.427688
    outer loop
      vertex 18.4593 4.5 52.0524
      vertex 18.5747 -4.5 52.2963
      vertex 18.4593 -4.5 52.0524
    endloop
  endfacet
  facet normal -0.595485 -9.25282e-19 0.803367
    outer loop
      vertex 30.5278 4.5 48.7135
      vertex 30.7446 -4.5 48.8742
      vertex 30.7446 4.5 48.8742
    endloop
  endfacet
  facet normal -0.595485 -9.25282e-19 0.803367
    outer loop
      vertex 30.7446 -4.5 48.8742
      vertex 30.5278 4.5 48.7135
      vertex 30.5278 -4.5 48.7135
    endloop
  endfacet
  facet normal -0.336829 5.51196e-19 -0.941566
    outer loop
      vertex 29.7983 -4.5 53.6316
      vertex 30.0524 4.5 53.5407
      vertex 30.0524 -4.5 53.5407
    endloop
  endfacet
  facet normal -0.336829 5.51196e-19 -0.941566
    outer loop
      vertex 30.0524 4.5 53.5407
      vertex 29.7983 -4.5 53.6316
      vertex 29.7983 4.5 53.6316
    endloop
  endfacet
  facet normal -0.857656 0 0.514223
    outer loop
      vertex 31.2865 -4.5 49.4722
      vertex 31.4253 4.5 49.7037
      vertex 31.2865 4.5 49.4722
    endloop
  endfacet
  facet normal -0.857656 0 0.514223
    outer loop
      vertex 31.4253 4.5 49.7037
      vertex 31.2865 -4.5 49.4722
      vertex 31.4253 -4.5 49.7037
    endloop
  endfacet
  facet normal 0.998803 -0 0.0489209
    outer loop
      vertex 18.25 -4.5 51
      vertex 18.2632 4.5 50.7305
      vertex 18.25 4.5 51
    endloop
  endfacet
  facet normal 0.998803 0 0.0489209
    outer loop
      vertex 18.2632 4.5 50.7305
      vertex 18.25 -4.5 51
      vertex 18.2632 -4.5 50.7305
    endloop
  endfacet
  facet normal 0.857656 0 -0.514223
    outer loop
      vertex 18.7135 -4.5 52.5278
      vertex 18.5747 4.5 52.2963
      vertex 18.7135 4.5 52.5278
    endloop
  endfacet
  facet normal 0.857656 0 -0.514223
    outer loop
      vertex 18.5747 4.5 52.2963
      vertex 18.7135 -4.5 52.5278
      vertex 18.5747 -4.5 52.2963
    endloop
  endfacet
  facet normal 0.595485 -9.25282e-19 -0.803367
    outer loop
      vertex 19.2554 -4.5 53.1258
      vertex 19.4722 4.5 53.2865
      vertex 19.4722 -4.5 53.2865
    endloop
  endfacet
  facet normal 0.595485 -9.25282e-19 -0.803367
    outer loop
      vertex 19.4722 4.5 53.2865
      vertex 19.2554 -4.5 53.1258
      vertex 19.2554 4.5 53.1258
    endloop
  endfacet
  facet normal 0.970012 0 -0.243059
    outer loop
      vertex 18.3684 -4.5 51.7983
      vertex 18.3028 4.5 51.5365
      vertex 18.3684 4.5 51.7983
    endloop
  endfacet
  facet normal 0.970012 0 -0.243059
    outer loop
      vertex 18.3028 4.5 51.5365
      vertex 18.3684 -4.5 51.7983
      vertex 18.3028 -4.5 51.5365
    endloop
  endfacet
  facet normal -0.903926 0 -0.427688
    outer loop
      vertex 31.5407 -4.5 52.0524
      vertex 31.4253 4.5 52.2963
      vertex 31.5407 4.5 52.0524
    endloop
  endfacet
  facet normal -0.903926 -0 -0.427688
    outer loop
      vertex 31.4253 4.5 52.2963
      vertex 31.5407 -4.5 52.0524
      vertex 31.4253 -4.5 52.2963
    endloop
  endfacet
  facet normal -0.903926 0 0.427688
    outer loop
      vertex 31.4253 -4.5 49.7037
      vertex 31.5407 4.5 49.9476
      vertex 31.4253 4.5 49.7037
    endloop
  endfacet
  facet normal -0.903926 0 0.427688
    outer loop
      vertex 31.5407 4.5 49.9476
      vertex 31.4253 -4.5 49.7037
      vertex 31.5407 -4.5 49.9476
    endloop
  endfacet
  facet normal -0.336829 -5.51196e-19 0.941566
    outer loop
      vertex 29.7983 4.5 48.3684
      vertex 30.0524 -4.5 48.4593
      vertex 30.0524 4.5 48.4593
    endloop
  endfacet
  facet normal -0.336829 -5.51196e-19 0.941566
    outer loop
      vertex 30.0524 -4.5 48.4593
      vertex 29.7983 4.5 48.3684
      vertex 29.7983 -4.5 48.3684
    endloop
  endfacet
  facet normal -0.514223 4.30691e-20 -0.857656
    outer loop
      vertex 30.2963 -4.5 53.4253
      vertex 30.5278 4.5 53.2865
      vertex 30.5278 -4.5 53.2865
    endloop
  endfacet
  facet normal -0.514223 4.30691e-20 -0.857656
    outer loop
      vertex 30.5278 4.5 53.2865
      vertex 30.2963 -4.5 53.4253
      vertex 30.2963 4.5 53.4253
    endloop
  endfacet
  facet normal -0.803367 0 -0.595485
    outer loop
      vertex 31.2865 -4.5 52.5278
      vertex 31.1258 4.5 52.7446
      vertex 31.2865 4.5 52.5278
    endloop
  endfacet
  facet normal -0.803367 -0 -0.595485
    outer loop
      vertex 31.1258 4.5 52.7446
      vertex 31.2865 -4.5 52.5278
      vertex 31.1258 -4.5 52.7446
    endloop
  endfacet
  facet normal -0.941566 0 0.336829
    outer loop
      vertex 31.5407 -4.5 49.9476
      vertex 31.6316 4.5 50.2017
      vertex 31.5407 4.5 49.9476
    endloop
  endfacet
  facet normal -0.941566 0 0.336829
    outer loop
      vertex 31.6316 4.5 50.2017
      vertex 31.5407 -4.5 49.9476
      vertex 31.6316 -4.5 50.2017
    endloop
  endfacet
  facet normal -0.671805 3.44428e-19 -0.740728
    outer loop
      vertex 30.7446 -4.5 53.1258
      vertex 30.9445 4.5 52.9445
      vertex 30.9445 -4.5 52.9445
    endloop
  endfacet
  facet normal -0.671805 3.44428e-19 -0.740728
    outer loop
      vertex 30.9445 4.5 52.9445
      vertex 30.7446 -4.5 53.1258
      vertex 30.7446 4.5 53.1258
    endloop
  endfacet
  facet normal 0.740728 0 -0.671805
    outer loop
      vertex 19.0555 -4.5 52.9445
      vertex 18.8742 4.5 52.7446
      vertex 19.0555 4.5 52.9445
    endloop
  endfacet
  facet normal 0.740728 0 -0.671805
    outer loop
      vertex 18.8742 4.5 52.7446
      vertex 19.0555 -4.5 52.9445
      vertex 18.8742 -4.5 52.7446
    endloop
  endfacet
  facet normal -0.98918 0 -0.14671
    outer loop
      vertex 31.7368 -4.5 51.2695
      vertex 31.6972 4.5 51.5365
      vertex 31.7368 4.5 51.2695
    endloop
  endfacet
  facet normal -0.98918 -0 -0.14671
    outer loop
      vertex 31.6972 4.5 51.5365
      vertex 31.7368 -4.5 51.2695
      vertex 31.6972 -4.5 51.5365
    endloop
  endfacet
  facet normal -0.857656 0 -0.514223
    outer loop
      vertex 31.4253 -4.5 52.2963
      vertex 31.2865 4.5 52.5278
      vertex 31.4253 4.5 52.2963
    endloop
  endfacet
  facet normal -0.857656 -0 -0.514223
    outer loop
      vertex 31.2865 4.5 52.5278
      vertex 31.4253 -4.5 52.2963
      vertex 31.2865 -4.5 52.5278
    endloop
  endfacet
  facet normal 0.998803 0 -0.0489209
    outer loop
      vertex 18.2632 -4.5 51.2695
      vertex 18.25 4.5 51
      vertex 18.2632 4.5 51.2695
    endloop
  endfacet
  facet normal 0.998803 0 -0.0489209
    outer loop
      vertex 18.25 4.5 51
      vertex 18.2632 -4.5 51.2695
      vertex 18.25 -4.5 51
    endloop
  endfacet
  facet normal 0.0489209 4.35831e-20 0.998803
    outer loop
      vertex -29.2695 4.5 28.2632
      vertex -29 -4.5 28.25
      vertex -29 4.5 28.25
    endloop
  endfacet
  facet normal 0.0489209 4.35831e-20 0.998803
    outer loop
      vertex -29 -4.5 28.25
      vertex -29.2695 4.5 28.2632
      vertex -29.2695 -4.5 28.2632
    endloop
  endfacet
  facet normal -0.427688 -5.21575e-19 -0.903926
    outer loop
      vertex -19.9476 -4.5 33.5407
      vertex -19.7037 4.5 33.4253
      vertex -19.7037 -4.5 33.4253
    endloop
  endfacet
  facet normal -0.427688 -5.21575e-19 -0.903926
    outer loop
      vertex -19.7037 4.5 33.4253
      vertex -19.9476 -4.5 33.5407
      vertex -19.9476 4.5 33.5407
    endloop
  endfacet
  facet normal 0.857656 -0 0.514223
    outer loop
      vertex -31.4253 -4.5 29.7037
      vertex -31.2865 4.5 29.4722
      vertex -31.4253 4.5 29.7037
    endloop
  endfacet
  facet normal 0.857656 0 0.514223
    outer loop
      vertex -31.2865 4.5 29.4722
      vertex -31.4253 -4.5 29.7037
      vertex -31.2865 -4.5 29.4722
    endloop
  endfacet
  facet normal -0.941566 0 0.336829
    outer loop
      vertex -18.4593 -4.5 29.9476
      vertex -18.3684 4.5 30.2017
      vertex -18.4593 4.5 29.9476
    endloop
  endfacet
  facet normal -0.941566 0 0.336829
    outer loop
      vertex -18.3684 4.5 30.2017
      vertex -18.4593 -4.5 29.9476
      vertex -18.3684 -4.5 30.2017
    endloop
  endfacet
  facet normal 0.671805 3.44428e-19 0.740728
    outer loop
      vertex -30.9445 4.5 29.0555
      vertex -30.7446 -4.5 28.8742
      vertex -30.7446 4.5 28.8742
    endloop
  endfacet
  facet normal 0.671805 3.44428e-19 0.740728
    outer loop
      vertex -30.7446 -4.5 28.8742
      vertex -30.9445 4.5 29.0555
      vertex -30.9445 -4.5 29.0555
    endloop
  endfacet
  facet normal 0.740728 -0 0.671805
    outer loop
      vertex -31.1258 -4.5 29.2554
      vertex -30.9445 4.5 29.0555
      vertex -31.1258 4.5 29.2554
    endloop
  endfacet
  facet normal 0.740728 0 0.671805
    outer loop
      vertex -30.9445 4.5 29.0555
      vertex -31.1258 -4.5 29.2554
      vertex -30.9445 -4.5 29.0555
    endloop
  endfacet
  facet normal -0.671805 -3.44428e-19 0.740728
    outer loop
      vertex -19.2554 4.5 28.8742
      vertex -19.0555 -4.5 29.0555
      vertex -19.0555 4.5 29.0555
    endloop
  endfacet
  facet normal -0.671805 -3.44428e-19 0.740728
    outer loop
      vertex -19.0555 -4.5 29.0555
      vertex -19.2554 4.5 28.8742
      vertex -19.2554 -4.5 28.8742
    endloop
  endfacet
  facet normal -0 0 1
    outer loop
      vertex -27.5 4.5 28.25
      vertex -21 -4.5 28.25
      vertex -21 4.5 28.25
    endloop
  endfacet
  facet normal 0 0 1
    outer loop
      vertex -29 -4.5 28.25
      vertex -27.5 4.5 28.25
      vertex -29 4.5 28.25
    endloop
  endfacet
  facet normal 0 0 1
    outer loop
      vertex -27.5 4.5 28.25
      vertex -29 -4.5 28.25
      vertex -21 -4.5 28.25
    endloop
  endfacet
  facet normal -0.903926 0 0.427688
    outer loop
      vertex -18.5747 -4.5 29.7037
      vertex -18.4593 4.5 29.9476
      vertex -18.5747 4.5 29.7037
    endloop
  endfacet
  facet normal -0.903926 0 0.427688
    outer loop
      vertex -18.4593 4.5 29.9476
      vertex -18.5747 -4.5 29.7037
      vertex -18.4593 -4.5 29.9476
    endloop
  endfacet
  facet normal 0.595485 9.25282e-19 0.803367
    outer loop
      vertex -30.7446 4.5 28.8742
      vertex -30.5278 -4.5 28.7135
      vertex -30.5278 4.5 28.7135
    endloop
  endfacet
  facet normal 0.595485 9.25282e-19 0.803367
    outer loop
      vertex -30.5278 -4.5 28.7135
      vertex -30.7446 4.5 28.8742
      vertex -30.7446 -4.5 28.8742
    endloop
  endfacet
  facet normal -0.98918 0 0.14671
    outer loop
      vertex -18.3028 -4.5 30.4635
      vertex -18.2632 4.5 30.7305
      vertex -18.3028 4.5 30.4635
    endloop
  endfacet
  facet normal -0.98918 0 0.14671
    outer loop
      vertex -18.2632 4.5 30.7305
      vertex -18.3028 -4.5 30.4635
      vertex -18.2632 -4.5 30.7305
    endloop
  endfacet
  facet normal 0.98918 -0 0.14671
    outer loop
      vertex -31.7368 -4.5 30.7305
      vertex -31.6972 4.5 30.4635
      vertex -31.7368 4.5 30.7305
    endloop
  endfacet
  facet normal 0.98918 0 0.14671
    outer loop
      vertex -31.6972 4.5 30.4635
      vertex -31.7368 -4.5 30.7305
      vertex -31.6972 -4.5 30.4635
    endloop
  endfacet
  facet normal 0.243059 1.6512e-19 -0.970012
    outer loop
      vertex -29.7983 -4.5 33.6316
      vertex -29.5365 4.5 33.6972
      vertex -29.5365 -4.5 33.6972
    endloop
  endfacet
  facet normal 0.243059 1.6512e-19 -0.970012
    outer loop
      vertex -29.5365 4.5 33.6972
      vertex -29.7983 -4.5 33.6316
      vertex -29.7983 4.5 33.6316
    endloop
  endfacet
  facet normal 0.336829 -5.51196e-19 -0.941566
    outer loop
      vertex -30.0524 -4.5 33.5407
      vertex -29.7983 4.5 33.6316
      vertex -29.7983 -4.5 33.6316
    endloop
  endfacet
  facet normal 0.336829 -5.51196e-19 -0.941566
    outer loop
      vertex -29.7983 4.5 33.6316
      vertex -30.0524 -4.5 33.5407
      vertex -30.0524 4.5 33.5407
    endloop
  endfacet
  facet normal 0.14671 -1.03313e-19 0.98918
    outer loop
      vertex -29.5365 4.5 28.3028
      vertex -29.2695 -4.5 28.2632
      vertex -29.2695 4.5 28.2632
    endloop
  endfacet
  facet normal 0.14671 -1.03313e-19 0.98918
    outer loop
      vertex -29.2695 -4.5 28.2632
      vertex -29.5365 4.5 28.3028
      vertex -29.5365 -4.5 28.3028
    endloop
  endfacet
  facet normal -0.740728 0 -0.671805
    outer loop
      vertex -18.8742 -4.5 32.7446
      vertex -19.0555 4.5 32.9445
      vertex -18.8742 4.5 32.7446
    endloop
  endfacet
  facet normal -0.740728 -0 -0.671805
    outer loop
      vertex -19.0555 4.5 32.9445
      vertex -18.8742 -4.5 32.7446
      vertex -19.0555 -4.5 32.9445
    endloop
  endfacet
  facet normal 0.427688 -5.21575e-19 0.903926
    outer loop
      vertex -30.2963 4.5 28.5747
      vertex -30.0524 -4.5 28.4593
      vertex -30.0524 4.5 28.4593
    endloop
  endfacet
  facet normal 0.427688 -5.21575e-19 0.903926
    outer loop
      vertex -30.0524 -4.5 28.4593
      vertex -30.2963 4.5 28.5747
      vertex -30.2963 -4.5 28.5747
    endloop
  endfacet
  facet normal 0 0 -1
    outer loop
      vertex -21 -4.5 33.75
      vertex -27.5 4.5 33.75
      vertex -21 4.5 33.75
    endloop
  endfacet
  facet normal 0 0 -1
    outer loop
      vertex -29 -4.5 33.75
      vertex -27.5 4.5 33.75
      vertex -21 -4.5 33.75
    endloop
  endfacet
  facet normal -0 0 -1
    outer loop
      vertex -27.5 4.5 33.75
      vertex -29 -4.5 33.75
      vertex -29 4.5 33.75
    endloop
  endfacet
  facet normal 0.903926 0 -0.427688
    outer loop
      vertex -31.4253 -4.5 32.2963
      vertex -31.5407 4.5 32.0524
      vertex -31.4253 4.5 32.2963
    endloop
  endfacet
  facet normal 0.903926 0 -0.427688
    outer loop
      vertex -31.5407 4.5 32.0524
      vertex -31.4253 -4.5 32.2963
      vertex -31.5407 -4.5 32.0524
    endloop
  endfacet
  facet normal 0.740728 0 -0.671805
    outer loop
      vertex -30.9445 -4.5 32.9445
      vertex -31.1258 4.5 32.7446
      vertex -30.9445 4.5 32.9445
    endloop
  endfacet
  facet normal 0.740728 0 -0.671805
    outer loop
      vertex -31.1258 4.5 32.7446
      vertex -30.9445 -4.5 32.9445
      vertex -31.1258 -4.5 32.7446
    endloop
  endfacet
  facet normal 0.803367 -0 0.595485
    outer loop
      vertex -31.2865 -4.5 29.4722
      vertex -31.1258 4.5 29.2554
      vertex -31.2865 4.5 29.4722
    endloop
  endfacet
  facet normal 0.803367 0 0.595485
    outer loop
      vertex -31.1258 4.5 29.2554
      vertex -31.2865 -4.5 29.4722
      vertex -31.1258 -4.5 29.2554
    endloop
  endfacet
  facet normal 0.243059 -4.62839e-20 0.970012
    outer loop
      vertex -29.7983 4.5 28.3684
      vertex -29.5365 -4.5 28.3028
      vertex -29.5365 4.5 28.3028
    endloop
  endfacet
  facet normal 0.243059 -4.62839e-20 0.970012
    outer loop
      vertex -29.5365 -4.5 28.3028
      vertex -29.7983 4.5 28.3684
      vertex -29.7983 -4.5 28.3684
    endloop
  endfacet
  facet normal 0.514223 -1.30512e-18 0.857656
    outer loop
      vertex -30.5278 4.5 28.7135
      vertex -30.2963 -4.5 28.5747
      vertex -30.2963 4.5 28.5747
    endloop
  endfacet
  facet normal 0.514223 -1.30512e-18 0.857656
    outer loop
      vertex -30.2963 -4.5 28.5747
      vertex -30.5278 4.5 28.7135
      vertex -30.5278 -4.5 28.7135
    endloop
  endfacet
  facet normal 0.514223 -4.30691e-20 -0.857656
    outer loop
      vertex -30.5278 -4.5 33.2865
      vertex -30.2963 4.5 33.4253
      vertex -30.2963 -4.5 33.4253
    endloop
  endfacet
  facet normal 0.514223 -4.30691e-20 -0.857656
    outer loop
      vertex -30.2963 4.5 33.4253
      vertex -30.5278 -4.5 33.2865
      vertex -30.5278 4.5 33.2865
    endloop
  endfacet
  facet normal 0.857656 0 -0.514223
    outer loop
      vertex -31.2865 -4.5 32.5278
      vertex -31.4253 4.5 32.2963
      vertex -31.2865 4.5 32.5278
    endloop
  endfacet
  facet normal 0.857656 0 -0.514223
    outer loop
      vertex -31.4253 4.5 32.2963
      vertex -31.2865 -4.5 32.5278
      vertex -31.4253 -4.5 32.2963
    endloop
  endfacet
  facet normal 0.98918 0 -0.14671
    outer loop
      vertex -31.6972 -4.5 31.5365
      vertex -31.7368 4.5 31.2695
      vertex -31.6972 4.5 31.5365
    endloop
  endfacet
  facet normal 0.98918 0 -0.14671
    outer loop
      vertex -31.7368 4.5 31.2695
      vertex -31.6972 -4.5 31.5365
      vertex -31.7368 -4.5 31.2695
    endloop
  endfacet
  facet normal -0.427688 5.21575e-19 0.903926
    outer loop
      vertex -19.9476 4.5 28.4593
      vertex -19.7037 -4.5 28.5747
      vertex -19.7037 4.5 28.5747
    endloop
  endfacet
  facet normal -0.427688 5.21575e-19 0.903926
    outer loop
      vertex -19.7037 -4.5 28.5747
      vertex -19.9476 4.5 28.4593
      vertex -19.9476 -4.5 28.4593
    endloop
  endfacet
  facet normal 0.0489209 2.13504e-21 -0.998803
    outer loop
      vertex -29.2695 -4.5 33.7368
      vertex -29 4.5 33.75
      vertex -29 -4.5 33.75
    endloop
  endfacet
  facet normal 0.0489209 2.13504e-21 -0.998803
    outer loop
      vertex -29 4.5 33.75
      vertex -29.2695 -4.5 33.7368
      vertex -29.2695 4.5 33.7368
    endloop
  endfacet
  facet normal 0.14671 1.03313e-19 -0.98918
    outer loop
      vertex -29.5365 -4.5 33.6972
      vertex -29.2695 4.5 33.7368
      vertex -29.2695 -4.5 33.7368
    endloop
  endfacet
  facet normal 0.14671 1.03313e-19 -0.98918
    outer loop
      vertex -29.2695 4.5 33.7368
      vertex -29.5365 -4.5 33.6972
      vertex -29.5365 4.5 33.6972
    endloop
  endfacet
  facet normal -0.803367 0 0.595485
    outer loop
      vertex -18.8742 -4.5 29.2554
      vertex -18.7135 4.5 29.4722
      vertex -18.8742 4.5 29.2554
    endloop
  endfacet
  facet normal -0.803367 0 0.595485
    outer loop
      vertex -18.7135 4.5 29.4722
      vertex -18.8742 -4.5 29.2554
      vertex -18.7135 -4.5 29.4722
    endloop
  endfacet
  facet normal -0.14671 1.03313e-19 0.98918
    outer loop
      vertex -20.7305 4.5 28.2632
      vertex -20.4635 -4.5 28.3028
      vertex -20.4635 4.5 28.3028
    endloop
  endfacet
  facet normal -0.14671 1.03313e-19 0.98918
    outer loop
      vertex -20.4635 -4.5 28.3028
      vertex -20.7305 4.5 28.2632
      vertex -20.7305 -4.5 28.2632
    endloop
  endfacet
  facet normal -0.857656 0 0.514223
    outer loop
      vertex -18.7135 -4.5 29.4722
      vertex -18.5747 4.5 29.7037
      vertex -18.7135 4.5 29.4722
    endloop
  endfacet
  facet normal -0.857656 0 0.514223
    outer loop
      vertex -18.5747 4.5 29.7037
      vertex -18.7135 -4.5 29.4722
      vertex -18.5747 -4.5 29.7037
    endloop
  endfacet
  facet normal -0.0489209 -2.13504e-21 -0.998803
    outer loop
      vertex -21 -4.5 33.75
      vertex -20.7305 4.5 33.7368
      vertex -20.7305 -4.5 33.7368
    endloop
  endfacet
  facet normal -0.0489209 -2.13504e-21 -0.998803
    outer loop
      vertex -20.7305 4.5 33.7368
      vertex -21 -4.5 33.75
      vertex -21 4.5 33.75
    endloop
  endfacet
  facet normal 0.903926 -0 0.427688
    outer loop
      vertex -31.5407 -4.5 29.9476
      vertex -31.4253 4.5 29.7037
      vertex -31.5407 4.5 29.9476
    endloop
  endfacet
  facet normal 0.903926 0 0.427688
    outer loop
      vertex -31.4253 4.5 29.7037
      vertex -31.5407 -4.5 29.9476
      vertex -31.4253 -4.5 29.7037
    endloop
  endfacet
  facet normal 0.336829 5.51196e-19 0.941566
    outer loop
      vertex -30.0524 4.5 28.4593
      vertex -29.7983 -4.5 28.3684
      vertex -29.7983 4.5 28.3684
    endloop
  endfacet
  facet normal 0.336829 5.51196e-19 0.941566
    outer loop
      vertex -29.7983 -4.5 28.3684
      vertex -30.0524 4.5 28.4593
      vertex -30.0524 -4.5 28.4593
    endloop
  endfacet
  facet normal -0.514223 4.30691e-20 -0.857656
    outer loop
      vertex -19.7037 -4.5 33.4253
      vertex -19.4722 4.5 33.2865
      vertex -19.4722 -4.5 33.2865
    endloop
  endfacet
  facet normal -0.514223 4.30691e-20 -0.857656
    outer loop
      vertex -19.4722 4.5 33.2865
      vertex -19.7037 -4.5 33.4253
      vertex -19.7037 4.5 33.4253
    endloop
  endfacet
  facet normal -0.941566 0 -0.336829
    outer loop
      vertex -18.3684 -4.5 31.7983
      vertex -18.4593 4.5 32.0524
      vertex -18.3684 4.5 31.7983
    endloop
  endfacet
  facet normal -0.941566 -0 -0.336829
    outer loop
      vertex -18.4593 4.5 32.0524
      vertex -18.3684 -4.5 31.7983
      vertex -18.4593 -4.5 32.0524
    endloop
  endfacet
  facet normal 0.941566 0 -0.336829
    outer loop
      vertex -31.5407 -4.5 32.0524
      vertex -31.6316 4.5 31.7983
      vertex -31.5407 4.5 32.0524
    endloop
  endfacet
  facet normal 0.941566 0 -0.336829
    outer loop
      vertex -31.6316 4.5 31.7983
      vertex -31.5407 -4.5 32.0524
      vertex -31.6316 -4.5 31.7983
    endloop
  endfacet
  facet normal -0.970012 0 -0.243059
    outer loop
      vertex -18.3028 -4.5 31.5365
      vertex -18.3684 4.5 31.7983
      vertex -18.3028 4.5 31.5365
    endloop
  endfacet
  facet normal -0.970012 -0 -0.243059
    outer loop
      vertex -18.3684 4.5 31.7983
      vertex -18.3028 -4.5 31.5365
      vertex -18.3684 -4.5 31.7983
    endloop
  endfacet
  facet normal -0.336829 5.51196e-19 -0.941566
    outer loop
      vertex -20.2017 -4.5 33.6316
      vertex -19.9476 4.5 33.5407
      vertex -19.9476 -4.5 33.5407
    endloop
  endfacet
  facet normal -0.336829 5.51196e-19 -0.941566
    outer loop
      vertex -19.9476 4.5 33.5407
      vertex -20.2017 -4.5 33.6316
      vertex -20.2017 4.5 33.6316
    endloop
  endfacet
  facet normal 0.427688 5.21575e-19 -0.903926
    outer loop
      vertex -30.2963 -4.5 33.4253
      vertex -30.0524 4.5 33.5407
      vertex -30.0524 -4.5 33.5407
    endloop
  endfacet
  facet normal 0.427688 5.21575e-19 -0.903926
    outer loop
      vertex -30.0524 4.5 33.5407
      vertex -30.2963 -4.5 33.4253
      vertex -30.2963 4.5 33.4253
    endloop
  endfacet
  facet normal -0.0489209 -4.35831e-20 0.998803
    outer loop
      vertex -21 4.5 28.25
      vertex -20.7305 -4.5 28.2632
      vertex -20.7305 4.5 28.2632
    endloop
  endfacet
  facet normal -0.0489209 -4.35831e-20 0.998803
    outer loop
      vertex -20.7305 -4.5 28.2632
      vertex -21 4.5 28.25
      vertex -21 -4.5 28.25
    endloop
  endfacet
  facet normal 0.671805 -3.44428e-19 -0.740728
    outer loop
      vertex -30.9445 -4.5 32.9445
      vertex -30.7446 4.5 33.1258
      vertex -30.7446 -4.5 33.1258
    endloop
  endfacet
  facet normal 0.671805 -3.44428e-19 -0.740728
    outer loop
      vertex -30.7446 4.5 33.1258
      vertex -30.9445 -4.5 32.9445
      vertex -30.9445 4.5 32.9445
    endloop
  endfacet
  facet normal 0.970012 -0 0.243059
    outer loop
      vertex -31.6972 -4.5 30.4635
      vertex -31.6316 4.5 30.2017
      vertex -31.6972 4.5 30.4635
    endloop
  endfacet
  facet normal 0.970012 0 0.243059
    outer loop
      vertex -31.6316 4.5 30.2017
      vertex -31.6972 -4.5 30.4635
      vertex -31.6316 -4.5 30.2017
    endloop
  endfacet
  facet normal -0.98918 0 -0.14671
    outer loop
      vertex -18.2632 -4.5 31.2695
      vertex -18.3028 4.5 31.5365
      vertex -18.2632 4.5 31.2695
    endloop
  endfacet
  facet normal -0.98918 -0 -0.14671
    outer loop
      vertex -18.3028 4.5 31.5365
      vertex -18.2632 -4.5 31.2695
      vertex -18.3028 -4.5 31.5365
    endloop
  endfacet
  facet normal 0.998803 0 -0.0489209
    outer loop
      vertex -31.7368 -4.5 31.2695
      vertex -31.75 4.5 31
      vertex -31.7368 4.5 31.2695
    endloop
  endfacet
  facet normal 0.998803 0 -0.0489209
    outer loop
      vertex -31.75 4.5 31
      vertex -31.7368 -4.5 31.2695
      vertex -31.75 -4.5 31
    endloop
  endfacet
  facet normal -0.14671 -1.03313e-19 -0.98918
    outer loop
      vertex -20.7305 -4.5 33.7368
      vertex -20.4635 4.5 33.6972
      vertex -20.4635 -4.5 33.6972
    endloop
  endfacet
  facet normal -0.14671 -1.03313e-19 -0.98918
    outer loop
      vertex -20.4635 4.5 33.6972
      vertex -20.7305 -4.5 33.7368
      vertex -20.7305 4.5 33.7368
    endloop
  endfacet
  facet normal -0.243059 4.62839e-20 0.970012
    outer loop
      vertex -20.4635 4.5 28.3028
      vertex -20.2017 -4.5 28.3684
      vertex -20.2017 4.5 28.3684
    endloop
  endfacet
  facet normal -0.243059 4.62839e-20 0.970012
    outer loop
      vertex -20.2017 -4.5 28.3684
      vertex -20.4635 4.5 28.3028
      vertex -20.4635 -4.5 28.3028
    endloop
  endfacet
  facet normal 0.803367 0 -0.595485
    outer loop
      vertex -31.1258 -4.5 32.7446
      vertex -31.2865 4.5 32.5278
      vertex -31.1258 4.5 32.7446
    endloop
  endfacet
  facet normal 0.803367 0 -0.595485
    outer loop
      vertex -31.2865 4.5 32.5278
      vertex -31.1258 -4.5 32.7446
      vertex -31.2865 -4.5 32.5278
    endloop
  endfacet
  facet normal -0.336829 -5.51196e-19 0.941566
    outer loop
      vertex -20.2017 4.5 28.3684
      vertex -19.9476 -4.5 28.4593
      vertex -19.9476 4.5 28.4593
    endloop
  endfacet
  facet normal -0.336829 -5.51196e-19 0.941566
    outer loop
      vertex -19.9476 -4.5 28.4593
      vertex -20.2017 4.5 28.3684
      vertex -20.2017 -4.5 28.3684
    endloop
  endfacet
  facet normal -0.514223 1.30512e-18 0.857656
    outer loop
      vertex -19.7037 4.5 28.5747
      vertex -19.4722 -4.5 28.7135
      vertex -19.4722 4.5 28.7135
    endloop
  endfacet
  facet normal -0.514223 1.30512e-18 0.857656
    outer loop
      vertex -19.4722 -4.5 28.7135
      vertex -19.7037 4.5 28.5747
      vertex -19.7037 -4.5 28.5747
    endloop
  endfacet
  facet normal -0.243059 -1.6512e-19 -0.970012
    outer loop
      vertex -20.4635 -4.5 33.6972
      vertex -20.2017 4.5 33.6316
      vertex -20.2017 -4.5 33.6316
    endloop
  endfacet
  facet normal -0.243059 -1.6512e-19 -0.970012
    outer loop
      vertex -20.2017 4.5 33.6316
      vertex -20.4635 -4.5 33.6972
      vertex -20.4635 4.5 33.6972
    endloop
  endfacet
  facet normal 0.970012 0 -0.243059
    outer loop
      vertex -31.6316 -4.5 31.7983
      vertex -31.6972 4.5 31.5365
      vertex -31.6316 4.5 31.7983
    endloop
  endfacet
  facet normal 0.970012 0 -0.243059
    outer loop
      vertex -31.6972 4.5 31.5365
      vertex -31.6316 -4.5 31.7983
      vertex -31.6972 -4.5 31.5365
    endloop
  endfacet
  facet normal 0.595485 -9.25282e-19 -0.803367
    outer loop
      vertex -30.7446 -4.5 33.1258
      vertex -30.5278 4.5 33.2865
      vertex -30.5278 -4.5 33.2865
    endloop
  endfacet
  facet normal 0.595485 -9.25282e-19 -0.803367
    outer loop
      vertex -30.5278 4.5 33.2865
      vertex -30.7446 -4.5 33.1258
      vertex -30.7446 4.5 33.1258
    endloop
  endfacet
  facet normal -0.903926 0 -0.427688
    outer loop
      vertex -18.4593 -4.5 32.0524
      vertex -18.5747 4.5 32.2963
      vertex -18.4593 4.5 32.0524
    endloop
  endfacet
  facet normal -0.903926 -0 -0.427688
    outer loop
      vertex -18.5747 4.5 32.2963
      vertex -18.4593 -4.5 32.0524
      vertex -18.5747 -4.5 32.2963
    endloop
  endfacet
  facet normal -0.595485 9.25282e-19 -0.803367
    outer loop
      vertex -19.4722 -4.5 33.2865
      vertex -19.2554 4.5 33.1258
      vertex -19.2554 -4.5 33.1258
    endloop
  endfacet
  facet normal -0.595485 9.25282e-19 -0.803367
    outer loop
      vertex -19.2554 4.5 33.1258
      vertex -19.4722 -4.5 33.2865
      vertex -19.4722 4.5 33.2865
    endloop
  endfacet
  facet normal -0.595485 -9.25282e-19 0.803367
    outer loop
      vertex -19.4722 4.5 28.7135
      vertex -19.2554 -4.5 28.8742
      vertex -19.2554 4.5 28.8742
    endloop
  endfacet
  facet normal -0.595485 -9.25282e-19 0.803367
    outer loop
      vertex -19.2554 -4.5 28.8742
      vertex -19.4722 4.5 28.7135
      vertex -19.4722 -4.5 28.7135
    endloop
  endfacet
  facet normal 0.941566 -0 0.336829
    outer loop
      vertex -31.6316 -4.5 30.2017
      vertex -31.5407 4.5 29.9476
      vertex -31.6316 4.5 30.2017
    endloop
  endfacet
  facet normal 0.941566 0 0.336829
    outer loop
      vertex -31.5407 4.5 29.9476
      vertex -31.6316 -4.5 30.2017
      vertex -31.5407 -4.5 29.9476
    endloop
  endfacet
  facet normal 0.998803 -0 0.0489209
    outer loop
      vertex -31.75 -4.5 31
      vertex -31.7368 4.5 30.7305
      vertex -31.75 4.5 31
    endloop
  endfacet
  facet normal 0.998803 0 0.0489209
    outer loop
      vertex -31.7368 4.5 30.7305
      vertex -31.75 -4.5 31
      vertex -31.7368 -4.5 30.7305
    endloop
  endfacet
  facet normal -0.998803 0 -0.0489209
    outer loop
      vertex -18.25 -4.5 31
      vertex -18.2632 4.5 31.2695
      vertex -18.25 4.5 31
    endloop
  endfacet
  facet normal -0.998803 -0 -0.0489209
    outer loop
      vertex -18.2632 4.5 31.2695
      vertex -18.25 -4.5 31
      vertex -18.2632 -4.5 31.2695
    endloop
  endfacet
  facet normal -0.740728 0 0.671805
    outer loop
      vertex -19.0555 -4.5 29.0555
      vertex -18.8742 4.5 29.2554
      vertex -19.0555 4.5 29.0555
    endloop
  endfacet
  facet normal -0.740728 0 0.671805
    outer loop
      vertex -18.8742 4.5 29.2554
      vertex -19.0555 -4.5 29.0555
      vertex -18.8742 -4.5 29.2554
    endloop
  endfacet
  facet normal -0.998803 0 0.0489209
    outer loop
      vertex -18.2632 -4.5 30.7305
      vertex -18.25 4.5 31
      vertex -18.2632 4.5 30.7305
    endloop
  endfacet
  facet normal -0.998803 0 0.0489209
    outer loop
      vertex -18.25 4.5 31
      vertex -18.2632 -4.5 30.7305
      vertex -18.25 -4.5 31
    endloop
  endfacet
  facet normal -0.970012 0 0.243059
    outer loop
      vertex -18.3684 -4.5 30.2017
      vertex -18.3028 4.5 30.4635
      vertex -18.3684 4.5 30.2017
    endloop
  endfacet
  facet normal -0.970012 0 0.243059
    outer loop
      vertex -18.3028 4.5 30.4635
      vertex -18.3684 -4.5 30.2017
      vertex -18.3028 -4.5 30.4635
    endloop
  endfacet
  facet normal -0.671805 3.44428e-19 -0.740728
    outer loop
      vertex -19.2554 -4.5 33.1258
      vertex -19.0555 4.5 32.9445
      vertex -19.0555 -4.5 32.9445
    endloop
  endfacet
  facet normal -0.671805 3.44428e-19 -0.740728
    outer loop
      vertex -19.0555 4.5 32.9445
      vertex -19.2554 -4.5 33.1258
      vertex -19.2554 4.5 33.1258
    endloop
  endfacet
  facet normal -0.857656 0 -0.514223
    outer loop
      vertex -18.5747 -4.5 32.2963
      vertex -18.7135 4.5 32.5278
      vertex -18.5747 4.5 32.2963
    endloop
  endfacet
  facet normal -0.857656 -0 -0.514223
    outer loop
      vertex -18.7135 4.5 32.5278
      vertex -18.5747 -4.5 32.2963
      vertex -18.7135 -4.5 32.5278
    endloop
  endfacet
  facet normal -0.803367 0 -0.595485
    outer loop
      vertex -18.7135 -4.5 32.5278
      vertex -18.8742 4.5 32.7446
      vertex -18.7135 4.5 32.5278
    endloop
  endfacet
  facet normal -0.803367 -0 -0.595485
    outer loop
      vertex -18.8742 4.5 32.7446
      vertex -18.7135 -4.5 32.5278
      vertex -18.8742 -4.5 32.7446
    endloop
  endfacet
  facet normal 0.0489209 -2.13504e-21 0.998803
    outer loop
      vertex -29.2695 4.5 48.2632
      vertex -29 -4.5 48.25
      vertex -29 4.5 48.25
    endloop
  endfacet
  facet normal 0.0489209 -2.13504e-21 0.998803
    outer loop
      vertex -29 -4.5 48.25
      vertex -29.2695 4.5 48.2632
      vertex -29.2695 -4.5 48.2632
    endloop
  endfacet
  facet normal -0.427688 -5.21575e-19 -0.903926
    outer loop
      vertex -19.9476 -4.5 53.5407
      vertex -19.7037 4.5 53.4253
      vertex -19.7037 -4.5 53.4253
    endloop
  endfacet
  facet normal -0.427688 -5.21575e-19 -0.903926
    outer loop
      vertex -19.7037 4.5 53.4253
      vertex -19.9476 -4.5 53.5407
      vertex -19.9476 4.5 53.5407
    endloop
  endfacet
  facet normal 0.857656 -0 0.514223
    outer loop
      vertex -31.4253 -4.5 49.7037
      vertex -31.2865 4.5 49.4722
      vertex -31.4253 4.5 49.7037
    endloop
  endfacet
  facet normal 0.857656 0 0.514223
    outer loop
      vertex -31.2865 4.5 49.4722
      vertex -31.4253 -4.5 49.7037
      vertex -31.2865 -4.5 49.4722
    endloop
  endfacet
  facet normal -0.941566 0 0.336829
    outer loop
      vertex -18.4593 -4.5 49.9476
      vertex -18.3684 4.5 50.2017
      vertex -18.4593 4.5 49.9476
    endloop
  endfacet
  facet normal -0.941566 0 0.336829
    outer loop
      vertex -18.3684 4.5 50.2017
      vertex -18.4593 -4.5 49.9476
      vertex -18.3684 -4.5 50.2017
    endloop
  endfacet
  facet normal 0.671805 3.44428e-19 0.740728
    outer loop
      vertex -30.9445 4.5 49.0555
      vertex -30.7446 -4.5 48.8742
      vertex -30.7446 4.5 48.8742
    endloop
  endfacet
  facet normal 0.671805 3.44428e-19 0.740728
    outer loop
      vertex -30.7446 -4.5 48.8742
      vertex -30.9445 4.5 49.0555
      vertex -30.9445 -4.5 49.0555
    endloop
  endfacet
  facet normal 0.740728 -0 0.671805
    outer loop
      vertex -31.1258 -4.5 49.2554
      vertex -30.9445 4.5 49.0555
      vertex -31.1258 4.5 49.2554
    endloop
  endfacet
  facet normal 0.740728 0 0.671805
    outer loop
      vertex -30.9445 4.5 49.0555
      vertex -31.1258 -4.5 49.2554
      vertex -30.9445 -4.5 49.0555
    endloop
  endfacet
  facet normal -0.671805 -3.44428e-19 0.740728
    outer loop
      vertex -19.2554 4.5 48.8742
      vertex -19.0555 -4.5 49.0555
      vertex -19.0555 4.5 49.0555
    endloop
  endfacet
  facet normal -0.671805 -3.44428e-19 0.740728
    outer loop
      vertex -19.0555 -4.5 49.0555
      vertex -19.2554 4.5 48.8742
      vertex -19.2554 -4.5 48.8742
    endloop
  endfacet
  facet normal -0 0 1
    outer loop
      vertex -27.5 4.5 48.25
      vertex -21 -4.5 48.25
      vertex -21 4.5 48.25
    endloop
  endfacet
  facet normal 0 0 1
    outer loop
      vertex -29 -4.5 48.25
      vertex -27.5 4.5 48.25
      vertex -29 4.5 48.25
    endloop
  endfacet
  facet normal 0 0 1
    outer loop
      vertex -27.5 4.5 48.25
      vertex -29 -4.5 48.25
      vertex -21 -4.5 48.25
    endloop
  endfacet
  facet normal -0.903926 0 0.427688
    outer loop
      vertex -18.5747 -4.5 49.7037
      vertex -18.4593 4.5 49.9476
      vertex -18.5747 4.5 49.7037
    endloop
  endfacet
  facet normal -0.903926 0 0.427688
    outer loop
      vertex -18.4593 4.5 49.9476
      vertex -18.5747 -4.5 49.7037
      vertex -18.4593 -4.5 49.9476
    endloop
  endfacet
  facet normal 0.595485 9.25282e-19 0.803367
    outer loop
      vertex -30.7446 4.5 48.8742
      vertex -30.5278 -4.5 48.7135
      vertex -30.5278 4.5 48.7135
    endloop
  endfacet
  facet normal 0.595485 9.25282e-19 0.803367
    outer loop
      vertex -30.5278 -4.5 48.7135
      vertex -30.7446 4.5 48.8742
      vertex -30.7446 -4.5 48.8742
    endloop
  endfacet
  facet normal -0.98918 0 0.14671
    outer loop
      vertex -18.3028 -4.5 50.4635
      vertex -18.2632 4.5 50.7305
      vertex -18.3028 4.5 50.4635
    endloop
  endfacet
  facet normal -0.98918 0 0.14671
    outer loop
      vertex -18.2632 4.5 50.7305
      vertex -18.3028 -4.5 50.4635
      vertex -18.2632 -4.5 50.7305
    endloop
  endfacet
  facet normal 0.98918 -0 0.14671
    outer loop
      vertex -31.7368 -4.5 50.7305
      vertex -31.6972 4.5 50.4635
      vertex -31.7368 4.5 50.7305
    endloop
  endfacet
  facet normal 0.98918 0 0.14671
    outer loop
      vertex -31.6972 4.5 50.4635
      vertex -31.7368 -4.5 50.7305
      vertex -31.6972 -4.5 50.4635
    endloop
  endfacet
  facet normal 0.243059 1.6512e-19 -0.970012
    outer loop
      vertex -29.7983 -4.5 53.6316
      vertex -29.5365 4.5 53.6972
      vertex -29.5365 -4.5 53.6972
    endloop
  endfacet
  facet normal 0.243059 1.6512e-19 -0.970012
    outer loop
      vertex -29.5365 4.5 53.6972
      vertex -29.7983 -4.5 53.6316
      vertex -29.7983 4.5 53.6316
    endloop
  endfacet
  facet normal 0.336829 -5.51196e-19 -0.941566
    outer loop
      vertex -30.0524 -4.5 53.5407
      vertex -29.7983 4.5 53.6316
      vertex -29.7983 -4.5 53.6316
    endloop
  endfacet
  facet normal 0.336829 -5.51196e-19 -0.941566
    outer loop
      vertex -29.7983 4.5 53.6316
      vertex -30.0524 -4.5 53.5407
      vertex -30.0524 4.5 53.5407
    endloop
  endfacet
  facet normal 0.14671 -1.03313e-19 0.98918
    outer loop
      vertex -29.5365 4.5 48.3028
      vertex -29.2695 -4.5 48.2632
      vertex -29.2695 4.5 48.2632
    endloop
  endfacet
  facet normal 0.14671 -1.03313e-19 0.98918
    outer loop
      vertex -29.2695 -4.5 48.2632
      vertex -29.5365 4.5 48.3028
      vertex -29.5365 -4.5 48.3028
    endloop
  endfacet
  facet normal -0.740728 0 -0.671805
    outer loop
      vertex -18.8742 -4.5 52.7446
      vertex -19.0555 4.5 52.9445
      vertex -18.8742 4.5 52.7446
    endloop
  endfacet
  facet normal -0.740728 -0 -0.671805
    outer loop
      vertex -19.0555 4.5 52.9445
      vertex -18.8742 -4.5 52.7446
      vertex -19.0555 -4.5 52.9445
    endloop
  endfacet
  facet normal 0.427688 -5.21575e-19 0.903926
    outer loop
      vertex -30.2963 4.5 48.5747
      vertex -30.0524 -4.5 48.4593
      vertex -30.0524 4.5 48.4593
    endloop
  endfacet
  facet normal 0.427688 -5.21575e-19 0.903926
    outer loop
      vertex -30.0524 -4.5 48.4593
      vertex -30.2963 4.5 48.5747
      vertex -30.2963 -4.5 48.5747
    endloop
  endfacet
  facet normal 0 0 -1
    outer loop
      vertex -21 -4.5 53.75
      vertex -27.5 4.5 53.75
      vertex -21 4.5 53.75
    endloop
  endfacet
  facet normal 0 0 -1
    outer loop
      vertex -29 -4.5 53.75
      vertex -27.5 4.5 53.75
      vertex -21 -4.5 53.75
    endloop
  endfacet
  facet normal -0 0 -1
    outer loop
      vertex -27.5 4.5 53.75
      vertex -29 -4.5 53.75
      vertex -29 4.5 53.75
    endloop
  endfacet
  facet normal 0.903926 0 -0.427688
    outer loop
      vertex -31.4253 -4.5 52.2963
      vertex -31.5407 4.5 52.0524
      vertex -31.4253 4.5 52.2963
    endloop
  endfacet
  facet normal 0.903926 0 -0.427688
    outer loop
      vertex -31.5407 4.5 52.0524
      vertex -31.4253 -4.5 52.2963
      vertex -31.5407 -4.5 52.0524
    endloop
  endfacet
  facet normal 0.740728 0 -0.671805
    outer loop
      vertex -30.9445 -4.5 52.9445
      vertex -31.1258 4.5 52.7446
      vertex -30.9445 4.5 52.9445
    endloop
  endfacet
  facet normal 0.740728 0 -0.671805
    outer loop
      vertex -31.1258 4.5 52.7446
      vertex -30.9445 -4.5 52.9445
      vertex -31.1258 -4.5 52.7446
    endloop
  endfacet
  facet normal 0.803367 -0 0.595485
    outer loop
      vertex -31.2865 -4.5 49.4722
      vertex -31.1258 4.5 49.2554
      vertex -31.2865 4.5 49.4722
    endloop
  endfacet
  facet normal 0.803367 0 0.595485
    outer loop
      vertex -31.1258 4.5 49.2554
      vertex -31.2865 -4.5 49.4722
      vertex -31.1258 -4.5 49.2554
    endloop
  endfacet
  facet normal 0.243059 -1.6512e-19 0.970012
    outer loop
      vertex -29.7983 4.5 48.3684
      vertex -29.5365 -4.5 48.3028
      vertex -29.5365 4.5 48.3028
    endloop
  endfacet
  facet normal 0.243059 -1.6512e-19 0.970012
    outer loop
      vertex -29.5365 -4.5 48.3028
      vertex -29.7983 4.5 48.3684
      vertex -29.7983 -4.5 48.3684
    endloop
  endfacet
  facet normal 0.514223 4.30691e-20 0.857656
    outer loop
      vertex -30.5278 4.5 48.7135
      vertex -30.2963 -4.5 48.5747
      vertex -30.2963 4.5 48.5747
    endloop
  endfacet
  facet normal 0.514223 4.30691e-20 0.857656
    outer loop
      vertex -30.2963 -4.5 48.5747
      vertex -30.5278 4.5 48.7135
      vertex -30.5278 -4.5 48.7135
    endloop
  endfacet
  facet normal 0.514223 -4.30691e-20 -0.857656
    outer loop
      vertex -30.5278 -4.5 53.2865
      vertex -30.2963 4.5 53.4253
      vertex -30.2963 -4.5 53.4253
    endloop
  endfacet
  facet normal 0.514223 -4.30691e-20 -0.857656
    outer loop
      vertex -30.2963 4.5 53.4253
      vertex -30.5278 -4.5 53.2865
      vertex -30.5278 4.5 53.2865
    endloop
  endfacet
  facet normal 0.857656 0 -0.514223
    outer loop
      vertex -31.2865 -4.5 52.5278
      vertex -31.4253 4.5 52.2963
      vertex -31.2865 4.5 52.5278
    endloop
  endfacet
  facet normal 0.857656 0 -0.514223
    outer loop
      vertex -31.4253 4.5 52.2963
      vertex -31.2865 -4.5 52.5278
      vertex -31.4253 -4.5 52.2963
    endloop
  endfacet
  facet normal 0.98918 0 -0.14671
    outer loop
      vertex -31.6972 -4.5 51.5365
      vertex -31.7368 4.5 51.2695
      vertex -31.6972 4.5 51.5365
    endloop
  endfacet
  facet normal 0.98918 0 -0.14671
    outer loop
      vertex -31.7368 4.5 51.2695
      vertex -31.6972 -4.5 51.5365
      vertex -31.7368 -4.5 51.2695
    endloop
  endfacet
  facet normal -0.427688 5.21575e-19 0.903926
    outer loop
      vertex -19.9476 4.5 48.4593
      vertex -19.7037 -4.5 48.5747
      vertex -19.7037 4.5 48.5747
    endloop
  endfacet
  facet normal -0.427688 5.21575e-19 0.903926
    outer loop
      vertex -19.7037 -4.5 48.5747
      vertex -19.9476 4.5 48.4593
      vertex -19.9476 -4.5 48.4593
    endloop
  endfacet
  facet normal 0.0489209 2.13504e-21 -0.998803
    outer loop
      vertex -29.2695 -4.5 53.7368
      vertex -29 4.5 53.75
      vertex -29 -4.5 53.75
    endloop
  endfacet
  facet normal 0.0489209 2.13504e-21 -0.998803
    outer loop
      vertex -29 4.5 53.75
      vertex -29.2695 -4.5 53.7368
      vertex -29.2695 4.5 53.7368
    endloop
  endfacet
  facet normal 0.14671 1.03313e-19 -0.98918
    outer loop
      vertex -29.5365 -4.5 53.6972
      vertex -29.2695 4.5 53.7368
      vertex -29.2695 -4.5 53.7368
    endloop
  endfacet
  facet normal 0.14671 1.03313e-19 -0.98918
    outer loop
      vertex -29.2695 4.5 53.7368
      vertex -29.5365 -4.5 53.6972
      vertex -29.5365 4.5 53.6972
    endloop
  endfacet
  facet normal -0.803367 0 0.595485
    outer loop
      vertex -18.8742 -4.5 49.2554
      vertex -18.7135 4.5 49.4722
      vertex -18.8742 4.5 49.2554
    endloop
  endfacet
  facet normal -0.803367 0 0.595485
    outer loop
      vertex -18.7135 4.5 49.4722
      vertex -18.8742 -4.5 49.2554
      vertex -18.7135 -4.5 49.4722
    endloop
  endfacet
  facet normal -0.14671 1.03313e-19 0.98918
    outer loop
      vertex -20.7305 4.5 48.2632
      vertex -20.4635 -4.5 48.3028
      vertex -20.4635 4.5 48.3028
    endloop
  endfacet
  facet normal -0.14671 1.03313e-19 0.98918
    outer loop
      vertex -20.4635 -4.5 48.3028
      vertex -20.7305 4.5 48.2632
      vertex -20.7305 -4.5 48.2632
    endloop
  endfacet
  facet normal -0.857656 0 0.514223
    outer loop
      vertex -18.7135 -4.5 49.4722
      vertex -18.5747 4.5 49.7037
      vertex -18.7135 4.5 49.4722
    endloop
  endfacet
  facet normal -0.857656 0 0.514223
    outer loop
      vertex -18.5747 4.5 49.7037
      vertex -18.7135 -4.5 49.4722
      vertex -18.5747 -4.5 49.7037
    endloop
  endfacet
  facet normal -0.0489209 -2.13504e-21 -0.998803
    outer loop
      vertex -21 -4.5 53.75
      vertex -20.7305 4.5 53.7368
      vertex -20.7305 -4.5 53.7368
    endloop
  endfacet
  facet normal -0.0489209 -2.13504e-21 -0.998803
    outer loop
      vertex -20.7305 4.5 53.7368
      vertex -21 -4.5 53.75
      vertex -21 4.5 53.75
    endloop
  endfacet
  facet normal 0.903926 -0 0.427688
    outer loop
      vertex -31.5407 -4.5 49.9476
      vertex -31.4253 4.5 49.7037
      vertex -31.5407 4.5 49.9476
    endloop
  endfacet
  facet normal 0.903926 0 0.427688
    outer loop
      vertex -31.4253 4.5 49.7037
      vertex -31.5407 -4.5 49.9476
      vertex -31.4253 -4.5 49.7037
    endloop
  endfacet
  facet normal 0.336829 5.51196e-19 0.941566
    outer loop
      vertex -30.0524 4.5 48.4593
      vertex -29.7983 -4.5 48.3684
      vertex -29.7983 4.5 48.3684
    endloop
  endfacet
  facet normal 0.336829 5.51196e-19 0.941566
    outer loop
      vertex -29.7983 -4.5 48.3684
      vertex -30.0524 4.5 48.4593
      vertex -30.0524 -4.5 48.4593
    endloop
  endfacet
  facet normal -0.514223 4.30691e-20 -0.857656
    outer loop
      vertex -19.7037 -4.5 53.4253
      vertex -19.4722 4.5 53.2865
      vertex -19.4722 -4.5 53.2865
    endloop
  endfacet
  facet normal -0.514223 4.30691e-20 -0.857656
    outer loop
      vertex -19.4722 4.5 53.2865
      vertex -19.7037 -4.5 53.4253
      vertex -19.7037 4.5 53.4253
    endloop
  endfacet
  facet normal -0.941566 0 -0.336829
    outer loop
      vertex -18.3684 -4.5 51.7983
      vertex -18.4593 4.5 52.0524
      vertex -18.3684 4.5 51.7983
    endloop
  endfacet
  facet normal -0.941566 -0 -0.336829
    outer loop
      vertex -18.4593 4.5 52.0524
      vertex -18.3684 -4.5 51.7983
      vertex -18.4593 -4.5 52.0524
    endloop
  endfacet
  facet normal 0.941566 0 -0.336829
    outer loop
      vertex -31.5407 -4.5 52.0524
      vertex -31.6316 4.5 51.7983
      vertex -31.5407 4.5 52.0524
    endloop
  endfacet
  facet normal 0.941566 0 -0.336829
    outer loop
      vertex -31.6316 4.5 51.7983
      vertex -31.5407 -4.5 52.0524
      vertex -31.6316 -4.5 51.7983
    endloop
  endfacet
  facet normal -0.970012 0 -0.243059
    outer loop
      vertex -18.3028 -4.5 51.5365
      vertex -18.3684 4.5 51.7983
      vertex -18.3028 4.5 51.5365
    endloop
  endfacet
  facet normal -0.970012 -0 -0.243059
    outer loop
      vertex -18.3684 4.5 51.7983
      vertex -18.3028 -4.5 51.5365
      vertex -18.3684 -4.5 51.7983
    endloop
  endfacet
  facet normal -0.336829 5.51196e-19 -0.941566
    outer loop
      vertex -20.2017 -4.5 53.6316
      vertex -19.9476 4.5 53.5407
      vertex -19.9476 -4.5 53.5407
    endloop
  endfacet
  facet normal -0.336829 5.51196e-19 -0.941566
    outer loop
      vertex -19.9476 4.5 53.5407
      vertex -20.2017 -4.5 53.6316
      vertex -20.2017 4.5 53.6316
    endloop
  endfacet
  facet normal 0.427688 5.21575e-19 -0.903926
    outer loop
      vertex -30.2963 -4.5 53.4253
      vertex -30.0524 4.5 53.5407
      vertex -30.0524 -4.5 53.5407
    endloop
  endfacet
  facet normal 0.427688 5.21575e-19 -0.903926
    outer loop
      vertex -30.0524 4.5 53.5407
      vertex -30.2963 -4.5 53.4253
      vertex -30.2963 4.5 53.4253
    endloop
  endfacet
  facet normal -0.0489209 2.13504e-21 0.998803
    outer loop
      vertex -21 4.5 48.25
      vertex -20.7305 -4.5 48.2632
      vertex -20.7305 4.5 48.2632
    endloop
  endfacet
  facet normal -0.0489209 2.13504e-21 0.998803
    outer loop
      vertex -20.7305 -4.5 48.2632
      vertex -21 4.5 48.25
      vertex -21 -4.5 48.25
    endloop
  endfacet
  facet normal 0.671805 -3.44428e-19 -0.740728
    outer loop
      vertex -30.9445 -4.5 52.9445
      vertex -30.7446 4.5 53.1258
      vertex -30.7446 -4.5 53.1258
    endloop
  endfacet
  facet normal 0.671805 -3.44428e-19 -0.740728
    outer loop
      vertex -30.7446 4.5 53.1258
      vertex -30.9445 -4.5 52.9445
      vertex -30.9445 4.5 52.9445
    endloop
  endfacet
  facet normal 0.970012 -0 0.243059
    outer loop
      vertex -31.6972 -4.5 50.4635
      vertex -31.6316 4.5 50.2017
      vertex -31.6972 4.5 50.4635
    endloop
  endfacet
  facet normal 0.970012 0 0.243059
    outer loop
      vertex -31.6316 4.5 50.2017
      vertex -31.6972 -4.5 50.4635
      vertex -31.6316 -4.5 50.2017
    endloop
  endfacet
  facet normal -0.98918 0 -0.14671
    outer loop
      vertex -18.2632 -4.5 51.2695
      vertex -18.3028 4.5 51.5365
      vertex -18.2632 4.5 51.2695
    endloop
  endfacet
  facet normal -0.98918 -0 -0.14671
    outer loop
      vertex -18.3028 4.5 51.5365
      vertex -18.2632 -4.5 51.2695
      vertex -18.3028 -4.5 51.5365
    endloop
  endfacet
  facet normal 0.998803 0 -0.0489209
    outer loop
      vertex -31.7368 -4.5 51.2695
      vertex -31.75 4.5 51
      vertex -31.7368 4.5 51.2695
    endloop
  endfacet
  facet normal 0.998803 0 -0.0489209
    outer loop
      vertex -31.75 4.5 51
      vertex -31.7368 -4.5 51.2695
      vertex -31.75 -4.5 51
    endloop
  endfacet
  facet normal -0.14671 -1.03313e-19 -0.98918
    outer loop
      vertex -20.7305 -4.5 53.7368
      vertex -20.4635 4.5 53.6972
      vertex -20.4635 -4.5 53.6972
    endloop
  endfacet
  facet normal -0.14671 -1.03313e-19 -0.98918
    outer loop
      vertex -20.4635 4.5 53.6972
      vertex -20.7305 -4.5 53.7368
      vertex -20.7305 4.5 53.7368
    endloop
  endfacet
  facet normal -0.243059 1.6512e-19 0.970012
    outer loop
      vertex -20.4635 4.5 48.3028
      vertex -20.2017 -4.5 48.3684
      vertex -20.2017 4.5 48.3684
    endloop
  endfacet
  facet normal -0.243059 1.6512e-19 0.970012
    outer loop
      vertex -20.2017 -4.5 48.3684
      vertex -20.4635 4.5 48.3028
      vertex -20.4635 -4.5 48.3028
    endloop
  endfacet
  facet normal 0.803367 0 -0.595485
    outer loop
      vertex -31.1258 -4.5 52.7446
      vertex -31.2865 4.5 52.5278
      vertex -31.1258 4.5 52.7446
    endloop
  endfacet
  facet normal 0.803367 0 -0.595485
    outer loop
      vertex -31.2865 4.5 52.5278
      vertex -31.1258 -4.5 52.7446
      vertex -31.2865 -4.5 52.5278
    endloop
  endfacet
  facet normal -0.336829 -5.51196e-19 0.941566
    outer loop
      vertex -20.2017 4.5 48.3684
      vertex -19.9476 -4.5 48.4593
      vertex -19.9476 4.5 48.4593
    endloop
  endfacet
  facet normal -0.336829 -5.51196e-19 0.941566
    outer loop
      vertex -19.9476 -4.5 48.4593
      vertex -20.2017 4.5 48.3684
      vertex -20.2017 -4.5 48.3684
    endloop
  endfacet
  facet normal -0.514223 -4.30691e-20 0.857656
    outer loop
      vertex -19.7037 4.5 48.5747
      vertex -19.4722 -4.5 48.7135
      vertex -19.4722 4.5 48.7135
    endloop
  endfacet
  facet normal -0.514223 -4.30691e-20 0.857656
    outer loop
      vertex -19.4722 -4.5 48.7135
      vertex -19.7037 4.5 48.5747
      vertex -19.7037 -4.5 48.5747
    endloop
  endfacet
  facet normal -0.243059 -1.6512e-19 -0.970012
    outer loop
      vertex -20.4635 -4.5 53.6972
      vertex -20.2017 4.5 53.6316
      vertex -20.2017 -4.5 53.6316
    endloop
  endfacet
  facet normal -0.243059 -1.6512e-19 -0.970012
    outer loop
      vertex -20.2017 4.5 53.6316
      vertex -20.4635 -4.5 53.6972
      vertex -20.4635 4.5 53.6972
    endloop
  endfacet
  facet normal 0.970012 0 -0.243059
    outer loop
      vertex -31.6316 -4.5 51.7983
      vertex -31.6972 4.5 51.5365
      vertex -31.6316 4.5 51.7983
    endloop
  endfacet
  facet normal 0.970012 0 -0.243059
    outer loop
      vertex -31.6972 4.5 51.5365
      vertex -31.6316 -4.5 51.7983
      vertex -31.6972 -4.5 51.5365
    endloop
  endfacet
  facet normal 0.595485 -9.25282e-19 -0.803367
    outer loop
      vertex -30.7446 -4.5 53.1258
      vertex -30.5278 4.5 53.2865
      vertex -30.5278 -4.5 53.2865
    endloop
  endfacet
  facet normal 0.595485 -9.25282e-19 -0.803367
    outer loop
      vertex -30.5278 4.5 53.2865
      vertex -30.7446 -4.5 53.1258
      vertex -30.7446 4.5 53.1258
    endloop
  endfacet
  facet normal -0.903926 0 -0.427688
    outer loop
      vertex -18.4593 -4.5 52.0524
      vertex -18.5747 4.5 52.2963
      vertex -18.4593 4.5 52.0524
    endloop
  endfacet
  facet normal -0.903926 -0 -0.427688
    outer loop
      vertex -18.5747 4.5 52.2963
      vertex -18.4593 -4.5 52.0524
      vertex -18.5747 -4.5 52.2963
    endloop
  endfacet
  facet normal -0.595485 9.25282e-19 -0.803367
    outer loop
      vertex -19.4722 -4.5 53.2865
      vertex -19.2554 4.5 53.1258
      vertex -19.2554 -4.5 53.1258
    endloop
  endfacet
  facet normal -0.595485 9.25282e-19 -0.803367
    outer loop
      vertex -19.2554 4.5 53.1258
      vertex -19.4722 -4.5 53.2865
      vertex -19.4722 4.5 53.2865
    endloop
  endfacet
  facet normal -0.595485 -9.25282e-19 0.803367
    outer loop
      vertex -19.4722 4.5 48.7135
      vertex -19.2554 -4.5 48.8742
      vertex -19.2554 4.5 48.8742
    endloop
  endfacet
  facet normal -0.595485 -9.25282e-19 0.803367
    outer loop
      vertex -19.2554 -4.5 48.8742
      vertex -19.4722 4.5 48.7135
      vertex -19.4722 -4.5 48.7135
    endloop
  endfacet
  facet normal 0.941566 -0 0.336829
    outer loop
      vertex -31.6316 -4.5 50.2017
      vertex -31.5407 4.5 49.9476
      vertex -31.6316 4.5 50.2017
    endloop
  endfacet
  facet normal 0.941566 0 0.336829
    outer loop
      vertex -31.5407 4.5 49.9476
      vertex -31.6316 -4.5 50.2017
      vertex -31.5407 -4.5 49.9476
    endloop
  endfacet
  facet normal 0.998803 -0 0.0489209
    outer loop
      vertex -31.75 -4.5 51
      vertex -31.7368 4.5 50.7305
      vertex -31.75 4.5 51
    endloop
  endfacet
  facet normal 0.998803 0 0.0489209
    outer loop
      vertex -31.7368 4.5 50.7305
      vertex -31.75 -4.5 51
      vertex -31.7368 -4.5 50.7305
    endloop
  endfacet
  facet normal -0.998803 0 -0.0489209
    outer loop
      vertex -18.25 -4.5 51
      vertex -18.2632 4.5 51.2695
      vertex -18.25 4.5 51
    endloop
  endfacet
  facet normal -0.998803 -0 -0.0489209
    outer loop
      vertex -18.2632 4.5 51.2695
      vertex -18.25 -4.5 51
      vertex -18.2632 -4.5 51.2695
    endloop
  endfacet
  facet normal -0.740728 0 0.671805
    outer loop
      vertex -19.0555 -4.5 49.0555
      vertex -18.8742 4.5 49.2554
      vertex -19.0555 4.5 49.0555
    endloop
  endfacet
  facet normal -0.740728 0 0.671805
    outer loop
      vertex -18.8742 4.5 49.2554
      vertex -19.0555 -4.5 49.0555
      vertex -18.8742 -4.5 49.2554
    endloop
  endfacet
  facet normal -0.998803 0 0.0489209
    outer loop
      vertex -18.2632 -4.5 50.7305
      vertex -18.25 4.5 51
      vertex -18.2632 4.5 50.7305
    endloop
  endfacet
  facet normal -0.998803 0 0.0489209
    outer loop
      vertex -18.25 4.5 51
      vertex -18.2632 -4.5 50.7305
      vertex -18.25 -4.5 51
    endloop
  endfacet
  facet normal -0.970012 0 0.243059
    outer loop
      vertex -18.3684 -4.5 50.2017
      vertex -18.3028 4.5 50.4635
      vertex -18.3684 4.5 50.2017
    endloop
  endfacet
  facet normal -0.970012 0 0.243059
    outer loop
      vertex -18.3028 4.5 50.4635
      vertex -18.3684 -4.5 50.2017
      vertex -18.3028 -4.5 50.4635
    endloop
  endfacet
  facet normal -0.671805 3.44428e-19 -0.740728
    outer loop
      vertex -19.2554 -4.5 53.1258
      vertex -19.0555 4.5 52.9445
      vertex -19.0555 -4.5 52.9445
    endloop
  endfacet
  facet normal -0.671805 3.44428e-19 -0.740728
    outer loop
      vertex -19.0555 4.5 52.9445
      vertex -19.2554 -4.5 53.1258
      vertex -19.2554 4.5 53.1258
    endloop
  endfacet
  facet normal -0.857656 0 -0.514223
    outer loop
      vertex -18.5747 -4.5 52.2963
      vertex -18.7135 4.5 52.5278
      vertex -18.5747 4.5 52.2963
    endloop
  endfacet
  facet normal -0.857656 -0 -0.514223
    outer loop
      vertex -18.7135 4.5 52.5278
      vertex -18.5747 -4.5 52.2963
      vertex -18.7135 -4.5 52.5278
    endloop
  endfacet
  facet normal -0.803367 0 -0.595485
    outer loop
      vertex -18.7135 -4.5 52.5278
      vertex -18.8742 4.5 52.7446
      vertex -18.7135 4.5 52.5278
    endloop
  endfacet
  facet normal -0.803367 -0 -0.595485
    outer loop
      vertex -18.8742 4.5 52.7446
      vertex -18.7135 -4.5 52.5278
      vertex -18.8742 -4.5 52.7446
    endloop
  endfacet
  facet normal -1 0 0
    outer loop
      vertex -38 -4.5 10
      vertex -38 4.5 72
      vertex -38 4.5 10
    endloop
  endfacet
  facet normal -1 -0 0
    outer loop
      vertex -38 4.5 72
      vertex -38 -4.5 10
      vertex -38 -4.5 72
    endloop
  endfacet
  facet normal -0 0 1
    outer loop
      vertex -38 4.5 72
      vertex 38 -4.5 72
      vertex 38 4.5 72
    endloop
  endfacet
  facet normal 0 0 1
    outer loop
      vertex 38 -4.5 72
      vertex -38 4.5 72
      vertex -38 -4.5 72
    endloop
  endfacet
  facet normal 1 -0 0
    outer loop
      vertex 38 -4.5 72
      vertex 38 4.5 10
      vertex 38 4.5 72
    endloop
  endfacet
  facet normal 1 0 0
    outer loop
      vertex 38 4.5 10
      vertex 38 -4.5 72
      vertex 38 -4.5 10
    endloop
  endfacet
  facet normal 0 1 -0
    outer loop
      vertex 27.5 4.5 10
      vertex 21 4.5 28.25
      vertex 27.5 4.5 28.25
    endloop
  endfacet
  facet normal 0 1 0
    outer loop
      vertex 21 4.5 28.25
      vertex 27.5 4.5 10
      vertex -21 4.5 28.25
    endloop
  endfacet
  facet normal 0 1 0
    outer loop
      vertex -27.5 4.5 10
      vertex -21 4.5 28.25
      vertex 27.5 4.5 10
    endloop
  endfacet
  facet normal 0 1 0
    outer loop
      vertex -21 4.5 28.25
      vertex -27.5 4.5 10
      vertex -27.5 4.5 28.25
    endloop
  endfacet
  facet normal 0 1 0
    outer loop
      vertex -17.5691 4.5 38.1299
      vertex -20.7305 4.5 33.7368
      vertex -21 4.5 33.75
    endloop
  endfacet
  facet normal 0 1 0
    outer loop
      vertex -13.5101 4.5 34.0709
      vertex -20.4635 4.5 33.6972
      vertex -20.7305 4.5 33.7368
    endloop
  endfacet
  facet normal 0 1 0
    outer loop
      vertex -18.3684 4.5 30.2017
      vertex -12.8171 4.5 33.8229
      vertex -12.1032 4.5 33.6441
    endloop
  endfacet
  facet normal 0 1 0
    outer loop
      vertex -13.5101 4.5 34.0709
      vertex -20.2017 4.5 33.6316
      vertex -20.4635 4.5 33.6972
    endloop
  endfacet
  facet normal 0 1 0
    outer loop
      vertex -13.5101 4.5 34.0709
      vertex -19.9476 4.5 33.5407
      vertex -20.2017 4.5 33.6316
    endloop
  endfacet
  facet normal 0 1 0
    outer loop
      vertex -18.4593 4.5 29.9476
      vertex -12.1032 4.5 33.6441
      vertex -11.3751 4.5 33.5361
    endloop
  endfacet
  facet normal 0 1 0
    outer loop
      vertex -18.7135 4.5 29.4722
      vertex -11.3751 4.5 33.5361
      vertex -10.64 4.5 33.5
    endloop
  endfacet
  facet normal 0 1 0
    outer loop
      vertex -13.5101 4.5 34.0709
      vertex -19.7037 4.5 33.4253
      vertex -19.9476 4.5 33.5407
    endloop
  endfacet
  facet normal 0 1 -0
    outer loop
      vertex 18.3684 4.5 31.7983
      vertex 14.8068 4.5 34.764
      vertex 18.4593 4.5 32.0524
    endloop
  endfacet
  facet normal 0 1 0
    outer loop
      vertex 14.8068 4.5 34.764
      vertex 18.3684 4.5 31.7983
      vertex 14.1755 4.5 34.3856
    endloop
  endfacet
  facet normal 0 1 0
    outer loop
      vertex -13.5101 4.5 34.0709
      vertex -19.4722 4.5 33.2865
      vertex -19.7037 4.5 33.4253
    endloop
  endfacet
  facet normal 0 1 -0
    outer loop
      vertex 18.3028 4.5 31.5365
      vertex 14.1755 4.5 34.3856
      vertex 18.3684 4.5 31.7983
    endloop
  endfacet
  facet normal 0 1 0
    outer loop
      vertex -13.5101 4.5 34.0709
      vertex -19.2554 4.5 33.1258
      vertex -19.4722 4.5 33.2865
    endloop
  endfacet
  facet normal 0 1 -0
    outer loop
      vertex 18.2632 4.5 31.2695
      vertex 14.1755 4.5 34.3856
      vertex 18.3028 4.5 31.5365
    endloop
  endfacet
  facet normal 0 1 0
    outer loop
      vertex -13.5101 4.5 34.0709
      vertex -19.0555 4.5 32.9445
      vertex -19.2554 4.5 33.1258
    endloop
  endfacet
  facet normal 0 1 0
    outer loop
      vertex 14.1755 4.5 34.3856
      vertex 18.2632 4.5 31.2695
      vertex 13.5101 4.5 34.0709
    endloop
  endfacet
  facet normal 0 1 0
    outer loop
      vertex -13.5101 4.5 34.0709
      vertex -18.8742 4.5 32.7446
      vertex -19.0555 4.5 32.9445
    endloop
  endfacet
  facet normal 0 1 -0
    outer loop
      vertex 18.25 4.5 31
      vertex 13.5101 4.5 34.0709
      vertex 18.2632 4.5 31.2695
    endloop
  endfacet
  facet normal 0 1 0
    outer loop
      vertex -13.5101 4.5 34.0709
      vertex -18.7135 4.5 32.5278
      vertex -18.8742 4.5 32.7446
    endloop
  endfacet
  facet normal 0 1 0
    outer loop
      vertex 18.2632 4.5 30.7305
      vertex 13.5101 4.5 34.0709
      vertex 18.25 4.5 31
    endloop
  endfacet
  facet normal 0 1 0
    outer loop
      vertex -13.5101 4.5 34.0709
      vertex -18.5747 4.5 32.2963
      vertex -18.7135 4.5 32.5278
    endloop
  endfacet
  facet normal 0 1 0
    outer loop
      vertex 13.5101 4.5 34.0709
      vertex 18.2632 4.5 30.7305
      vertex 12.8171 4.5 33.8229
    endloop
  endfacet
  facet normal 0 1 0
    outer loop
      vertex -13.5101 4.5 34.0709
      vertex -18.4593 4.5 32.0524
      vertex -18.5747 4.5 32.2963
    endloop
  endfacet
  facet normal 0 1 0
    outer loop
      vertex 18.3028 4.5 30.4635
      vertex 12.8171 4.5 33.8229
      vertex 18.2632 4.5 30.7305
    endloop
  endfacet
  facet normal 0 1 0
    outer loop
      vertex -13.5101 4.5 34.0709
      vertex -18.3684 4.5 31.7983
      vertex -18.4593 4.5 32.0524
    endloop
  endfacet
  facet normal 0 1 0
    outer loop
      vertex 18.3684 4.5 30.2017
      vertex 12.8171 4.5 33.8229
      vertex 18.3028 4.5 30.4635
    endloop
  endfacet
  facet normal 0 1 0
    outer loop
      vertex -13.5101 4.5 34.0709
      vertex -18.3028 4.5 31.5365
      vertex -18.3684 4.5 31.7983
    endloop
  endfacet
  facet normal 0 1 0
    outer loop
      vertex 12.8171 4.5 33.8229
      vertex 18.3684 4.5 30.2017
      vertex 12.1032 4.5 33.6441
    endloop
  endfacet
  facet normal 0 1 0
    outer loop
      vertex -13.5101 4.5 34.0709
      vertex -18.2632 4.5 31.2695
      vertex -18.3028 4.5 31.5365
    endloop
  endfacet
  facet normal 0 1 0
    outer loop
      vertex 18.4593 4.5 29.9476
      vertex 12.1032 4.5 33.6441
      vertex 18.3684 4.5 30.2017
    endloop
  endfacet
  facet normal 0 1 0
    outer loop
      vertex -13.5101 4.5 34.0709
      vertex -18.25 4.5 31
      vertex -18.2632 4.5 31.2695
    endloop
  endfacet
  facet normal 0 1 0
    outer loop
      vertex 12.1032 4.5 33.6441
      vertex 18.4593 4.5 29.9476
      vertex 11.3751 4.5 33.5361
    endloop
  endfacet
  facet normal 0 1 0
    outer loop
      vertex -13.5101 4.5 34.0709
      vertex -18.2632 4.5 30.7305
      vertex -18.25 4.5 31
    endloop
  endfacet
  facet normal 0 1 0
    outer loop
      vertex 18.5747 4.5 29.7037
      vertex 11.3751 4.5 33.5361
      vertex 18.4593 4.5 29.9476
    endloop
  endfacet
  facet normal 0 1 0
    outer loop
      vertex -12.8171 4.5 33.8229
      vertex -18.3028 4.5 30.4635
      vertex -18.2632 4.5 30.7305
    endloop
  endfacet
  facet normal 0 1 0
    outer loop
      vertex 18.7135 4.5 29.4722
      vertex 11.3751 4.5 33.5361
      vertex 18.5747 4.5 29.7037
    endloop
  endfacet
  facet normal 0 1 0
    outer loop
      vertex -12.8171 4.5 33.8229
      vertex -18.3684 4.5 30.2017
      vertex -18.3028 4.5 30.4635
    endloop
  endfacet
  facet normal 0 1 0
    outer loop
      vertex 11.3751 4.5 33.5361
      vertex 18.7135 4.5 29.4722
      vertex 10.64 4.5 33.5
    endloop
  endfacet
  facet normal 0 1 0
    outer loop
      vertex -12.1032 4.5 33.6441
      vertex -18.4593 4.5 29.9476
      vertex -18.3684 4.5 30.2017
    endloop
  endfacet
  facet normal 0 1 0
    outer loop
      vertex 18.8742 4.5 29.2554
      vertex 10.64 4.5 33.5
      vertex 18.7135 4.5 29.4722
    endloop
  endfacet
  facet normal 0 1 0
    outer loop
      vertex -11.3751 4.5 33.5361
      vertex -18.5747 4.5 29.7037
      vertex -18.4593 4.5 29.9476
    endloop
  endfacet
  facet normal 0 1 0
    outer loop
      vertex 19.0555 4.5 29.0555
      vertex 10.64 4.5 33.5
      vertex 18.8742 4.5 29.2554
    endloop
  endfacet
  facet normal 0 1 0
    outer loop
      vertex -11.3751 4.5 33.5361
      vertex -18.7135 4.5 29.4722
      vertex -18.5747 4.5 29.7037
    endloop
  endfacet
  facet normal 0 1 0
    outer loop
      vertex 19.2554 4.5 28.8742
      vertex 10.64 4.5 33.5
      vertex 19.0555 4.5 29.0555
    endloop
  endfacet
  facet normal 0 1 0
    outer loop
      vertex -10.64 4.5 33.5
      vertex -18.8742 4.5 29.2554
      vertex -18.7135 4.5 29.4722
    endloop
  endfacet
  facet normal 0 1 0
    outer loop
      vertex 10.64 4.5 33.5
      vertex 19.2554 4.5 28.8742
      vertex -10.64 4.5 33.5
    endloop
  endfacet
  facet normal 0 1 0
    outer loop
      vertex -10.64 4.5 33.5
      vertex -19.0555 4.5 29.0555
      vertex -18.8742 4.5 29.2554
    endloop
  endfacet
  facet normal 0 1 0
    outer loop
      vertex -19.2554 4.5 28.8742
      vertex -10.64 4.5 33.5
      vertex 19.2554 4.5 28.8742
    endloop
  endfacet
  facet normal 0 1 0
    outer loop
      vertex -10.64 4.5 33.5
      vertex -19.2554 4.5 28.8742
      vertex -19.0555 4.5 29.0555
    endloop
  endfacet
  facet normal 0 1 0
    outer loop
      vertex 19.4722 4.5 28.7135
      vertex -19.2554 4.5 28.8742
      vertex 19.2554 4.5 28.8742
    endloop
  endfacet
  facet normal 0 1 0
    outer loop
      vertex 19.4722 4.5 28.7135
      vertex -19.4722 4.5 28.7135
      vertex -19.2554 4.5 28.8742
    endloop
  endfacet
  facet normal 0 1 0
    outer loop
      vertex 19.7037 4.5 28.5747
      vertex -19.4722 4.5 28.7135
      vertex 19.4722 4.5 28.7135
    endloop
  endfacet
  facet normal 0 1 0
    outer loop
      vertex 19.7037 4.5 28.5747
      vertex -19.7037 4.5 28.5747
      vertex -19.4722 4.5 28.7135
    endloop
  endfacet
  facet normal 0 1 0
    outer loop
      vertex 19.9476 4.5 28.4593
      vertex -19.7037 4.5 28.5747
      vertex 19.7037 4.5 28.5747
    endloop
  endfacet
  facet normal 0 1 0
    outer loop
      vertex 19.9476 4.5 28.4593
      vertex -19.9476 4.5 28.4593
      vertex -19.7037 4.5 28.5747
    endloop
  endfacet
  facet normal 0 1 0
    outer loop
      vertex 20.2017 4.5 28.3684
      vertex -19.9476 4.5 28.4593
      vertex 19.9476 4.5 28.4593
    endloop
  endfacet
  facet normal 0 1 0
    outer loop
      vertex 20.2017 4.5 28.3684
      vertex -20.2017 4.5 28.3684
      vertex -19.9476 4.5 28.4593
    endloop
  endfacet
  facet normal 0 1 0
    outer loop
      vertex 20.4635 4.5 28.3028
      vertex -20.2017 4.5 28.3684
      vertex 20.2017 4.5 28.3684
    endloop
  endfacet
  facet normal 0 1 0
    outer loop
      vertex 20.4635 4.5 28.3028
      vertex -20.4635 4.5 28.3028
      vertex -20.2017 4.5 28.3684
    endloop
  endfacet
  facet normal 0 1 0
    outer loop
      vertex 20.7305 4.5 28.2632
      vertex -20.4635 4.5 28.3028
      vertex 20.4635 4.5 28.3028
    endloop
  endfacet
  facet normal 0 1 0
    outer loop
      vertex 20.7305 4.5 28.2632
      vertex -20.7305 4.5 28.2632
      vertex -20.4635 4.5 28.3028
    endloop
  endfacet
  facet normal 0 1 0
    outer loop
      vertex 21 4.5 28.25
      vertex -20.7305 4.5 28.2632
      vertex 20.7305 4.5 28.2632
    endloop
  endfacet
  facet normal 0 1 0
    outer loop
      vertex -20.7305 4.5 28.2632
      vertex 21 4.5 28.25
      vertex -21 4.5 28.25
    endloop
  endfacet
  facet normal 0 1 0
    outer loop
      vertex 18.1039 4.5 41.7351
      vertex 21 4.5 48.25
      vertex 27.5 4.5 48.25
    endloop
  endfacet
  facet normal 0 1 0
    outer loop
      vertex 21 4.5 48.25
      vertex 13.5101 4.5 47.9291
      vertex 12.8171 4.5 48.1771
    endloop
  endfacet
  facet normal 0 1 0
    outer loop
      vertex 21 4.5 48.25
      vertex 14.1755 4.5 47.6144
      vertex 13.5101 4.5 47.9291
    endloop
  endfacet
  facet normal 0 1 0
    outer loop
      vertex 21 4.5 48.25
      vertex 14.8068 4.5 47.236
      vertex 14.1755 4.5 47.6144
    endloop
  endfacet
  facet normal 0 1 0
    outer loop
      vertex 21 4.5 48.25
      vertex 15.3979 4.5 46.7976
      vertex 14.8068 4.5 47.236
    endloop
  endfacet
  facet normal 0 1 0
    outer loop
      vertex 21 4.5 48.25
      vertex 15.9433 4.5 46.3033
      vertex 15.3979 4.5 46.7976
    endloop
  endfacet
  facet normal 0 1 0
    outer loop
      vertex 21 4.5 48.25
      vertex 16.4376 4.5 45.7579
      vertex 15.9433 4.5 46.3033
    endloop
  endfacet
  facet normal 0 1 0
    outer loop
      vertex 21 4.5 48.25
      vertex 16.876 4.5 45.1668
      vertex 16.4376 4.5 45.7579
    endloop
  endfacet
  facet normal 0 1 0
    outer loop
      vertex 21 4.5 48.25
      vertex 17.2544 4.5 44.5355
      vertex 16.876 4.5 45.1668
    endloop
  endfacet
  facet normal 0 1 0
    outer loop
      vertex 21 4.5 48.25
      vertex 17.5691 4.5 43.8701
      vertex 17.2544 4.5 44.5355
    endloop
  endfacet
  facet normal 0 1 0
    outer loop
      vertex 21 4.5 48.25
      vertex 17.8171 4.5 43.1771
      vertex 17.5691 4.5 43.8701
    endloop
  endfacet
  facet normal 0 1 0
    outer loop
      vertex 21 4.5 48.25
      vertex 17.9959 4.5 42.4632
      vertex 17.8171 4.5 43.1771
    endloop
  endfacet
  facet normal 0 1 0
    outer loop
      vertex 21 4.5 48.25
      vertex 18.1039 4.5 41.7351
      vertex 17.9959 4.5 42.4632
    endloop
  endfacet
  facet normal 0 1 0
    outer loop
      vertex 27.5 4.5 48.25
      vertex 18.14 4.5 41
      vertex 18.1039 4.5 41.7351
    endloop
  endfacet
  facet normal 0 1 -0
    outer loop
      vertex 27.5 4.5 33.75
      vertex 18.14 4.5 41
      vertex 27.5 4.5 48.25
    endloop
  endfacet
  facet normal 0 1 0
    outer loop
      vertex 18.14 4.5 41
      vertex 27.5 4.5 33.75
      vertex 18.1039 4.5 40.2649
    endloop
  endfacet
  facet normal 0 1 -0
    outer loop
      vertex 21 4.5 33.75
      vertex 18.1039 4.5 40.2649
      vertex 27.5 4.5 33.75
    endloop
  endfacet
  facet normal 0 1 0
    outer loop
      vertex 18.1039 4.5 40.2649
      vertex 21 4.5 33.75
      vertex 17.9959 4.5 39.5368
    endloop
  endfacet
  facet normal 0 1 0
    outer loop
      vertex 17.9959 4.5 39.5368
      vertex 21 4.5 33.75
      vertex 17.8171 4.5 38.8229
    endloop
  endfacet
  facet normal 0 1 0
    outer loop
      vertex 17.8171 4.5 38.8229
      vertex 21 4.5 33.75
      vertex 17.5691 4.5 38.1299
    endloop
  endfacet
  facet normal 0 1 -0
    outer loop
      vertex 20.4635 4.5 33.6972
      vertex 17.5691 4.5 38.1299
      vertex 20.7305 4.5 33.7368
    endloop
  endfacet
  facet normal 0 1 0
    outer loop
      vertex 17.5691 4.5 38.1299
      vertex 20.4635 4.5 33.6972
      vertex 17.2544 4.5 37.4645
    endloop
  endfacet
  facet normal 0 1 -0
    outer loop
      vertex 20.7305 4.5 33.7368
      vertex 17.5691 4.5 38.1299
      vertex 21 4.5 33.75
    endloop
  endfacet
  facet normal 0 1 -0
    outer loop
      vertex 20.2017 4.5 33.6316
      vertex 17.2544 4.5 37.4645
      vertex 20.4635 4.5 33.6972
    endloop
  endfacet
  facet normal 0 1 -0
    outer loop
      vertex 19.9476 4.5 33.5407
      vertex 17.2544 4.5 37.4645
      vertex 20.2017 4.5 33.6316
    endloop
  endfacet
  facet normal 0 1 0
    outer loop
      vertex 17.2544 4.5 37.4645
      vertex 19.9476 4.5 33.5407
      vertex 16.876 4.5 36.8332
    endloop
  endfacet
  facet normal 0 1 -0
    outer loop
      vertex 19.7037 4.5 33.4253
      vertex 16.876 4.5 36.8332
      vertex 19.9476 4.5 33.5407
    endloop
  endfacet
  facet normal 0 1 -0
    outer loop
      vertex 19.4722 4.5 33.2865
      vertex 16.876 4.5 36.8332
      vertex 19.7037 4.5 33.4253
    endloop
  endfacet
  facet normal 0 1 0
    outer loop
      vertex 16.876 4.5 36.8332
      vertex 19.4722 4.5 33.2865
      vertex 16.4376 4.5 36.2421
    endloop
  endfacet
  facet normal 0 1 -0
    outer loop
      vertex 19.2554 4.5 33.1258
      vertex 16.4376 4.5 36.2421
      vertex 19.4722 4.5 33.2865
    endloop
  endfacet
  facet normal 0 1 -0
    outer loop
      vertex 19.0555 4.5 32.9445
      vertex 16.4376 4.5 36.2421
      vertex 19.2554 4.5 33.1258
    endloop
  endfacet
  facet normal 0 1 0
    outer loop
      vertex 16.4376 4.5 36.2421
      vertex 19.0555 4.5 32.9445
      vertex 15.9433 4.5 35.6967
    endloop
  endfacet
  facet normal 0 1 -0
    outer loop
      vertex 18.8742 4.5 32.7446
      vertex 15.9433 4.5 35.6967
      vertex 19.0555 4.5 32.9445
    endloop
  endfacet
  facet normal 0 1 0
    outer loop
      vertex 15.9433 4.5 35.6967
      vertex 18.8742 4.5 32.7446
      vertex 15.3979 4.5 35.2024
    endloop
  endfacet
  facet normal 0 1 -0
    outer loop
      vertex 18.7135 4.5 32.5278
      vertex 15.3979 4.5 35.2024
      vertex 18.8742 4.5 32.7446
    endloop
  endfacet
  facet normal 0 1 -0
    outer loop
      vertex 18.5747 4.5 32.2963
      vertex 15.3979 4.5 35.2024
      vertex 18.7135 4.5 32.5278
    endloop
  endfacet
  facet normal 0 1 -0
    outer loop
      vertex 18.4593 4.5 32.0524
      vertex 14.8068 4.5 34.764
      vertex 18.5747 4.5 32.2963
    endloop
  endfacet
  facet normal 0 1 0
    outer loop
      vertex 15.3979 4.5 35.2024
      vertex 18.5747 4.5 32.2963
      vertex 14.8068 4.5 34.764
    endloop
  endfacet
  facet normal 0 1 0
    outer loop
      vertex -38 4.5 72
      vertex -21 4.5 53.75
      vertex -27.5 4.5 54.64
    endloop
  endfacet
  facet normal 0 1 0
    outer loop
      vertex -38 4.5 72
      vertex -20.7305 4.5 53.7368
      vertex -21 4.5 53.75
    endloop
  endfacet
  facet normal 0 1 0
    outer loop
      vertex 19.9476 4.5 53.5407
      vertex 38 4.5 72
      vertex 20.2017 4.5 53.6316
    endloop
  endfacet
  facet normal 0 1 0
    outer loop
      vertex -38 4.5 72
      vertex -20.4635 4.5 53.6972
      vertex -20.7305 4.5 53.7368
    endloop
  endfacet
  facet normal 0 1 0
    outer loop
      vertex 19.7037 4.5 53.4253
      vertex 38 4.5 72
      vertex 19.9476 4.5 53.5407
    endloop
  endfacet
  facet normal 0 1 0
    outer loop
      vertex -38 4.5 72
      vertex -20.2017 4.5 53.6316
      vertex -20.4635 4.5 53.6972
    endloop
  endfacet
  facet normal 0 1 0
    outer loop
      vertex 38 4.5 72
      vertex 19.7037 4.5 53.4253
      vertex -38 4.5 72
    endloop
  endfacet
  facet normal 0 1 0
    outer loop
      vertex -38 4.5 72
      vertex -19.9476 4.5 53.5407
      vertex -20.2017 4.5 53.6316
    endloop
  endfacet
  facet normal 0 1 -0
    outer loop
      vertex -19.7037 4.5 53.4253
      vertex -38 4.5 72
      vertex 19.7037 4.5 53.4253
    endloop
  endfacet
  facet normal 0 1 0
    outer loop
      vertex -38 4.5 72
      vertex -19.7037 4.5 53.4253
      vertex -19.9476 4.5 53.5407
    endloop
  endfacet
  facet normal 0 1 -0
    outer loop
      vertex 19.4722 4.5 53.2865
      vertex -19.7037 4.5 53.4253
      vertex 19.7037 4.5 53.4253
    endloop
  endfacet
  facet normal 0 1 0
    outer loop
      vertex 19.4722 4.5 53.2865
      vertex -19.4722 4.5 53.2865
      vertex -19.7037 4.5 53.4253
    endloop
  endfacet
  facet normal 0 1 -0
    outer loop
      vertex 19.2554 4.5 53.1258
      vertex -19.4722 4.5 53.2865
      vertex 19.4722 4.5 53.2865
    endloop
  endfacet
  facet normal 0 1 0
    outer loop
      vertex 19.2554 4.5 53.1258
      vertex -19.2554 4.5 53.1258
      vertex -19.4722 4.5 53.2865
    endloop
  endfacet
  facet normal 0 1 0
    outer loop
      vertex 10.64 4.5 48.5
      vertex 19.2554 4.5 53.1258
      vertex 19.0555 4.5 52.9445
    endloop
  endfacet
  facet normal 0 1 0
    outer loop
      vertex 19.2554 4.5 53.1258
      vertex 10.64 4.5 48.5
      vertex -19.2554 4.5 53.1258
    endloop
  endfacet
  facet normal 0 1 0
    outer loop
      vertex 10.64 4.5 48.5
      vertex 19.0555 4.5 52.9445
      vertex 18.8742 4.5 52.7446
    endloop
  endfacet
  facet normal 0 1 -0
    outer loop
      vertex -10.64 4.5 48.5
      vertex -19.2554 4.5 53.1258
      vertex 10.64 4.5 48.5
    endloop
  endfacet
  facet normal 0 1 0
    outer loop
      vertex 10.64 4.5 48.5
      vertex 18.8742 4.5 52.7446
      vertex 18.7135 4.5 52.5278
    endloop
  endfacet
  facet normal 0 1 0
    outer loop
      vertex -19.2554 4.5 53.1258
      vertex -10.64 4.5 48.5
      vertex -19.0555 4.5 52.9445
    endloop
  endfacet
  facet normal 0 1 0
    outer loop
      vertex 11.3751 4.5 48.4639
      vertex 18.7135 4.5 52.5278
      vertex 18.5747 4.5 52.2963
    endloop
  endfacet
  facet normal 0 1 0
    outer loop
      vertex -19.0555 4.5 52.9445
      vertex -10.64 4.5 48.5
      vertex -18.8742 4.5 52.7446
    endloop
  endfacet
  facet normal 0 1 0
    outer loop
      vertex 11.3751 4.5 48.4639
      vertex 18.5747 4.5 52.2963
      vertex 18.4593 4.5 52.0524
    endloop
  endfacet
  facet normal 0 1 0
    outer loop
      vertex -18.8742 4.5 52.7446
      vertex -10.64 4.5 48.5
      vertex -18.7135 4.5 52.5278
    endloop
  endfacet
  facet normal 0 1 0
    outer loop
      vertex 12.1032 4.5 48.3559
      vertex 18.4593 4.5 52.0524
      vertex 18.3684 4.5 51.7983
    endloop
  endfacet
  facet normal 0 1 -0
    outer loop
      vertex -11.3751 4.5 48.4639
      vertex -18.7135 4.5 52.5278
      vertex -10.64 4.5 48.5
    endloop
  endfacet
  facet normal 0 1 0
    outer loop
      vertex 12.8171 4.5 48.1771
      vertex 18.3684 4.5 51.7983
      vertex 18.3028 4.5 51.5365
    endloop
  endfacet
  facet normal 0 1 0
    outer loop
      vertex -18.7135 4.5 52.5278
      vertex -11.3751 4.5 48.4639
      vertex -18.5747 4.5 52.2963
    endloop
  endfacet
  facet normal 0 1 0
    outer loop
      vertex 12.8171 4.5 48.1771
      vertex 18.3028 4.5 51.5365
      vertex 18.2632 4.5 51.2695
    endloop
  endfacet
  facet normal 0 1 0
    outer loop
      vertex -18.5747 4.5 52.2963
      vertex -11.3751 4.5 48.4639
      vertex -18.4593 4.5 52.0524
    endloop
  endfacet
  facet normal 0 1 0
    outer loop
      vertex 12.8171 4.5 48.1771
      vertex 18.2632 4.5 51.2695
      vertex 18.25 4.5 51
    endloop
  endfacet
  facet normal 0 1 -0
    outer loop
      vertex -12.1032 4.5 48.3559
      vertex -18.4593 4.5 52.0524
      vertex -11.3751 4.5 48.4639
    endloop
  endfacet
  facet normal 0 1 0
    outer loop
      vertex 12.8171 4.5 48.1771
      vertex 18.25 4.5 51
      vertex 18.2632 4.5 50.7305
    endloop
  endfacet
  facet normal 0 1 0
    outer loop
      vertex -18.4593 4.5 52.0524
      vertex -12.1032 4.5 48.3559
      vertex -18.3684 4.5 51.7983
    endloop
  endfacet
  facet normal 0 1 0
    outer loop
      vertex 12.8171 4.5 48.1771
      vertex 18.2632 4.5 50.7305
      vertex 18.3028 4.5 50.4635
    endloop
  endfacet
  facet normal 0 1 -0
    outer loop
      vertex -12.8171 4.5 48.1771
      vertex -18.3684 4.5 51.7983
      vertex -12.1032 4.5 48.3559
    endloop
  endfacet
  facet normal 0 1 0
    outer loop
      vertex 12.8171 4.5 48.1771
      vertex 18.3028 4.5 50.4635
      vertex 18.3684 4.5 50.2017
    endloop
  endfacet
  facet normal 0 1 0
    outer loop
      vertex -18.3684 4.5 51.7983
      vertex -12.8171 4.5 48.1771
      vertex -18.3028 4.5 51.5365
    endloop
  endfacet
  facet normal 0 1 0
    outer loop
      vertex 12.8171 4.5 48.1771
      vertex 18.3684 4.5 50.2017
      vertex 18.4593 4.5 49.9476
    endloop
  endfacet
  facet normal 0 1 0
    outer loop
      vertex -18.3028 4.5 51.5365
      vertex -12.8171 4.5 48.1771
      vertex -18.2632 4.5 51.2695
    endloop
  endfacet
  facet normal 0 1 0
    outer loop
      vertex 12.8171 4.5 48.1771
      vertex 18.4593 4.5 49.9476
      vertex 18.5747 4.5 49.7037
    endloop
  endfacet
  facet normal 0 1 -0
    outer loop
      vertex -13.5101 4.5 47.9291
      vertex -18.2632 4.5 51.2695
      vertex -12.8171 4.5 48.1771
    endloop
  endfacet
  facet normal 0 1 0
    outer loop
      vertex 12.8171 4.5 48.1771
      vertex 18.5747 4.5 49.7037
      vertex 18.7135 4.5 49.4722
    endloop
  endfacet
  facet normal 0 1 0
    outer loop
      vertex -18.2632 4.5 51.2695
      vertex -13.5101 4.5 47.9291
      vertex -18.25 4.5 51
    endloop
  endfacet
  facet normal 0 1 0
    outer loop
      vertex 12.8171 4.5 48.1771
      vertex 18.7135 4.5 49.4722
      vertex 18.8742 4.5 49.2554
    endloop
  endfacet
  facet normal 0 1 0
    outer loop
      vertex -18.25 4.5 51
      vertex -13.5101 4.5 47.9291
      vertex -18.2632 4.5 50.7305
    endloop
  endfacet
  facet normal 0 1 0
    outer loop
      vertex 12.8171 4.5 48.1771
      vertex 18.8742 4.5 49.2554
      vertex 19.0555 4.5 49.0555
    endloop
  endfacet
  facet normal 0 1 -0
    outer loop
      vertex -14.1755 4.5 47.6144
      vertex -18.2632 4.5 50.7305
      vertex -13.5101 4.5 47.9291
    endloop
  endfacet
  facet normal 0 1 0
    outer loop
      vertex 12.8171 4.5 48.1771
      vertex 19.0555 4.5 49.0555
      vertex 19.2554 4.5 48.8742
    endloop
  endfacet
  facet normal 0 1 0
    outer loop
      vertex -18.2632 4.5 50.7305
      vertex -14.1755 4.5 47.6144
      vertex -18.3028 4.5 50.4635
    endloop
  endfacet
  facet normal 0 1 0
    outer loop
      vertex 12.8171 4.5 48.1771
      vertex 19.2554 4.5 48.8742
      vertex 19.4722 4.5 48.7135
    endloop
  endfacet
  facet normal 0 1 0
    outer loop
      vertex -18.3028 4.5 50.4635
      vertex -14.1755 4.5 47.6144
      vertex -18.3684 4.5 50.2017
    endloop
  endfacet
  facet normal 0 1 0
    outer loop
      vertex 12.8171 4.5 48.1771
      vertex 19.4722 4.5 48.7135
      vertex 19.7037 4.5 48.5747
    endloop
  endfacet
  facet normal 0 1 -0
    outer loop
      vertex -14.8068 4.5 47.236
      vertex -18.3684 4.5 50.2017
      vertex -14.1755 4.5 47.6144
    endloop
  endfacet
  facet normal 0 1 0
    outer loop
      vertex -18.3684 4.5 50.2017
      vertex -14.8068 4.5 47.236
      vertex -18.4593 4.5 49.9476
    endloop
  endfacet
  facet normal 0 1 0
    outer loop
      vertex 18.7135 4.5 52.5278
      vertex 11.3751 4.5 48.4639
      vertex 10.64 4.5 48.5
    endloop
  endfacet
  facet normal 0 1 0
    outer loop
      vertex 12.8171 4.5 48.1771
      vertex 19.7037 4.5 48.5747
      vertex 19.9476 4.5 48.4593
    endloop
  endfacet
  facet normal 0 1 0
    outer loop
      vertex 12.8171 4.5 48.1771
      vertex 19.9476 4.5 48.4593
      vertex 20.2017 4.5 48.3684
    endloop
  endfacet
  facet normal 0 1 0
    outer loop
      vertex 18.4593 4.5 52.0524
      vertex 12.1032 4.5 48.3559
      vertex 11.3751 4.5 48.4639
    endloop
  endfacet
  facet normal 0 1 0
    outer loop
      vertex 12.8171 4.5 48.1771
      vertex 20.2017 4.5 48.3684
      vertex 20.4635 4.5 48.3028
    endloop
  endfacet
  facet normal 0 1 0
    outer loop
      vertex 12.8171 4.5 48.1771
      vertex 20.4635 4.5 48.3028
      vertex 20.7305 4.5 48.2632
    endloop
  endfacet
  facet normal 0 1 0
    outer loop
      vertex 12.8171 4.5 48.1771
      vertex 20.7305 4.5 48.2632
      vertex 21 4.5 48.25
    endloop
  endfacet
  facet normal 0 1 0
    outer loop
      vertex 18.3684 4.5 51.7983
      vertex 12.8171 4.5 48.1771
      vertex 12.1032 4.5 48.3559
    endloop
  endfacet
  facet normal 0 1 0
    outer loop
      vertex 21 4.5 53.75
      vertex 27.5 4.5 54.64
      vertex 27.5 4.5 53.75
    endloop
  endfacet
  facet normal 0 1 0
    outer loop
      vertex 20.7305 4.5 53.7368
      vertex 27.5 4.5 54.64
      vertex 21 4.5 53.75
    endloop
  endfacet
  facet normal 0 1 0
    outer loop
      vertex 20.2017 4.5 53.6316
      vertex 38 4.5 72
      vertex 20.4635 4.5 53.6972
    endloop
  endfacet
  facet normal 0 1 0
    outer loop
      vertex -27.5 4.5 54.64
      vertex -21 4.5 53.75
      vertex -27.5 4.5 53.75
    endloop
  endfacet
  facet normal 0 1 0
    outer loop
      vertex 27.5 4.5 54.64
      vertex 38 4.5 72
      vertex 32.5 4.5 54.64
    endloop
  endfacet
  facet normal 0 1 -0
    outer loop
      vertex 38 4.5 10
      vertex 32.5 4.5 54.64
      vertex 38 4.5 72
    endloop
  endfacet
  facet normal 0 1 0
    outer loop
      vertex 32.5 4.5 54.64
      vertex 38 4.5 10
      vertex 32.5 4.5 10
    endloop
  endfacet
  facet normal 0 1 0
    outer loop
      vertex 20.7305 4.5 53.7368
      vertex 38 4.5 72
      vertex 27.5 4.5 54.64
    endloop
  endfacet
  facet normal 0 1 0
    outer loop
      vertex 20.4635 4.5 53.6972
      vertex 38 4.5 72
      vertex 20.7305 4.5 53.7368
    endloop
  endfacet
  facet normal 0 1 -0
    outer loop
      vertex -32.5 4.5 54.64
      vertex -38 4.5 72
      vertex -27.5 4.5 54.64
    endloop
  endfacet
  facet normal 0 1 0
    outer loop
      vertex -38 4.5 10
      vertex -32.5 4.5 54.64
      vertex -32.5 4.5 10
    endloop
  endfacet
  facet normal 0 1 0
    outer loop
      vertex -32.5 4.5 54.64
      vertex -38 4.5 10
      vertex -38 4.5 72
    endloop
  endfacet
  facet normal 0 1 0
    outer loop
      vertex -18.4593 4.5 49.9476
      vertex -14.8068 4.5 47.236
      vertex -18.5747 4.5 49.7037
    endloop
  endfacet
  facet normal 0 1 -0
    outer loop
      vertex -15.3979 4.5 46.7976
      vertex -18.5747 4.5 49.7037
      vertex -14.8068 4.5 47.236
    endloop
  endfacet
  facet normal 0 1 0
    outer loop
      vertex -18.5747 4.5 49.7037
      vertex -15.3979 4.5 46.7976
      vertex -18.7135 4.5 49.4722
    endloop
  endfacet
  facet normal 0 1 0
    outer loop
      vertex -18.7135 4.5 49.4722
      vertex -15.3979 4.5 46.7976
      vertex -18.8742 4.5 49.2554
    endloop
  endfacet
  facet normal 0 1 -0
    outer loop
      vertex -15.9433 4.5 46.3033
      vertex -18.8742 4.5 49.2554
      vertex -15.3979 4.5 46.7976
    endloop
  endfacet
  facet normal 0 1 0
    outer loop
      vertex -18.8742 4.5 49.2554
      vertex -15.9433 4.5 46.3033
      vertex -19.0555 4.5 49.0555
    endloop
  endfacet
  facet normal 0 1 -0
    outer loop
      vertex -16.4376 4.5 45.7579
      vertex -19.0555 4.5 49.0555
      vertex -15.9433 4.5 46.3033
    endloop
  endfacet
  facet normal 0 1 0
    outer loop
      vertex -19.0555 4.5 49.0555
      vertex -16.4376 4.5 45.7579
      vertex -19.2554 4.5 48.8742
    endloop
  endfacet
  facet normal 0 1 0
    outer loop
      vertex -19.2554 4.5 48.8742
      vertex -16.4376 4.5 45.7579
      vertex -19.4722 4.5 48.7135
    endloop
  endfacet
  facet normal 0 1 -0
    outer loop
      vertex -16.876 4.5 45.1668
      vertex -19.4722 4.5 48.7135
      vertex -16.4376 4.5 45.7579
    endloop
  endfacet
  facet normal 0 1 0
    outer loop
      vertex -19.4722 4.5 48.7135
      vertex -16.876 4.5 45.1668
      vertex -19.7037 4.5 48.5747
    endloop
  endfacet
  facet normal 0 1 0
    outer loop
      vertex -19.7037 4.5 48.5747
      vertex -16.876 4.5 45.1668
      vertex -19.9476 4.5 48.4593
    endloop
  endfacet
  facet normal 0 1 -0
    outer loop
      vertex -17.2544 4.5 44.5355
      vertex -19.9476 4.5 48.4593
      vertex -16.876 4.5 45.1668
    endloop
  endfacet
  facet normal 0 1 0
    outer loop
      vertex -19.9476 4.5 48.4593
      vertex -17.2544 4.5 44.5355
      vertex -20.2017 4.5 48.3684
    endloop
  endfacet
  facet normal 0 1 0
    outer loop
      vertex -20.2017 4.5 48.3684
      vertex -17.2544 4.5 44.5355
      vertex -20.4635 4.5 48.3028
    endloop
  endfacet
  facet normal 0 1 -0
    outer loop
      vertex -17.5691 4.5 43.8701
      vertex -20.4635 4.5 48.3028
      vertex -17.2544 4.5 44.5355
    endloop
  endfacet
  facet normal 0 1 0
    outer loop
      vertex -20.4635 4.5 48.3028
      vertex -17.5691 4.5 43.8701
      vertex -20.7305 4.5 48.2632
    endloop
  endfacet
  facet normal 0 1 0
    outer loop
      vertex -20.7305 4.5 48.2632
      vertex -17.5691 4.5 43.8701
      vertex -21 4.5 48.25
    endloop
  endfacet
  facet normal 0 1 -0
    outer loop
      vertex -17.8171 4.5 43.1771
      vertex -21 4.5 48.25
      vertex -17.5691 4.5 43.8701
    endloop
  endfacet
  facet normal 0 1 -0
    outer loop
      vertex -17.9959 4.5 42.4632
      vertex -21 4.5 48.25
      vertex -17.8171 4.5 43.1771
    endloop
  endfacet
  facet normal 0 1 -0
    outer loop
      vertex -18.1039 4.5 41.7351
      vertex -21 4.5 48.25
      vertex -17.9959 4.5 42.4632
    endloop
  endfacet
  facet normal 0 1 0
    outer loop
      vertex -21 4.5 48.25
      vertex -18.1039 4.5 41.7351
      vertex -27.5 4.5 48.25
    endloop
  endfacet
  facet normal 0 1 -0
    outer loop
      vertex -18.14 4.5 41
      vertex -27.5 4.5 48.25
      vertex -18.1039 4.5 41.7351
    endloop
  endfacet
  facet normal 0 1 0
    outer loop
      vertex -27.5 4.5 33.75
      vertex -18.14 4.5 41
      vertex -18.1039 4.5 40.2649
    endloop
  endfacet
  facet normal 0 1 0
    outer loop
      vertex -21 4.5 33.75
      vertex -18.1039 4.5 40.2649
      vertex -17.9959 4.5 39.5368
    endloop
  endfacet
  facet normal 0 1 0
    outer loop
      vertex -21 4.5 33.75
      vertex -17.9959 4.5 39.5368
      vertex -17.8171 4.5 38.8229
    endloop
  endfacet
  facet normal 0 1 0
    outer loop
      vertex -21 4.5 33.75
      vertex -17.8171 4.5 38.8229
      vertex -17.5691 4.5 38.1299
    endloop
  endfacet
  facet normal 0 1 0
    outer loop
      vertex -20.7305 4.5 33.7368
      vertex -17.5691 4.5 38.1299
      vertex -17.2544 4.5 37.4645
    endloop
  endfacet
  facet normal 0 1 0
    outer loop
      vertex -20.7305 4.5 33.7368
      vertex -17.2544 4.5 37.4645
      vertex -16.876 4.5 36.8332
    endloop
  endfacet
  facet normal 0 1 0
    outer loop
      vertex -20.7305 4.5 33.7368
      vertex -16.876 4.5 36.8332
      vertex -16.4376 4.5 36.2421
    endloop
  endfacet
  facet normal 0 1 0
    outer loop
      vertex -20.7305 4.5 33.7368
      vertex -16.4376 4.5 36.2421
      vertex -15.9433 4.5 35.6967
    endloop
  endfacet
  facet normal 0 1 0
    outer loop
      vertex -18.2632 4.5 30.7305
      vertex -13.5101 4.5 34.0709
      vertex -12.8171 4.5 33.8229
    endloop
  endfacet
  facet normal 0 1 0
    outer loop
      vertex -20.7305 4.5 33.7368
      vertex -14.1755 4.5 34.3856
      vertex -13.5101 4.5 34.0709
    endloop
  endfacet
  facet normal 0 1 0
    outer loop
      vertex -20.7305 4.5 33.7368
      vertex -14.8068 4.5 34.764
      vertex -14.1755 4.5 34.3856
    endloop
  endfacet
  facet normal 0 1 0
    outer loop
      vertex -20.7305 4.5 33.7368
      vertex -15.3979 4.5 35.2024
      vertex -14.8068 4.5 34.764
    endloop
  endfacet
  facet normal 0 1 0
    outer loop
      vertex -20.7305 4.5 33.7368
      vertex -15.9433 4.5 35.6967
      vertex -15.3979 4.5 35.2024
    endloop
  endfacet
  facet normal 0 1 0
    outer loop
      vertex -18.1039 4.5 40.2649
      vertex -21 4.5 33.75
      vertex -27.5 4.5 33.75
    endloop
  endfacet
  facet normal 0 1 0
    outer loop
      vertex -18.14 4.5 41
      vertex -27.5 4.5 33.75
      vertex -27.5 4.5 48.25
    endloop
  endfacet
  facet normal 0 -1 0
    outer loop
      vertex 29 4.5 28.25
      vertex 29 4.5 33.75
      vertex 27.5 4.5 33.75
    endloop
  endfacet
  facet normal 0 -1 0
    outer loop
      vertex 29 4.5 33.75
      vertex 29 4.5 28.25
      vertex 29.2695 4.5 33.7368
    endloop
  endfacet
  facet normal 0 -1 -0
    outer loop
      vertex 29.2695 4.5 33.7368
      vertex 29 4.5 28.25
      vertex 29.5365 4.5 33.6972
    endloop
  endfacet
  facet normal 0 -1 -0
    outer loop
      vertex 29.5365 4.5 33.6972
      vertex 29 4.5 28.25
      vertex 29.7983 4.5 33.6316
    endloop
  endfacet
  facet normal 0 -1 -0
    outer loop
      vertex 29.7983 4.5 33.6316
      vertex 29 4.5 28.25
      vertex 30.0524 4.5 33.5407
    endloop
  endfacet
  facet normal 0 -1 -0
    outer loop
      vertex 30.0524 4.5 33.5407
      vertex 29 4.5 28.25
      vertex 30.2963 4.5 33.4253
    endloop
  endfacet
  facet normal 0 -1 -0
    outer loop
      vertex 30.2963 4.5 33.4253
      vertex 29 4.5 28.25
      vertex 30.5278 4.5 33.2865
    endloop
  endfacet
  facet normal 0 -1 -0
    outer loop
      vertex 30.5278 4.5 33.2865
      vertex 29 4.5 28.25
      vertex 30.7446 4.5 33.1258
    endloop
  endfacet
  facet normal 0 -1 -0
    outer loop
      vertex 30.7446 4.5 33.1258
      vertex 29 4.5 28.25
      vertex 30.9445 4.5 32.9445
    endloop
  endfacet
  facet normal 0 -1 -0
    outer loop
      vertex 30.9445 4.5 32.9445
      vertex 29 4.5 28.25
      vertex 31.1258 4.5 32.7446
    endloop
  endfacet
  facet normal 0 -1 -0
    outer loop
      vertex 31.1258 4.5 32.7446
      vertex 29 4.5 28.25
      vertex 31.2865 4.5 32.5278
    endloop
  endfacet
  facet normal 0 -1 -0
    outer loop
      vertex 31.2865 4.5 32.5278
      vertex 29 4.5 28.25
      vertex 31.4253 4.5 32.2963
    endloop
  endfacet
  facet normal 0 -1 -0
    outer loop
      vertex 31.4253 4.5 32.2963
      vertex 29 4.5 28.25
      vertex 31.5407 4.5 32.0524
    endloop
  endfacet
  facet normal 0 -1 0
    outer loop
      vertex 31.5407 4.5 32.0524
      vertex 31.6972 4.5 31.5365
      vertex 31.6316 4.5 31.7983
    endloop
  endfacet
  facet normal 0 -1 0
    outer loop
      vertex 31.5407 4.5 32.0524
      vertex 31.7368 4.5 31.2695
      vertex 31.6972 4.5 31.5365
    endloop
  endfacet
  facet normal 0 -1 0
    outer loop
      vertex 31.5407 4.5 32.0524
      vertex 31.75 4.5 31
      vertex 31.7368 4.5 31.2695
    endloop
  endfacet
  facet normal 0 -1 0
    outer loop
      vertex 31.5407 4.5 32.0524
      vertex 31.7368 4.5 30.7305
      vertex 31.75 4.5 31
    endloop
  endfacet
  facet normal 0 -1 0
    outer loop
      vertex 31.5407 4.5 32.0524
      vertex 31.6972 4.5 30.4635
      vertex 31.7368 4.5 30.7305
    endloop
  endfacet
  facet normal 0 -1 0
    outer loop
      vertex 31.5407 4.5 32.0524
      vertex 31.6316 4.5 30.2017
      vertex 31.6972 4.5 30.4635
    endloop
  endfacet
  facet normal 0 -1 0
    outer loop
      vertex 31.5407 4.5 32.0524
      vertex 31.5407 4.5 29.9476
      vertex 31.6316 4.5 30.2017
    endloop
  endfacet
  facet normal 0 -1 -0
    outer loop
      vertex 31.5407 4.5 32.0524
      vertex 31.4253 4.5 29.7037
      vertex 31.5407 4.5 29.9476
    endloop
  endfacet
  facet normal 0 -1 0
    outer loop
      vertex 31.5407 4.5 32.0524
      vertex 31.2865 4.5 29.4722
      vertex 31.4253 4.5 29.7037
    endloop
  endfacet
  facet normal 0 -1 0
    outer loop
      vertex 31.5407 4.5 32.0524
      vertex 31.1258 4.5 29.2554
      vertex 31.2865 4.5 29.4722
    endloop
  endfacet
  facet normal 0 -1 0
    outer loop
      vertex 31.5407 4.5 32.0524
      vertex 30.9445 4.5 29.0555
      vertex 31.1258 4.5 29.2554
    endloop
  endfacet
  facet normal 0 -1 0
    outer loop
      vertex 31.5407 4.5 32.0524
      vertex 30.7446 4.5 28.8742
      vertex 30.9445 4.5 29.0555
    endloop
  endfacet
  facet normal 0 -1 0
    outer loop
      vertex 31.5407 4.5 32.0524
      vertex 30.5278 4.5 28.7135
      vertex 30.7446 4.5 28.8742
    endloop
  endfacet
  facet normal 0 -1 0
    outer loop
      vertex 31.5407 4.5 32.0524
      vertex 30.2963 4.5 28.5747
      vertex 30.5278 4.5 28.7135
    endloop
  endfacet
  facet normal 0 -1 0
    outer loop
      vertex 31.5407 4.5 32.0524
      vertex 30.0524 4.5 28.4593
      vertex 30.2963 4.5 28.5747
    endloop
  endfacet
  facet normal 0 -1 0
    outer loop
      vertex 31.5407 4.5 32.0524
      vertex 29.7983 4.5 28.3684
      vertex 30.0524 4.5 28.4593
    endloop
  endfacet
  facet normal 0 -1 0
    outer loop
      vertex 31.5407 4.5 32.0524
      vertex 29.5365 4.5 28.3028
      vertex 29.7983 4.5 28.3684
    endloop
  endfacet
  facet normal 0 -1 0
    outer loop
      vertex 31.5407 4.5 32.0524
      vertex 29.2695 4.5 28.2632
      vertex 29.5365 4.5 28.3028
    endloop
  endfacet
  facet normal 0 -1 0
    outer loop
      vertex 29 4.5 28.25
      vertex 27.5 4.5 33.75
      vertex 27.5 4.5 28.25
    endloop
  endfacet
  facet normal 0 -1 0
    outer loop
      vertex 31.5407 4.5 32.0524
      vertex 29 4.5 28.25
      vertex 29.2695 4.5 28.2632
    endloop
  endfacet
  facet normal 0 -1 0
    outer loop
      vertex 29 4.5 48.25
      vertex 29 4.5 53.75
      vertex 27.5 4.5 53.75
    endloop
  endfacet
  facet normal 0 -1 0
    outer loop
      vertex 29 4.5 53.75
      vertex 29 4.5 48.25
      vertex 29.2695 4.5 53.7368
    endloop
  endfacet
  facet normal 0 -1 -0
    outer loop
      vertex 29.2695 4.5 53.7368
      vertex 29 4.5 48.25
      vertex 29.5365 4.5 53.6972
    endloop
  endfacet
  facet normal 0 -1 -0
    outer loop
      vertex 29.5365 4.5 53.6972
      vertex 29 4.5 48.25
      vertex 29.7983 4.5 53.6316
    endloop
  endfacet
  facet normal 0 -1 -0
    outer loop
      vertex 29.7983 4.5 53.6316
      vertex 29 4.5 48.25
      vertex 30.0524 4.5 53.5407
    endloop
  endfacet
  facet normal 0 -1 -0
    outer loop
      vertex 30.0524 4.5 53.5407
      vertex 29 4.5 48.25
      vertex 30.2963 4.5 53.4253
    endloop
  endfacet
  facet normal 0 -1 -0
    outer loop
      vertex 30.2963 4.5 53.4253
      vertex 29 4.5 48.25
      vertex 30.5278 4.5 53.2865
    endloop
  endfacet
  facet normal 0 -1 -0
    outer loop
      vertex 30.5278 4.5 53.2865
      vertex 29 4.5 48.25
      vertex 30.7446 4.5 53.1258
    endloop
  endfacet
  facet normal 0 -1 -0
    outer loop
      vertex 30.7446 4.5 53.1258
      vertex 29 4.5 48.25
      vertex 30.9445 4.5 52.9445
    endloop
  endfacet
  facet normal 0 -1 -0
    outer loop
      vertex 30.9445 4.5 52.9445
      vertex 29 4.5 48.25
      vertex 31.1258 4.5 52.7446
    endloop
  endfacet
  facet normal 0 -1 -0
    outer loop
      vertex 31.1258 4.5 52.7446
      vertex 29 4.5 48.25
      vertex 31.2865 4.5 52.5278
    endloop
  endfacet
  facet normal 0 -1 -0
    outer loop
      vertex 31.2865 4.5 52.5278
      vertex 29 4.5 48.25
      vertex 31.4253 4.5 52.2963
    endloop
  endfacet
  facet normal 0 -1 -0
    outer loop
      vertex 31.4253 4.5 52.2963
      vertex 29 4.5 48.25
      vertex 31.5407 4.5 52.0524
    endloop
  endfacet
  facet normal 0 -1 0
    outer loop
      vertex 31.5407 4.5 52.0524
      vertex 31.6972 4.5 51.5365
      vertex 31.6316 4.5 51.7983
    endloop
  endfacet
  facet normal 0 -1 0
    outer loop
      vertex 31.5407 4.5 52.0524
      vertex 31.7368 4.5 51.2695
      vertex 31.6972 4.5 51.5365
    endloop
  endfacet
  facet normal 0 -1 0
    outer loop
      vertex 31.5407 4.5 52.0524
      vertex 31.75 4.5 51
      vertex 31.7368 4.5 51.2695
    endloop
  endfacet
  facet normal 0 -1 0
    outer loop
      vertex 31.5407 4.5 52.0524
      vertex 31.7368 4.5 50.7305
      vertex 31.75 4.5 51
    endloop
  endfacet
  facet normal 0 -1 0
    outer loop
      vertex 31.5407 4.5 52.0524
      vertex 31.6972 4.5 50.4635
      vertex 31.7368 4.5 50.7305
    endloop
  endfacet
  facet normal 0 -1 0
    outer loop
      vertex 31.5407 4.5 52.0524
      vertex 31.6316 4.5 50.2017
      vertex 31.6972 4.5 50.4635
    endloop
  endfacet
  facet normal 0 -1 0
    outer loop
      vertex 31.5407 4.5 52.0524
      vertex 31.5407 4.5 49.9476
      vertex 31.6316 4.5 50.2017
    endloop
  endfacet
  facet normal 0 -1 -0
    outer loop
      vertex 31.5407 4.5 52.0524
      vertex 31.4253 4.5 49.7037
      vertex 31.5407 4.5 49.9476
    endloop
  endfacet
  facet normal 0 -1 0
    outer loop
      vertex 31.5407 4.5 52.0524
      vertex 31.2865 4.5 49.4722
      vertex 31.4253 4.5 49.7037
    endloop
  endfacet
  facet normal 0 -1 0
    outer loop
      vertex 31.5407 4.5 52.0524
      vertex 31.1258 4.5 49.2554
      vertex 31.2865 4.5 49.4722
    endloop
  endfacet
  facet normal 0 -1 0
    outer loop
      vertex 31.5407 4.5 52.0524
      vertex 30.9445 4.5 49.0555
      vertex 31.1258 4.5 49.2554
    endloop
  endfacet
  facet normal 0 -1 0
    outer loop
      vertex 31.5407 4.5 52.0524
      vertex 30.7446 4.5 48.8742
      vertex 30.9445 4.5 49.0555
    endloop
  endfacet
  facet normal 0 -1 0
    outer loop
      vertex 31.5407 4.5 52.0524
      vertex 30.5278 4.5 48.7135
      vertex 30.7446 4.5 48.8742
    endloop
  endfacet
  facet normal 0 -1 0
    outer loop
      vertex 31.5407 4.5 52.0524
      vertex 30.2963 4.5 48.5747
      vertex 30.5278 4.5 48.7135
    endloop
  endfacet
  facet normal 0 -1 0
    outer loop
      vertex 31.5407 4.5 52.0524
      vertex 30.0524 4.5 48.4593
      vertex 30.2963 4.5 48.5747
    endloop
  endfacet
  facet normal 0 -1 0
    outer loop
      vertex 31.5407 4.5 52.0524
      vertex 29.7983 4.5 48.3684
      vertex 30.0524 4.5 48.4593
    endloop
  endfacet
  facet normal 0 -1 0
    outer loop
      vertex 31.5407 4.5 52.0524
      vertex 29.5365 4.5 48.3028
      vertex 29.7983 4.5 48.3684
    endloop
  endfacet
  facet normal 0 -1 0
    outer loop
      vertex 31.5407 4.5 52.0524
      vertex 29.2695 4.5 48.2632
      vertex 29.5365 4.5 48.3028
    endloop
  endfacet
  facet normal 0 -1 0
    outer loop
      vertex 29 4.5 48.25
      vertex 27.5 4.5 53.75
      vertex 27.5 4.5 48.25
    endloop
  endfacet
  facet normal 0 -1 0
    outer loop
      vertex 31.5407 4.5 52.0524
      vertex 29 4.5 48.25
      vertex 29.2695 4.5 48.2632
    endloop
  endfacet
  facet normal 0 -1 0
    outer loop
      vertex -29 4.5 28.25
      vertex -29 4.5 33.75
      vertex -29.2695 4.5 33.7368
    endloop
  endfacet
  facet normal 0 -1 0
    outer loop
      vertex -29 4.5 28.25
      vertex -29.2695 4.5 33.7368
      vertex -29.5365 4.5 33.6972
    endloop
  endfacet
  facet normal 0 -1 0
    outer loop
      vertex -29 4.5 28.25
      vertex -29.5365 4.5 33.6972
      vertex -29.7983 4.5 33.6316
    endloop
  endfacet
  facet normal 0 -1 0
    outer loop
      vertex -29 4.5 28.25
      vertex -29.7983 4.5 33.6316
      vertex -30.0524 4.5 33.5407
    endloop
  endfacet
  facet normal 0 -1 0
    outer loop
      vertex -29 4.5 28.25
      vertex -30.0524 4.5 33.5407
      vertex -30.2963 4.5 33.4253
    endloop
  endfacet
  facet normal 0 -1 0
    outer loop
      vertex -29 4.5 28.25
      vertex -30.2963 4.5 33.4253
      vertex -30.5278 4.5 33.2865
    endloop
  endfacet
  facet normal 0 -1 0
    outer loop
      vertex -29 4.5 28.25
      vertex -30.5278 4.5 33.2865
      vertex -30.7446 4.5 33.1258
    endloop
  endfacet
  facet normal 0 -1 0
    outer loop
      vertex -29 4.5 28.25
      vertex -30.7446 4.5 33.1258
      vertex -30.9445 4.5 32.9445
    endloop
  endfacet
  facet normal 0 -1 0
    outer loop
      vertex -29 4.5 28.25
      vertex -30.9445 4.5 32.9445
      vertex -31.1258 4.5 32.7446
    endloop
  endfacet
  facet normal 0 -1 0
    outer loop
      vertex -29 4.5 28.25
      vertex -31.1258 4.5 32.7446
      vertex -31.2865 4.5 32.5278
    endloop
  endfacet
  facet normal 0 -1 0
    outer loop
      vertex -29 4.5 28.25
      vertex -31.2865 4.5 32.5278
      vertex -31.4253 4.5 32.2963
    endloop
  endfacet
  facet normal 0 -1 0
    outer loop
      vertex -29 4.5 28.25
      vertex -31.4253 4.5 32.2963
      vertex -31.5407 4.5 32.0524
    endloop
  endfacet
  facet normal 0 -1 0
    outer loop
      vertex -31.6972 4.5 31.5365
      vertex -31.5407 4.5 32.0524
      vertex -31.6316 4.5 31.7983
    endloop
  endfacet
  facet normal 0 -1 0
    outer loop
      vertex -31.7368 4.5 31.2695
      vertex -31.5407 4.5 32.0524
      vertex -31.6972 4.5 31.5365
    endloop
  endfacet
  facet normal 0 -1 0
    outer loop
      vertex -31.75 4.5 31
      vertex -31.5407 4.5 32.0524
      vertex -31.7368 4.5 31.2695
    endloop
  endfacet
  facet normal 0 -1 0
    outer loop
      vertex -31.7368 4.5 30.7305
      vertex -31.5407 4.5 32.0524
      vertex -31.75 4.5 31
    endloop
  endfacet
  facet normal 0 -1 0
    outer loop
      vertex -31.6972 4.5 30.4635
      vertex -31.5407 4.5 32.0524
      vertex -31.7368 4.5 30.7305
    endloop
  endfacet
  facet normal 0 -1 0
    outer loop
      vertex -31.6316 4.5 30.2017
      vertex -31.5407 4.5 32.0524
      vertex -31.6972 4.5 30.4635
    endloop
  endfacet
  facet normal 0 -1 0
    outer loop
      vertex -31.5407 4.5 29.9476
      vertex -31.5407 4.5 32.0524
      vertex -31.6316 4.5 30.2017
    endloop
  endfacet
  facet normal 0 -1 0
    outer loop
      vertex -31.4253 4.5 29.7037
      vertex -31.5407 4.5 32.0524
      vertex -31.5407 4.5 29.9476
    endloop
  endfacet
  facet normal 0 -1 0
    outer loop
      vertex -31.2865 4.5 29.4722
      vertex -31.5407 4.5 32.0524
      vertex -31.4253 4.5 29.7037
    endloop
  endfacet
  facet normal 0 -1 0
    outer loop
      vertex -31.1258 4.5 29.2554
      vertex -31.5407 4.5 32.0524
      vertex -31.2865 4.5 29.4722
    endloop
  endfacet
  facet normal 0 -1 0
    outer loop
      vertex -30.9445 4.5 29.0555
      vertex -31.5407 4.5 32.0524
      vertex -31.1258 4.5 29.2554
    endloop
  endfacet
  facet normal 0 -1 0
    outer loop
      vertex -30.7446 4.5 28.8742
      vertex -31.5407 4.5 32.0524
      vertex -30.9445 4.5 29.0555
    endloop
  endfacet
  facet normal 0 -1 0
    outer loop
      vertex -30.5278 4.5 28.7135
      vertex -31.5407 4.5 32.0524
      vertex -30.7446 4.5 28.8742
    endloop
  endfacet
  facet normal 0 -1 0
    outer loop
      vertex -30.2963 4.5 28.5747
      vertex -31.5407 4.5 32.0524
      vertex -30.5278 4.5 28.7135
    endloop
  endfacet
  facet normal 0 -1 0
    outer loop
      vertex -30.0524 4.5 28.4593
      vertex -31.5407 4.5 32.0524
      vertex -30.2963 4.5 28.5747
    endloop
  endfacet
  facet normal 0 -1 0
    outer loop
      vertex -29.7983 4.5 28.3684
      vertex -31.5407 4.5 32.0524
      vertex -30.0524 4.5 28.4593
    endloop
  endfacet
  facet normal 0 -1 0
    outer loop
      vertex -29.5365 4.5 28.3028
      vertex -31.5407 4.5 32.0524
      vertex -29.7983 4.5 28.3684
    endloop
  endfacet
  facet normal 0 -1 0
    outer loop
      vertex -29.2695 4.5 28.2632
      vertex -31.5407 4.5 32.0524
      vertex -29.5365 4.5 28.3028
    endloop
  endfacet
  facet normal 0 -1 0
    outer loop
      vertex -29 4.5 28.25
      vertex -31.5407 4.5 32.0524
      vertex -29.2695 4.5 28.2632
    endloop
  endfacet
  facet normal 0 -1 0
    outer loop
      vertex -29 4.5 33.75
      vertex -29 4.5 28.25
      vertex -27.5 4.5 33.75
    endloop
  endfacet
  facet normal 0 -1 -0
    outer loop
      vertex -27.5 4.5 33.75
      vertex -29 4.5 28.25
      vertex -27.5 4.5 28.25
    endloop
  endfacet
  facet normal 0 -1 0
    outer loop
      vertex -29 4.5 48.25
      vertex -29 4.5 53.75
      vertex -29.2695 4.5 53.7368
    endloop
  endfacet
  facet normal 0 -1 0
    outer loop
      vertex -29 4.5 48.25
      vertex -29.2695 4.5 53.7368
      vertex -29.5365 4.5 53.6972
    endloop
  endfacet
  facet normal 0 -1 0
    outer loop
      vertex -29 4.5 48.25
      vertex -29.5365 4.5 53.6972
      vertex -29.7983 4.5 53.6316
    endloop
  endfacet
  facet normal 0 -1 0
    outer loop
      vertex -29 4.5 48.25
      vertex -29.7983 4.5 53.6316
      vertex -30.0524 4.5 53.5407
    endloop
  endfacet
  facet normal 0 -1 0
    outer loop
      vertex -29 4.5 48.25
      vertex -30.0524 4.5 53.5407
      vertex -30.2963 4.5 53.4253
    endloop
  endfacet
  facet normal 0 -1 0
    outer loop
      vertex -29 4.5 48.25
      vertex -30.2963 4.5 53.4253
      vertex -30.5278 4.5 53.2865
    endloop
  endfacet
  facet normal 0 -1 0
    outer loop
      vertex -29 4.5 48.25
      vertex -30.5278 4.5 53.2865
      vertex -30.7446 4.5 53.1258
    endloop
  endfacet
  facet normal 0 -1 0
    outer loop
      vertex -29 4.5 48.25
      vertex -30.7446 4.5 53.1258
      vertex -30.9445 4.5 52.9445
    endloop
  endfacet
  facet normal 0 -1 0
    outer loop
      vertex -29 4.5 48.25
      vertex -30.9445 4.5 52.9445
      vertex -31.1258 4.5 52.7446
    endloop
  endfacet
  facet normal 0 -1 0
    outer loop
      vertex -29 4.5 48.25
      vertex -31.1258 4.5 52.7446
      vertex -31.2865 4.5 52.5278
    endloop
  endfacet
  facet normal 0 -1 0
    outer loop
      vertex -29 4.5 48.25
      vertex -31.2865 4.5 52.5278
      vertex -31.4253 4.5 52.2963
    endloop
  endfacet
  facet normal 0 -1 0
    outer loop
      vertex -29 4.5 48.25
      vertex -31.4253 4.5 52.2963
      vertex -31.5407 4.5 52.0524
    endloop
  endfacet
  facet normal 0 -1 0
    outer loop
      vertex -31.6972 4.5 51.5365
      vertex -31.5407 4.5 52.0524
      vertex -31.6316 4.5 51.7983
    endloop
  endfacet
  facet normal 0 -1 0
    outer loop
      vertex -31.7368 4.5 51.2695
      vertex -31.5407 4.5 52.0524
      vertex -31.6972 4.5 51.5365
    endloop
  endfacet
  facet normal 0 -1 0
    outer loop
      vertex -31.75 4.5 51
      vertex -31.5407 4.5 52.0524
      vertex -31.7368 4.5 51.2695
    endloop
  endfacet
  facet normal 0 -1 0
    outer loop
      vertex -31.7368 4.5 50.7305
      vertex -31.5407 4.5 52.0524
      vertex -31.75 4.5 51
    endloop
  endfacet
  facet normal 0 -1 0
    outer loop
      vertex -31.6972 4.5 50.4635
      vertex -31.5407 4.5 52.0524
      vertex -31.7368 4.5 50.7305
    endloop
  endfacet
  facet normal 0 -1 0
    outer loop
      vertex -31.6316 4.5 50.2017
      vertex -31.5407 4.5 52.0524
      vertex -31.6972 4.5 50.4635
    endloop
  endfacet
  facet normal 0 -1 0
    outer loop
      vertex -31.5407 4.5 49.9476
      vertex -31.5407 4.5 52.0524
      vertex -31.6316 4.5 50.2017
    endloop
  endfacet
  facet normal 0 -1 0
    outer loop
      vertex -31.4253 4.5 49.7037
      vertex -31.5407 4.5 52.0524
      vertex -31.5407 4.5 49.9476
    endloop
  endfacet
  facet normal 0 -1 0
    outer loop
      vertex -31.2865 4.5 49.4722
      vertex -31.5407 4.5 52.0524
      vertex -31.4253 4.5 49.7037
    endloop
  endfacet
  facet normal 0 -1 0
    outer loop
      vertex -31.1258 4.5 49.2554
      vertex -31.5407 4.5 52.0524
      vertex -31.2865 4.5 49.4722
    endloop
  endfacet
  facet normal 0 -1 0
    outer loop
      vertex -30.9445 4.5 49.0555
      vertex -31.5407 4.5 52.0524
      vertex -31.1258 4.5 49.2554
    endloop
  endfacet
  facet normal 0 -1 0
    outer loop
      vertex -30.7446 4.5 48.8742
      vertex -31.5407 4.5 52.0524
      vertex -30.9445 4.5 49.0555
    endloop
  endfacet
  facet normal 0 -1 0
    outer loop
      vertex -30.5278 4.5 48.7135
      vertex -31.5407 4.5 52.0524
      vertex -30.7446 4.5 48.8742
    endloop
  endfacet
  facet normal 0 -1 0
    outer loop
      vertex -30.2963 4.5 48.5747
      vertex -31.5407 4.5 52.0524
      vertex -30.5278 4.5 48.7135
    endloop
  endfacet
  facet normal 0 -1 0
    outer loop
      vertex -30.0524 4.5 48.4593
      vertex -31.5407 4.5 52.0524
      vertex -30.2963 4.5 48.5747
    endloop
  endfacet
  facet normal 0 -1 0
    outer loop
      vertex -29.7983 4.5 48.3684
      vertex -31.5407 4.5 52.0524
      vertex -30.0524 4.5 48.4593
    endloop
  endfacet
  facet normal 0 -1 0
    outer loop
      vertex -29.5365 4.5 48.3028
      vertex -31.5407 4.5 52.0524
      vertex -29.7983 4.5 48.3684
    endloop
  endfacet
  facet normal 0 -1 0
    outer loop
      vertex -29.2695 4.5 48.2632
      vertex -31.5407 4.5 52.0524
      vertex -29.5365 4.5 48.3028
    endloop
  endfacet
  facet normal 0 -1 0
    outer loop
      vertex -29 4.5 48.25
      vertex -31.5407 4.5 52.0524
      vertex -29.2695 4.5 48.2632
    endloop
  endfacet
  facet normal 0 -1 0
    outer loop
      vertex -29 4.5 53.75
      vertex -29 4.5 48.25
      vertex -27.5 4.5 53.75
    endloop
  endfacet
  facet normal 0 -1 -0
    outer loop
      vertex -27.5 4.5 53.75
      vertex -29 4.5 48.25
      vertex -27.5 4.5 48.25
    endloop
  endfacet
  facet normal 0 -1 0
    outer loop
      vertex -20.2017 -4.5 53.6316
      vertex -38 -4.5 72
      vertex -20.4635 -4.5 53.6972
    endloop
  endfacet
  facet normal 0 -1 0
    outer loop
      vertex 38 -4.5 72
      vertex 20.7305 -4.5 53.7368
      vertex 21 -4.5 53.75
    endloop
  endfacet
  facet normal 0 -1 0
    outer loop
      vertex -19.9476 -4.5 53.5407
      vertex -38 -4.5 72
      vertex -20.2017 -4.5 53.6316
    endloop
  endfacet
  facet normal 0 -1 0
    outer loop
      vertex 38 -4.5 72
      vertex 20.4635 -4.5 53.6972
      vertex 20.7305 -4.5 53.7368
    endloop
  endfacet
  facet normal 0 -1 0
    outer loop
      vertex -19.7037 -4.5 53.4253
      vertex -38 -4.5 72
      vertex -19.9476 -4.5 53.5407
    endloop
  endfacet
  facet normal 0 -1 0
    outer loop
      vertex 38 -4.5 72
      vertex 20.2017 -4.5 53.6316
      vertex 20.4635 -4.5 53.6972
    endloop
  endfacet
  facet normal 0 -1 0
    outer loop
      vertex -38 -4.5 72
      vertex -19.7037 -4.5 53.4253
      vertex 38 -4.5 72
    endloop
  endfacet
  facet normal 0 -1 0
    outer loop
      vertex 38 -4.5 72
      vertex 19.9476 -4.5 53.5407
      vertex 20.2017 -4.5 53.6316
    endloop
  endfacet
  facet normal 0 -1 0
    outer loop
      vertex 19.7037 -4.5 53.4253
      vertex 38 -4.5 72
      vertex -19.7037 -4.5 53.4253
    endloop
  endfacet
  facet normal 0 -1 0
    outer loop
      vertex 38 -4.5 72
      vertex 19.7037 -4.5 53.4253
      vertex 19.9476 -4.5 53.5407
    endloop
  endfacet
  facet normal 0 -1 0
    outer loop
      vertex -19.4722 -4.5 53.2865
      vertex 19.7037 -4.5 53.4253
      vertex -19.7037 -4.5 53.4253
    endloop
  endfacet
  facet normal 0 -1 0
    outer loop
      vertex -19.4722 -4.5 53.2865
      vertex 19.4722 -4.5 53.2865
      vertex 19.7037 -4.5 53.4253
    endloop
  endfacet
  facet normal 0 -1 0
    outer loop
      vertex -19.2554 -4.5 53.1258
      vertex 19.4722 -4.5 53.2865
      vertex -19.4722 -4.5 53.2865
    endloop
  endfacet
  facet normal 0 -1 0
    outer loop
      vertex -19.2554 -4.5 53.1258
      vertex 19.2554 -4.5 53.1258
      vertex 19.4722 -4.5 53.2865
    endloop
  endfacet
  facet normal 0 -1 0
    outer loop
      vertex -10.64 -4.5 48.5
      vertex -19.2554 -4.5 53.1258
      vertex -19.0555 -4.5 52.9445
    endloop
  endfacet
  facet normal 0 -1 0
    outer loop
      vertex -19.2554 -4.5 53.1258
      vertex -10.64 -4.5 48.5
      vertex 19.2554 -4.5 53.1258
    endloop
  endfacet
  facet normal 0 -1 0
    outer loop
      vertex -10.64 -4.5 48.5
      vertex -19.0555 -4.5 52.9445
      vertex -18.8742 -4.5 52.7446
    endloop
  endfacet
  facet normal 0 -1 0
    outer loop
      vertex 10.64 -4.5 48.5
      vertex 19.2554 -4.5 53.1258
      vertex -10.64 -4.5 48.5
    endloop
  endfacet
  facet normal 0 -1 0
    outer loop
      vertex -10.64 -4.5 48.5
      vertex -18.8742 -4.5 52.7446
      vertex -18.7135 -4.5 52.5278
    endloop
  endfacet
  facet normal 0 -1 0
    outer loop
      vertex 19.2554 -4.5 53.1258
      vertex 10.64 -4.5 48.5
      vertex 19.0555 -4.5 52.9445
    endloop
  endfacet
  facet normal 0 -1 0
    outer loop
      vertex -11.3751 -4.5 48.4639
      vertex -18.7135 -4.5 52.5278
      vertex -18.5747 -4.5 52.2963
    endloop
  endfacet
  facet normal 0 -1 0
    outer loop
      vertex 19.0555 -4.5 52.9445
      vertex 10.64 -4.5 48.5
      vertex 18.8742 -4.5 52.7446
    endloop
  endfacet
  facet normal 0 -1 0
    outer loop
      vertex -11.3751 -4.5 48.4639
      vertex -18.5747 -4.5 52.2963
      vertex -18.4593 -4.5 52.0524
    endloop
  endfacet
  facet normal 0 -1 0
    outer loop
      vertex 18.8742 -4.5 52.7446
      vertex 10.64 -4.5 48.5
      vertex 18.7135 -4.5 52.5278
    endloop
  endfacet
  facet normal 0 -1 0
    outer loop
      vertex -12.1032 -4.5 48.3559
      vertex -18.4593 -4.5 52.0524
      vertex -18.3684 -4.5 51.7983
    endloop
  endfacet
  facet normal 0 -1 0
    outer loop
      vertex 11.3751 -4.5 48.4639
      vertex 18.7135 -4.5 52.5278
      vertex 10.64 -4.5 48.5
    endloop
  endfacet
  facet normal 0 -1 0
    outer loop
      vertex -12.8171 -4.5 48.1771
      vertex -18.3684 -4.5 51.7983
      vertex -18.3028 -4.5 51.5365
    endloop
  endfacet
  facet normal 0 -1 0
    outer loop
      vertex 18.7135 -4.5 52.5278
      vertex 11.3751 -4.5 48.4639
      vertex 18.5747 -4.5 52.2963
    endloop
  endfacet
  facet normal 0 -1 0
    outer loop
      vertex -12.8171 -4.5 48.1771
      vertex -18.3028 -4.5 51.5365
      vertex -18.2632 -4.5 51.2695
    endloop
  endfacet
  facet normal 0 -1 0
    outer loop
      vertex 18.5747 -4.5 52.2963
      vertex 11.3751 -4.5 48.4639
      vertex 18.4593 -4.5 52.0524
    endloop
  endfacet
  facet normal 0 -1 0
    outer loop
      vertex -13.5101 -4.5 47.9291
      vertex -18.2632 -4.5 51.2695
      vertex -18.25 -4.5 51
    endloop
  endfacet
  facet normal 0 -1 0
    outer loop
      vertex 12.1032 -4.5 48.3559
      vertex 18.4593 -4.5 52.0524
      vertex 11.3751 -4.5 48.4639
    endloop
  endfacet
  facet normal 0 -1 0
    outer loop
      vertex -13.5101 -4.5 47.9291
      vertex -18.25 -4.5 51
      vertex -18.2632 -4.5 50.7305
    endloop
  endfacet
  facet normal 0 -1 0
    outer loop
      vertex 18.4593 -4.5 52.0524
      vertex 12.1032 -4.5 48.3559
      vertex 18.3684 -4.5 51.7983
    endloop
  endfacet
  facet normal 0 -1 0
    outer loop
      vertex -14.1755 -4.5 47.6144
      vertex -18.2632 -4.5 50.7305
      vertex -18.3028 -4.5 50.4635
    endloop
  endfacet
  facet normal 0 -1 0
    outer loop
      vertex 12.8171 -4.5 48.1771
      vertex 18.3684 -4.5 51.7983
      vertex 12.1032 -4.5 48.3559
    endloop
  endfacet
  facet normal 0 -1 0
    outer loop
      vertex -14.1755 -4.5 47.6144
      vertex -18.3028 -4.5 50.4635
      vertex -18.3684 -4.5 50.2017
    endloop
  endfacet
  facet normal 0 -1 0
    outer loop
      vertex 18.3684 -4.5 51.7983
      vertex 12.8171 -4.5 48.1771
      vertex 18.3028 -4.5 51.5365
    endloop
  endfacet
  facet normal 0 -1 0
    outer loop
      vertex -14.8068 -4.5 47.236
      vertex -18.3684 -4.5 50.2017
      vertex -18.4593 -4.5 49.9476
    endloop
  endfacet
  facet normal 0 -1 0
    outer loop
      vertex 18.3028 -4.5 51.5365
      vertex 12.8171 -4.5 48.1771
      vertex 18.2632 -4.5 51.2695
    endloop
  endfacet
  facet normal 0 -1 0
    outer loop
      vertex -14.8068 -4.5 47.236
      vertex -18.4593 -4.5 49.9476
      vertex -18.5747 -4.5 49.7037
    endloop
  endfacet
  facet normal 0 -1 0
    outer loop
      vertex 13.5101 -4.5 47.9291
      vertex 18.2632 -4.5 51.2695
      vertex 12.8171 -4.5 48.1771
    endloop
  endfacet
  facet normal 0 -1 0
    outer loop
      vertex -15.3979 -4.5 46.7976
      vertex -18.5747 -4.5 49.7037
      vertex -18.7135 -4.5 49.4722
    endloop
  endfacet
  facet normal 0 -1 0
    outer loop
      vertex 18.2632 -4.5 51.2695
      vertex 13.5101 -4.5 47.9291
      vertex 18.25 -4.5 51
    endloop
  endfacet
  facet normal 0 -1 0
    outer loop
      vertex -15.3979 -4.5 46.7976
      vertex -18.7135 -4.5 49.4722
      vertex -18.8742 -4.5 49.2554
    endloop
  endfacet
  facet normal 0 -1 -0
    outer loop
      vertex 18.25 -4.5 51
      vertex 13.5101 -4.5 47.9291
      vertex 18.2632 -4.5 50.7305
    endloop
  endfacet
  facet normal 0 -1 0
    outer loop
      vertex -15.9433 -4.5 46.3033
      vertex -18.8742 -4.5 49.2554
      vertex -19.0555 -4.5 49.0555
    endloop
  endfacet
  facet normal 0 -1 0
    outer loop
      vertex 14.1755 -4.5 47.6144
      vertex 18.2632 -4.5 50.7305
      vertex 13.5101 -4.5 47.9291
    endloop
  endfacet
  facet normal 0 -1 0
    outer loop
      vertex -16.4376 -4.5 45.7579
      vertex -19.0555 -4.5 49.0555
      vertex -19.2554 -4.5 48.8742
    endloop
  endfacet
  facet normal 0 -1 -0
    outer loop
      vertex 18.2632 -4.5 50.7305
      vertex 14.1755 -4.5 47.6144
      vertex 18.3028 -4.5 50.4635
    endloop
  endfacet
  facet normal 0 -1 0
    outer loop
      vertex -16.4376 -4.5 45.7579
      vertex -19.2554 -4.5 48.8742
      vertex -19.4722 -4.5 48.7135
    endloop
  endfacet
  facet normal 0 -1 -0
    outer loop
      vertex 18.3028 -4.5 50.4635
      vertex 14.1755 -4.5 47.6144
      vertex 18.3684 -4.5 50.2017
    endloop
  endfacet
  facet normal 0 -1 0
    outer loop
      vertex -16.876 -4.5 45.1668
      vertex -19.4722 -4.5 48.7135
      vertex -19.7037 -4.5 48.5747
    endloop
  endfacet
  facet normal 0 -1 0
    outer loop
      vertex 14.8068 -4.5 47.236
      vertex 18.3684 -4.5 50.2017
      vertex 14.1755 -4.5 47.6144
    endloop
  endfacet
  facet normal 0 -1 -0
    outer loop
      vertex 18.3684 -4.5 50.2017
      vertex 14.8068 -4.5 47.236
      vertex 18.4593 -4.5 49.9476
    endloop
  endfacet
  facet normal 0 -1 0
    outer loop
      vertex -18.7135 -4.5 52.5278
      vertex -11.3751 -4.5 48.4639
      vertex -10.64 -4.5 48.5
    endloop
  endfacet
  facet normal 0 -1 0
    outer loop
      vertex -16.876 -4.5 45.1668
      vertex -19.7037 -4.5 48.5747
      vertex -19.9476 -4.5 48.4593
    endloop
  endfacet
  facet normal 0 -1 0
    outer loop
      vertex -17.2544 -4.5 44.5355
      vertex -19.9476 -4.5 48.4593
      vertex -20.2017 -4.5 48.3684
    endloop
  endfacet
  facet normal 0 -1 0
    outer loop
      vertex -18.4593 -4.5 52.0524
      vertex -12.1032 -4.5 48.3559
      vertex -11.3751 -4.5 48.4639
    endloop
  endfacet
  facet normal 0 -1 0
    outer loop
      vertex -17.2544 -4.5 44.5355
      vertex -20.2017 -4.5 48.3684
      vertex -20.4635 -4.5 48.3028
    endloop
  endfacet
  facet normal 0 -1 0
    outer loop
      vertex -17.5691 -4.5 43.8701
      vertex -20.4635 -4.5 48.3028
      vertex -20.7305 -4.5 48.2632
    endloop
  endfacet
  facet normal 0 -1 0
    outer loop
      vertex -17.5691 -4.5 43.8701
      vertex -20.7305 -4.5 48.2632
      vertex -21 -4.5 48.25
    endloop
  endfacet
  facet normal 0 -1 0
    outer loop
      vertex -18.3684 -4.5 51.7983
      vertex -12.8171 -4.5 48.1771
      vertex -12.1032 -4.5 48.3559
    endloop
  endfacet
  facet normal 0 -1 0
    outer loop
      vertex -21 -4.5 53.75
      vertex -38 -4.5 72
      vertex -29 -4.5 53.75
    endloop
  endfacet
  facet normal 0 -1 0
    outer loop
      vertex -38 -4.5 72
      vertex -29.2695 -4.5 53.7368
      vertex -29 -4.5 53.75
    endloop
  endfacet
  facet normal 0 -1 0
    outer loop
      vertex -38 -4.5 72
      vertex -29.5365 -4.5 53.6972
      vertex -29.2695 -4.5 53.7368
    endloop
  endfacet
  facet normal 0 -1 0
    outer loop
      vertex -38 -4.5 72
      vertex -29.7983 -4.5 53.6316
      vertex -29.5365 -4.5 53.6972
    endloop
  endfacet
  facet normal 0 -1 0
    outer loop
      vertex -38 -4.5 72
      vertex -30.0524 -4.5 53.5407
      vertex -29.7983 -4.5 53.6316
    endloop
  endfacet
  facet normal 0 -1 0
    outer loop
      vertex -38 -4.5 72
      vertex -30.2963 -4.5 53.4253
      vertex -30.0524 -4.5 53.5407
    endloop
  endfacet
  facet normal 0 -1 0
    outer loop
      vertex -38 -4.5 72
      vertex -30.5278 -4.5 53.2865
      vertex -30.2963 -4.5 53.4253
    endloop
  endfacet
  facet normal 0 -1 0
    outer loop
      vertex -38 -4.5 72
      vertex -30.7446 -4.5 53.1258
      vertex -30.5278 -4.5 53.2865
    endloop
  endfacet
  facet normal 0 -1 0
    outer loop
      vertex -38 -4.5 72
      vertex -30.9445 -4.5 52.9445
      vertex -30.7446 -4.5 53.1258
    endloop
  endfacet
  facet normal 0 -1 0
    outer loop
      vertex -38 -4.5 72
      vertex -31.1258 -4.5 52.7446
      vertex -30.9445 -4.5 52.9445
    endloop
  endfacet
  facet normal 0 -1 0
    outer loop
      vertex -38 -4.5 72
      vertex -31.2865 -4.5 52.5278
      vertex -31.1258 -4.5 52.7446
    endloop
  endfacet
  facet normal 0 -1 0
    outer loop
      vertex -38 -4.5 72
      vertex -31.4253 -4.5 52.2963
      vertex -31.2865 -4.5 52.5278
    endloop
  endfacet
  facet normal 0 -1 0
    outer loop
      vertex -38 -4.5 72
      vertex -31.5407 -4.5 52.0524
      vertex -31.4253 -4.5 52.2963
    endloop
  endfacet
  facet normal 0 -1 0
    outer loop
      vertex -38 -4.5 72
      vertex -31.6316 -4.5 51.7983
      vertex -31.5407 -4.5 52.0524
    endloop
  endfacet
  facet normal 0 -1 0
    outer loop
      vertex -38 -4.5 72
      vertex -31.6972 -4.5 51.5365
      vertex -31.6316 -4.5 51.7983
    endloop
  endfacet
  facet normal 0 -1 0
    outer loop
      vertex -38 -4.5 72
      vertex -31.7368 -4.5 51.2695
      vertex -31.6972 -4.5 51.5365
    endloop
  endfacet
  facet normal 0 -1 0
    outer loop
      vertex -38 -4.5 72
      vertex -31.75 -4.5 51
      vertex -31.7368 -4.5 51.2695
    endloop
  endfacet
  facet normal 0 -1 0
    outer loop
      vertex -38 -4.5 72
      vertex -31.7368 -4.5 50.7305
      vertex -31.75 -4.5 51
    endloop
  endfacet
  facet normal 0 -1 0
    outer loop
      vertex -31.7368 -4.5 31.2695
      vertex -31.7368 -4.5 50.7305
      vertex -38 -4.5 72
    endloop
  endfacet
  facet normal 0 -1 0
    outer loop
      vertex -31.7368 -4.5 50.7305
      vertex -31.7368 -4.5 31.2695
      vertex -31.6972 -4.5 50.4635
    endloop
  endfacet
  facet normal 0 -1 0
    outer loop
      vertex -18.1039 -4.5 41.7351
      vertex -21 -4.5 48.25
      vertex -29 -4.5 48.25
    endloop
  endfacet
  facet normal 0 -1 0
    outer loop
      vertex -18.2632 -4.5 51.2695
      vertex -13.5101 -4.5 47.9291
      vertex -12.8171 -4.5 48.1771
    endloop
  endfacet
  facet normal 0 -1 0
    outer loop
      vertex -18.2632 -4.5 50.7305
      vertex -14.1755 -4.5 47.6144
      vertex -13.5101 -4.5 47.9291
    endloop
  endfacet
  facet normal 0 -1 0
    outer loop
      vertex -18.3684 -4.5 50.2017
      vertex -14.8068 -4.5 47.236
      vertex -14.1755 -4.5 47.6144
    endloop
  endfacet
  facet normal 0 -1 0
    outer loop
      vertex -29 -4.5 33.75
      vertex -29 -4.5 48.25
      vertex -29.2695 -4.5 48.2632
    endloop
  endfacet
  facet normal 0 -1 0
    outer loop
      vertex -18.5747 -4.5 49.7037
      vertex -15.3979 -4.5 46.7976
      vertex -14.8068 -4.5 47.236
    endloop
  endfacet
  facet normal 0 -1 0
    outer loop
      vertex -18.8742 -4.5 49.2554
      vertex -15.9433 -4.5 46.3033
      vertex -15.3979 -4.5 46.7976
    endloop
  endfacet
  facet normal 0 -1 0
    outer loop
      vertex -19.0555 -4.5 49.0555
      vertex -16.4376 -4.5 45.7579
      vertex -15.9433 -4.5 46.3033
    endloop
  endfacet
  facet normal 0 -1 0
    outer loop
      vertex -29.2695 -4.5 33.7368
      vertex -29.2695 -4.5 48.2632
      vertex -29.5365 -4.5 48.3028
    endloop
  endfacet
  facet normal 0 -1 0
    outer loop
      vertex -19.4722 -4.5 48.7135
      vertex -16.876 -4.5 45.1668
      vertex -16.4376 -4.5 45.7579
    endloop
  endfacet
  facet normal 0 -1 0
    outer loop
      vertex -19.9476 -4.5 48.4593
      vertex -17.2544 -4.5 44.5355
      vertex -16.876 -4.5 45.1668
    endloop
  endfacet
  facet normal 0 -1 0
    outer loop
      vertex -29.5365 -4.5 33.6972
      vertex -29.5365 -4.5 48.3028
      vertex -29.7983 -4.5 48.3684
    endloop
  endfacet
  facet normal 0 -1 0
    outer loop
      vertex -20.4635 -4.5 48.3028
      vertex -17.5691 -4.5 43.8701
      vertex -17.2544 -4.5 44.5355
    endloop
  endfacet
  facet normal 0 -1 0
    outer loop
      vertex -29.7983 -4.5 33.6316
      vertex -29.7983 -4.5 48.3684
      vertex -30.0524 -4.5 48.4593
    endloop
  endfacet
  facet normal 0 -1 0
    outer loop
      vertex -21 -4.5 48.25
      vertex -17.8171 -4.5 43.1771
      vertex -17.5691 -4.5 43.8701
    endloop
  endfacet
  facet normal 0 -1 0
    outer loop
      vertex -21 -4.5 48.25
      vertex -17.9959 -4.5 42.4632
      vertex -17.8171 -4.5 43.1771
    endloop
  endfacet
  facet normal 0 -1 0
    outer loop
      vertex -30.0524 -4.5 33.5407
      vertex -30.0524 -4.5 48.4593
      vertex -30.2963 -4.5 48.5747
    endloop
  endfacet
  facet normal 0 -1 0
    outer loop
      vertex -21 -4.5 48.25
      vertex -18.1039 -4.5 41.7351
      vertex -17.9959 -4.5 42.4632
    endloop
  endfacet
  facet normal 0 -1 0
    outer loop
      vertex -29 -4.5 48.25
      vertex -18.14 -4.5 41
      vertex -18.1039 -4.5 41.7351
    endloop
  endfacet
  facet normal 0 -1 0
    outer loop
      vertex -30.2963 -4.5 33.4253
      vertex -30.2963 -4.5 48.5747
      vertex -30.5278 -4.5 48.7135
    endloop
  endfacet
  facet normal 0 -1 0
    outer loop
      vertex -29 -4.5 48.25
      vertex -29 -4.5 33.75
      vertex -18.14 -4.5 41
    endloop
  endfacet
  facet normal 0 -1 -0
    outer loop
      vertex -18.14 -4.5 41
      vertex -29 -4.5 33.75
      vertex -18.1039 -4.5 40.2649
    endloop
  endfacet
  facet normal 0 -1 0
    outer loop
      vertex -21 -4.5 33.75
      vertex -18.1039 -4.5 40.2649
      vertex -29 -4.5 33.75
    endloop
  endfacet
  facet normal 0 -1 0
    outer loop
      vertex -30.5278 -4.5 33.2865
      vertex -30.5278 -4.5 48.7135
      vertex -30.7446 -4.5 48.8742
    endloop
  endfacet
  facet normal 0 -1 -0
    outer loop
      vertex -18.1039 -4.5 40.2649
      vertex -21 -4.5 33.75
      vertex -17.9959 -4.5 39.5368
    endloop
  endfacet
  facet normal 0 -1 -0
    outer loop
      vertex -17.9959 -4.5 39.5368
      vertex -21 -4.5 33.75
      vertex -17.8171 -4.5 38.8229
    endloop
  endfacet
  facet normal 0 -1 -0
    outer loop
      vertex -17.8171 -4.5 38.8229
      vertex -21 -4.5 33.75
      vertex -17.5691 -4.5 38.1299
    endloop
  endfacet
  facet normal 0 -1 0
    outer loop
      vertex -20.4635 -4.5 33.6972
      vertex -17.5691 -4.5 38.1299
      vertex -20.7305 -4.5 33.7368
    endloop
  endfacet
  facet normal 0 -1 -0
    outer loop
      vertex -17.5691 -4.5 38.1299
      vertex -20.4635 -4.5 33.6972
      vertex -17.2544 -4.5 37.4645
    endloop
  endfacet
  facet normal 0 -1 0
    outer loop
      vertex -20.2017 -4.5 33.6316
      vertex -17.2544 -4.5 37.4645
      vertex -20.4635 -4.5 33.6972
    endloop
  endfacet
  facet normal 0 -1 0
    outer loop
      vertex -19.4722 -4.5 33.2865
      vertex -16.876 -4.5 36.8332
      vertex -19.7037 -4.5 33.4253
    endloop
  endfacet
  facet normal 0 -1 0
    outer loop
      vertex -19.7037 -4.5 33.4253
      vertex -16.876 -4.5 36.8332
      vertex -19.9476 -4.5 33.5407
    endloop
  endfacet
  facet normal 0 -1 -0
    outer loop
      vertex -17.2544 -4.5 37.4645
      vertex -19.9476 -4.5 33.5407
      vertex -16.876 -4.5 36.8332
    endloop
  endfacet
  facet normal 0 -1 0
    outer loop
      vertex -19.9476 -4.5 33.5407
      vertex -17.2544 -4.5 37.4645
      vertex -20.2017 -4.5 33.6316
    endloop
  endfacet
  facet normal 0 -1 0
    outer loop
      vertex -20.7305 -4.5 33.7368
      vertex -17.5691 -4.5 38.1299
      vertex -21 -4.5 33.75
    endloop
  endfacet
  facet normal 0 -1 0
    outer loop
      vertex -30.7446 -4.5 33.1258
      vertex -30.7446 -4.5 48.8742
      vertex -30.9445 -4.5 49.0555
    endloop
  endfacet
  facet normal 0 -1 0
    outer loop
      vertex -30.9445 -4.5 32.9445
      vertex -30.9445 -4.5 49.0555
      vertex -31.1258 -4.5 49.2554
    endloop
  endfacet
  facet normal 0 -1 0
    outer loop
      vertex -31.1258 -4.5 32.7446
      vertex -31.1258 -4.5 49.2554
      vertex -31.2865 -4.5 49.4722
    endloop
  endfacet
  facet normal 0 -1 0
    outer loop
      vertex -31.2865 -4.5 32.5278
      vertex -31.2865 -4.5 49.4722
      vertex -31.4253 -4.5 49.7037
    endloop
  endfacet
  facet normal 0 -1 0
    outer loop
      vertex -31.4253 -4.5 32.2963
      vertex -31.4253 -4.5 49.7037
      vertex -31.5407 -4.5 49.9476
    endloop
  endfacet
  facet normal 0 -1 0
    outer loop
      vertex -31.5407 -4.5 32.0524
      vertex -31.5407 -4.5 49.9476
      vertex -31.6316 -4.5 50.2017
    endloop
  endfacet
  facet normal -0 -1 0
    outer loop
      vertex -31.6972 -4.5 31.5365
      vertex -31.6972 -4.5 50.4635
      vertex -31.7368 -4.5 31.2695
    endloop
  endfacet
  facet normal 0 -1 0
    outer loop
      vertex -29.2695 -4.5 48.2632
      vertex -29.2695 -4.5 33.7368
      vertex -29 -4.5 33.75
    endloop
  endfacet
  facet normal 0 -1 0
    outer loop
      vertex -29.5365 -4.5 48.3028
      vertex -29.5365 -4.5 33.6972
      vertex -29.2695 -4.5 33.7368
    endloop
  endfacet
  facet normal 0 -1 0
    outer loop
      vertex -29.7983 -4.5 48.3684
      vertex -29.7983 -4.5 33.6316
      vertex -29.5365 -4.5 33.6972
    endloop
  endfacet
  facet normal 0 -1 0
    outer loop
      vertex -30.0524 -4.5 48.4593
      vertex -30.0524 -4.5 33.5407
      vertex -29.7983 -4.5 33.6316
    endloop
  endfacet
  facet normal 0 -1 0
    outer loop
      vertex -30.2963 -4.5 48.5747
      vertex -30.2963 -4.5 33.4253
      vertex -30.0524 -4.5 33.5407
    endloop
  endfacet
  facet normal 0 -1 0
    outer loop
      vertex -30.5278 -4.5 48.7135
      vertex -30.5278 -4.5 33.2865
      vertex -30.2963 -4.5 33.4253
    endloop
  endfacet
  facet normal 0 -1 0
    outer loop
      vertex -30.7446 -4.5 48.8742
      vertex -30.7446 -4.5 33.1258
      vertex -30.5278 -4.5 33.2865
    endloop
  endfacet
  facet normal 0 -1 0
    outer loop
      vertex -30.9445 -4.5 49.0555
      vertex -30.9445 -4.5 32.9445
      vertex -30.7446 -4.5 33.1258
    endloop
  endfacet
  facet normal 0 -1 0
    outer loop
      vertex -31.1258 -4.5 49.2554
      vertex -31.1258 -4.5 32.7446
      vertex -30.9445 -4.5 32.9445
    endloop
  endfacet
  facet normal 0 -1 0
    outer loop
      vertex -31.2865 -4.5 49.4722
      vertex -31.2865 -4.5 32.5278
      vertex -31.1258 -4.5 32.7446
    endloop
  endfacet
  facet normal 0 -1 0
    outer loop
      vertex -31.4253 -4.5 49.7037
      vertex -31.4253 -4.5 32.2963
      vertex -31.2865 -4.5 32.5278
    endloop
  endfacet
  facet normal 0 -1 0
    outer loop
      vertex -31.5407 -4.5 49.9476
      vertex -31.5407 -4.5 32.0524
      vertex -31.4253 -4.5 32.2963
    endloop
  endfacet
  facet normal 0 -1 0
    outer loop
      vertex -31.6316 -4.5 50.2017
      vertex -31.6316 -4.5 31.7983
      vertex -31.5407 -4.5 32.0524
    endloop
  endfacet
  facet normal 0 -1 -0
    outer loop
      vertex -31.6316 -4.5 50.2017
      vertex -31.6972 -4.5 31.5365
      vertex -31.6316 -4.5 31.7983
    endloop
  endfacet
  facet normal 0 -1 0
    outer loop
      vertex -31.6972 -4.5 50.4635
      vertex -31.6972 -4.5 31.5365
      vertex -31.6316 -4.5 50.2017
    endloop
  endfacet
  facet normal 0 -1 0
    outer loop
      vertex -38 -4.5 10
      vertex -31.7368 -4.5 31.2695
      vertex -38 -4.5 72
    endloop
  endfacet
  facet normal 0 -1 0
    outer loop
      vertex -31.7368 -4.5 31.2695
      vertex -38 -4.5 10
      vertex -31.75 -4.5 31
    endloop
  endfacet
  facet normal 0 -1 -0
    outer loop
      vertex -31.75 -4.5 31
      vertex -38 -4.5 10
      vertex -31.7368 -4.5 30.7305
    endloop
  endfacet
  facet normal 0 -1 0
    outer loop
      vertex -38 -4.5 10
      vertex -21 -4.5 28.25
      vertex -29 -4.5 28.25
    endloop
  endfacet
  facet normal 0 -1 -0
    outer loop
      vertex -21 -4.5 28.25
      vertex -38 -4.5 10
      vertex 21 -4.5 28.25
    endloop
  endfacet
  facet normal 0 -1 0
    outer loop
      vertex 38 -4.5 10
      vertex 21 -4.5 28.25
      vertex -38 -4.5 10
    endloop
  endfacet
  facet normal 0 -1 -0
    outer loop
      vertex -29.2695 -4.5 28.2632
      vertex -38 -4.5 10
      vertex -29 -4.5 28.25
    endloop
  endfacet
  facet normal 0 -1 -0
    outer loop
      vertex -29.5365 -4.5 28.3028
      vertex -38 -4.5 10
      vertex -29.2695 -4.5 28.2632
    endloop
  endfacet
  facet normal 0 -1 -0
    outer loop
      vertex -29.7983 -4.5 28.3684
      vertex -38 -4.5 10
      vertex -29.5365 -4.5 28.3028
    endloop
  endfacet
  facet normal 0 -1 -0
    outer loop
      vertex -30.0524 -4.5 28.4593
      vertex -38 -4.5 10
      vertex -29.7983 -4.5 28.3684
    endloop
  endfacet
  facet normal 0 -1 -0
    outer loop
      vertex -30.2963 -4.5 28.5747
      vertex -38 -4.5 10
      vertex -30.0524 -4.5 28.4593
    endloop
  endfacet
  facet normal 0 -1 -0
    outer loop
      vertex -30.5278 -4.5 28.7135
      vertex -38 -4.5 10
      vertex -30.2963 -4.5 28.5747
    endloop
  endfacet
  facet normal 0 -1 -0
    outer loop
      vertex -30.7446 -4.5 28.8742
      vertex -38 -4.5 10
      vertex -30.5278 -4.5 28.7135
    endloop
  endfacet
  facet normal 0 -1 -0
    outer loop
      vertex -30.9445 -4.5 29.0555
      vertex -38 -4.5 10
      vertex -30.7446 -4.5 28.8742
    endloop
  endfacet
  facet normal 0 -1 -0
    outer loop
      vertex -31.1258 -4.5 29.2554
      vertex -38 -4.5 10
      vertex -30.9445 -4.5 29.0555
    endloop
  endfacet
  facet normal 0 -1 -0
    outer loop
      vertex -31.2865 -4.5 29.4722
      vertex -38 -4.5 10
      vertex -31.1258 -4.5 29.2554
    endloop
  endfacet
  facet normal 0 -1 -0
    outer loop
      vertex -31.4253 -4.5 29.7037
      vertex -38 -4.5 10
      vertex -31.2865 -4.5 29.4722
    endloop
  endfacet
  facet normal 0 -1 -0
    outer loop
      vertex -31.5407 -4.5 29.9476
      vertex -38 -4.5 10
      vertex -31.4253 -4.5 29.7037
    endloop
  endfacet
  facet normal 0 -1 -0
    outer loop
      vertex -31.6316 -4.5 30.2017
      vertex -38 -4.5 10
      vertex -31.5407 -4.5 29.9476
    endloop
  endfacet
  facet normal 0 -1 -0
    outer loop
      vertex -31.6972 -4.5 30.4635
      vertex -38 -4.5 10
      vertex -31.6316 -4.5 30.2017
    endloop
  endfacet
  facet normal 0 -1 -0
    outer loop
      vertex -31.7368 -4.5 30.7305
      vertex -38 -4.5 10
      vertex -31.6972 -4.5 30.4635
    endloop
  endfacet
  facet normal 0 -1 0
    outer loop
      vertex -20.7305 -4.5 53.7368
      vertex -38 -4.5 72
      vertex -21 -4.5 53.75
    endloop
  endfacet
  facet normal 0 -1 0
    outer loop
      vertex -20.4635 -4.5 53.6972
      vertex -38 -4.5 72
      vertex -20.7305 -4.5 53.7368
    endloop
  endfacet
  facet normal 0 -1 0
    outer loop
      vertex 29 -4.5 53.75
      vertex 38 -4.5 72
      vertex 21 -4.5 53.75
    endloop
  endfacet
  facet normal 0 -1 0
    outer loop
      vertex 29.2695 -4.5 53.7368
      vertex 38 -4.5 72
      vertex 29 -4.5 53.75
    endloop
  endfacet
  facet normal 0 -1 0
    outer loop
      vertex 29.5365 -4.5 53.6972
      vertex 38 -4.5 72
      vertex 29.2695 -4.5 53.7368
    endloop
  endfacet
  facet normal 0 -1 0
    outer loop
      vertex 29.7983 -4.5 53.6316
      vertex 38 -4.5 72
      vertex 29.5365 -4.5 53.6972
    endloop
  endfacet
  facet normal 0 -1 0
    outer loop
      vertex 30.0524 -4.5 53.5407
      vertex 38 -4.5 72
      vertex 29.7983 -4.5 53.6316
    endloop
  endfacet
  facet normal 0 -1 0
    outer loop
      vertex 30.2963 -4.5 53.4253
      vertex 38 -4.5 72
      vertex 30.0524 -4.5 53.5407
    endloop
  endfacet
  facet normal 0 -1 0
    outer loop
      vertex 30.5278 -4.5 53.2865
      vertex 38 -4.5 72
      vertex 30.2963 -4.5 53.4253
    endloop
  endfacet
  facet normal 0 -1 0
    outer loop
      vertex 30.7446 -4.5 53.1258
      vertex 38 -4.5 72
      vertex 30.5278 -4.5 53.2865
    endloop
  endfacet
  facet normal 0 -1 0
    outer loop
      vertex 30.9445 -4.5 52.9445
      vertex 38 -4.5 72
      vertex 30.7446 -4.5 53.1258
    endloop
  endfacet
  facet normal 0 -1 0
    outer loop
      vertex 31.1258 -4.5 52.7446
      vertex 38 -4.5 72
      vertex 30.9445 -4.5 52.9445
    endloop
  endfacet
  facet normal 0 -1 0
    outer loop
      vertex 31.2865 -4.5 52.5278
      vertex 38 -4.5 72
      vertex 31.1258 -4.5 52.7446
    endloop
  endfacet
  facet normal 0 -1 0
    outer loop
      vertex 31.4253 -4.5 52.2963
      vertex 38 -4.5 72
      vertex 31.2865 -4.5 52.5278
    endloop
  endfacet
  facet normal 0 -1 0
    outer loop
      vertex 31.5407 -4.5 52.0524
      vertex 38 -4.5 72
      vertex 31.4253 -4.5 52.2963
    endloop
  endfacet
  facet normal 0 -1 0
    outer loop
      vertex 31.6316 -4.5 51.7983
      vertex 38 -4.5 72
      vertex 31.5407 -4.5 52.0524
    endloop
  endfacet
  facet normal 0 -1 0
    outer loop
      vertex 31.6972 -4.5 51.5365
      vertex 38 -4.5 72
      vertex 31.6316 -4.5 51.7983
    endloop
  endfacet
  facet normal 0 -1 0
    outer loop
      vertex 31.7368 -4.5 51.2695
      vertex 38 -4.5 72
      vertex 31.6972 -4.5 51.5365
    endloop
  endfacet
  facet normal 0 -1 0
    outer loop
      vertex 31.75 -4.5 51
      vertex 38 -4.5 72
      vertex 31.7368 -4.5 51.2695
    endloop
  endfacet
  facet normal 0 -1 0
    outer loop
      vertex 31.7368 -4.5 50.7305
      vertex 38 -4.5 72
      vertex 31.75 -4.5 51
    endloop
  endfacet
  facet normal 0 -1 0
    outer loop
      vertex 31.7368 -4.5 31.2695
      vertex 31.7368 -4.5 50.7305
      vertex 31.6972 -4.5 50.4635
    endloop
  endfacet
  facet normal 0 -1 0
    outer loop
      vertex 31.6972 -4.5 31.5365
      vertex 31.6972 -4.5 50.4635
      vertex 31.6316 -4.5 50.2017
    endloop
  endfacet
  facet normal 0 -1 -0
    outer loop
      vertex 19.4722 -4.5 48.7135
      vertex 16.876 -4.5 45.1668
      vertex 19.7037 -4.5 48.5747
    endloop
  endfacet
  facet normal 0 -1 -0
    outer loop
      vertex 19.7037 -4.5 48.5747
      vertex 16.876 -4.5 45.1668
      vertex 19.9476 -4.5 48.4593
    endloop
  endfacet
  facet normal 0 -1 0
    outer loop
      vertex 17.2544 -4.5 44.5355
      vertex 19.9476 -4.5 48.4593
      vertex 16.876 -4.5 45.1668
    endloop
  endfacet
  facet normal 0 -1 -0
    outer loop
      vertex 19.9476 -4.5 48.4593
      vertex 17.2544 -4.5 44.5355
      vertex 20.2017 -4.5 48.3684
    endloop
  endfacet
  facet normal 0 -1 -0
    outer loop
      vertex 20.2017 -4.5 48.3684
      vertex 17.2544 -4.5 44.5355
      vertex 20.4635 -4.5 48.3028
    endloop
  endfacet
  facet normal 0 -1 0
    outer loop
      vertex 17.5691 -4.5 43.8701
      vertex 20.4635 -4.5 48.3028
      vertex 17.2544 -4.5 44.5355
    endloop
  endfacet
  facet normal 0 -1 -0
    outer loop
      vertex 20.4635 -4.5 48.3028
      vertex 17.5691 -4.5 43.8701
      vertex 20.7305 -4.5 48.2632
    endloop
  endfacet
  facet normal 0 -1 -0
    outer loop
      vertex 20.7305 -4.5 48.2632
      vertex 17.5691 -4.5 43.8701
      vertex 21 -4.5 48.25
    endloop
  endfacet
  facet normal 0 -1 0
    outer loop
      vertex 17.8171 -4.5 43.1771
      vertex 21 -4.5 48.25
      vertex 17.5691 -4.5 43.8701
    endloop
  endfacet
  facet normal 0 -1 0
    outer loop
      vertex 17.9959 -4.5 42.4632
      vertex 21 -4.5 48.25
      vertex 17.8171 -4.5 43.1771
    endloop
  endfacet
  facet normal 0 -1 0
    outer loop
      vertex 18.1039 -4.5 41.7351
      vertex 21 -4.5 48.25
      vertex 17.9959 -4.5 42.4632
    endloop
  endfacet
  facet normal 0 -1 -0
    outer loop
      vertex 21 -4.5 48.25
      vertex 18.1039 -4.5 41.7351
      vertex 29 -4.5 48.25
    endloop
  endfacet
  facet normal 0 -1 0
    outer loop
      vertex 18.14 -4.5 41
      vertex 29 -4.5 48.25
      vertex 18.1039 -4.5 41.7351
    endloop
  endfacet
  facet normal 0 -1 0
    outer loop
      vertex 29 -4.5 33.75
      vertex 29 -4.5 48.25
      vertex 18.14 -4.5 41
    endloop
  endfacet
  facet normal 0 -1 0
    outer loop
      vertex 29 -4.5 48.25
      vertex 29 -4.5 33.75
      vertex 29.2695 -4.5 48.2632
    endloop
  endfacet
  facet normal 0 -1 0
    outer loop
      vertex 29.2695 -4.5 33.7368
      vertex 29.2695 -4.5 48.2632
      vertex 29 -4.5 33.75
    endloop
  endfacet
  facet normal 0 -1 0
    outer loop
      vertex 29.2695 -4.5 48.2632
      vertex 29.2695 -4.5 33.7368
      vertex 29.5365 -4.5 48.3028
    endloop
  endfacet
  facet normal 0 -1 0
    outer loop
      vertex 29.5365 -4.5 33.6972
      vertex 29.5365 -4.5 48.3028
      vertex 29.2695 -4.5 33.7368
    endloop
  endfacet
  facet normal 0 -1 0
    outer loop
      vertex 29.5365 -4.5 48.3028
      vertex 29.5365 -4.5 33.6972
      vertex 29.7983 -4.5 48.3684
    endloop
  endfacet
  facet normal 0 -1 0
    outer loop
      vertex 29 -4.5 33.75
      vertex 18.14 -4.5 41
      vertex 18.1039 -4.5 40.2649
    endloop
  endfacet
  facet normal 0 -1 0
    outer loop
      vertex 21 -4.5 33.75
      vertex 18.1039 -4.5 40.2649
      vertex 17.9959 -4.5 39.5368
    endloop
  endfacet
  facet normal 0 -1 0
    outer loop
      vertex 21 -4.5 33.75
      vertex 17.9959 -4.5 39.5368
      vertex 17.8171 -4.5 38.8229
    endloop
  endfacet
  facet normal 0 -1 0
    outer loop
      vertex 29.7983 -4.5 33.6316
      vertex 29.7983 -4.5 48.3684
      vertex 29.5365 -4.5 33.6972
    endloop
  endfacet
  facet normal 0 -1 0
    outer loop
      vertex 21 -4.5 33.75
      vertex 17.8171 -4.5 38.8229
      vertex 17.5691 -4.5 38.1299
    endloop
  endfacet
  facet normal 0 -1 0
    outer loop
      vertex 20.7305 -4.5 33.7368
      vertex 17.5691 -4.5 38.1299
      vertex 17.2544 -4.5 37.4645
    endloop
  endfacet
  facet normal 0 -1 0
    outer loop
      vertex 20.7305 -4.5 33.7368
      vertex 17.2544 -4.5 37.4645
      vertex 16.876 -4.5 36.8332
    endloop
  endfacet
  facet normal 0 -1 0
    outer loop
      vertex 20.7305 -4.5 33.7368
      vertex 16.876 -4.5 36.8332
      vertex 16.4376 -4.5 36.2421
    endloop
  endfacet
  facet normal 0 -1 0
    outer loop
      vertex 20.7305 -4.5 33.7368
      vertex 16.4376 -4.5 36.2421
      vertex 15.9433 -4.5 35.6967
    endloop
  endfacet
  facet normal 0 -1 0
    outer loop
      vertex 20.7305 -4.5 33.7368
      vertex 15.9433 -4.5 35.6967
      vertex 15.3979 -4.5 35.2024
    endloop
  endfacet
  facet normal 0 -1 0
    outer loop
      vertex 18.2632 -4.5 30.7305
      vertex 13.5101 -4.5 34.0709
      vertex 12.8171 -4.5 33.8229
    endloop
  endfacet
  facet normal 0 -1 0
    outer loop
      vertex 20.7305 -4.5 33.7368
      vertex 14.1755 -4.5 34.3856
      vertex 13.5101 -4.5 34.0709
    endloop
  endfacet
  facet normal 0 -1 0
    outer loop
      vertex 20.7305 -4.5 33.7368
      vertex 14.8068 -4.5 34.764
      vertex 14.1755 -4.5 34.3856
    endloop
  endfacet
  facet normal 0 -1 0
    outer loop
      vertex 20.7305 -4.5 33.7368
      vertex 15.3979 -4.5 35.2024
      vertex 14.8068 -4.5 34.764
    endloop
  endfacet
  facet normal 0 -1 0
    outer loop
      vertex 18.1039 -4.5 40.2649
      vertex 21 -4.5 33.75
      vertex 29 -4.5 33.75
    endloop
  endfacet
  facet normal 0 -1 0
    outer loop
      vertex 29.7983 -4.5 48.3684
      vertex 29.7983 -4.5 33.6316
      vertex 30.0524 -4.5 48.4593
    endloop
  endfacet
  facet normal 0 -1 0
    outer loop
      vertex 30.0524 -4.5 33.5407
      vertex 30.0524 -4.5 48.4593
      vertex 29.7983 -4.5 33.6316
    endloop
  endfacet
  facet normal 0 -1 0
    outer loop
      vertex 30.0524 -4.5 48.4593
      vertex 30.0524 -4.5 33.5407
      vertex 30.2963 -4.5 48.5747
    endloop
  endfacet
  facet normal 0 -1 0
    outer loop
      vertex 30.2963 -4.5 33.4253
      vertex 30.2963 -4.5 48.5747
      vertex 30.0524 -4.5 33.5407
    endloop
  endfacet
  facet normal 0 -1 0
    outer loop
      vertex 30.2963 -4.5 48.5747
      vertex 30.2963 -4.5 33.4253
      vertex 30.5278 -4.5 48.7135
    endloop
  endfacet
  facet normal 0 -1 0
    outer loop
      vertex 30.5278 -4.5 33.2865
      vertex 30.5278 -4.5 48.7135
      vertex 30.2963 -4.5 33.4253
    endloop
  endfacet
  facet normal 0 -1 0
    outer loop
      vertex 30.5278 -4.5 48.7135
      vertex 30.5278 -4.5 33.2865
      vertex 30.7446 -4.5 48.8742
    endloop
  endfacet
  facet normal 0 -1 0
    outer loop
      vertex 30.7446 -4.5 33.1258
      vertex 30.7446 -4.5 48.8742
      vertex 30.5278 -4.5 33.2865
    endloop
  endfacet
  facet normal 0 -1 0
    outer loop
      vertex 30.7446 -4.5 48.8742
      vertex 30.7446 -4.5 33.1258
      vertex 30.9445 -4.5 49.0555
    endloop
  endfacet
  facet normal 0 -1 0
    outer loop
      vertex 30.9445 -4.5 32.9445
      vertex 30.9445 -4.5 49.0555
      vertex 30.7446 -4.5 33.1258
    endloop
  endfacet
  facet normal 0 -1 0
    outer loop
      vertex 30.9445 -4.5 49.0555
      vertex 30.9445 -4.5 32.9445
      vertex 31.1258 -4.5 49.2554
    endloop
  endfacet
  facet normal 0 -1 0
    outer loop
      vertex 31.1258 -4.5 32.7446
      vertex 31.1258 -4.5 49.2554
      vertex 30.9445 -4.5 32.9445
    endloop
  endfacet
  facet normal 0 -1 0
    outer loop
      vertex 31.1258 -4.5 49.2554
      vertex 31.1258 -4.5 32.7446
      vertex 31.2865 -4.5 49.4722
    endloop
  endfacet
  facet normal 0 -1 0
    outer loop
      vertex 31.2865 -4.5 32.5278
      vertex 31.2865 -4.5 49.4722
      vertex 31.1258 -4.5 32.7446
    endloop
  endfacet
  facet normal 0 -1 0
    outer loop
      vertex 31.2865 -4.5 49.4722
      vertex 31.2865 -4.5 32.5278
      vertex 31.4253 -4.5 49.7037
    endloop
  endfacet
  facet normal 0 -1 0
    outer loop
      vertex 31.4253 -4.5 32.2963
      vertex 31.4253 -4.5 49.7037
      vertex 31.2865 -4.5 32.5278
    endloop
  endfacet
  facet normal 0 -1 0
    outer loop
      vertex 31.4253 -4.5 49.7037
      vertex 31.4253 -4.5 32.2963
      vertex 31.5407 -4.5 49.9476
    endloop
  endfacet
  facet normal 0 -1 0
    outer loop
      vertex 31.5407 -4.5 32.0524
      vertex 31.5407 -4.5 49.9476
      vertex 31.4253 -4.5 32.2963
    endloop
  endfacet
  facet normal 0 -1 0
    outer loop
      vertex 31.5407 -4.5 49.9476
      vertex 31.5407 -4.5 32.0524
      vertex 31.6316 -4.5 50.2017
    endloop
  endfacet
  facet normal 0 -1 0
    outer loop
      vertex 31.6316 -4.5 31.7983
      vertex 31.6316 -4.5 50.2017
      vertex 31.5407 -4.5 32.0524
    endloop
  endfacet
  facet normal 0 -1 0
    outer loop
      vertex 31.6972 -4.5 31.5365
      vertex 31.6316 -4.5 50.2017
      vertex 31.6316 -4.5 31.7983
    endloop
  endfacet
  facet normal 0 -1 0
    outer loop
      vertex 31.6972 -4.5 50.4635
      vertex 31.6972 -4.5 31.5365
      vertex 31.7368 -4.5 31.2695
    endloop
  endfacet
  facet normal 0 -1 0
    outer loop
      vertex 31.7368 -4.5 50.7305
      vertex 31.7368 -4.5 31.2695
      vertex 38 -4.5 72
    endloop
  endfacet
  facet normal 0 -1 0
    outer loop
      vertex 38 -4.5 10
      vertex 31.7368 -4.5 31.2695
      vertex 31.75 -4.5 31
    endloop
  endfacet
  facet normal 0 -1 0
    outer loop
      vertex 38 -4.5 10
      vertex 31.75 -4.5 31
      vertex 31.7368 -4.5 30.7305
    endloop
  endfacet
  facet normal 0 -1 0
    outer loop
      vertex 38 -4.5 10
      vertex 31.7368 -4.5 30.7305
      vertex 31.6972 -4.5 30.4635
    endloop
  endfacet
  facet normal 0 -1 0
    outer loop
      vertex 21 -4.5 28.25
      vertex 38 -4.5 10
      vertex 29 -4.5 28.25
    endloop
  endfacet
  facet normal 0 -1 0
    outer loop
      vertex 29 -4.5 28.25
      vertex 38 -4.5 10
      vertex 29.2695 -4.5 28.2632
    endloop
  endfacet
  facet normal 0 -1 0
    outer loop
      vertex 29.2695 -4.5 28.2632
      vertex 38 -4.5 10
      vertex 29.5365 -4.5 28.3028
    endloop
  endfacet
  facet normal 0 -1 0
    outer loop
      vertex 31.7368 -4.5 31.2695
      vertex 38 -4.5 10
      vertex 38 -4.5 72
    endloop
  endfacet
  facet normal 0 -1 0
    outer loop
      vertex 31.6316 -4.5 30.2017
      vertex 38 -4.5 10
      vertex 31.6972 -4.5 30.4635
    endloop
  endfacet
  facet normal 0 -1 0
    outer loop
      vertex 31.5407 -4.5 29.9476
      vertex 38 -4.5 10
      vertex 31.6316 -4.5 30.2017
    endloop
  endfacet
  facet normal 0 -1 0
    outer loop
      vertex 31.4253 -4.5 29.7037
      vertex 38 -4.5 10
      vertex 31.5407 -4.5 29.9476
    endloop
  endfacet
  facet normal 0 -1 0
    outer loop
      vertex 31.2865 -4.5 29.4722
      vertex 38 -4.5 10
      vertex 31.4253 -4.5 29.7037
    endloop
  endfacet
  facet normal 0 -1 0
    outer loop
      vertex 31.1258 -4.5 29.2554
      vertex 38 -4.5 10
      vertex 31.2865 -4.5 29.4722
    endloop
  endfacet
  facet normal 0 -1 0
    outer loop
      vertex 30.9445 -4.5 29.0555
      vertex 38 -4.5 10
      vertex 31.1258 -4.5 29.2554
    endloop
  endfacet
  facet normal 0 -1 0
    outer loop
      vertex 30.7446 -4.5 28.8742
      vertex 38 -4.5 10
      vertex 30.9445 -4.5 29.0555
    endloop
  endfacet
  facet normal 0 -1 0
    outer loop
      vertex 30.5278 -4.5 28.7135
      vertex 38 -4.5 10
      vertex 30.7446 -4.5 28.8742
    endloop
  endfacet
  facet normal 0 -1 0
    outer loop
      vertex 30.2963 -4.5 28.5747
      vertex 38 -4.5 10
      vertex 30.5278 -4.5 28.7135
    endloop
  endfacet
  facet normal 0 -1 0
    outer loop
      vertex 30.0524 -4.5 28.4593
      vertex 38 -4.5 10
      vertex 30.2963 -4.5 28.5747
    endloop
  endfacet
  facet normal 0 -1 0
    outer loop
      vertex 29.7983 -4.5 28.3684
      vertex 38 -4.5 10
      vertex 30.0524 -4.5 28.4593
    endloop
  endfacet
  facet normal 0 -1 0
    outer loop
      vertex 29.5365 -4.5 28.3028
      vertex 38 -4.5 10
      vertex 29.7983 -4.5 28.3684
    endloop
  endfacet
  facet normal 0 -1 -0
    outer loop
      vertex 18.4593 -4.5 49.9476
      vertex 14.8068 -4.5 47.236
      vertex 18.5747 -4.5 49.7037
    endloop
  endfacet
  facet normal 0 -1 0
    outer loop
      vertex 15.3979 -4.5 46.7976
      vertex 18.5747 -4.5 49.7037
      vertex 14.8068 -4.5 47.236
    endloop
  endfacet
  facet normal 0 -1 -0
    outer loop
      vertex 18.5747 -4.5 49.7037
      vertex 15.3979 -4.5 46.7976
      vertex 18.7135 -4.5 49.4722
    endloop
  endfacet
  facet normal 0 -1 -0
    outer loop
      vertex 18.7135 -4.5 49.4722
      vertex 15.3979 -4.5 46.7976
      vertex 18.8742 -4.5 49.2554
    endloop
  endfacet
  facet normal 0 -1 0
    outer loop
      vertex 15.9433 -4.5 46.3033
      vertex 18.8742 -4.5 49.2554
      vertex 15.3979 -4.5 46.7976
    endloop
  endfacet
  facet normal 0 -1 -0
    outer loop
      vertex 18.8742 -4.5 49.2554
      vertex 15.9433 -4.5 46.3033
      vertex 19.0555 -4.5 49.0555
    endloop
  endfacet
  facet normal 0 -1 0
    outer loop
      vertex 16.4376 -4.5 45.7579
      vertex 19.0555 -4.5 49.0555
      vertex 15.9433 -4.5 46.3033
    endloop
  endfacet
  facet normal 0 -1 -0
    outer loop
      vertex 19.0555 -4.5 49.0555
      vertex 16.4376 -4.5 45.7579
      vertex 19.2554 -4.5 48.8742
    endloop
  endfacet
  facet normal 0 -1 0
    outer loop
      vertex 16.876 -4.5 45.1668
      vertex 19.4722 -4.5 48.7135
      vertex 16.4376 -4.5 45.7579
    endloop
  endfacet
  facet normal 0 -1 -0
    outer loop
      vertex 19.2554 -4.5 48.8742
      vertex 16.4376 -4.5 45.7579
      vertex 19.4722 -4.5 48.7135
    endloop
  endfacet
  facet normal 0 -1 0
    outer loop
      vertex 17.5691 -4.5 38.1299
      vertex 20.7305 -4.5 33.7368
      vertex 21 -4.5 33.75
    endloop
  endfacet
  facet normal 0 -1 0
    outer loop
      vertex 13.5101 -4.5 34.0709
      vertex 20.4635 -4.5 33.6972
      vertex 20.7305 -4.5 33.7368
    endloop
  endfacet
  facet normal 0 -1 0
    outer loop
      vertex 18.3684 -4.5 30.2017
      vertex 12.8171 -4.5 33.8229
      vertex 12.1032 -4.5 33.6441
    endloop
  endfacet
  facet normal 0 -1 0
    outer loop
      vertex 13.5101 -4.5 34.0709
      vertex 20.2017 -4.5 33.6316
      vertex 20.4635 -4.5 33.6972
    endloop
  endfacet
  facet normal 0 -1 0
    outer loop
      vertex 13.5101 -4.5 34.0709
      vertex 19.9476 -4.5 33.5407
      vertex 20.2017 -4.5 33.6316
    endloop
  endfacet
  facet normal 0 -1 0
    outer loop
      vertex 18.4593 -4.5 29.9476
      vertex 12.1032 -4.5 33.6441
      vertex 11.3751 -4.5 33.5361
    endloop
  endfacet
  facet normal 0 -1 0
    outer loop
      vertex 18.7135 -4.5 29.4722
      vertex 11.3751 -4.5 33.5361
      vertex 10.64 -4.5 33.5
    endloop
  endfacet
  facet normal 0 -1 0
    outer loop
      vertex 13.5101 -4.5 34.0709
      vertex 19.7037 -4.5 33.4253
      vertex 19.9476 -4.5 33.5407
    endloop
  endfacet
  facet normal 0 -1 0
    outer loop
      vertex -18.3684 -4.5 31.7983
      vertex -14.8068 -4.5 34.764
      vertex -18.4593 -4.5 32.0524
    endloop
  endfacet
  facet normal 0 -1 -0
    outer loop
      vertex -14.8068 -4.5 34.764
      vertex -18.3684 -4.5 31.7983
      vertex -14.1755 -4.5 34.3856
    endloop
  endfacet
  facet normal 0 -1 0
    outer loop
      vertex 13.5101 -4.5 34.0709
      vertex 19.4722 -4.5 33.2865
      vertex 19.7037 -4.5 33.4253
    endloop
  endfacet
  facet normal 0 -1 0
    outer loop
      vertex -18.3028 -4.5 31.5365
      vertex -14.1755 -4.5 34.3856
      vertex -18.3684 -4.5 31.7983
    endloop
  endfacet
  facet normal 0 -1 0
    outer loop
      vertex 13.5101 -4.5 34.0709
      vertex 19.2554 -4.5 33.1258
      vertex 19.4722 -4.5 33.2865
    endloop
  endfacet
  facet normal 0 -1 0
    outer loop
      vertex -18.2632 -4.5 31.2695
      vertex -14.1755 -4.5 34.3856
      vertex -18.3028 -4.5 31.5365
    endloop
  endfacet
  facet normal 0 -1 0
    outer loop
      vertex 13.5101 -4.5 34.0709
      vertex 19.0555 -4.5 32.9445
      vertex 19.2554 -4.5 33.1258
    endloop
  endfacet
  facet normal 0 -1 -0
    outer loop
      vertex -14.1755 -4.5 34.3856
      vertex -18.2632 -4.5 31.2695
      vertex -13.5101 -4.5 34.0709
    endloop
  endfacet
  facet normal 0 -1 0
    outer loop
      vertex 13.5101 -4.5 34.0709
      vertex 18.8742 -4.5 32.7446
      vertex 19.0555 -4.5 32.9445
    endloop
  endfacet
  facet normal 0 -1 0
    outer loop
      vertex -18.25 -4.5 31
      vertex -13.5101 -4.5 34.0709
      vertex -18.2632 -4.5 31.2695
    endloop
  endfacet
  facet normal 0 -1 0
    outer loop
      vertex 13.5101 -4.5 34.0709
      vertex 18.7135 -4.5 32.5278
      vertex 18.8742 -4.5 32.7446
    endloop
  endfacet
  facet normal 0 -1 0
    outer loop
      vertex -18.2632 -4.5 30.7305
      vertex -13.5101 -4.5 34.0709
      vertex -18.25 -4.5 31
    endloop
  endfacet
  facet normal 0 -1 0
    outer loop
      vertex 13.5101 -4.5 34.0709
      vertex 18.5747 -4.5 32.2963
      vertex 18.7135 -4.5 32.5278
    endloop
  endfacet
  facet normal 0 -1 -0
    outer loop
      vertex -13.5101 -4.5 34.0709
      vertex -18.2632 -4.5 30.7305
      vertex -12.8171 -4.5 33.8229
    endloop
  endfacet
  facet normal 0 -1 0
    outer loop
      vertex 13.5101 -4.5 34.0709
      vertex 18.4593 -4.5 32.0524
      vertex 18.5747 -4.5 32.2963
    endloop
  endfacet
  facet normal 0 -1 0
    outer loop
      vertex -18.3028 -4.5 30.4635
      vertex -12.8171 -4.5 33.8229
      vertex -18.2632 -4.5 30.7305
    endloop
  endfacet
  facet normal 0 -1 0
    outer loop
      vertex 13.5101 -4.5 34.0709
      vertex 18.3684 -4.5 31.7983
      vertex 18.4593 -4.5 32.0524
    endloop
  endfacet
  facet normal 0 -1 0
    outer loop
      vertex -18.3684 -4.5 30.2017
      vertex -12.8171 -4.5 33.8229
      vertex -18.3028 -4.5 30.4635
    endloop
  endfacet
  facet normal 0 -1 0
    outer loop
      vertex 13.5101 -4.5 34.0709
      vertex 18.3028 -4.5 31.5365
      vertex 18.3684 -4.5 31.7983
    endloop
  endfacet
  facet normal 0 -1 -0
    outer loop
      vertex -12.8171 -4.5 33.8229
      vertex -18.3684 -4.5 30.2017
      vertex -12.1032 -4.5 33.6441
    endloop
  endfacet
  facet normal 0 -1 0
    outer loop
      vertex 13.5101 -4.5 34.0709
      vertex 18.2632 -4.5 31.2695
      vertex 18.3028 -4.5 31.5365
    endloop
  endfacet
  facet normal 0 -1 0
    outer loop
      vertex -18.4593 -4.5 29.9476
      vertex -12.1032 -4.5 33.6441
      vertex -18.3684 -4.5 30.2017
    endloop
  endfacet
  facet normal 0 -1 0
    outer loop
      vertex 13.5101 -4.5 34.0709
      vertex 18.25 -4.5 31
      vertex 18.2632 -4.5 31.2695
    endloop
  endfacet
  facet normal 0 -1 -0
    outer loop
      vertex -12.1032 -4.5 33.6441
      vertex -18.4593 -4.5 29.9476
      vertex -11.3751 -4.5 33.5361
    endloop
  endfacet
  facet normal 0 -1 0
    outer loop
      vertex 13.5101 -4.5 34.0709
      vertex 18.2632 -4.5 30.7305
      vertex 18.25 -4.5 31
    endloop
  endfacet
  facet normal 0 -1 0
    outer loop
      vertex -18.5747 -4.5 29.7037
      vertex -11.3751 -4.5 33.5361
      vertex -18.4593 -4.5 29.9476
    endloop
  endfacet
  facet normal 0 -1 0
    outer loop
      vertex 12.8171 -4.5 33.8229
      vertex 18.3028 -4.5 30.4635
      vertex 18.2632 -4.5 30.7305
    endloop
  endfacet
  facet normal 0 -1 0
    outer loop
      vertex -18.7135 -4.5 29.4722
      vertex -11.3751 -4.5 33.5361
      vertex -18.5747 -4.5 29.7037
    endloop
  endfacet
  facet normal 0 -1 0
    outer loop
      vertex 12.8171 -4.5 33.8229
      vertex 18.3684 -4.5 30.2017
      vertex 18.3028 -4.5 30.4635
    endloop
  endfacet
  facet normal 0 -1 -0
    outer loop
      vertex -11.3751 -4.5 33.5361
      vertex -18.7135 -4.5 29.4722
      vertex -10.64 -4.5 33.5
    endloop
  endfacet
  facet normal 0 -1 0
    outer loop
      vertex 12.1032 -4.5 33.6441
      vertex 18.4593 -4.5 29.9476
      vertex 18.3684 -4.5 30.2017
    endloop
  endfacet
  facet normal 0 -1 0
    outer loop
      vertex -18.8742 -4.5 29.2554
      vertex -10.64 -4.5 33.5
      vertex -18.7135 -4.5 29.4722
    endloop
  endfacet
  facet normal 0 -1 0
    outer loop
      vertex 11.3751 -4.5 33.5361
      vertex 18.5747 -4.5 29.7037
      vertex 18.4593 -4.5 29.9476
    endloop
  endfacet
  facet normal 0 -1 0
    outer loop
      vertex -19.0555 -4.5 29.0555
      vertex -10.64 -4.5 33.5
      vertex -18.8742 -4.5 29.2554
    endloop
  endfacet
  facet normal 0 -1 0
    outer loop
      vertex 11.3751 -4.5 33.5361
      vertex 18.7135 -4.5 29.4722
      vertex 18.5747 -4.5 29.7037
    endloop
  endfacet
  facet normal 0 -1 0
    outer loop
      vertex -19.2554 -4.5 28.8742
      vertex -10.64 -4.5 33.5
      vertex -19.0555 -4.5 29.0555
    endloop
  endfacet
  facet normal 0 -1 0
    outer loop
      vertex 10.64 -4.5 33.5
      vertex 18.8742 -4.5 29.2554
      vertex 18.7135 -4.5 29.4722
    endloop
  endfacet
  facet normal 0 -1 -0
    outer loop
      vertex -10.64 -4.5 33.5
      vertex -19.2554 -4.5 28.8742
      vertex 10.64 -4.5 33.5
    endloop
  endfacet
  facet normal 0 -1 0
    outer loop
      vertex 10.64 -4.5 33.5
      vertex 19.0555 -4.5 29.0555
      vertex 18.8742 -4.5 29.2554
    endloop
  endfacet
  facet normal 0 -1 0
    outer loop
      vertex 19.2554 -4.5 28.8742
      vertex 10.64 -4.5 33.5
      vertex -19.2554 -4.5 28.8742
    endloop
  endfacet
  facet normal 0 -1 0
    outer loop
      vertex 10.64 -4.5 33.5
      vertex 19.2554 -4.5 28.8742
      vertex 19.0555 -4.5 29.0555
    endloop
  endfacet
  facet normal 0 -1 0
    outer loop
      vertex -19.4722 -4.5 28.7135
      vertex 19.2554 -4.5 28.8742
      vertex -19.2554 -4.5 28.8742
    endloop
  endfacet
  facet normal 0 -1 0
    outer loop
      vertex -19.4722 -4.5 28.7135
      vertex 19.4722 -4.5 28.7135
      vertex 19.2554 -4.5 28.8742
    endloop
  endfacet
  facet normal 0 -1 0
    outer loop
      vertex -19.7037 -4.5 28.5747
      vertex 19.4722 -4.5 28.7135
      vertex -19.4722 -4.5 28.7135
    endloop
  endfacet
  facet normal 0 -1 0
    outer loop
      vertex -19.7037 -4.5 28.5747
      vertex 19.7037 -4.5 28.5747
      vertex 19.4722 -4.5 28.7135
    endloop
  endfacet
  facet normal 0 -1 0
    outer loop
      vertex -19.9476 -4.5 28.4593
      vertex 19.7037 -4.5 28.5747
      vertex -19.7037 -4.5 28.5747
    endloop
  endfacet
  facet normal 0 -1 0
    outer loop
      vertex -19.9476 -4.5 28.4593
      vertex 19.9476 -4.5 28.4593
      vertex 19.7037 -4.5 28.5747
    endloop
  endfacet
  facet normal 0 -1 0
    outer loop
      vertex -20.2017 -4.5 28.3684
      vertex 19.9476 -4.5 28.4593
      vertex -19.9476 -4.5 28.4593
    endloop
  endfacet
  facet normal 0 -1 0
    outer loop
      vertex -20.2017 -4.5 28.3684
      vertex 20.2017 -4.5 28.3684
      vertex 19.9476 -4.5 28.4593
    endloop
  endfacet
  facet normal 0 -1 0
    outer loop
      vertex -20.4635 -4.5 28.3028
      vertex 20.2017 -4.5 28.3684
      vertex -20.2017 -4.5 28.3684
    endloop
  endfacet
  facet normal 0 -1 0
    outer loop
      vertex -20.4635 -4.5 28.3028
      vertex 20.4635 -4.5 28.3028
      vertex 20.2017 -4.5 28.3684
    endloop
  endfacet
  facet normal 0 -1 0
    outer loop
      vertex -20.7305 -4.5 28.2632
      vertex 20.4635 -4.5 28.3028
      vertex -20.4635 -4.5 28.3028
    endloop
  endfacet
  facet normal 0 -1 0
    outer loop
      vertex -20.7305 -4.5 28.2632
      vertex 20.7305 -4.5 28.2632
      vertex 20.4635 -4.5 28.3028
    endloop
  endfacet
  facet normal 0 -1 0
    outer loop
      vertex -21 -4.5 28.25
      vertex 20.7305 -4.5 28.2632
      vertex -20.7305 -4.5 28.2632
    endloop
  endfacet
  facet normal 0 -1 -0
    outer loop
      vertex 20.7305 -4.5 28.2632
      vertex -21 -4.5 28.25
      vertex 21 -4.5 28.25
    endloop
  endfacet
  facet normal 0 -1 -0
    outer loop
      vertex -16.876 -4.5 36.8332
      vertex -19.4722 -4.5 33.2865
      vertex -16.4376 -4.5 36.2421
    endloop
  endfacet
  facet normal 0 -1 0
    outer loop
      vertex -19.2554 -4.5 33.1258
      vertex -16.4376 -4.5 36.2421
      vertex -19.4722 -4.5 33.2865
    endloop
  endfacet
  facet normal 0 -1 0
    outer loop
      vertex -19.0555 -4.5 32.9445
      vertex -16.4376 -4.5 36.2421
      vertex -19.2554 -4.5 33.1258
    endloop
  endfacet
  facet normal 0 -1 -0
    outer loop
      vertex -16.4376 -4.5 36.2421
      vertex -19.0555 -4.5 32.9445
      vertex -15.9433 -4.5 35.6967
    endloop
  endfacet
  facet normal 0 -1 0
    outer loop
      vertex -18.8742 -4.5 32.7446
      vertex -15.9433 -4.5 35.6967
      vertex -19.0555 -4.5 32.9445
    endloop
  endfacet
  facet normal 0 -1 -0
    outer loop
      vertex -15.9433 -4.5 35.6967
      vertex -18.8742 -4.5 32.7446
      vertex -15.3979 -4.5 35.2024
    endloop
  endfacet
  facet normal 0 -1 0
    outer loop
      vertex -18.7135 -4.5 32.5278
      vertex -15.3979 -4.5 35.2024
      vertex -18.8742 -4.5 32.7446
    endloop
  endfacet
  facet normal 0 -1 0
    outer loop
      vertex -18.5747 -4.5 32.2963
      vertex -15.3979 -4.5 35.2024
      vertex -18.7135 -4.5 32.5278
    endloop
  endfacet
  facet normal 0 -1 0
    outer loop
      vertex -18.4593 -4.5 32.0524
      vertex -14.8068 -4.5 34.764
      vertex -18.5747 -4.5 32.2963
    endloop
  endfacet
  facet normal 0 -1 -0
    outer loop
      vertex -15.3979 -4.5 35.2024
      vertex -18.5747 -4.5 32.2963
      vertex -14.8068 -4.5 34.764
    endloop
  endfacet
  facet normal 0.903995 0 -0.427543
    outer loop
      vertex -17.2544 -4.5 44.5355
      vertex -17.5691 4.5 43.8701
      vertex -17.2544 4.5 44.5355
    endloop
  endfacet
  facet normal 0.903995 0 -0.427543
    outer loop
      vertex -17.5691 4.5 43.8701
      vertex -17.2544 -4.5 44.5355
      vertex -17.5691 -4.5 43.8701
    endloop
  endfacet
  facet normal -0.970039 0 -0.242951
    outer loop
      vertex 17.9959 -4.5 42.4632
      vertex 17.8171 4.5 43.1771
      vertex 17.9959 4.5 42.4632
    endloop
  endfacet
  facet normal -0.970039 -0 -0.242951
    outer loop
      vertex 17.8171 4.5 43.1771
      vertex 17.9959 -4.5 42.4632
      vertex 17.8171 -4.5 43.1771
    endloop
  endfacet
  facet normal 0.336939 1.45662e-18 -0.941527
    outer loop
      vertex -13.5101 -4.5 47.9291
      vertex -12.8171 4.5 48.1771
      vertex -12.8171 -4.5 48.1771
    endloop
  endfacet
  facet normal 0.336939 1.45662e-18 -0.941527
    outer loop
      vertex -12.8171 4.5 48.1771
      vertex -13.5101 -4.5 47.9291
      vertex -13.5101 4.5 47.9291
    endloop
  endfacet
  facet normal -0.336939 1.45662e-18 0.941527
    outer loop
      vertex 12.8171 4.5 33.8229
      vertex 13.5101 -4.5 34.0709
      vertex 13.5101 4.5 34.0709
    endloop
  endfacet
  facet normal -0.336939 1.45662e-18 0.941527
    outer loop
      vertex 13.5101 -4.5 34.0709
      vertex 12.8171 4.5 33.8229
      vertex 12.8171 -4.5 33.8229
    endloop
  endfacet
  facet normal 0.740966 -0 0.671543
    outer loop
      vertex -16.4376 -4.5 36.2421
      vertex -15.9433 4.5 35.6967
      vertex -16.4376 4.5 36.2421
    endloop
  endfacet
  facet normal 0.740966 0 0.671543
    outer loop
      vertex -15.9433 4.5 35.6967
      vertex -16.4376 -4.5 36.2421
      vertex -15.9433 -4.5 35.6967
    endloop
  endfacet
  facet normal -0.989177 0 -0.146726
    outer loop
      vertex 18.1039 -4.5 41.7351
      vertex 17.9959 4.5 42.4632
      vertex 18.1039 4.5 41.7351
    endloop
  endfacet
  facet normal -0.989177 -0 -0.146726
    outer loop
      vertex 17.9959 4.5 42.4632
      vertex 18.1039 -4.5 41.7351
      vertex 17.9959 -4.5 42.4632
    endloop
  endfacet
  facet normal -0 0 1
    outer loop
      vertex -10.64 4.5 33.5
      vertex 10.64 -4.5 33.5
      vertex 10.64 4.5 33.5
    endloop
  endfacet
  facet normal 0 0 1
    outer loop
      vertex 10.64 -4.5 33.5
      vertex -10.64 4.5 33.5
      vertex -10.64 -4.5 33.5
    endloop
  endfacet
  facet normal -0.671543 -2.68665e-18 -0.740966
    outer loop
      vertex 15.3979 -4.5 46.7976
      vertex 15.9433 4.5 46.3033
      vertex 15.9433 -4.5 46.3033
    endloop
  endfacet
  facet normal -0.671543 -2.68665e-18 -0.740966
    outer loop
      vertex 15.9433 4.5 46.3033
      vertex 15.3979 -4.5 46.7976
      vertex 15.3979 4.5 46.7976
    endloop
  endfacet
  facet normal 0.514116 8.58935e-19 0.857721
    outer loop
      vertex -14.8068 4.5 34.764
      vertex -14.1755 -4.5 34.3856
      vertex -14.1755 4.5 34.3856
    endloop
  endfacet
  facet normal 0.514116 8.58935e-19 0.857721
    outer loop
      vertex -14.1755 -4.5 34.3856
      vertex -14.8068 4.5 34.764
      vertex -14.8068 -4.5 34.764
    endloop
  endfacet
  facet normal 0.998796 -0 0.0490499
    outer loop
      vertex -18.14 -4.5 41
      vertex -18.1039 4.5 40.2649
      vertex -18.14 4.5 41
    endloop
  endfacet
  facet normal 0.998796 0 0.0490499
    outer loop
      vertex -18.1039 4.5 40.2649
      vertex -18.14 -4.5 41
      vertex -18.1039 -4.5 40.2649
    endloop
  endfacet
  facet normal -0.803201 0 0.595708
    outer loop
      vertex 16.4376 -4.5 36.2421
      vertex 16.876 4.5 36.8332
      vertex 16.4376 4.5 36.2421
    endloop
  endfacet
  facet normal -0.803201 0 0.595708
    outer loop
      vertex 16.876 4.5 36.8332
      vertex 16.4376 -4.5 36.2421
      vertex 16.876 -4.5 36.8332
    endloop
  endfacet
  facet normal -0.514116 8.58935e-19 -0.857721
    outer loop
      vertex 14.1755 -4.5 47.6144
      vertex 14.8068 4.5 47.236
      vertex 14.8068 -4.5 47.236
    endloop
  endfacet
  facet normal -0.514116 8.58935e-19 -0.857721
    outer loop
      vertex 14.8068 4.5 47.236
      vertex 14.1755 -4.5 47.6144
      vertex 14.1755 4.5 47.6144
    endloop
  endfacet
  facet normal -0.0490499 8.90529e-20 -0.998796
    outer loop
      vertex 10.64 -4.5 48.5
      vertex 11.3751 4.5 48.4639
      vertex 11.3751 -4.5 48.4639
    endloop
  endfacet
  facet normal -0.0490499 8.90529e-20 -0.998796
    outer loop
      vertex 11.3751 4.5 48.4639
      vertex 10.64 -4.5 48.5
      vertex 10.64 4.5 48.5
    endloop
  endfacet
  facet normal -0.0490499 -8.90529e-20 0.998796
    outer loop
      vertex 10.64 4.5 33.5
      vertex 11.3751 -4.5 33.5361
      vertex 11.3751 4.5 33.5361
    endloop
  endfacet
  facet normal -0.0490499 -8.90529e-20 0.998796
    outer loop
      vertex 11.3751 -4.5 33.5361
      vertex 10.64 4.5 33.5
      vertex 10.64 -4.5 33.5
    endloop
  endfacet
  facet normal -0.427543 2.25092e-19 0.903995
    outer loop
      vertex 13.5101 4.5 34.0709
      vertex 14.1755 -4.5 34.3856
      vertex 14.1755 4.5 34.3856
    endloop
  endfacet
  facet normal -0.427543 2.25092e-19 0.903995
    outer loop
      vertex 14.1755 -4.5 34.3856
      vertex 13.5101 4.5 34.0709
      vertex 13.5101 -4.5 34.0709
    endloop
  endfacet
  facet normal -0.998796 0 -0.0490499
    outer loop
      vertex 18.14 -4.5 41
      vertex 18.1039 4.5 41.7351
      vertex 18.14 4.5 41
    endloop
  endfacet
  facet normal -0.998796 -0 -0.0490499
    outer loop
      vertex 18.1039 4.5 41.7351
      vertex 18.14 -4.5 41
      vertex 18.1039 -4.5 41.7351
    endloop
  endfacet
  facet normal 0.671543 2.68665e-18 -0.740966
    outer loop
      vertex -15.9433 -4.5 46.3033
      vertex -15.3979 4.5 46.7976
      vertex -15.3979 -4.5 46.7976
    endloop
  endfacet
  facet normal 0.671543 2.68665e-18 -0.740966
    outer loop
      vertex -15.3979 4.5 46.7976
      vertex -15.9433 -4.5 46.3033
      vertex -15.9433 4.5 46.3033
    endloop
  endfacet
  facet normal -0.903995 0 -0.427543
    outer loop
      vertex 17.5691 -4.5 43.8701
      vertex 17.2544 4.5 44.5355
      vertex 17.5691 4.5 43.8701
    endloop
  endfacet
  facet normal -0.903995 -0 -0.427543
    outer loop
      vertex 17.2544 4.5 44.5355
      vertex 17.5691 -4.5 43.8701
      vertex 17.2544 -4.5 44.5355
    endloop
  endfacet
  facet normal 0.0490499 -8.90529e-20 -0.998796
    outer loop
      vertex -11.3751 -4.5 48.4639
      vertex -10.64 4.5 48.5
      vertex -10.64 -4.5 48.5
    endloop
  endfacet
  facet normal 0.0490499 -8.90529e-20 -0.998796
    outer loop
      vertex -10.64 4.5 48.5
      vertex -11.3751 -4.5 48.4639
      vertex -11.3751 4.5 48.4639
    endloop
  endfacet
  facet normal -0.146726 -6.42236e-19 0.989177
    outer loop
      vertex 11.3751 4.5 33.5361
      vertex 12.1032 -4.5 33.6441
      vertex 12.1032 4.5 33.6441
    endloop
  endfacet
  facet normal -0.146726 -6.42236e-19 0.989177
    outer loop
      vertex 12.1032 -4.5 33.6441
      vertex 11.3751 4.5 33.5361
      vertex 11.3751 -4.5 33.5361
    endloop
  endfacet
  facet normal 0.970039 0 -0.242951
    outer loop
      vertex -17.8171 -4.5 43.1771
      vertex -17.9959 4.5 42.4632
      vertex -17.8171 4.5 43.1771
    endloop
  endfacet
  facet normal 0.970039 0 -0.242951
    outer loop
      vertex -17.9959 4.5 42.4632
      vertex -17.8171 -4.5 43.1771
      vertex -17.9959 -4.5 42.4632
    endloop
  endfacet
  facet normal 0.941527 -0 0.336939
    outer loop
      vertex -17.8171 -4.5 38.8229
      vertex -17.5691 4.5 38.1299
      vertex -17.8171 4.5 38.8229
    endloop
  endfacet
  facet normal 0.941527 0 0.336939
    outer loop
      vertex -17.5691 4.5 38.1299
      vertex -17.8171 -4.5 38.8229
      vertex -17.5691 -4.5 38.1299
    endloop
  endfacet
  facet normal -0.803201 0 -0.595708
    outer loop
      vertex 16.876 -4.5 45.1668
      vertex 16.4376 4.5 45.7579
      vertex 16.876 4.5 45.1668
    endloop
  endfacet
  facet normal -0.803201 -0 -0.595708
    outer loop
      vertex 16.4376 4.5 45.7579
      vertex 16.876 -4.5 45.1668
      vertex 16.4376 -4.5 45.7579
    endloop
  endfacet
  facet normal 0.336939 -1.45662e-18 0.941527
    outer loop
      vertex -13.5101 4.5 34.0709
      vertex -12.8171 -4.5 33.8229
      vertex -12.8171 4.5 33.8229
    endloop
  endfacet
  facet normal 0.336939 -1.45662e-18 0.941527
    outer loop
      vertex -12.8171 -4.5 33.8229
      vertex -13.5101 4.5 34.0709
      vertex -13.5101 -4.5 34.0709
    endloop
  endfacet
  facet normal -0.970039 0 0.242951
    outer loop
      vertex 17.8171 -4.5 38.8229
      vertex 17.9959 4.5 39.5368
      vertex 17.8171 4.5 38.8229
    endloop
  endfacet
  facet normal -0.970039 0 0.242951
    outer loop
      vertex 17.9959 4.5 39.5368
      vertex 17.8171 -4.5 38.8229
      vertex 17.9959 -4.5 39.5368
    endloop
  endfacet
  facet normal 0.146726 6.42236e-19 0.989177
    outer loop
      vertex -12.1032 4.5 33.6441
      vertex -11.3751 -4.5 33.5361
      vertex -11.3751 4.5 33.5361
    endloop
  endfacet
  facet normal 0.146726 6.42236e-19 0.989177
    outer loop
      vertex -11.3751 -4.5 33.5361
      vertex -12.1032 4.5 33.6441
      vertex -12.1032 -4.5 33.6441
    endloop
  endfacet
  facet normal -0.740966 0 0.671543
    outer loop
      vertex 15.9433 -4.5 35.6967
      vertex 16.4376 4.5 36.2421
      vertex 15.9433 4.5 35.6967
    endloop
  endfacet
  facet normal -0.740966 0 0.671543
    outer loop
      vertex 16.4376 4.5 36.2421
      vertex 15.9433 -4.5 35.6967
      vertex 16.4376 -4.5 36.2421
    endloop
  endfacet
  facet normal 0.595708 -1.17446e-18 0.803201
    outer loop
      vertex -15.3979 4.5 35.2024
      vertex -14.8068 -4.5 34.764
      vertex -14.8068 4.5 34.764
    endloop
  endfacet
  facet normal 0.595708 -1.17446e-18 0.803201
    outer loop
      vertex -14.8068 -4.5 34.764
      vertex -15.3979 4.5 35.2024
      vertex -15.3979 -4.5 35.2024
    endloop
  endfacet
  facet normal -0.336939 -1.45662e-18 -0.941527
    outer loop
      vertex 12.8171 -4.5 48.1771
      vertex 13.5101 4.5 47.9291
      vertex 13.5101 -4.5 47.9291
    endloop
  endfacet
  facet normal -0.336939 -1.45662e-18 -0.941527
    outer loop
      vertex 13.5101 4.5 47.9291
      vertex 12.8171 -4.5 48.1771
      vertex 12.8171 4.5 48.1771
    endloop
  endfacet
  facet normal 0.427543 -2.25092e-19 0.903995
    outer loop
      vertex -14.1755 4.5 34.3856
      vertex -13.5101 -4.5 34.0709
      vertex -13.5101 4.5 34.0709
    endloop
  endfacet
  facet normal 0.427543 -2.25092e-19 0.903995
    outer loop
      vertex -13.5101 -4.5 34.0709
      vertex -14.1755 4.5 34.3856
      vertex -14.1755 -4.5 34.3856
    endloop
  endfacet
  facet normal -0.998796 0 0.0490499
    outer loop
      vertex 18.1039 -4.5 40.2649
      vertex 18.14 4.5 41
      vertex 18.1039 4.5 40.2649
    endloop
  endfacet
  facet normal -0.998796 0 0.0490499
    outer loop
      vertex 18.14 4.5 41
      vertex 18.1039 -4.5 40.2649
      vertex 18.14 -4.5 41
    endloop
  endfacet
  facet normal 0.0490499 8.90529e-20 0.998796
    outer loop
      vertex -11.3751 4.5 33.5361
      vertex -10.64 -4.5 33.5
      vertex -10.64 4.5 33.5
    endloop
  endfacet
  facet normal 0.0490499 8.90529e-20 0.998796
    outer loop
      vertex -10.64 -4.5 33.5
      vertex -11.3751 4.5 33.5361
      vertex -11.3751 -4.5 33.5361
    endloop
  endfacet
  facet normal 0.427543 2.25092e-19 -0.903995
    outer loop
      vertex -14.1755 -4.5 47.6144
      vertex -13.5101 4.5 47.9291
      vertex -13.5101 -4.5 47.9291
    endloop
  endfacet
  facet normal 0.427543 2.25092e-19 -0.903995
    outer loop
      vertex -13.5101 4.5 47.9291
      vertex -14.1755 -4.5 47.6144
      vertex -14.1755 4.5 47.6144
    endloop
  endfacet
  facet normal 0.989177 0 -0.146726
    outer loop
      vertex -17.9959 -4.5 42.4632
      vertex -18.1039 4.5 41.7351
      vertex -17.9959 4.5 42.4632
    endloop
  endfacet
  facet normal 0.989177 0 -0.146726
    outer loop
      vertex -18.1039 4.5 41.7351
      vertex -17.9959 -4.5 42.4632
      vertex -18.1039 -4.5 41.7351
    endloop
  endfacet
  facet normal 0.998796 0 -0.0490499
    outer loop
      vertex -18.1039 -4.5 41.7351
      vertex -18.14 4.5 41
      vertex -18.1039 4.5 41.7351
    endloop
  endfacet
  facet normal 0.998796 0 -0.0490499
    outer loop
      vertex -18.14 4.5 41
      vertex -18.1039 -4.5 41.7351
      vertex -18.14 -4.5 41
    endloop
  endfacet
  facet normal -0.514116 -8.58935e-19 0.857721
    outer loop
      vertex 14.1755 4.5 34.3856
      vertex 14.8068 -4.5 34.764
      vertex 14.8068 4.5 34.764
    endloop
  endfacet
  facet normal -0.514116 -8.58935e-19 0.857721
    outer loop
      vertex 14.8068 -4.5 34.764
      vertex 14.1755 4.5 34.3856
      vertex 14.1755 -4.5 34.3856
    endloop
  endfacet
  facet normal -0.427543 -2.25092e-19 -0.903995
    outer loop
      vertex 13.5101 -4.5 47.9291
      vertex 14.1755 4.5 47.6144
      vertex 14.1755 -4.5 47.6144
    endloop
  endfacet
  facet normal -0.427543 -2.25092e-19 -0.903995
    outer loop
      vertex 14.1755 4.5 47.6144
      vertex 13.5101 -4.5 47.9291
      vertex 13.5101 4.5 47.9291
    endloop
  endfacet
  facet normal 0.803201 -0 0.595708
    outer loop
      vertex -16.876 -4.5 36.8332
      vertex -16.4376 4.5 36.2421
      vertex -16.876 4.5 36.8332
    endloop
  endfacet
  facet normal 0.803201 0 0.595708
    outer loop
      vertex -16.4376 4.5 36.2421
      vertex -16.876 -4.5 36.8332
      vertex -16.4376 -4.5 36.2421
    endloop
  endfacet
  facet normal 0.242951 -9.01069e-19 -0.970039
    outer loop
      vertex -12.8171 -4.5 48.1771
      vertex -12.1032 4.5 48.3559
      vertex -12.1032 -4.5 48.3559
    endloop
  endfacet
  facet normal 0.242951 -9.01069e-19 -0.970039
    outer loop
      vertex -12.1032 4.5 48.3559
      vertex -12.8171 -4.5 48.1771
      vertex -12.8171 4.5 48.1771
    endloop
  endfacet
  facet normal 0.242951 9.01069e-19 0.970039
    outer loop
      vertex -12.8171 4.5 33.8229
      vertex -12.1032 -4.5 33.6441
      vertex -12.1032 4.5 33.6441
    endloop
  endfacet
  facet normal 0.242951 9.01069e-19 0.970039
    outer loop
      vertex -12.1032 -4.5 33.6441
      vertex -12.8171 4.5 33.8229
      vertex -12.8171 -4.5 33.8229
    endloop
  endfacet
  facet normal -0.903995 0 0.427543
    outer loop
      vertex 17.2544 -4.5 37.4645
      vertex 17.5691 4.5 38.1299
      vertex 17.2544 4.5 37.4645
    endloop
  endfacet
  facet normal -0.903995 0 0.427543
    outer loop
      vertex 17.5691 4.5 38.1299
      vertex 17.2544 -4.5 37.4645
      vertex 17.5691 -4.5 38.1299
    endloop
  endfacet
  facet normal 0.970039 -0 0.242951
    outer loop
      vertex -17.9959 -4.5 39.5368
      vertex -17.8171 4.5 38.8229
      vertex -17.9959 4.5 39.5368
    endloop
  endfacet
  facet normal 0.970039 0 0.242951
    outer loop
      vertex -17.8171 4.5 38.8229
      vertex -17.9959 -4.5 39.5368
      vertex -17.8171 -4.5 38.8229
    endloop
  endfacet
  facet normal 0.989177 -0 0.146726
    outer loop
      vertex -18.1039 -4.5 40.2649
      vertex -17.9959 4.5 39.5368
      vertex -18.1039 4.5 40.2649
    endloop
  endfacet
  facet normal 0.989177 0 0.146726
    outer loop
      vertex -17.9959 4.5 39.5368
      vertex -18.1039 -4.5 40.2649
      vertex -17.9959 -4.5 39.5368
    endloop
  endfacet
  facet normal 0.146726 -6.42236e-19 -0.989177
    outer loop
      vertex -12.1032 -4.5 48.3559
      vertex -11.3751 4.5 48.4639
      vertex -11.3751 -4.5 48.4639
    endloop
  endfacet
  facet normal 0.146726 -6.42236e-19 -0.989177
    outer loop
      vertex -11.3751 4.5 48.4639
      vertex -12.1032 -4.5 48.3559
      vertex -12.1032 4.5 48.3559
    endloop
  endfacet
  facet normal 0.857721 -0 0.514116
    outer loop
      vertex -17.2544 -4.5 37.4645
      vertex -16.876 4.5 36.8332
      vertex -17.2544 4.5 37.4645
    endloop
  endfacet
  facet normal 0.857721 0 0.514116
    outer loop
      vertex -16.876 4.5 36.8332
      vertex -17.2544 -4.5 37.4645
      vertex -16.876 -4.5 36.8332
    endloop
  endfacet
  facet normal 0.857721 0 -0.514116
    outer loop
      vertex -16.876 -4.5 45.1668
      vertex -17.2544 4.5 44.5355
      vertex -16.876 4.5 45.1668
    endloop
  endfacet
  facet normal 0.857721 0 -0.514116
    outer loop
      vertex -17.2544 4.5 44.5355
      vertex -16.876 -4.5 45.1668
      vertex -17.2544 -4.5 44.5355
    endloop
  endfacet
  facet normal 0 0 -1
    outer loop
      vertex -10.64 -4.5 48.5
      vertex 10.64 4.5 48.5
      vertex 10.64 -4.5 48.5
    endloop
  endfacet
  facet normal -0 0 -1
    outer loop
      vertex 10.64 4.5 48.5
      vertex -10.64 -4.5 48.5
      vertex -10.64 4.5 48.5
    endloop
  endfacet
  facet normal -0.242951 -9.01069e-19 0.970039
    outer loop
      vertex 12.1032 4.5 33.6441
      vertex 12.8171 -4.5 33.8229
      vertex 12.8171 4.5 33.8229
    endloop
  endfacet
  facet normal -0.242951 -9.01069e-19 0.970039
    outer loop
      vertex 12.8171 -4.5 33.8229
      vertex 12.1032 4.5 33.6441
      vertex 12.1032 -4.5 33.6441
    endloop
  endfacet
  facet normal -0.242951 9.01069e-19 -0.970039
    outer loop
      vertex 12.1032 -4.5 48.3559
      vertex 12.8171 4.5 48.1771
      vertex 12.8171 -4.5 48.1771
    endloop
  endfacet
  facet normal -0.242951 9.01069e-19 -0.970039
    outer loop
      vertex 12.8171 4.5 48.1771
      vertex 12.1032 -4.5 48.3559
      vertex 12.1032 4.5 48.3559
    endloop
  endfacet
  facet normal -0.941527 0 -0.336939
    outer loop
      vertex 17.8171 -4.5 43.1771
      vertex 17.5691 4.5 43.8701
      vertex 17.8171 4.5 43.1771
    endloop
  endfacet
  facet normal -0.941527 -0 -0.336939
    outer loop
      vertex 17.5691 4.5 43.8701
      vertex 17.8171 -4.5 43.1771
      vertex 17.5691 -4.5 43.8701
    endloop
  endfacet
  facet normal -0.595708 -1.17446e-18 -0.803201
    outer loop
      vertex 14.8068 -4.5 47.236
      vertex 15.3979 4.5 46.7976
      vertex 15.3979 -4.5 46.7976
    endloop
  endfacet
  facet normal -0.595708 -1.17446e-18 -0.803201
    outer loop
      vertex 15.3979 4.5 46.7976
      vertex 14.8068 -4.5 47.236
      vertex 14.8068 4.5 47.236
    endloop
  endfacet
  facet normal -0.740966 0 -0.671543
    outer loop
      vertex 16.4376 -4.5 45.7579
      vertex 15.9433 4.5 46.3033
      vertex 16.4376 4.5 45.7579
    endloop
  endfacet
  facet normal -0.740966 -0 -0.671543
    outer loop
      vertex 15.9433 4.5 46.3033
      vertex 16.4376 -4.5 45.7579
      vertex 15.9433 -4.5 46.3033
    endloop
  endfacet
  facet normal -0.989177 0 0.146726
    outer loop
      vertex 17.9959 -4.5 39.5368
      vertex 18.1039 4.5 40.2649
      vertex 17.9959 4.5 39.5368
    endloop
  endfacet
  facet normal -0.989177 0 0.146726
    outer loop
      vertex 18.1039 4.5 40.2649
      vertex 17.9959 -4.5 39.5368
      vertex 18.1039 -4.5 40.2649
    endloop
  endfacet
  facet normal 0.740966 0 -0.671543
    outer loop
      vertex -15.9433 -4.5 46.3033
      vertex -16.4376 4.5 45.7579
      vertex -15.9433 4.5 46.3033
    endloop
  endfacet
  facet normal 0.740966 0 -0.671543
    outer loop
      vertex -16.4376 4.5 45.7579
      vertex -15.9433 -4.5 46.3033
      vertex -16.4376 -4.5 45.7579
    endloop
  endfacet
  facet normal -0.857721 0 -0.514116
    outer loop
      vertex 17.2544 -4.5 44.5355
      vertex 16.876 4.5 45.1668
      vertex 17.2544 4.5 44.5355
    endloop
  endfacet
  facet normal -0.857721 -0 -0.514116
    outer loop
      vertex 16.876 4.5 45.1668
      vertex 17.2544 -4.5 44.5355
      vertex 16.876 -4.5 45.1668
    endloop
  endfacet
  facet normal 0.671543 -2.68665e-18 0.740966
    outer loop
      vertex -15.9433 4.5 35.6967
      vertex -15.3979 -4.5 35.2024
      vertex -15.3979 4.5 35.2024
    endloop
  endfacet
  facet normal 0.671543 -2.68665e-18 0.740966
    outer loop
      vertex -15.3979 -4.5 35.2024
      vertex -15.9433 4.5 35.6967
      vertex -15.9433 -4.5 35.6967
    endloop
  endfacet
  facet normal 0.903995 -0 0.427543
    outer loop
      vertex -17.5691 -4.5 38.1299
      vertex -17.2544 4.5 37.4645
      vertex -17.5691 4.5 38.1299
    endloop
  endfacet
  facet normal 0.903995 0 0.427543
    outer loop
      vertex -17.2544 4.5 37.4645
      vertex -17.5691 -4.5 38.1299
      vertex -17.2544 -4.5 37.4645
    endloop
  endfacet
  facet normal -0.595708 1.17446e-18 0.803201
    outer loop
      vertex 14.8068 4.5 34.764
      vertex 15.3979 -4.5 35.2024
      vertex 15.3979 4.5 35.2024
    endloop
  endfacet
  facet normal -0.595708 1.17446e-18 0.803201
    outer loop
      vertex 15.3979 -4.5 35.2024
      vertex 14.8068 4.5 34.764
      vertex 14.8068 -4.5 34.764
    endloop
  endfacet
  facet normal -0.146726 6.42236e-19 -0.989177
    outer loop
      vertex 11.3751 -4.5 48.4639
      vertex 12.1032 4.5 48.3559
      vertex 12.1032 -4.5 48.3559
    endloop
  endfacet
  facet normal -0.146726 6.42236e-19 -0.989177
    outer loop
      vertex 12.1032 4.5 48.3559
      vertex 11.3751 -4.5 48.4639
      vertex 11.3751 4.5 48.4639
    endloop
  endfacet
  facet normal -0.671543 2.68665e-18 0.740966
    outer loop
      vertex 15.3979 4.5 35.2024
      vertex 15.9433 -4.5 35.6967
      vertex 15.9433 4.5 35.6967
    endloop
  endfacet
  facet normal -0.671543 2.68665e-18 0.740966
    outer loop
      vertex 15.9433 -4.5 35.6967
      vertex 15.3979 4.5 35.2024
      vertex 15.3979 -4.5 35.2024
    endloop
  endfacet
  facet normal -0.857721 0 0.514116
    outer loop
      vertex 16.876 -4.5 36.8332
      vertex 17.2544 4.5 37.4645
      vertex 16.876 4.5 36.8332
    endloop
  endfacet
  facet normal -0.857721 0 0.514116
    outer loop
      vertex 17.2544 4.5 37.4645
      vertex 16.876 -4.5 36.8332
      vertex 17.2544 -4.5 37.4645
    endloop
  endfacet
  facet normal 0.514116 -8.58935e-19 -0.857721
    outer loop
      vertex -14.8068 -4.5 47.236
      vertex -14.1755 4.5 47.6144
      vertex -14.1755 -4.5 47.6144
    endloop
  endfacet
  facet normal 0.514116 -8.58935e-19 -0.857721
    outer loop
      vertex -14.1755 4.5 47.6144
      vertex -14.8068 -4.5 47.236
      vertex -14.8068 4.5 47.236
    endloop
  endfacet
  facet normal 0.941527 0 -0.336939
    outer loop
      vertex -17.5691 -4.5 43.8701
      vertex -17.8171 4.5 43.1771
      vertex -17.5691 4.5 43.8701
    endloop
  endfacet
  facet normal 0.941527 0 -0.336939
    outer loop
      vertex -17.8171 4.5 43.1771
      vertex -17.5691 -4.5 43.8701
      vertex -17.8171 -4.5 43.1771
    endloop
  endfacet
  facet normal -0.941527 0 0.336939
    outer loop
      vertex 17.5691 -4.5 38.1299
      vertex 17.8171 4.5 38.8229
      vertex 17.5691 4.5 38.1299
    endloop
  endfacet
  facet normal -0.941527 0 0.336939
    outer loop
      vertex 17.8171 4.5 38.8229
      vertex 17.5691 -4.5 38.1299
      vertex 17.8171 -4.5 38.8229
    endloop
  endfacet
  facet normal 0.803201 0 -0.595708
    outer loop
      vertex -16.4376 -4.5 45.7579
      vertex -16.876 4.5 45.1668
      vertex -16.4376 4.5 45.7579
    endloop
  endfacet
  facet normal 0.803201 0 -0.595708
    outer loop
      vertex -16.876 4.5 45.1668
      vertex -16.4376 -4.5 45.7579
      vertex -16.876 -4.5 45.1668
    endloop
  endfacet
  facet normal 0.595708 1.17446e-18 -0.803201
    outer loop
      vertex -15.3979 -4.5 46.7976
      vertex -14.8068 4.5 47.236
      vertex -14.8068 -4.5 47.236
    endloop
  endfacet
  facet normal 0.595708 1.17446e-18 -0.803201
    outer loop
      vertex -14.8068 4.5 47.236
      vertex -15.3979 -4.5 46.7976
      vertex -15.3979 4.5 46.7976
    endloop
  endfacet
  facet normal -1 0 0
    outer loop
      vertex 27.5 4.5 28.25
      vertex 27.5 34.35 10
      vertex 27.5 4.5 10
    endloop
  endfacet
  facet normal -1 0 0
    outer loop
      vertex 27.5 4.5 33.75
      vertex 27.5 34.35 10
      vertex 27.5 4.5 28.25
    endloop
  endfacet
  facet normal -1 0 0
    outer loop
      vertex 27.5 34.35 10
      vertex 27.5 4.5 33.75
      vertex 27.5 34.5 10
    endloop
  endfacet
  facet normal -1 0 0
    outer loop
      vertex 27.5 4.5 48.25
      vertex 27.5 34.5 10
      vertex 27.5 4.5 33.75
    endloop
  endfacet
  facet normal -1 0 0
    outer loop
      vertex 27.5 4.5 53.75
      vertex 27.5 34.5 10
      vertex 27.5 4.5 48.25
    endloop
  endfacet
  facet normal -1 0 0
    outer loop
      vertex 27.5 34.5 10
      vertex 27.5 4.5 53.75
      vertex 27.5 4.5 54.64
    endloop
  endfacet
  facet normal 1.05688e-16 0.829985 0.557786
    outer loop
      vertex 32.5 34.5 10
      vertex 27.5 4.5 54.64
      vertex 32.5 4.5 54.64
    endloop
  endfacet
  facet normal 1.05688e-16 0.829985 0.557786
    outer loop
      vertex 27.5 4.5 54.64
      vertex 32.5 34.5 10
      vertex 27.5 34.5 10
    endloop
  endfacet
  facet normal 1 0 0
    outer loop
      vertex 32.5 4.5 54.64
      vertex 32.5 34.35 10
      vertex 32.5 34.5 10
    endloop
  endfacet
  facet normal 1 0 0
    outer loop
      vertex 32.5 34.35 10
      vertex 32.5 4.5 54.64
      vertex 32.5 4.5 10
    endloop
  endfacet
  facet normal -1 0 0
    outer loop
      vertex -32.5 4.5 54.64
      vertex -32.5 34.35 10
      vertex -32.5 4.5 10
    endloop
  endfacet
  facet normal -1 0 0
    outer loop
      vertex -32.5 34.35 10
      vertex -32.5 4.5 54.64
      vertex -32.5 34.5 10
    endloop
  endfacet
  facet normal 1.05688e-16 0.829985 0.557786
    outer loop
      vertex -27.5 34.5 10
      vertex -32.5 4.5 54.64
      vertex -27.5 4.5 54.64
    endloop
  endfacet
  facet normal 1.05688e-16 0.829985 0.557786
    outer loop
      vertex -32.5 4.5 54.64
      vertex -27.5 34.5 10
      vertex -32.5 34.5 10
    endloop
  endfacet
  facet normal 1 -0 0
    outer loop
      vertex -27.5 4.5 53.75
      vertex -27.5 34.5 10
      vertex -27.5 4.5 54.64
    endloop
  endfacet
  facet normal 1 -0 0
    outer loop
      vertex -27.5 4.5 48.25
      vertex -27.5 34.5 10
      vertex -27.5 4.5 53.75
    endloop
  endfacet
  facet normal 1 0 0
    outer loop
      vertex -27.5 34.5 10
      vertex -27.5 4.5 48.25
      vertex -27.5 34.35 10
    endloop
  endfacet
  facet normal 1 -0 0
    outer loop
      vertex -27.5 4.5 33.75
      vertex -27.5 34.35 10
      vertex -27.5 4.5 48.25
    endloop
  endfacet
  facet normal 1 -0 0
    outer loop
      vertex -27.5 4.5 28.25
      vertex -27.5 34.35 10
      vertex -27.5 4.5 33.75
    endloop
  endfacet
  facet normal 1 0 0
    outer loop
      vertex -27.5 34.35 10
      vertex -27.5 4.5 28.25
      vertex -27.5 4.5 10
    endloop
  endfacet
  facet normal 0.989168 -0.146786 -5.18041e-20
    outer loop
      vertex 41.8202 -24.7383 10
      vertex 41.8807 -24.3306 0
      vertex 41.8807 -24.3306 10
    endloop
  endfacet
  facet normal 0.989168 -0.146786 -5.18041e-20
    outer loop
      vertex 41.8807 -24.3306 0
      vertex 41.8202 -24.7383 10
      vertex 41.8202 -24.7383 0
    endloop
  endfacet
  facet normal 0.998798 -0.0490059 5.83324e-20
    outer loop
      vertex 41.8 -25.15 10
      vertex 41.8202 -24.7383 0
      vertex 41.8202 -24.7383 10
    endloop
  endfacet
  facet normal 0.998798 -0.0490059 5.83324e-20
    outer loop
      vertex 41.8202 -24.7383 0
      vertex 41.8 -25.15 10
      vertex 41.8 -25.15 0
    endloop
  endfacet
  facet normal 0.97 -0.243106 7.25118e-19
    outer loop
      vertex 41.8807 -24.3306 10
      vertex 41.9809 -23.9308 0
      vertex 41.9809 -23.9308 10
    endloop
  endfacet
  facet normal 0.97 -0.243106 7.25118e-19
    outer loop
      vertex 41.9809 -23.9308 0
      vertex 41.8807 -24.3306 10
      vertex 41.8807 -24.3306 0
    endloop
  endfacet
  facet normal 0.427502 -0.904014 0
    outer loop
      vertex 44.0201 -21.4459 0
      vertex 44.3927 -21.2697 10
      vertex 44.0201 -21.4459 10
    endloop
  endfacet
  facet normal 0.427502 -0.904014 0
    outer loop
      vertex 44.3927 -21.2697 10
      vertex 44.0201 -21.4459 0
      vertex 44.3927 -21.2697 0
    endloop
  endfacet
  facet normal 0.427502 0.904014 -0
    outer loop
      vertex 44.3927 -29.0303 0
      vertex 44.0201 -28.8541 10
      vertex 44.3927 -29.0303 10
    endloop
  endfacet
  facet normal 0.427502 0.904014 0
    outer loop
      vertex 44.0201 -28.8541 10
      vertex 44.3927 -29.0303 0
      vertex 44.0201 -28.8541 0
    endloop
  endfacet
  facet normal -0.989168 0.146786 -9.22087e-20
    outer loop
      vertex 50.1193 -25.9694 0
      vertex 50.1798 -25.5617 10
      vertex 50.1798 -25.5617 0
    endloop
  endfacet
  facet normal -0.989168 0.146786 -9.22087e-20
    outer loop
      vertex 50.1798 -25.5617 10
      vertex 50.1193 -25.9694 0
      vertex 50.1193 -25.9694 10
    endloop
  endfacet
  facet normal 0.998798 0.0490059 -5.83324e-20
    outer loop
      vertex 41.8202 -25.5617 10
      vertex 41.8 -25.15 0
      vertex 41.8 -25.15 10
    endloop
  endfacet
  facet normal 0.998798 0.0490059 -5.83324e-20
    outer loop
      vertex 41.8 -25.15 0
      vertex 41.8202 -25.5617 10
      vertex 41.8202 -25.5617 0
    endloop
  endfacet
  facet normal -0.336966 -0.941517 0
    outer loop
      vertex 47.2192 -21.1308 0
      vertex 47.6073 -21.2697 10
      vertex 47.2192 -21.1308 10
    endloop
  endfacet
  facet normal -0.336966 -0.941517 -0
    outer loop
      vertex 47.6073 -21.2697 10
      vertex 47.2192 -21.1308 0
      vertex 47.6073 -21.2697 0
    endloop
  endfacet
  facet normal 0.857707 0.514139 1.04509e-18
    outer loop
      vertex 42.5078 -27.4834 10
      vertex 42.2959 -27.1299 0
      vertex 42.2959 -27.1299 10
    endloop
  endfacet
  facet normal 0.857707 0.514139 1.04509e-18
    outer loop
      vertex 42.2959 -27.1299 0
      vertex 42.5078 -27.4834 10
      vertex 42.5078 -27.4834 0
    endloop
  endfacet
  facet normal -0.74084 -0.671682 8.29332e-19
    outer loop
      vertex 49.2466 -22.4855 0
      vertex 48.9698 -22.1802 10
      vertex 48.9698 -22.1802 0
    endloop
  endfacet
  facet normal -0.74084 -0.671682 8.29332e-19
    outer loop
      vertex 48.9698 -22.1802 10
      vertex 49.2466 -22.4855 0
      vertex 49.2466 -22.4855 10
    endloop
  endfacet
  facet normal -0.671682 -0.74084 0
    outer loop
      vertex 48.6645 -21.9034 0
      vertex 48.9698 -22.1802 10
      vertex 48.6645 -21.9034 10
    endloop
  endfacet
  facet normal -0.671682 -0.74084 -0
    outer loop
      vertex 48.9698 -22.1802 10
      vertex 48.6645 -21.9034 0
      vertex 48.9698 -22.1802 0
    endloop
  endfacet
  facet normal -0.146786 -0.989168 0
    outer loop
      vertex 46.4117 -20.9702 0
      vertex 46.8194 -21.0307 10
      vertex 46.4117 -20.9702 10
    endloop
  endfacet
  facet normal -0.146786 -0.989168 -0
    outer loop
      vertex 46.8194 -21.0307 10
      vertex 46.4117 -20.9702 0
      vertex 46.8194 -21.0307 0
    endloop
  endfacet
  facet normal -0.0490059 0.998798 0
    outer loop
      vertex 46.4117 -29.3298 0
      vertex 46 -29.35 10
      vertex 46.4117 -29.3298 10
    endloop
  endfacet
  facet normal -0.0490059 0.998798 0
    outer loop
      vertex 46 -29.35 10
      vertex 46.4117 -29.3298 0
      vertex 46 -29.35 0
    endloop
  endfacet
  facet normal -0.998798 0.0490059 5.83324e-20
    outer loop
      vertex 50.1798 -25.5617 0
      vertex 50.2 -25.15 10
      vertex 50.2 -25.15 0
    endloop
  endfacet
  facet normal -0.998798 0.0490059 5.83324e-20
    outer loop
      vertex 50.2 -25.15 10
      vertex 50.1798 -25.5617 0
      vertex 50.1798 -25.5617 10
    endloop
  endfacet
  facet normal -0.74084 0.671682 -1.2981e-18
    outer loop
      vertex 48.9698 -28.1198 0
      vertex 49.2466 -27.8145 10
      vertex 49.2466 -27.8145 0
    endloop
  endfacet
  facet normal -0.74084 0.671682 -1.2981e-18
    outer loop
      vertex 49.2466 -27.8145 10
      vertex 48.9698 -28.1198 0
      vertex 48.9698 -28.1198 10
    endloop
  endfacet
  facet normal 0.243106 0.97 -0
    outer loop
      vertex 45.1806 -29.2693 0
      vertex 44.7808 -29.1691 10
      vertex 45.1806 -29.2693 10
    endloop
  endfacet
  facet normal 0.243106 0.97 0
    outer loop
      vertex 44.7808 -29.1691 10
      vertex 45.1806 -29.2693 0
      vertex 44.7808 -29.1691 0
    endloop
  endfacet
  facet normal -0.242878 -0.970057 0
    outer loop
      vertex 46.8194 -21.0307 0
      vertex 47.2192 -21.1308 10
      vertex 46.8194 -21.0307 10
    endloop
  endfacet
  facet normal -0.242878 -0.970057 -0
    outer loop
      vertex 47.2192 -21.1308 10
      vertex 46.8194 -21.0307 0
      vertex 47.2192 -21.1308 0
    endloop
  endfacet
  facet normal -0.336751 0.941594 0
    outer loop
      vertex 47.6073 -29.0303 0
      vertex 47.2192 -29.1691 10
      vertex 47.6073 -29.0303 10
    endloop
  endfacet
  facet normal -0.336751 0.941594 0
    outer loop
      vertex 47.2192 -29.1691 10
      vertex 47.6073 -29.0303 0
      vertex 47.2192 -29.1691 0
    endloop
  endfacet
  facet normal -0.857707 0.514139 -1.04509e-18
    outer loop
      vertex 49.4922 -27.4834 0
      vertex 49.7041 -27.1299 10
      vertex 49.7041 -27.1299 0
    endloop
  endfacet
  facet normal -0.857707 0.514139 -1.04509e-18
    outer loop
      vertex 49.7041 -27.1299 10
      vertex 49.4922 -27.4834 0
      vertex 49.4922 -27.4834 10
    endloop
  endfacet
  facet normal -0.904014 0.427502 -1.40348e-18
    outer loop
      vertex 49.7041 -27.1299 0
      vertex 49.8803 -26.7573 10
      vertex 49.8803 -26.7573 0
    endloop
  endfacet
  facet normal -0.904014 0.427502 -1.40348e-18
    outer loop
      vertex 49.8803 -26.7573 10
      vertex 49.7041 -27.1299 0
      vertex 49.7041 -27.1299 10
    endloop
  endfacet
  facet normal 0.671682 -0.74084 0
    outer loop
      vertex 43.0302 -22.1802 0
      vertex 43.3355 -21.9034 10
      vertex 43.0302 -22.1802 10
    endloop
  endfacet
  facet normal 0.671682 -0.74084 0
    outer loop
      vertex 43.3355 -21.9034 10
      vertex 43.0302 -22.1802 0
      vertex 43.3355 -21.9034 0
    endloop
  endfacet
  facet normal 0.514139 0.857707 -0
    outer loop
      vertex 44.0201 -28.8541 0
      vertex 43.6666 -28.6422 10
      vertex 44.0201 -28.8541 10
    endloop
  endfacet
  facet normal 0.514139 0.857707 0
    outer loop
      vertex 43.6666 -28.6422 10
      vertex 44.0201 -28.8541 0
      vertex 43.6666 -28.6422 0
    endloop
  endfacet
  facet normal 0.803162 0.595761 3.28956e-19
    outer loop
      vertex 42.7534 -27.8145 10
      vertex 42.5078 -27.4834 0
      vertex 42.5078 -27.4834 10
    endloop
  endfacet
  facet normal 0.803162 0.595761 3.28956e-19
    outer loop
      vertex 42.5078 -27.4834 0
      vertex 42.7534 -27.8145 10
      vertex 42.7534 -27.8145 0
    endloop
  endfacet
  facet normal 0.904014 0.427502 1.40348e-18
    outer loop
      vertex 42.2959 -27.1299 10
      vertex 42.1197 -26.7573 0
      vertex 42.1197 -26.7573 10
    endloop
  endfacet
  facet normal 0.904014 0.427502 1.40348e-18
    outer loop
      vertex 42.1197 -26.7573 0
      vertex 42.2959 -27.1299 10
      vertex 42.2959 -27.1299 0
    endloop
  endfacet
  facet normal -0.803162 -0.595761 7.54467e-19
    outer loop
      vertex 49.4922 -22.8166 0
      vertex 49.2466 -22.4855 10
      vertex 49.2466 -22.4855 0
    endloop
  endfacet
  facet normal -0.803162 -0.595761 7.54467e-19
    outer loop
      vertex 49.2466 -22.4855 10
      vertex 49.4922 -22.8166 0
      vertex 49.4922 -22.8166 10
    endloop
  endfacet
  facet normal 0.336966 -0.941517 0
    outer loop
      vertex 44.3927 -21.2697 0
      vertex 44.7808 -21.1308 10
      vertex 44.3927 -21.2697 10
    endloop
  endfacet
  facet normal 0.336966 -0.941517 0
    outer loop
      vertex 44.7808 -21.1308 10
      vertex 44.3927 -21.2697 0
      vertex 44.7808 -21.1308 0
    endloop
  endfacet
  facet normal 0.803162 -0.595761 -7.54467e-19
    outer loop
      vertex 42.5078 -22.8166 10
      vertex 42.7534 -22.4855 0
      vertex 42.7534 -22.4855 10
    endloop
  endfacet
  facet normal 0.803162 -0.595761 -7.54467e-19
    outer loop
      vertex 42.7534 -22.4855 0
      vertex 42.5078 -22.8166 10
      vertex 42.5078 -22.8166 0
    endloop
  endfacet
  facet normal -0.671682 0.74084 0
    outer loop
      vertex 48.9698 -28.1198 0
      vertex 48.6645 -28.3966 10
      vertex 48.9698 -28.1198 10
    endloop
  endfacet
  facet normal -0.671682 0.74084 0
    outer loop
      vertex 48.6645 -28.3966 10
      vertex 48.9698 -28.1198 0
      vertex 48.6645 -28.3966 0
    endloop
  endfacet
  facet normal 0.336751 0.941594 -0
    outer loop
      vertex 44.7808 -29.1691 0
      vertex 44.3927 -29.0303 10
      vertex 44.7808 -29.1691 10
    endloop
  endfacet
  facet normal 0.336751 0.941594 0
    outer loop
      vertex 44.3927 -29.0303 10
      vertex 44.7808 -29.1691 0
      vertex 44.3927 -29.0303 0
    endloop
  endfacet
  facet normal -0.97 -0.243106 -7.25118e-19
    outer loop
      vertex 50.1193 -24.3306 0
      vertex 50.0191 -23.9308 10
      vertex 50.0191 -23.9308 0
    endloop
  endfacet
  facet normal -0.97 -0.243106 -7.25118e-19
    outer loop
      vertex 50.0191 -23.9308 10
      vertex 50.1193 -24.3306 0
      vertex 50.1193 -24.3306 10
    endloop
  endfacet
  facet normal 0.989168 0.146786 9.22087e-20
    outer loop
      vertex 41.8807 -25.9694 10
      vertex 41.8202 -25.5617 0
      vertex 41.8202 -25.5617 10
    endloop
  endfacet
  facet normal 0.989168 0.146786 9.22087e-20
    outer loop
      vertex 41.8202 -25.5617 0
      vertex 41.8807 -25.9694 10
      vertex 41.8807 -25.9694 0
    endloop
  endfacet
  facet normal -0.514139 0.857707 0
    outer loop
      vertex 48.3334 -28.6422 0
      vertex 47.9799 -28.8541 10
      vertex 48.3334 -28.6422 10
    endloop
  endfacet
  facet normal -0.514139 0.857707 0
    outer loop
      vertex 47.9799 -28.8541 10
      vertex 48.3334 -28.6422 0
      vertex 47.9799 -28.8541 0
    endloop
  endfacet
  facet normal -0.514139 -0.857707 0
    outer loop
      vertex 47.9799 -21.4459 0
      vertex 48.3334 -21.6578 10
      vertex 47.9799 -21.4459 10
    endloop
  endfacet
  facet normal -0.514139 -0.857707 -0
    outer loop
      vertex 48.3334 -21.6578 10
      vertex 47.9799 -21.4459 0
      vertex 48.3334 -21.6578 0
    endloop
  endfacet
  facet normal 0.514139 -0.857707 0
    outer loop
      vertex 43.6666 -21.6578 0
      vertex 44.0201 -21.4459 10
      vertex 43.6666 -21.6578 10
    endloop
  endfacet
  facet normal 0.514139 -0.857707 0
    outer loop
      vertex 44.0201 -21.4459 10
      vertex 43.6666 -21.6578 0
      vertex 44.0201 -21.4459 0
    endloop
  endfacet
  facet normal 0.941594 -0.336751 7.55987e-19
    outer loop
      vertex 41.9809 -23.9308 10
      vertex 42.1197 -23.5427 0
      vertex 42.1197 -23.5427 10
    endloop
  endfacet
  facet normal 0.941594 -0.336751 7.55987e-19
    outer loop
      vertex 42.1197 -23.5427 0
      vertex 41.9809 -23.9308 10
      vertex 41.9809 -23.9308 0
    endloop
  endfacet
  facet normal 0.595761 -0.803162 0
    outer loop
      vertex 43.3355 -21.9034 0
      vertex 43.6666 -21.6578 10
      vertex 43.3355 -21.9034 10
    endloop
  endfacet
  facet normal 0.595761 -0.803162 0
    outer loop
      vertex 43.6666 -21.6578 10
      vertex 43.3355 -21.9034 0
      vertex 43.6666 -21.6578 0
    endloop
  endfacet
  facet normal -0.427502 0.904014 0
    outer loop
      vertex 47.9799 -28.8541 0
      vertex 47.6073 -29.0303 10
      vertex 47.9799 -28.8541 10
    endloop
  endfacet
  facet normal -0.427502 0.904014 0
    outer loop
      vertex 47.6073 -29.0303 10
      vertex 47.9799 -28.8541 0
      vertex 47.6073 -29.0303 0
    endloop
  endfacet
  facet normal 0.0490059 -0.998798 0
    outer loop
      vertex 45.5883 -20.9702 0
      vertex 46 -20.95 10
      vertex 45.5883 -20.9702 10
    endloop
  endfacet
  facet normal 0.0490059 -0.998798 0
    outer loop
      vertex 46 -20.95 10
      vertex 45.5883 -20.9702 0
      vertex 46 -20.95 0
    endloop
  endfacet
  facet normal 0.904014 -0.427502 -1.40348e-18
    outer loop
      vertex 42.1197 -23.5427 10
      vertex 42.2959 -23.1701 0
      vertex 42.2959 -23.1701 10
    endloop
  endfacet
  facet normal 0.904014 -0.427502 -1.40348e-18
    outer loop
      vertex 42.2959 -23.1701 0
      vertex 42.1197 -23.5427 10
      vertex 42.1197 -23.5427 0
    endloop
  endfacet
  facet normal 0.97 0.243106 -7.25118e-19
    outer loop
      vertex 41.9809 -26.3692 10
      vertex 41.8807 -25.9694 0
      vertex 41.8807 -25.9694 10
    endloop
  endfacet
  facet normal 0.97 0.243106 -7.25118e-19
    outer loop
      vertex 41.8807 -25.9694 0
      vertex 41.9809 -26.3692 10
      vertex 41.9809 -26.3692 0
    endloop
  endfacet
  facet normal -0.941594 -0.336751 -7.55987e-19
    outer loop
      vertex 50.0191 -23.9308 0
      vertex 49.8803 -23.5427 10
      vertex 49.8803 -23.5427 0
    endloop
  endfacet
  facet normal -0.941594 -0.336751 -7.55987e-19
    outer loop
      vertex 49.8803 -23.5427 10
      vertex 50.0191 -23.9308 0
      vertex 50.0191 -23.9308 10
    endloop
  endfacet
  facet normal 0.857707 -0.514139 -1.04509e-18
    outer loop
      vertex 42.2959 -23.1701 10
      vertex 42.5078 -22.8166 0
      vertex 42.5078 -22.8166 10
    endloop
  endfacet
  facet normal 0.857707 -0.514139 -1.04509e-18
    outer loop
      vertex 42.5078 -22.8166 0
      vertex 42.2959 -23.1701 10
      vertex 42.2959 -23.1701 0
    endloop
  endfacet
  facet normal -0.857707 -0.514139 1.04509e-18
    outer loop
      vertex 49.7041 -23.1701 0
      vertex 49.4922 -22.8166 10
      vertex 49.4922 -22.8166 0
    endloop
  endfacet
  facet normal -0.857707 -0.514139 1.04509e-18
    outer loop
      vertex 49.4922 -22.8166 10
      vertex 49.7041 -23.1701 0
      vertex 49.7041 -23.1701 10
    endloop
  endfacet
  facet normal -0.0490059 -0.998798 0
    outer loop
      vertex 46 -20.95 0
      vertex 46.4117 -20.9702 10
      vertex 46 -20.95 10
    endloop
  endfacet
  facet normal -0.0490059 -0.998798 -0
    outer loop
      vertex 46.4117 -20.9702 10
      vertex 46 -20.95 0
      vertex 46.4117 -20.9702 0
    endloop
  endfacet
  facet normal -0.941594 0.336751 7.55987e-19
    outer loop
      vertex 49.8803 -26.7573 0
      vertex 50.0191 -26.3692 10
      vertex 50.0191 -26.3692 0
    endloop
  endfacet
  facet normal -0.941594 0.336751 7.55987e-19
    outer loop
      vertex 50.0191 -26.3692 10
      vertex 49.8803 -26.7573 0
      vertex 49.8803 -26.7573 10
    endloop
  endfacet
  facet normal 0.0490059 0.998798 -0
    outer loop
      vertex 46 -29.35 0
      vertex 45.5883 -29.3298 10
      vertex 46 -29.35 10
    endloop
  endfacet
  facet normal 0.0490059 0.998798 0
    outer loop
      vertex 45.5883 -29.3298 10
      vertex 46 -29.35 0
      vertex 45.5883 -29.3298 0
    endloop
  endfacet
  facet normal -0.427502 -0.904014 0
    outer loop
      vertex 47.6073 -21.2697 0
      vertex 47.9799 -21.4459 10
      vertex 47.6073 -21.2697 10
    endloop
  endfacet
  facet normal -0.427502 -0.904014 -0
    outer loop
      vertex 47.9799 -21.4459 10
      vertex 47.6073 -21.2697 0
      vertex 47.9799 -21.4459 0
    endloop
  endfacet
  facet normal -0.803162 0.595761 -3.28956e-19
    outer loop
      vertex 49.2466 -27.8145 0
      vertex 49.4922 -27.4834 10
      vertex 49.4922 -27.4834 0
    endloop
  endfacet
  facet normal -0.803162 0.595761 -3.28956e-19
    outer loop
      vertex 49.4922 -27.4834 10
      vertex 49.2466 -27.8145 0
      vertex 49.2466 -27.8145 10
    endloop
  endfacet
  facet normal 0.146786 0.989168 -0
    outer loop
      vertex 45.5883 -29.3298 0
      vertex 45.1806 -29.2693 10
      vertex 45.5883 -29.3298 10
    endloop
  endfacet
  facet normal 0.146786 0.989168 0
    outer loop
      vertex 45.1806 -29.2693 10
      vertex 45.5883 -29.3298 0
      vertex 45.1806 -29.2693 0
    endloop
  endfacet
  facet normal -0.904014 -0.427502 1.40348e-18
    outer loop
      vertex 49.8803 -23.5427 0
      vertex 49.7041 -23.1701 10
      vertex 49.7041 -23.1701 0
    endloop
  endfacet
  facet normal -0.904014 -0.427502 1.40348e-18
    outer loop
      vertex 49.7041 -23.1701 10
      vertex 49.8803 -23.5427 0
      vertex 49.8803 -23.5427 10
    endloop
  endfacet
  facet normal 0.74084 -0.671682 -8.29332e-19
    outer loop
      vertex 42.7534 -22.4855 10
      vertex 43.0302 -22.1802 0
      vertex 43.0302 -22.1802 10
    endloop
  endfacet
  facet normal 0.74084 -0.671682 -8.29332e-19
    outer loop
      vertex 43.0302 -22.1802 0
      vertex 42.7534 -22.4855 10
      vertex 42.7534 -22.4855 0
    endloop
  endfacet
  facet normal -0.989168 -0.146786 5.18041e-20
    outer loop
      vertex 50.1798 -24.7383 0
      vertex 50.1193 -24.3306 10
      vertex 50.1193 -24.3306 0
    endloop
  endfacet
  facet normal -0.989168 -0.146786 5.18041e-20
    outer loop
      vertex 50.1193 -24.3306 10
      vertex 50.1798 -24.7383 0
      vertex 50.1798 -24.7383 10
    endloop
  endfacet
  facet normal -0.146786 0.989168 0
    outer loop
      vertex 46.8194 -29.2693 0
      vertex 46.4117 -29.3298 10
      vertex 46.8194 -29.2693 10
    endloop
  endfacet
  facet normal -0.146786 0.989168 0
    outer loop
      vertex 46.4117 -29.3298 10
      vertex 46.8194 -29.2693 0
      vertex 46.4117 -29.3298 0
    endloop
  endfacet
  facet normal 0.146786 -0.989168 0
    outer loop
      vertex 45.1806 -21.0307 0
      vertex 45.5883 -20.9702 10
      vertex 45.1806 -21.0307 10
    endloop
  endfacet
  facet normal 0.146786 -0.989168 0
    outer loop
      vertex 45.5883 -20.9702 10
      vertex 45.1806 -21.0307 0
      vertex 45.5883 -20.9702 0
    endloop
  endfacet
  facet normal 0.595761 0.803162 -0
    outer loop
      vertex 43.6666 -28.6422 0
      vertex 43.3355 -28.3966 10
      vertex 43.6666 -28.6422 10
    endloop
  endfacet
  facet normal 0.595761 0.803162 0
    outer loop
      vertex 43.3355 -28.3966 10
      vertex 43.6666 -28.6422 0
      vertex 43.3355 -28.3966 0
    endloop
  endfacet
  facet normal -0.97 0.243106 7.25118e-19
    outer loop
      vertex 50.0191 -26.3692 0
      vertex 50.1193 -25.9694 10
      vertex 50.1193 -25.9694 0
    endloop
  endfacet
  facet normal -0.97 0.243106 7.25118e-19
    outer loop
      vertex 50.1193 -25.9694 10
      vertex 50.0191 -26.3692 0
      vertex 50.0191 -26.3692 10
    endloop
  endfacet
  facet normal 0.941594 0.336751 -7.55987e-19
    outer loop
      vertex 42.1197 -26.7573 10
      vertex 41.9809 -26.3692 0
      vertex 41.9809 -26.3692 10
    endloop
  endfacet
  facet normal 0.941594 0.336751 -7.55987e-19
    outer loop
      vertex 41.9809 -26.3692 0
      vertex 42.1197 -26.7573 10
      vertex 42.1197 -26.7573 0
    endloop
  endfacet
  facet normal 0.74084 0.671682 1.2981e-18
    outer loop
      vertex 43.0302 -28.1198 10
      vertex 42.7534 -27.8145 0
      vertex 42.7534 -27.8145 10
    endloop
  endfacet
  facet normal 0.74084 0.671682 1.2981e-18
    outer loop
      vertex 42.7534 -27.8145 0
      vertex 43.0302 -28.1198 10
      vertex 43.0302 -28.1198 0
    endloop
  endfacet
  facet normal -0.595761 -0.803162 0
    outer loop
      vertex 48.3334 -21.6578 0
      vertex 48.6645 -21.9034 10
      vertex 48.3334 -21.6578 10
    endloop
  endfacet
  facet normal -0.595761 -0.803162 -0
    outer loop
      vertex 48.6645 -21.9034 10
      vertex 48.3334 -21.6578 0
      vertex 48.6645 -21.9034 0
    endloop
  endfacet
  facet normal -0.998798 -0.0490059 -5.83324e-20
    outer loop
      vertex 50.2 -25.15 0
      vertex 50.1798 -24.7383 10
      vertex 50.1798 -24.7383 0
    endloop
  endfacet
  facet normal -0.998798 -0.0490059 -5.83324e-20
    outer loop
      vertex 50.1798 -24.7383 10
      vertex 50.2 -25.15 0
      vertex 50.2 -25.15 10
    endloop
  endfacet
  facet normal 0.671682 0.74084 -0
    outer loop
      vertex 43.3355 -28.3966 0
      vertex 43.0302 -28.1198 10
      vertex 43.3355 -28.3966 10
    endloop
  endfacet
  facet normal 0.671682 0.74084 0
    outer loop
      vertex 43.0302 -28.1198 10
      vertex 43.3355 -28.3966 0
      vertex 43.0302 -28.1198 0
    endloop
  endfacet
  facet normal -0.243106 0.97 0
    outer loop
      vertex 47.2192 -29.1691 0
      vertex 46.8194 -29.2693 10
      vertex 47.2192 -29.1691 10
    endloop
  endfacet
  facet normal -0.243106 0.97 0
    outer loop
      vertex 46.8194 -29.2693 10
      vertex 47.2192 -29.1691 0
      vertex 46.8194 -29.2693 0
    endloop
  endfacet
  facet normal -0.595761 0.803162 0
    outer loop
      vertex 48.6645 -28.3966 0
      vertex 48.3334 -28.6422 10
      vertex 48.6645 -28.3966 10
    endloop
  endfacet
  facet normal -0.595761 0.803162 0
    outer loop
      vertex 48.3334 -28.6422 10
      vertex 48.6645 -28.3966 0
      vertex 48.3334 -28.6422 0
    endloop
  endfacet
  facet normal 0.242878 -0.970057 0
    outer loop
      vertex 44.7808 -21.1308 0
      vertex 45.1806 -21.0307 10
      vertex 44.7808 -21.1308 10
    endloop
  endfacet
  facet normal 0.242878 -0.970057 0
    outer loop
      vertex 45.1806 -21.0307 10
      vertex 44.7808 -21.1308 0
      vertex 45.1806 -21.0307 0
    endloop
  endfacet
  facet normal 0.989168 -0.146786 -9.22087e-20
    outer loop
      vertex 41.8202 25.5617 10
      vertex 41.8807 25.9694 0
      vertex 41.8807 25.9694 10
    endloop
  endfacet
  facet normal 0.989168 -0.146786 -9.22087e-20
    outer loop
      vertex 41.8807 25.9694 0
      vertex 41.8202 25.5617 10
      vertex 41.8202 25.5617 0
    endloop
  endfacet
  facet normal 0.998798 -0.0490059 5.83324e-20
    outer loop
      vertex 41.8 25.15 10
      vertex 41.8202 25.5617 0
      vertex 41.8202 25.5617 10
    endloop
  endfacet
  facet normal 0.998798 -0.0490059 5.83324e-20
    outer loop
      vertex 41.8202 25.5617 0
      vertex 41.8 25.15 10
      vertex 41.8 25.15 0
    endloop
  endfacet
  facet normal 0.97 -0.243106 7.25118e-19
    outer loop
      vertex 41.8807 25.9694 10
      vertex 41.9809 26.3692 0
      vertex 41.9809 26.3692 10
    endloop
  endfacet
  facet normal 0.97 -0.243106 7.25118e-19
    outer loop
      vertex 41.9809 26.3692 0
      vertex 41.8807 25.9694 10
      vertex 41.8807 25.9694 0
    endloop
  endfacet
  facet normal 0.595761 -0.803162 0
    outer loop
      vertex 43.3355 28.3966 0
      vertex 43.6666 28.6422 10
      vertex 43.3355 28.3966 10
    endloop
  endfacet
  facet normal 0.595761 -0.803162 0
    outer loop
      vertex 43.6666 28.6422 10
      vertex 43.3355 28.3966 0
      vertex 43.6666 28.6422 0
    endloop
  endfacet
  facet normal 0.427502 0.904014 -0
    outer loop
      vertex 44.3927 21.2697 0
      vertex 44.0201 21.4459 10
      vertex 44.3927 21.2697 10
    endloop
  endfacet
  facet normal 0.427502 0.904014 0
    outer loop
      vertex 44.0201 21.4459 10
      vertex 44.3927 21.2697 0
      vertex 44.0201 21.4459 0
    endloop
  endfacet
  facet normal -0.941594 -0.336751 -7.55987e-19
    outer loop
      vertex 50.0191 26.3692 0
      vertex 49.8803 26.7573 10
      vertex 49.8803 26.7573 0
    endloop
  endfacet
  facet normal -0.941594 -0.336751 -7.55987e-19
    outer loop
      vertex 49.8803 26.7573 10
      vertex 50.0191 26.3692 0
      vertex 50.0191 26.3692 10
    endloop
  endfacet
  facet normal -0.336751 -0.941594 0
    outer loop
      vertex 47.2192 29.1691 0
      vertex 47.6073 29.0303 10
      vertex 47.2192 29.1691 10
    endloop
  endfacet
  facet normal -0.336751 -0.941594 -0
    outer loop
      vertex 47.6073 29.0303 10
      vertex 47.2192 29.1691 0
      vertex 47.6073 29.0303 0
    endloop
  endfacet
  facet normal -0.595761 0.803162 0
    outer loop
      vertex 48.6645 21.9034 0
      vertex 48.3334 21.6578 10
      vertex 48.6645 21.9034 10
    endloop
  endfacet
  facet normal -0.595761 0.803162 0
    outer loop
      vertex 48.3334 21.6578 10
      vertex 48.6645 21.9034 0
      vertex 48.3334 21.6578 0
    endloop
  endfacet
  facet normal 0.941594 0.336751 -7.55987e-19
    outer loop
      vertex 42.1197 23.5427 10
      vertex 41.9809 23.9308 0
      vertex 41.9809 23.9308 10
    endloop
  endfacet
  facet normal 0.941594 0.336751 -7.55987e-19
    outer loop
      vertex 41.9809 23.9308 0
      vertex 42.1197 23.5427 10
      vertex 42.1197 23.5427 0
    endloop
  endfacet
  facet normal 0.998798 0.0490059 -5.83324e-20
    outer loop
      vertex 41.8202 24.7383 10
      vertex 41.8 25.15 0
      vertex 41.8 25.15 10
    endloop
  endfacet
  facet normal 0.998798 0.0490059 -5.83324e-20
    outer loop
      vertex 41.8 25.15 0
      vertex 41.8202 24.7383 10
      vertex 41.8202 24.7383 0
    endloop
  endfacet
  facet normal -0.97 -0.243106 -7.25118e-19
    outer loop
      vertex 50.1193 25.9694 0
      vertex 50.0191 26.3692 10
      vertex 50.0191 26.3692 0
    endloop
  endfacet
  facet normal -0.97 -0.243106 -7.25118e-19
    outer loop
      vertex 50.0191 26.3692 10
      vertex 50.1193 25.9694 0
      vertex 50.1193 25.9694 10
    endloop
  endfacet
  facet normal -0.671682 -0.74084 0
    outer loop
      vertex 48.6645 28.3966 0
      vertex 48.9698 28.1198 10
      vertex 48.6645 28.3966 10
    endloop
  endfacet
  facet normal -0.671682 -0.74084 -0
    outer loop
      vertex 48.9698 28.1198 10
      vertex 48.6645 28.3966 0
      vertex 48.9698 28.1198 0
    endloop
  endfacet
  facet normal 0.989168 0.146786 5.18041e-20
    outer loop
      vertex 41.8807 24.3306 10
      vertex 41.8202 24.7383 0
      vertex 41.8202 24.7383 10
    endloop
  endfacet
  facet normal 0.989168 0.146786 5.18041e-20
    outer loop
      vertex 41.8202 24.7383 0
      vertex 41.8807 24.3306 10
      vertex 41.8807 24.3306 0
    endloop
  endfacet
  facet normal 0.514139 0.857707 -0
    outer loop
      vertex 44.0201 21.4459 0
      vertex 43.6666 21.6578 10
      vertex 44.0201 21.4459 10
    endloop
  endfacet
  facet normal 0.514139 0.857707 0
    outer loop
      vertex 43.6666 21.6578 10
      vertex 44.0201 21.4459 0
      vertex 43.6666 21.6578 0
    endloop
  endfacet
  facet normal 0.904014 0.427502 1.40348e-18
    outer loop
      vertex 42.2959 23.1701 10
      vertex 42.1197 23.5427 0
      vertex 42.1197 23.5427 10
    endloop
  endfacet
  facet normal 0.904014 0.427502 1.40348e-18
    outer loop
      vertex 42.1197 23.5427 0
      vertex 42.2959 23.1701 10
      vertex 42.2959 23.1701 0
    endloop
  endfacet
  facet normal -0.74084 -0.671682 1.2981e-18
    outer loop
      vertex 49.2466 27.8145 0
      vertex 48.9698 28.1198 10
      vertex 48.9698 28.1198 0
    endloop
  endfacet
  facet normal -0.74084 -0.671682 1.2981e-18
    outer loop
      vertex 48.9698 28.1198 10
      vertex 49.2466 27.8145 0
      vertex 49.2466 27.8145 10
    endloop
  endfacet
  facet normal 0.0490059 -0.998798 0
    outer loop
      vertex 45.5883 29.3298 0
      vertex 46 29.35 10
      vertex 45.5883 29.3298 10
    endloop
  endfacet
  facet normal 0.0490059 -0.998798 0
    outer loop
      vertex 46 29.35 10
      vertex 45.5883 29.3298 0
      vertex 46 29.35 0
    endloop
  endfacet
  facet normal -0.989168 0.146786 -5.18041e-20
    outer loop
      vertex 50.1193 24.3306 0
      vertex 50.1798 24.7383 10
      vertex 50.1798 24.7383 0
    endloop
  endfacet
  facet normal -0.989168 0.146786 -5.18041e-20
    outer loop
      vertex 50.1798 24.7383 10
      vertex 50.1193 24.3306 0
      vertex 50.1193 24.3306 10
    endloop
  endfacet
  facet normal 0.97 0.243106 -7.25118e-19
    outer loop
      vertex 41.9809 23.9308 10
      vertex 41.8807 24.3306 0
      vertex 41.8807 24.3306 10
    endloop
  endfacet
  facet normal 0.97 0.243106 -7.25118e-19
    outer loop
      vertex 41.8807 24.3306 0
      vertex 41.9809 23.9308 10
      vertex 41.9809 23.9308 0
    endloop
  endfacet
  facet normal 0.242878 0.970057 -0
    outer loop
      vertex 45.1806 21.0307 0
      vertex 44.7808 21.1308 10
      vertex 45.1806 21.0307 10
    endloop
  endfacet
  facet normal 0.242878 0.970057 0
    outer loop
      vertex 44.7808 21.1308 10
      vertex 45.1806 21.0307 0
      vertex 44.7808 21.1308 0
    endloop
  endfacet
  facet normal -0.427502 -0.904014 0
    outer loop
      vertex 47.6073 29.0303 0
      vertex 47.9799 28.8541 10
      vertex 47.6073 29.0303 10
    endloop
  endfacet
  facet normal -0.427502 -0.904014 -0
    outer loop
      vertex 47.9799 28.8541 10
      vertex 47.6073 29.0303 0
      vertex 47.9799 28.8541 0
    endloop
  endfacet
  facet normal 0.904014 -0.427502 -1.40348e-18
    outer loop
      vertex 42.1197 26.7573 10
      vertex 42.2959 27.1299 0
      vertex 42.2959 27.1299 10
    endloop
  endfacet
  facet normal 0.904014 -0.427502 -1.40348e-18
    outer loop
      vertex 42.2959 27.1299 0
      vertex 42.1197 26.7573 10
      vertex 42.1197 26.7573 0
    endloop
  endfacet
  facet normal -0.989168 -0.146786 9.22087e-20
    outer loop
      vertex 50.1798 25.5617 0
      vertex 50.1193 25.9694 10
      vertex 50.1193 25.9694 0
    endloop
  endfacet
  facet normal -0.989168 -0.146786 9.22087e-20
    outer loop
      vertex 50.1193 25.9694 10
      vertex 50.1798 25.5617 0
      vertex 50.1798 25.5617 10
    endloop
  endfacet
  facet normal 0.803162 -0.595761 -3.28956e-19
    outer loop
      vertex 42.5078 27.4834 10
      vertex 42.7534 27.8145 0
      vertex 42.7534 27.8145 10
    endloop
  endfacet
  facet normal 0.803162 -0.595761 -3.28956e-19
    outer loop
      vertex 42.7534 27.8145 0
      vertex 42.5078 27.4834 10
      vertex 42.5078 27.4834 0
    endloop
  endfacet
  facet normal -0.243106 -0.97 0
    outer loop
      vertex 46.8194 29.2693 0
      vertex 47.2192 29.1691 10
      vertex 46.8194 29.2693 10
    endloop
  endfacet
  facet normal -0.243106 -0.97 -0
    outer loop
      vertex 47.2192 29.1691 10
      vertex 46.8194 29.2693 0
      vertex 47.2192 29.1691 0
    endloop
  endfacet
  facet normal -0.336966 0.941517 0
    outer loop
      vertex 47.6073 21.2697 0
      vertex 47.2192 21.1308 10
      vertex 47.6073 21.2697 10
    endloop
  endfacet
  facet normal -0.336966 0.941517 0
    outer loop
      vertex 47.2192 21.1308 10
      vertex 47.6073 21.2697 0
      vertex 47.2192 21.1308 0
    endloop
  endfacet
  facet normal -0.998798 0.0490059 5.83324e-20
    outer loop
      vertex 50.1798 24.7383 0
      vertex 50.2 25.15 10
      vertex 50.2 25.15 0
    endloop
  endfacet
  facet normal -0.998798 0.0490059 5.83324e-20
    outer loop
      vertex 50.2 25.15 10
      vertex 50.1798 24.7383 0
      vertex 50.1798 24.7383 10
    endloop
  endfacet
  facet normal 0.336966 0.941517 -0
    outer loop
      vertex 44.7808 21.1308 0
      vertex 44.3927 21.2697 10
      vertex 44.7808 21.1308 10
    endloop
  endfacet
  facet normal 0.336966 0.941517 0
    outer loop
      vertex 44.3927 21.2697 10
      vertex 44.7808 21.1308 0
      vertex 44.3927 21.2697 0
    endloop
  endfacet
  facet normal 0.427502 -0.904014 0
    outer loop
      vertex 44.0201 28.8541 0
      vertex 44.3927 29.0303 10
      vertex 44.0201 28.8541 10
    endloop
  endfacet
  facet normal 0.427502 -0.904014 0
    outer loop
      vertex 44.3927 29.0303 10
      vertex 44.0201 28.8541 0
      vertex 44.3927 29.0303 0
    endloop
  endfacet
  facet normal -0.857707 -0.514139 1.04509e-18
    outer loop
      vertex 49.7041 27.1299 0
      vertex 49.4922 27.4834 10
      vertex 49.4922 27.4834 0
    endloop
  endfacet
  facet normal -0.857707 -0.514139 1.04509e-18
    outer loop
      vertex 49.4922 27.4834 10
      vertex 49.7041 27.1299 0
      vertex 49.7041 27.1299 10
    endloop
  endfacet
  facet normal -0.857707 0.514139 -1.04509e-18
    outer loop
      vertex 49.4922 22.8166 0
      vertex 49.7041 23.1701 10
      vertex 49.7041 23.1701 0
    endloop
  endfacet
  facet normal -0.857707 0.514139 -1.04509e-18
    outer loop
      vertex 49.7041 23.1701 10
      vertex 49.4922 22.8166 0
      vertex 49.4922 22.8166 10
    endloop
  endfacet
  facet normal -0.74084 0.671682 -8.29332e-19
    outer loop
      vertex 48.9698 22.1802 0
      vertex 49.2466 22.4855 10
      vertex 49.2466 22.4855 0
    endloop
  endfacet
  facet normal -0.74084 0.671682 -8.29332e-19
    outer loop
      vertex 49.2466 22.4855 10
      vertex 48.9698 22.1802 0
      vertex 48.9698 22.1802 10
    endloop
  endfacet
  facet normal 0.0490059 0.998798 -0
    outer loop
      vertex 46 20.95 0
      vertex 45.5883 20.9702 10
      vertex 46 20.95 10
    endloop
  endfacet
  facet normal 0.0490059 0.998798 0
    outer loop
      vertex 45.5883 20.9702 10
      vertex 46 20.95 0
      vertex 45.5883 20.9702 0
    endloop
  endfacet
  facet normal 0.514139 -0.857707 0
    outer loop
      vertex 43.6666 28.6422 0
      vertex 44.0201 28.8541 10
      vertex 43.6666 28.6422 10
    endloop
  endfacet
  facet normal 0.514139 -0.857707 0
    outer loop
      vertex 44.0201 28.8541 10
      vertex 43.6666 28.6422 0
      vertex 44.0201 28.8541 0
    endloop
  endfacet
  facet normal 0.941594 -0.336751 7.55987e-19
    outer loop
      vertex 41.9809 26.3692 10
      vertex 42.1197 26.7573 0
      vertex 42.1197 26.7573 10
    endloop
  endfacet
  facet normal 0.941594 -0.336751 7.55987e-19
    outer loop
      vertex 42.1197 26.7573 0
      vertex 41.9809 26.3692 10
      vertex 41.9809 26.3692 0
    endloop
  endfacet
  facet normal 0.803162 0.595761 7.54467e-19
    outer loop
      vertex 42.7534 22.4855 10
      vertex 42.5078 22.8166 0
      vertex 42.5078 22.8166 10
    endloop
  endfacet
  facet normal 0.803162 0.595761 7.54467e-19
    outer loop
      vertex 42.5078 22.8166 0
      vertex 42.7534 22.4855 10
      vertex 42.7534 22.4855 0
    endloop
  endfacet
  facet normal 0.74084 -0.671682 -1.2981e-18
    outer loop
      vertex 42.7534 27.8145 10
      vertex 43.0302 28.1198 0
      vertex 43.0302 28.1198 10
    endloop
  endfacet
  facet normal 0.74084 -0.671682 -1.2981e-18
    outer loop
      vertex 43.0302 28.1198 0
      vertex 42.7534 27.8145 10
      vertex 42.7534 27.8145 0
    endloop
  endfacet
  facet normal -0.97 0.243106 7.25118e-19
    outer loop
      vertex 50.0191 23.9308 0
      vertex 50.1193 24.3306 10
      vertex 50.1193 24.3306 0
    endloop
  endfacet
  facet normal -0.97 0.243106 7.25118e-19
    outer loop
      vertex 50.1193 24.3306 10
      vertex 50.0191 23.9308 0
      vertex 50.0191 23.9308 10
    endloop
  endfacet
  facet normal 0.336751 -0.941594 0
    outer loop
      vertex 44.3927 29.0303 0
      vertex 44.7808 29.1691 10
      vertex 44.3927 29.0303 10
    endloop
  endfacet
  facet normal 0.336751 -0.941594 0
    outer loop
      vertex 44.7808 29.1691 10
      vertex 44.3927 29.0303 0
      vertex 44.7808 29.1691 0
    endloop
  endfacet
  facet normal -0.671682 0.74084 0
    outer loop
      vertex 48.9698 22.1802 0
      vertex 48.6645 21.9034 10
      vertex 48.9698 22.1802 10
    endloop
  endfacet
  facet normal -0.671682 0.74084 0
    outer loop
      vertex 48.6645 21.9034 10
      vertex 48.9698 22.1802 0
      vertex 48.6645 21.9034 0
    endloop
  endfacet
  facet normal -0.904014 0.427502 -1.40348e-18
    outer loop
      vertex 49.7041 23.1701 0
      vertex 49.8803 23.5427 10
      vertex 49.8803 23.5427 0
    endloop
  endfacet
  facet normal -0.904014 0.427502 -1.40348e-18
    outer loop
      vertex 49.8803 23.5427 10
      vertex 49.7041 23.1701 0
      vertex 49.7041 23.1701 10
    endloop
  endfacet
  facet normal 0.74084 0.671682 8.29332e-19
    outer loop
      vertex 43.0302 22.1802 10
      vertex 42.7534 22.4855 0
      vertex 42.7534 22.4855 10
    endloop
  endfacet
  facet normal 0.74084 0.671682 8.29332e-19
    outer loop
      vertex 42.7534 22.4855 0
      vertex 43.0302 22.1802 10
      vertex 43.0302 22.1802 0
    endloop
  endfacet
  facet normal 0.857707 -0.514139 -1.04509e-18
    outer loop
      vertex 42.2959 27.1299 10
      vertex 42.5078 27.4834 0
      vertex 42.5078 27.4834 10
    endloop
  endfacet
  facet normal 0.857707 -0.514139 -1.04509e-18
    outer loop
      vertex 42.5078 27.4834 0
      vertex 42.2959 27.1299 10
      vertex 42.2959 27.1299 0
    endloop
  endfacet
  facet normal 0.857707 0.514139 1.04509e-18
    outer loop
      vertex 42.5078 22.8166 10
      vertex 42.2959 23.1701 0
      vertex 42.2959 23.1701 10
    endloop
  endfacet
  facet normal 0.857707 0.514139 1.04509e-18
    outer loop
      vertex 42.2959 23.1701 0
      vertex 42.5078 22.8166 10
      vertex 42.5078 22.8166 0
    endloop
  endfacet
  facet normal 0.146786 0.989168 -0
    outer loop
      vertex 45.5883 20.9702 0
      vertex 45.1806 21.0307 10
      vertex 45.5883 20.9702 10
    endloop
  endfacet
  facet normal 0.146786 0.989168 0
    outer loop
      vertex 45.1806 21.0307 10
      vertex 45.5883 20.9702 0
      vertex 45.1806 21.0307 0
    endloop
  endfacet
  facet normal -0.803162 -0.595761 3.28956e-19
    outer loop
      vertex 49.4922 27.4834 0
      vertex 49.2466 27.8145 10
      vertex 49.2466 27.8145 0
    endloop
  endfacet
  facet normal -0.803162 -0.595761 3.28956e-19
    outer loop
      vertex 49.2466 27.8145 10
      vertex 49.4922 27.4834 0
      vertex 49.4922 27.4834 10
    endloop
  endfacet
  facet normal -0.146786 -0.989168 0
    outer loop
      vertex 46.4117 29.3298 0
      vertex 46.8194 29.2693 10
      vertex 46.4117 29.3298 10
    endloop
  endfacet
  facet normal -0.146786 -0.989168 -0
    outer loop
      vertex 46.8194 29.2693 10
      vertex 46.4117 29.3298 0
      vertex 46.8194 29.2693 0
    endloop
  endfacet
  facet normal -0.427502 0.904014 0
    outer loop
      vertex 47.9799 21.4459 0
      vertex 47.6073 21.2697 10
      vertex 47.9799 21.4459 10
    endloop
  endfacet
  facet normal -0.427502 0.904014 0
    outer loop
      vertex 47.6073 21.2697 10
      vertex 47.9799 21.4459 0
      vertex 47.6073 21.2697 0
    endloop
  endfacet
  facet normal -0.242878 0.970057 0
    outer loop
      vertex 47.2192 21.1308 0
      vertex 46.8194 21.0307 10
      vertex 47.2192 21.1308 10
    endloop
  endfacet
  facet normal -0.242878 0.970057 0
    outer loop
      vertex 46.8194 21.0307 10
      vertex 47.2192 21.1308 0
      vertex 46.8194 21.0307 0
    endloop
  endfacet
  facet normal -0.0490059 -0.998798 0
    outer loop
      vertex 46 29.35 0
      vertex 46.4117 29.3298 10
      vertex 46 29.35 10
    endloop
  endfacet
  facet normal -0.0490059 -0.998798 -0
    outer loop
      vertex 46.4117 29.3298 10
      vertex 46 29.35 0
      vertex 46.4117 29.3298 0
    endloop
  endfacet
  facet normal -0.0490059 0.998798 0
    outer loop
      vertex 46.4117 20.9702 0
      vertex 46 20.95 10
      vertex 46.4117 20.9702 10
    endloop
  endfacet
  facet normal -0.0490059 0.998798 0
    outer loop
      vertex 46 20.95 10
      vertex 46.4117 20.9702 0
      vertex 46 20.95 0
    endloop
  endfacet
  facet normal -0.146786 0.989168 0
    outer loop
      vertex 46.8194 21.0307 0
      vertex 46.4117 20.9702 10
      vertex 46.8194 21.0307 10
    endloop
  endfacet
  facet normal -0.146786 0.989168 0
    outer loop
      vertex 46.4117 20.9702 10
      vertex 46.8194 21.0307 0
      vertex 46.4117 20.9702 0
    endloop
  endfacet
  facet normal 0.671682 0.74084 -0
    outer loop
      vertex 43.3355 21.9034 0
      vertex 43.0302 22.1802 10
      vertex 43.3355 21.9034 10
    endloop
  endfacet
  facet normal 0.671682 0.74084 0
    outer loop
      vertex 43.0302 22.1802 10
      vertex 43.3355 21.9034 0
      vertex 43.0302 22.1802 0
    endloop
  endfacet
  facet normal 0.671682 -0.74084 0
    outer loop
      vertex 43.0302 28.1198 0
      vertex 43.3355 28.3966 10
      vertex 43.0302 28.1198 10
    endloop
  endfacet
  facet normal 0.671682 -0.74084 0
    outer loop
      vertex 43.3355 28.3966 10
      vertex 43.0302 28.1198 0
      vertex 43.3355 28.3966 0
    endloop
  endfacet
  facet normal -0.941594 0.336751 7.55987e-19
    outer loop
      vertex 49.8803 23.5427 0
      vertex 50.0191 23.9308 10
      vertex 50.0191 23.9308 0
    endloop
  endfacet
  facet normal -0.941594 0.336751 7.55987e-19
    outer loop
      vertex 50.0191 23.9308 10
      vertex 49.8803 23.5427 0
      vertex 49.8803 23.5427 10
    endloop
  endfacet
  facet normal -0.803162 0.595761 -7.54467e-19
    outer loop
      vertex 49.2466 22.4855 0
      vertex 49.4922 22.8166 10
      vertex 49.4922 22.8166 0
    endloop
  endfacet
  facet normal -0.803162 0.595761 -7.54467e-19
    outer loop
      vertex 49.4922 22.8166 10
      vertex 49.2466 22.4855 0
      vertex 49.2466 22.4855 10
    endloop
  endfacet
  facet normal -0.998798 -0.0490059 -5.83324e-20
    outer loop
      vertex 50.2 25.15 0
      vertex 50.1798 25.5617 10
      vertex 50.1798 25.5617 0
    endloop
  endfacet
  facet normal -0.998798 -0.0490059 -5.83324e-20
    outer loop
      vertex 50.1798 25.5617 10
      vertex 50.2 25.15 0
      vertex 50.2 25.15 10
    endloop
  endfacet
  facet normal 0.595761 0.803162 -0
    outer loop
      vertex 43.6666 21.6578 0
      vertex 43.3355 21.9034 10
      vertex 43.6666 21.6578 10
    endloop
  endfacet
  facet normal 0.595761 0.803162 0
    outer loop
      vertex 43.3355 21.9034 10
      vertex 43.6666 21.6578 0
      vertex 43.3355 21.9034 0
    endloop
  endfacet
  facet normal -0.904014 -0.427502 1.40348e-18
    outer loop
      vertex 49.8803 26.7573 0
      vertex 49.7041 27.1299 10
      vertex 49.7041 27.1299 0
    endloop
  endfacet
  facet normal -0.904014 -0.427502 1.40348e-18
    outer loop
      vertex 49.7041 27.1299 10
      vertex 49.8803 26.7573 0
      vertex 49.8803 26.7573 10
    endloop
  endfacet
  facet normal -0.595761 -0.803162 0
    outer loop
      vertex 48.3334 28.6422 0
      vertex 48.6645 28.3966 10
      vertex 48.3334 28.6422 10
    endloop
  endfacet
  facet normal -0.595761 -0.803162 -0
    outer loop
      vertex 48.6645 28.3966 10
      vertex 48.3334 28.6422 0
      vertex 48.6645 28.3966 0
    endloop
  endfacet
  facet normal -0.514139 -0.857707 0
    outer loop
      vertex 47.9799 28.8541 0
      vertex 48.3334 28.6422 10
      vertex 47.9799 28.8541 10
    endloop
  endfacet
  facet normal -0.514139 -0.857707 -0
    outer loop
      vertex 48.3334 28.6422 10
      vertex 47.9799 28.8541 0
      vertex 48.3334 28.6422 0
    endloop
  endfacet
  facet normal 0.243106 -0.97 0
    outer loop
      vertex 44.7808 29.1691 0
      vertex 45.1806 29.2693 10
      vertex 44.7808 29.1691 10
    endloop
  endfacet
  facet normal 0.243106 -0.97 0
    outer loop
      vertex 45.1806 29.2693 10
      vertex 44.7808 29.1691 0
      vertex 45.1806 29.2693 0
    endloop
  endfacet
  facet normal -0.514139 0.857707 0
    outer loop
      vertex 48.3334 21.6578 0
      vertex 47.9799 21.4459 10
      vertex 48.3334 21.6578 10
    endloop
  endfacet
  facet normal -0.514139 0.857707 0
    outer loop
      vertex 47.9799 21.4459 10
      vertex 48.3334 21.6578 0
      vertex 47.9799 21.4459 0
    endloop
  endfacet
  facet normal 0.146786 -0.989168 0
    outer loop
      vertex 45.1806 29.2693 0
      vertex 45.5883 29.3298 10
      vertex 45.1806 29.2693 10
    endloop
  endfacet
  facet normal 0.146786 -0.989168 0
    outer loop
      vertex 45.5883 29.3298 10
      vertex 45.1806 29.2693 0
      vertex 45.5883 29.3298 0
    endloop
  endfacet
  facet normal 0.989168 -0.146786 -5.18041e-20
    outer loop
      vertex -50.1798 -24.7383 10
      vertex -50.1193 -24.3306 0
      vertex -50.1193 -24.3306 10
    endloop
  endfacet
  facet normal 0.989168 -0.146786 -5.18041e-20
    outer loop
      vertex -50.1193 -24.3306 0
      vertex -50.1798 -24.7383 10
      vertex -50.1798 -24.7383 0
    endloop
  endfacet
  facet normal 0.998798 -0.0490059 5.83324e-20
    outer loop
      vertex -50.2 -25.15 10
      vertex -50.1798 -24.7383 0
      vertex -50.1798 -24.7383 10
    endloop
  endfacet
  facet normal 0.998798 -0.0490059 5.83324e-20
    outer loop
      vertex -50.1798 -24.7383 0
      vertex -50.2 -25.15 10
      vertex -50.2 -25.15 0
    endloop
  endfacet
  facet normal 0.97 -0.243106 7.25118e-19
    outer loop
      vertex -50.1193 -24.3306 10
      vertex -50.0191 -23.9308 0
      vertex -50.0191 -23.9308 10
    endloop
  endfacet
  facet normal 0.97 -0.243106 7.25118e-19
    outer loop
      vertex -50.0191 -23.9308 0
      vertex -50.1193 -24.3306 10
      vertex -50.1193 -24.3306 0
    endloop
  endfacet
  facet normal 0.427502 -0.904014 0
    outer loop
      vertex -47.9799 -21.4459 0
      vertex -47.6073 -21.2697 10
      vertex -47.9799 -21.4459 10
    endloop
  endfacet
  facet normal 0.427502 -0.904014 0
    outer loop
      vertex -47.6073 -21.2697 10
      vertex -47.9799 -21.4459 0
      vertex -47.6073 -21.2697 0
    endloop
  endfacet
  facet normal 0.146786 -0.989168 0
    outer loop
      vertex -46.8194 -21.0307 0
      vertex -46.4117 -20.9702 10
      vertex -46.8194 -21.0307 10
    endloop
  endfacet
  facet normal 0.146786 -0.989168 0
    outer loop
      vertex -46.4117 -20.9702 10
      vertex -46.8194 -21.0307 0
      vertex -46.4117 -20.9702 0
    endloop
  endfacet
  facet normal -0.0490059 0.998798 0
    outer loop
      vertex -45.5883 -29.3298 0
      vertex -46 -29.35 10
      vertex -45.5883 -29.3298 10
    endloop
  endfacet
  facet normal -0.0490059 0.998798 0
    outer loop
      vertex -46 -29.35 10
      vertex -45.5883 -29.3298 0
      vertex -46 -29.35 0
    endloop
  endfacet
  facet normal 0.514139 -0.857707 0
    outer loop
      vertex -48.3334 -21.6578 0
      vertex -47.9799 -21.4459 10
      vertex -48.3334 -21.6578 10
    endloop
  endfacet
  facet normal 0.514139 -0.857707 0
    outer loop
      vertex -47.9799 -21.4459 10
      vertex -48.3334 -21.6578 0
      vertex -47.9799 -21.4459 0
    endloop
  endfacet
  facet normal 0.998798 0.0490059 -5.83324e-20
    outer loop
      vertex -50.1798 -25.5617 10
      vertex -50.2 -25.15 0
      vertex -50.2 -25.15 10
    endloop
  endfacet
  facet normal 0.998798 0.0490059 -5.83324e-20
    outer loop
      vertex -50.2 -25.15 0
      vertex -50.1798 -25.5617 10
      vertex -50.1798 -25.5617 0
    endloop
  endfacet
  facet normal -0.74084 0.671682 -1.2981e-18
    outer loop
      vertex -43.0302 -28.1198 0
      vertex -42.7534 -27.8145 10
      vertex -42.7534 -27.8145 0
    endloop
  endfacet
  facet normal -0.74084 0.671682 -1.2981e-18
    outer loop
      vertex -42.7534 -27.8145 10
      vertex -43.0302 -28.1198 0
      vertex -43.0302 -28.1198 10
    endloop
  endfacet
  facet normal -0.336966 -0.941517 0
    outer loop
      vertex -44.7808 -21.1308 0
      vertex -44.3927 -21.2697 10
      vertex -44.7808 -21.1308 10
    endloop
  endfacet
  facet normal -0.336966 -0.941517 -0
    outer loop
      vertex -44.3927 -21.2697 10
      vertex -44.7808 -21.1308 0
      vertex -44.3927 -21.2697 0
    endloop
  endfacet
  facet normal 0.857707 0.514139 1.04509e-18
    outer loop
      vertex -49.4922 -27.4834 10
      vertex -49.7041 -27.1299 0
      vertex -49.7041 -27.1299 10
    endloop
  endfacet
  facet normal 0.857707 0.514139 1.04509e-18
    outer loop
      vertex -49.7041 -27.1299 0
      vertex -49.4922 -27.4834 10
      vertex -49.4922 -27.4834 0
    endloop
  endfacet
  facet normal 0.671682 -0.74084 0
    outer loop
      vertex -48.9698 -22.1802 0
      vertex -48.6645 -21.9034 10
      vertex -48.9698 -22.1802 10
    endloop
  endfacet
  facet normal 0.671682 -0.74084 0
    outer loop
      vertex -48.6645 -21.9034 10
      vertex -48.9698 -22.1802 0
      vertex -48.6645 -21.9034 0
    endloop
  endfacet
  facet normal -0.671682 -0.74084 0
    outer loop
      vertex -43.3355 -21.9034 0
      vertex -43.0302 -22.1802 10
      vertex -43.3355 -21.9034 10
    endloop
  endfacet
  facet normal -0.671682 -0.74084 -0
    outer loop
      vertex -43.0302 -22.1802 10
      vertex -43.3355 -21.9034 0
      vertex -43.0302 -22.1802 0
    endloop
  endfacet
  facet normal -0.803162 -0.595761 7.54467e-19
    outer loop
      vertex -42.5078 -22.8166 0
      vertex -42.7534 -22.4855 10
      vertex -42.7534 -22.4855 0
    endloop
  endfacet
  facet normal -0.803162 -0.595761 7.54467e-19
    outer loop
      vertex -42.7534 -22.4855 10
      vertex -42.5078 -22.8166 0
      vertex -42.5078 -22.8166 10
    endloop
  endfacet
  facet normal -0.941594 -0.336751 -7.55987e-19
    outer loop
      vertex -41.9809 -23.9308 0
      vertex -42.1197 -23.5427 10
      vertex -42.1197 -23.5427 0
    endloop
  endfacet
  facet normal -0.941594 -0.336751 -7.55987e-19
    outer loop
      vertex -42.1197 -23.5427 10
      vertex -41.9809 -23.9308 0
      vertex -41.9809 -23.9308 10
    endloop
  endfacet
  facet normal -0.146786 -0.989168 0
    outer loop
      vertex -45.5883 -20.9702 0
      vertex -45.1806 -21.0307 10
      vertex -45.5883 -20.9702 10
    endloop
  endfacet
  facet normal -0.146786 -0.989168 -0
    outer loop
      vertex -45.1806 -21.0307 10
      vertex -45.5883 -20.9702 0
      vertex -45.1806 -21.0307 0
    endloop
  endfacet
  facet normal -0.989168 0.146786 -9.22087e-20
    outer loop
      vertex -41.8807 -25.9694 0
      vertex -41.8202 -25.5617 10
      vertex -41.8202 -25.5617 0
    endloop
  endfacet
  facet normal -0.989168 0.146786 -9.22087e-20
    outer loop
      vertex -41.8202 -25.5617 10
      vertex -41.8807 -25.9694 0
      vertex -41.8807 -25.9694 10
    endloop
  endfacet
  facet normal -0.998798 0.0490059 5.83324e-20
    outer loop
      vertex -41.8202 -25.5617 0
      vertex -41.8 -25.15 10
      vertex -41.8 -25.15 0
    endloop
  endfacet
  facet normal -0.998798 0.0490059 5.83324e-20
    outer loop
      vertex -41.8 -25.15 10
      vertex -41.8202 -25.5617 0
      vertex -41.8202 -25.5617 10
    endloop
  endfacet
  facet normal 0.243106 0.97 -0
    outer loop
      vertex -46.8194 -29.2693 0
      vertex -47.2192 -29.1691 10
      vertex -46.8194 -29.2693 10
    endloop
  endfacet
  facet normal 0.243106 0.97 0
    outer loop
      vertex -47.2192 -29.1691 10
      vertex -46.8194 -29.2693 0
      vertex -47.2192 -29.1691 0
    endloop
  endfacet
  facet normal -0.242878 -0.970057 0
    outer loop
      vertex -45.1806 -21.0307 0
      vertex -44.7808 -21.1308 10
      vertex -45.1806 -21.0307 10
    endloop
  endfacet
  facet normal -0.242878 -0.970057 -0
    outer loop
      vertex -44.7808 -21.1308 10
      vertex -45.1806 -21.0307 0
      vertex -44.7808 -21.1308 0
    endloop
  endfacet
  facet normal -0.514139 0.857707 0
    outer loop
      vertex -43.6666 -28.6422 0
      vertex -44.0201 -28.8541 10
      vertex -43.6666 -28.6422 10
    endloop
  endfacet
  facet normal -0.514139 0.857707 0
    outer loop
      vertex -44.0201 -28.8541 10
      vertex -43.6666 -28.6422 0
      vertex -44.0201 -28.8541 0
    endloop
  endfacet
  facet normal 0.74084 -0.671682 -8.29332e-19
    outer loop
      vertex -49.2466 -22.4855 10
      vertex -48.9698 -22.1802 0
      vertex -48.9698 -22.1802 10
    endloop
  endfacet
  facet normal 0.74084 -0.671682 -8.29332e-19
    outer loop
      vertex -48.9698 -22.1802 0
      vertex -49.2466 -22.4855 10
      vertex -49.2466 -22.4855 0
    endloop
  endfacet
  facet normal 0.427502 0.904014 -0
    outer loop
      vertex -47.6073 -29.0303 0
      vertex -47.9799 -28.8541 10
      vertex -47.6073 -29.0303 10
    endloop
  endfacet
  facet normal 0.427502 0.904014 0
    outer loop
      vertex -47.9799 -28.8541 10
      vertex -47.6073 -29.0303 0
      vertex -47.9799 -28.8541 0
    endloop
  endfacet
  facet normal 0.514139 0.857707 -0
    outer loop
      vertex -47.9799 -28.8541 0
      vertex -48.3334 -28.6422 10
      vertex -47.9799 -28.8541 10
    endloop
  endfacet
  facet normal 0.514139 0.857707 0
    outer loop
      vertex -48.3334 -28.6422 10
      vertex -47.9799 -28.8541 0
      vertex -48.3334 -28.6422 0
    endloop
  endfacet
  facet normal 0.803162 0.595761 3.28956e-19
    outer loop
      vertex -49.2466 -27.8145 10
      vertex -49.4922 -27.4834 0
      vertex -49.4922 -27.4834 10
    endloop
  endfacet
  facet normal 0.803162 0.595761 3.28956e-19
    outer loop
      vertex -49.4922 -27.4834 0
      vertex -49.2466 -27.8145 10
      vertex -49.2466 -27.8145 0
    endloop
  endfacet
  facet normal 0.904014 0.427502 1.40348e-18
    outer loop
      vertex -49.7041 -27.1299 10
      vertex -49.8803 -26.7573 0
      vertex -49.8803 -26.7573 10
    endloop
  endfacet
  facet normal 0.904014 0.427502 1.40348e-18
    outer loop
      vertex -49.8803 -26.7573 0
      vertex -49.7041 -27.1299 10
      vertex -49.7041 -27.1299 0
    endloop
  endfacet
  facet normal 0.242878 -0.970057 0
    outer loop
      vertex -47.2192 -21.1308 0
      vertex -46.8194 -21.0307 10
      vertex -47.2192 -21.1308 10
    endloop
  endfacet
  facet normal 0.242878 -0.970057 0
    outer loop
      vertex -46.8194 -21.0307 10
      vertex -47.2192 -21.1308 0
      vertex -46.8194 -21.0307 0
    endloop
  endfacet
  facet normal 0.336966 -0.941517 0
    outer loop
      vertex -47.6073 -21.2697 0
      vertex -47.2192 -21.1308 10
      vertex -47.6073 -21.2697 10
    endloop
  endfacet
  facet normal 0.336966 -0.941517 0
    outer loop
      vertex -47.2192 -21.1308 10
      vertex -47.6073 -21.2697 0
      vertex -47.2192 -21.1308 0
    endloop
  endfacet
  facet normal 0.803162 -0.595761 -7.54467e-19
    outer loop
      vertex -49.4922 -22.8166 10
      vertex -49.2466 -22.4855 0
      vertex -49.2466 -22.4855 10
    endloop
  endfacet
  facet normal 0.803162 -0.595761 -7.54467e-19
    outer loop
      vertex -49.2466 -22.4855 0
      vertex -49.4922 -22.8166 10
      vertex -49.4922 -22.8166 0
    endloop
  endfacet
  facet normal 0.336751 0.941594 -0
    outer loop
      vertex -47.2192 -29.1691 0
      vertex -47.6073 -29.0303 10
      vertex -47.2192 -29.1691 10
    endloop
  endfacet
  facet normal 0.336751 0.941594 0
    outer loop
      vertex -47.6073 -29.0303 10
      vertex -47.2192 -29.1691 0
      vertex -47.6073 -29.0303 0
    endloop
  endfacet
  facet normal -0.0490059 -0.998798 0
    outer loop
      vertex -46 -20.95 0
      vertex -45.5883 -20.9702 10
      vertex -46 -20.95 10
    endloop
  endfacet
  facet normal -0.0490059 -0.998798 -0
    outer loop
      vertex -45.5883 -20.9702 10
      vertex -46 -20.95 0
      vertex -45.5883 -20.9702 0
    endloop
  endfacet
  facet normal 0.989168 0.146786 9.22087e-20
    outer loop
      vertex -50.1193 -25.9694 10
      vertex -50.1798 -25.5617 0
      vertex -50.1798 -25.5617 10
    endloop
  endfacet
  facet normal 0.989168 0.146786 9.22087e-20
    outer loop
      vertex -50.1798 -25.5617 0
      vertex -50.1193 -25.9694 10
      vertex -50.1193 -25.9694 0
    endloop
  endfacet
  facet normal -0.146786 0.989168 0
    outer loop
      vertex -45.1806 -29.2693 0
      vertex -45.5883 -29.3298 10
      vertex -45.1806 -29.2693 10
    endloop
  endfacet
  facet normal -0.146786 0.989168 0
    outer loop
      vertex -45.5883 -29.3298 10
      vertex -45.1806 -29.2693 0
      vertex -45.5883 -29.3298 0
    endloop
  endfacet
  facet normal -0.514139 -0.857707 0
    outer loop
      vertex -44.0201 -21.4459 0
      vertex -43.6666 -21.6578 10
      vertex -44.0201 -21.4459 10
    endloop
  endfacet
  facet normal -0.514139 -0.857707 -0
    outer loop
      vertex -43.6666 -21.6578 10
      vertex -44.0201 -21.4459 0
      vertex -43.6666 -21.6578 0
    endloop
  endfacet
  facet normal -0.74084 -0.671682 8.29332e-19
    outer loop
      vertex -42.7534 -22.4855 0
      vertex -43.0302 -22.1802 10
      vertex -43.0302 -22.1802 0
    endloop
  endfacet
  facet normal -0.74084 -0.671682 8.29332e-19
    outer loop
      vertex -43.0302 -22.1802 10
      vertex -42.7534 -22.4855 0
      vertex -42.7534 -22.4855 10
    endloop
  endfacet
  facet normal 0.941594 -0.336751 7.55987e-19
    outer loop
      vertex -50.0191 -23.9308 10
      vertex -49.8803 -23.5427 0
      vertex -49.8803 -23.5427 10
    endloop
  endfacet
  facet normal 0.941594 -0.336751 7.55987e-19
    outer loop
      vertex -49.8803 -23.5427 0
      vertex -50.0191 -23.9308 10
      vertex -50.0191 -23.9308 0
    endloop
  endfacet
  facet normal 0.595761 -0.803162 0
    outer loop
      vertex -48.6645 -21.9034 0
      vertex -48.3334 -21.6578 10
      vertex -48.6645 -21.9034 10
    endloop
  endfacet
  facet normal 0.595761 -0.803162 0
    outer loop
      vertex -48.3334 -21.6578 10
      vertex -48.6645 -21.9034 0
      vertex -48.3334 -21.6578 0
    endloop
  endfacet
  facet normal -0.97 -0.243106 -7.25118e-19
    outer loop
      vertex -41.8807 -24.3306 0
      vertex -41.9809 -23.9308 10
      vertex -41.9809 -23.9308 0
    endloop
  endfacet
  facet normal -0.97 -0.243106 -7.25118e-19
    outer loop
      vertex -41.9809 -23.9308 10
      vertex -41.8807 -24.3306 0
      vertex -41.8807 -24.3306 10
    endloop
  endfacet
  facet normal 0.904014 -0.427502 -1.40348e-18
    outer loop
      vertex -49.8803 -23.5427 10
      vertex -49.7041 -23.1701 0
      vertex -49.7041 -23.1701 10
    endloop
  endfacet
  facet normal 0.904014 -0.427502 -1.40348e-18
    outer loop
      vertex -49.7041 -23.1701 0
      vertex -49.8803 -23.5427 10
      vertex -49.8803 -23.5427 0
    endloop
  endfacet
  facet normal 0.97 0.243106 -7.25118e-19
    outer loop
      vertex -50.0191 -26.3692 10
      vertex -50.1193 -25.9694 0
      vertex -50.1193 -25.9694 10
    endloop
  endfacet
  facet normal 0.97 0.243106 -7.25118e-19
    outer loop
      vertex -50.1193 -25.9694 0
      vertex -50.0191 -26.3692 10
      vertex -50.0191 -26.3692 0
    endloop
  endfacet
  facet normal 0.857707 -0.514139 -1.04509e-18
    outer loop
      vertex -49.7041 -23.1701 10
      vertex -49.4922 -22.8166 0
      vertex -49.4922 -22.8166 10
    endloop
  endfacet
  facet normal 0.857707 -0.514139 -1.04509e-18
    outer loop
      vertex -49.4922 -22.8166 0
      vertex -49.7041 -23.1701 10
      vertex -49.7041 -23.1701 0
    endloop
  endfacet
  facet normal -0.904014 -0.427502 1.40348e-18
    outer loop
      vertex -42.1197 -23.5427 0
      vertex -42.2959 -23.1701 10
      vertex -42.2959 -23.1701 0
    endloop
  endfacet
  facet normal -0.904014 -0.427502 1.40348e-18
    outer loop
      vertex -42.2959 -23.1701 10
      vertex -42.1197 -23.5427 0
      vertex -42.1197 -23.5427 10
    endloop
  endfacet
  facet normal -0.941594 0.336751 7.55987e-19
    outer loop
      vertex -42.1197 -26.7573 0
      vertex -41.9809 -26.3692 10
      vertex -41.9809 -26.3692 0
    endloop
  endfacet
  facet normal -0.941594 0.336751 7.55987e-19
    outer loop
      vertex -41.9809 -26.3692 10
      vertex -42.1197 -26.7573 0
      vertex -42.1197 -26.7573 10
    endloop
  endfacet
  facet normal -0.803162 0.595761 -3.28956e-19
    outer loop
      vertex -42.7534 -27.8145 0
      vertex -42.5078 -27.4834 10
      vertex -42.5078 -27.4834 0
    endloop
  endfacet
  facet normal -0.803162 0.595761 -3.28956e-19
    outer loop
      vertex -42.5078 -27.4834 10
      vertex -42.7534 -27.8145 0
      vertex -42.7534 -27.8145 10
    endloop
  endfacet
  facet normal -0.427502 -0.904014 0
    outer loop
      vertex -44.3927 -21.2697 0
      vertex -44.0201 -21.4459 10
      vertex -44.3927 -21.2697 10
    endloop
  endfacet
  facet normal -0.427502 -0.904014 -0
    outer loop
      vertex -44.0201 -21.4459 10
      vertex -44.3927 -21.2697 0
      vertex -44.0201 -21.4459 0
    endloop
  endfacet
  facet normal 0.0490059 0.998798 -0
    outer loop
      vertex -46 -29.35 0
      vertex -46.4117 -29.3298 10
      vertex -46 -29.35 10
    endloop
  endfacet
  facet normal 0.0490059 0.998798 0
    outer loop
      vertex -46.4117 -29.3298 10
      vertex -46 -29.35 0
      vertex -46.4117 -29.3298 0
    endloop
  endfacet
  facet normal 0.146786 0.989168 -0
    outer loop
      vertex -46.4117 -29.3298 0
      vertex -46.8194 -29.2693 10
      vertex -46.4117 -29.3298 10
    endloop
  endfacet
  facet normal 0.146786 0.989168 0
    outer loop
      vertex -46.8194 -29.2693 10
      vertex -46.4117 -29.3298 0
      vertex -46.8194 -29.2693 0
    endloop
  endfacet
  facet normal -0.989168 -0.146786 5.18041e-20
    outer loop
      vertex -41.8202 -24.7383 0
      vertex -41.8807 -24.3306 10
      vertex -41.8807 -24.3306 0
    endloop
  endfacet
  facet normal -0.989168 -0.146786 5.18041e-20
    outer loop
      vertex -41.8807 -24.3306 10
      vertex -41.8202 -24.7383 0
      vertex -41.8202 -24.7383 10
    endloop
  endfacet
  facet normal -0.857707 0.514139 -1.04509e-18
    outer loop
      vertex -42.5078 -27.4834 0
      vertex -42.2959 -27.1299 10
      vertex -42.2959 -27.1299 0
    endloop
  endfacet
  facet normal -0.857707 0.514139 -1.04509e-18
    outer loop
      vertex -42.2959 -27.1299 10
      vertex -42.5078 -27.4834 0
      vertex -42.5078 -27.4834 10
    endloop
  endfacet
  facet normal -0.97 0.243106 7.25118e-19
    outer loop
      vertex -41.9809 -26.3692 0
      vertex -41.8807 -25.9694 10
      vertex -41.8807 -25.9694 0
    endloop
  endfacet
  facet normal -0.97 0.243106 7.25118e-19
    outer loop
      vertex -41.8807 -25.9694 10
      vertex -41.9809 -26.3692 0
      vertex -41.9809 -26.3692 10
    endloop
  endfacet
  facet normal 0.595761 0.803162 -0
    outer loop
      vertex -48.3334 -28.6422 0
      vertex -48.6645 -28.3966 10
      vertex -48.3334 -28.6422 10
    endloop
  endfacet
  facet normal 0.595761 0.803162 0
    outer loop
      vertex -48.6645 -28.3966 10
      vertex -48.3334 -28.6422 0
      vertex -48.6645 -28.3966 0
    endloop
  endfacet
  facet normal 0.0490059 -0.998798 0
    outer loop
      vertex -46.4117 -20.9702 0
      vertex -46 -20.95 10
      vertex -46.4117 -20.9702 10
    endloop
  endfacet
  facet normal 0.0490059 -0.998798 0
    outer loop
      vertex -46 -20.95 10
      vertex -46.4117 -20.9702 0
      vertex -46 -20.95 0
    endloop
  endfacet
  facet normal 0.941594 0.336751 -7.55987e-19
    outer loop
      vertex -49.8803 -26.7573 10
      vertex -50.0191 -26.3692 0
      vertex -50.0191 -26.3692 10
    endloop
  endfacet
  facet normal 0.941594 0.336751 -7.55987e-19
    outer loop
      vertex -50.0191 -26.3692 0
      vertex -49.8803 -26.7573 10
      vertex -49.8803 -26.7573 0
    endloop
  endfacet
  facet normal -0.904014 0.427502 -1.40348e-18
    outer loop
      vertex -42.2959 -27.1299 0
      vertex -42.1197 -26.7573 10
      vertex -42.1197 -26.7573 0
    endloop
  endfacet
  facet normal -0.904014 0.427502 -1.40348e-18
    outer loop
      vertex -42.1197 -26.7573 10
      vertex -42.2959 -27.1299 0
      vertex -42.2959 -27.1299 10
    endloop
  endfacet
  facet normal -0.243106 0.97 0
    outer loop
      vertex -44.7808 -29.1691 0
      vertex -45.1806 -29.2693 10
      vertex -44.7808 -29.1691 10
    endloop
  endfacet
  facet normal -0.243106 0.97 0
    outer loop
      vertex -45.1806 -29.2693 10
      vertex -44.7808 -29.1691 0
      vertex -45.1806 -29.2693 0
    endloop
  endfacet
  facet normal -0.595761 -0.803162 0
    outer loop
      vertex -43.6666 -21.6578 0
      vertex -43.3355 -21.9034 10
      vertex -43.6666 -21.6578 10
    endloop
  endfacet
  facet normal -0.595761 -0.803162 -0
    outer loop
      vertex -43.3355 -21.9034 10
      vertex -43.6666 -21.6578 0
      vertex -43.3355 -21.9034 0
    endloop
  endfacet
  facet normal -0.998798 -0.0490059 -5.83324e-20
    outer loop
      vertex -41.8 -25.15 0
      vertex -41.8202 -24.7383 10
      vertex -41.8202 -24.7383 0
    endloop
  endfacet
  facet normal -0.998798 -0.0490059 -5.83324e-20
    outer loop
      vertex -41.8202 -24.7383 10
      vertex -41.8 -25.15 0
      vertex -41.8 -25.15 10
    endloop
  endfacet
  facet normal -0.857707 -0.514139 1.04509e-18
    outer loop
      vertex -42.2959 -23.1701 0
      vertex -42.5078 -22.8166 10
      vertex -42.5078 -22.8166 0
    endloop
  endfacet
  facet normal -0.857707 -0.514139 1.04509e-18
    outer loop
      vertex -42.5078 -22.8166 10
      vertex -42.2959 -23.1701 0
      vertex -42.2959 -23.1701 10
    endloop
  endfacet
  facet normal -0.427502 0.904014 0
    outer loop
      vertex -44.0201 -28.8541 0
      vertex -44.3927 -29.0303 10
      vertex -44.0201 -28.8541 10
    endloop
  endfacet
  facet normal -0.427502 0.904014 0
    outer loop
      vertex -44.3927 -29.0303 10
      vertex -44.0201 -28.8541 0
      vertex -44.3927 -29.0303 0
    endloop
  endfacet
  facet normal -0.671682 0.74084 0
    outer loop
      vertex -43.0302 -28.1198 0
      vertex -43.3355 -28.3966 10
      vertex -43.0302 -28.1198 10
    endloop
  endfacet
  facet normal -0.671682 0.74084 0
    outer loop
      vertex -43.3355 -28.3966 10
      vertex -43.0302 -28.1198 0
      vertex -43.3355 -28.3966 0
    endloop
  endfacet
  facet normal 0.74084 0.671682 1.2981e-18
    outer loop
      vertex -48.9698 -28.1198 10
      vertex -49.2466 -27.8145 0
      vertex -49.2466 -27.8145 10
    endloop
  endfacet
  facet normal 0.74084 0.671682 1.2981e-18
    outer loop
      vertex -49.2466 -27.8145 0
      vertex -48.9698 -28.1198 10
      vertex -48.9698 -28.1198 0
    endloop
  endfacet
  facet normal 0.671682 0.74084 -0
    outer loop
      vertex -48.6645 -28.3966 0
      vertex -48.9698 -28.1198 10
      vertex -48.6645 -28.3966 10
    endloop
  endfacet
  facet normal 0.671682 0.74084 0
    outer loop
      vertex -48.9698 -28.1198 10
      vertex -48.6645 -28.3966 0
      vertex -48.9698 -28.1198 0
    endloop
  endfacet
  facet normal -0.595761 0.803162 0
    outer loop
      vertex -43.3355 -28.3966 0
      vertex -43.6666 -28.6422 10
      vertex -43.3355 -28.3966 10
    endloop
  endfacet
  facet normal -0.595761 0.803162 0
    outer loop
      vertex -43.6666 -28.6422 10
      vertex -43.3355 -28.3966 0
      vertex -43.6666 -28.6422 0
    endloop
  endfacet
  facet normal -0.336751 0.941594 0
    outer loop
      vertex -44.3927 -29.0303 0
      vertex -44.7808 -29.1691 10
      vertex -44.3927 -29.0303 10
    endloop
  endfacet
  facet normal -0.336751 0.941594 0
    outer loop
      vertex -44.7808 -29.1691 10
      vertex -44.3927 -29.0303 0
      vertex -44.7808 -29.1691 0
    endloop
  endfacet
  facet normal 0.989168 -0.146786 -9.22087e-20
    outer loop
      vertex -50.1798 25.5617 10
      vertex -50.1193 25.9694 0
      vertex -50.1193 25.9694 10
    endloop
  endfacet
  facet normal 0.989168 -0.146786 -9.22087e-20
    outer loop
      vertex -50.1193 25.9694 0
      vertex -50.1798 25.5617 10
      vertex -50.1798 25.5617 0
    endloop
  endfacet
  facet normal 0.998798 -0.0490059 5.83324e-20
    outer loop
      vertex -50.2 25.15 10
      vertex -50.1798 25.5617 0
      vertex -50.1798 25.5617 10
    endloop
  endfacet
  facet normal 0.998798 -0.0490059 5.83324e-20
    outer loop
      vertex -50.1798 25.5617 0
      vertex -50.2 25.15 10
      vertex -50.2 25.15 0
    endloop
  endfacet
  facet normal 0.97 -0.243106 7.25118e-19
    outer loop
      vertex -50.1193 25.9694 10
      vertex -50.0191 26.3692 0
      vertex -50.0191 26.3692 10
    endloop
  endfacet
  facet normal 0.97 -0.243106 7.25118e-19
    outer loop
      vertex -50.0191 26.3692 0
      vertex -50.1193 25.9694 10
      vertex -50.1193 25.9694 0
    endloop
  endfacet
  facet normal -0.242878 0.970057 0
    outer loop
      vertex -44.7808 21.1308 0
      vertex -45.1806 21.0307 10
      vertex -44.7808 21.1308 10
    endloop
  endfacet
  facet normal -0.242878 0.970057 0
    outer loop
      vertex -45.1806 21.0307 10
      vertex -44.7808 21.1308 0
      vertex -45.1806 21.0307 0
    endloop
  endfacet
  facet normal 0.595761 -0.803162 0
    outer loop
      vertex -48.6645 28.3966 0
      vertex -48.3334 28.6422 10
      vertex -48.6645 28.3966 10
    endloop
  endfacet
  facet normal 0.595761 -0.803162 0
    outer loop
      vertex -48.3334 28.6422 10
      vertex -48.6645 28.3966 0
      vertex -48.3334 28.6422 0
    endloop
  endfacet
  facet normal 0.336966 0.941517 -0
    outer loop
      vertex -47.2192 21.1308 0
      vertex -47.6073 21.2697 10
      vertex -47.2192 21.1308 10
    endloop
  endfacet
  facet normal 0.336966 0.941517 0
    outer loop
      vertex -47.6073 21.2697 10
      vertex -47.2192 21.1308 0
      vertex -47.6073 21.2697 0
    endloop
  endfacet
  facet normal -0.336751 -0.941594 0
    outer loop
      vertex -44.7808 29.1691 0
      vertex -44.3927 29.0303 10
      vertex -44.7808 29.1691 10
    endloop
  endfacet
  facet normal -0.336751 -0.941594 -0
    outer loop
      vertex -44.3927 29.0303 10
      vertex -44.7808 29.1691 0
      vertex -44.3927 29.0303 0
    endloop
  endfacet
  facet normal -0.595761 0.803162 0
    outer loop
      vertex -43.3355 21.9034 0
      vertex -43.6666 21.6578 10
      vertex -43.3355 21.9034 10
    endloop
  endfacet
  facet normal -0.595761 0.803162 0
    outer loop
      vertex -43.6666 21.6578 10
      vertex -43.3355 21.9034 0
      vertex -43.6666 21.6578 0
    endloop
  endfacet
  facet normal 0.941594 0.336751 -7.55987e-19
    outer loop
      vertex -49.8803 23.5427 10
      vertex -50.0191 23.9308 0
      vertex -50.0191 23.9308 10
    endloop
  endfacet
  facet normal 0.941594 0.336751 -7.55987e-19
    outer loop
      vertex -50.0191 23.9308 0
      vertex -49.8803 23.5427 10
      vertex -49.8803 23.5427 0
    endloop
  endfacet
  facet normal 0.998798 0.0490059 -5.83324e-20
    outer loop
      vertex -50.1798 24.7383 10
      vertex -50.2 25.15 0
      vertex -50.2 25.15 10
    endloop
  endfacet
  facet normal 0.998798 0.0490059 -5.83324e-20
    outer loop
      vertex -50.2 25.15 0
      vertex -50.1798 24.7383 10
      vertex -50.1798 24.7383 0
    endloop
  endfacet
  facet normal -0.941594 -0.336751 -7.55987e-19
    outer loop
      vertex -41.9809 26.3692 0
      vertex -42.1197 26.7573 10
      vertex -42.1197 26.7573 0
    endloop
  endfacet
  facet normal -0.941594 -0.336751 -7.55987e-19
    outer loop
      vertex -42.1197 26.7573 10
      vertex -41.9809 26.3692 0
      vertex -41.9809 26.3692 10
    endloop
  endfacet
  facet normal 0.671682 -0.74084 0
    outer loop
      vertex -48.9698 28.1198 0
      vertex -48.6645 28.3966 10
      vertex -48.9698 28.1198 10
    endloop
  endfacet
  facet normal 0.671682 -0.74084 0
    outer loop
      vertex -48.6645 28.3966 10
      vertex -48.9698 28.1198 0
      vertex -48.6645 28.3966 0
    endloop
  endfacet
  facet normal -0.671682 0.74084 0
    outer loop
      vertex -43.0302 22.1802 0
      vertex -43.3355 21.9034 10
      vertex -43.0302 22.1802 10
    endloop
  endfacet
  facet normal -0.671682 0.74084 0
    outer loop
      vertex -43.3355 21.9034 10
      vertex -43.0302 22.1802 0
      vertex -43.3355 21.9034 0
    endloop
  endfacet
  facet normal -0.671682 -0.74084 0
    outer loop
      vertex -43.3355 28.3966 0
      vertex -43.0302 28.1198 10
      vertex -43.3355 28.3966 10
    endloop
  endfacet
  facet normal -0.671682 -0.74084 -0
    outer loop
      vertex -43.0302 28.1198 10
      vertex -43.3355 28.3966 0
      vertex -43.0302 28.1198 0
    endloop
  endfacet
  facet normal 0.989168 0.146786 5.18041e-20
    outer loop
      vertex -50.1193 24.3306 10
      vertex -50.1798 24.7383 0
      vertex -50.1798 24.7383 10
    endloop
  endfacet
  facet normal 0.989168 0.146786 5.18041e-20
    outer loop
      vertex -50.1798 24.7383 0
      vertex -50.1193 24.3306 10
      vertex -50.1193 24.3306 0
    endloop
  endfacet
  facet normal 0.74084 -0.671682 -1.2981e-18
    outer loop
      vertex -49.2466 27.8145 10
      vertex -48.9698 28.1198 0
      vertex -48.9698 28.1198 10
    endloop
  endfacet
  facet normal 0.74084 -0.671682 -1.2981e-18
    outer loop
      vertex -48.9698 28.1198 0
      vertex -49.2466 27.8145 10
      vertex -49.2466 27.8145 0
    endloop
  endfacet
  facet normal 0.904014 0.427502 1.40348e-18
    outer loop
      vertex -49.7041 23.1701 10
      vertex -49.8803 23.5427 0
      vertex -49.8803 23.5427 10
    endloop
  endfacet
  facet normal 0.904014 0.427502 1.40348e-18
    outer loop
      vertex -49.8803 23.5427 0
      vertex -49.7041 23.1701 10
      vertex -49.7041 23.1701 0
    endloop
  endfacet
  facet normal -0.941594 0.336751 7.55987e-19
    outer loop
      vertex -42.1197 23.5427 0
      vertex -41.9809 23.9308 10
      vertex -41.9809 23.9308 0
    endloop
  endfacet
  facet normal -0.941594 0.336751 7.55987e-19
    outer loop
      vertex -41.9809 23.9308 10
      vertex -42.1197 23.5427 0
      vertex -42.1197 23.5427 10
    endloop
  endfacet
  facet normal 0.243106 -0.97 0
    outer loop
      vertex -47.2192 29.1691 0
      vertex -46.8194 29.2693 10
      vertex -47.2192 29.1691 10
    endloop
  endfacet
  facet normal 0.243106 -0.97 0
    outer loop
      vertex -46.8194 29.2693 10
      vertex -47.2192 29.1691 0
      vertex -46.8194 29.2693 0
    endloop
  endfacet
  facet normal -0.146786 0.989168 0
    outer loop
      vertex -45.1806 21.0307 0
      vertex -45.5883 20.9702 10
      vertex -45.1806 21.0307 10
    endloop
  endfacet
  facet normal -0.146786 0.989168 0
    outer loop
      vertex -45.5883 20.9702 10
      vertex -45.1806 21.0307 0
      vertex -45.5883 20.9702 0
    endloop
  endfacet
  facet normal -0.989168 0.146786 -5.18041e-20
    outer loop
      vertex -41.8807 24.3306 0
      vertex -41.8202 24.7383 10
      vertex -41.8202 24.7383 0
    endloop
  endfacet
  facet normal -0.989168 0.146786 -5.18041e-20
    outer loop
      vertex -41.8202 24.7383 10
      vertex -41.8807 24.3306 0
      vertex -41.8807 24.3306 10
    endloop
  endfacet
  facet normal 0.97 0.243106 -7.25118e-19
    outer loop
      vertex -50.0191 23.9308 10
      vertex -50.1193 24.3306 0
      vertex -50.1193 24.3306 10
    endloop
  endfacet
  facet normal 0.97 0.243106 -7.25118e-19
    outer loop
      vertex -50.1193 24.3306 0
      vertex -50.0191 23.9308 10
      vertex -50.0191 23.9308 0
    endloop
  endfacet
  facet normal 0.242878 0.970057 -0
    outer loop
      vertex -46.8194 21.0307 0
      vertex -47.2192 21.1308 10
      vertex -46.8194 21.0307 10
    endloop
  endfacet
  facet normal 0.242878 0.970057 0
    outer loop
      vertex -47.2192 21.1308 10
      vertex -46.8194 21.0307 0
      vertex -47.2192 21.1308 0
    endloop
  endfacet
  facet normal -0.427502 -0.904014 0
    outer loop
      vertex -44.3927 29.0303 0
      vertex -44.0201 28.8541 10
      vertex -44.3927 29.0303 10
    endloop
  endfacet
  facet normal -0.427502 -0.904014 -0
    outer loop
      vertex -44.0201 28.8541 10
      vertex -44.3927 29.0303 0
      vertex -44.0201 28.8541 0
    endloop
  endfacet
  facet normal 0.904014 -0.427502 -1.40348e-18
    outer loop
      vertex -49.8803 26.7573 10
      vertex -49.7041 27.1299 0
      vertex -49.7041 27.1299 10
    endloop
  endfacet
  facet normal 0.904014 -0.427502 -1.40348e-18
    outer loop
      vertex -49.7041 27.1299 0
      vertex -49.8803 26.7573 10
      vertex -49.8803 26.7573 0
    endloop
  endfacet
  facet normal -0.989168 -0.146786 9.22087e-20
    outer loop
      vertex -41.8202 25.5617 0
      vertex -41.8807 25.9694 10
      vertex -41.8807 25.9694 0
    endloop
  endfacet
  facet normal -0.989168 -0.146786 9.22087e-20
    outer loop
      vertex -41.8807 25.9694 10
      vertex -41.8202 25.5617 0
      vertex -41.8202 25.5617 10
    endloop
  endfacet
  facet normal 0.803162 -0.595761 -3.28956e-19
    outer loop
      vertex -49.4922 27.4834 10
      vertex -49.2466 27.8145 0
      vertex -49.2466 27.8145 10
    endloop
  endfacet
  facet normal 0.803162 -0.595761 -3.28956e-19
    outer loop
      vertex -49.2466 27.8145 0
      vertex -49.4922 27.4834 10
      vertex -49.4922 27.4834 0
    endloop
  endfacet
  facet normal -0.243106 -0.97 0
    outer loop
      vertex -45.1806 29.2693 0
      vertex -44.7808 29.1691 10
      vertex -45.1806 29.2693 10
    endloop
  endfacet
  facet normal -0.243106 -0.97 -0
    outer loop
      vertex -44.7808 29.1691 10
      vertex -45.1806 29.2693 0
      vertex -44.7808 29.1691 0
    endloop
  endfacet
  facet normal 0.857707 0.514139 1.04509e-18
    outer loop
      vertex -49.4922 22.8166 10
      vertex -49.7041 23.1701 0
      vertex -49.7041 23.1701 10
    endloop
  endfacet
  facet normal 0.857707 0.514139 1.04509e-18
    outer loop
      vertex -49.7041 23.1701 0
      vertex -49.4922 22.8166 10
      vertex -49.4922 22.8166 0
    endloop
  endfacet
  facet normal 0.427502 0.904014 -0
    outer loop
      vertex -47.6073 21.2697 0
      vertex -47.9799 21.4459 10
      vertex -47.6073 21.2697 10
    endloop
  endfacet
  facet normal 0.427502 0.904014 0
    outer loop
      vertex -47.9799 21.4459 10
      vertex -47.6073 21.2697 0
      vertex -47.9799 21.4459 0
    endloop
  endfacet
  facet normal -0.998798 0.0490059 5.83324e-20
    outer loop
      vertex -41.8202 24.7383 0
      vertex -41.8 25.15 10
      vertex -41.8 25.15 0
    endloop
  endfacet
  facet normal -0.998798 0.0490059 5.83324e-20
    outer loop
      vertex -41.8 25.15 10
      vertex -41.8202 24.7383 0
      vertex -41.8202 24.7383 10
    endloop
  endfacet
  facet normal 0.427502 -0.904014 0
    outer loop
      vertex -47.9799 28.8541 0
      vertex -47.6073 29.0303 10
      vertex -47.9799 28.8541 10
    endloop
  endfacet
  facet normal 0.427502 -0.904014 0
    outer loop
      vertex -47.6073 29.0303 10
      vertex -47.9799 28.8541 0
      vertex -47.6073 29.0303 0
    endloop
  endfacet
  facet normal 0.0490059 0.998798 -0
    outer loop
      vertex -46 20.95 0
      vertex -46.4117 20.9702 10
      vertex -46 20.95 10
    endloop
  endfacet
  facet normal 0.0490059 0.998798 0
    outer loop
      vertex -46.4117 20.9702 10
      vertex -46 20.95 0
      vertex -46.4117 20.9702 0
    endloop
  endfacet
  facet normal 0.514139 -0.857707 0
    outer loop
      vertex -48.3334 28.6422 0
      vertex -47.9799 28.8541 10
      vertex -48.3334 28.6422 10
    endloop
  endfacet
  facet normal 0.514139 -0.857707 0
    outer loop
      vertex -47.9799 28.8541 10
      vertex -48.3334 28.6422 0
      vertex -47.9799 28.8541 0
    endloop
  endfacet
  facet normal 0.941594 -0.336751 7.55987e-19
    outer loop
      vertex -50.0191 26.3692 10
      vertex -49.8803 26.7573 0
      vertex -49.8803 26.7573 10
    endloop
  endfacet
  facet normal 0.941594 -0.336751 7.55987e-19
    outer loop
      vertex -49.8803 26.7573 0
      vertex -50.0191 26.3692 10
      vertex -50.0191 26.3692 0
    endloop
  endfacet
  facet normal -0.904014 -0.427502 1.40348e-18
    outer loop
      vertex -42.1197 26.7573 0
      vertex -42.2959 27.1299 10
      vertex -42.2959 27.1299 0
    endloop
  endfacet
  facet normal -0.904014 -0.427502 1.40348e-18
    outer loop
      vertex -42.2959 27.1299 10
      vertex -42.1197 26.7573 0
      vertex -42.1197 26.7573 10
    endloop
  endfacet
  facet normal 0.803162 0.595761 7.54467e-19
    outer loop
      vertex -49.2466 22.4855 10
      vertex -49.4922 22.8166 0
      vertex -49.4922 22.8166 10
    endloop
  endfacet
  facet normal 0.803162 0.595761 7.54467e-19
    outer loop
      vertex -49.4922 22.8166 0
      vertex -49.2466 22.4855 10
      vertex -49.2466 22.4855 0
    endloop
  endfacet
  facet normal 0.0490059 -0.998798 0
    outer loop
      vertex -46.4117 29.3298 0
      vertex -46 29.35 10
      vertex -46.4117 29.3298 10
    endloop
  endfacet
  facet normal 0.0490059 -0.998798 0
    outer loop
      vertex -46 29.35 10
      vertex -46.4117 29.3298 0
      vertex -46 29.35 0
    endloop
  endfacet
  facet normal -0.97 0.243106 7.25118e-19
    outer loop
      vertex -41.9809 23.9308 0
      vertex -41.8807 24.3306 10
      vertex -41.8807 24.3306 0
    endloop
  endfacet
  facet normal -0.97 0.243106 7.25118e-19
    outer loop
      vertex -41.8807 24.3306 10
      vertex -41.9809 23.9308 0
      vertex -41.9809 23.9308 10
    endloop
  endfacet
  facet normal 0.336751 -0.941594 0
    outer loop
      vertex -47.6073 29.0303 0
      vertex -47.2192 29.1691 10
      vertex -47.6073 29.0303 10
    endloop
  endfacet
  facet normal 0.336751 -0.941594 0
    outer loop
      vertex -47.2192 29.1691 10
      vertex -47.6073 29.0303 0
      vertex -47.2192 29.1691 0
    endloop
  endfacet
  facet normal -0.998798 -0.0490059 -5.83324e-20
    outer loop
      vertex -41.8 25.15 0
      vertex -41.8202 25.5617 10
      vertex -41.8202 25.5617 0
    endloop
  endfacet
  facet normal -0.998798 -0.0490059 -5.83324e-20
    outer loop
      vertex -41.8202 25.5617 10
      vertex -41.8 25.15 0
      vertex -41.8 25.15 10
    endloop
  endfacet
  facet normal -0.74084 -0.671682 1.2981e-18
    outer loop
      vertex -42.7534 27.8145 0
      vertex -43.0302 28.1198 10
      vertex -43.0302 28.1198 0
    endloop
  endfacet
  facet normal -0.74084 -0.671682 1.2981e-18
    outer loop
      vertex -43.0302 28.1198 10
      vertex -42.7534 27.8145 0
      vertex -42.7534 27.8145 10
    endloop
  endfacet
  facet normal 0.146786 -0.989168 0
    outer loop
      vertex -46.8194 29.2693 0
      vertex -46.4117 29.3298 10
      vertex -46.8194 29.2693 10
    endloop
  endfacet
  facet normal 0.146786 -0.989168 0
    outer loop
      vertex -46.4117 29.3298 10
      vertex -46.8194 29.2693 0
      vertex -46.4117 29.3298 0
    endloop
  endfacet
  facet normal 0.74084 0.671682 8.29332e-19
    outer loop
      vertex -48.9698 22.1802 10
      vertex -49.2466 22.4855 0
      vertex -49.2466 22.4855 10
    endloop
  endfacet
  facet normal 0.74084 0.671682 8.29332e-19
    outer loop
      vertex -49.2466 22.4855 0
      vertex -48.9698 22.1802 10
      vertex -48.9698 22.1802 0
    endloop
  endfacet
  facet normal 0.857707 -0.514139 -1.04509e-18
    outer loop
      vertex -49.7041 27.1299 10
      vertex -49.4922 27.4834 0
      vertex -49.4922 27.4834 10
    endloop
  endfacet
  facet normal 0.857707 -0.514139 -1.04509e-18
    outer loop
      vertex -49.4922 27.4834 0
      vertex -49.7041 27.1299 10
      vertex -49.7041 27.1299 0
    endloop
  endfacet
  facet normal -0.427502 0.904014 0
    outer loop
      vertex -44.0201 21.4459 0
      vertex -44.3927 21.2697 10
      vertex -44.0201 21.4459 10
    endloop
  endfacet
  facet normal -0.427502 0.904014 0
    outer loop
      vertex -44.3927 21.2697 10
      vertex -44.0201 21.4459 0
      vertex -44.3927 21.2697 0
    endloop
  endfacet
  facet normal 0.146786 0.989168 -0
    outer loop
      vertex -46.4117 20.9702 0
      vertex -46.8194 21.0307 10
      vertex -46.4117 20.9702 10
    endloop
  endfacet
  facet normal 0.146786 0.989168 0
    outer loop
      vertex -46.8194 21.0307 10
      vertex -46.4117 20.9702 0
      vertex -46.8194 21.0307 0
    endloop
  endfacet
  facet normal -0.857707 0.514139 -1.04509e-18
    outer loop
      vertex -42.5078 22.8166 0
      vertex -42.2959 23.1701 10
      vertex -42.2959 23.1701 0
    endloop
  endfacet
  facet normal -0.857707 0.514139 -1.04509e-18
    outer loop
      vertex -42.2959 23.1701 10
      vertex -42.5078 22.8166 0
      vertex -42.5078 22.8166 10
    endloop
  endfacet
  facet normal -0.146786 -0.989168 0
    outer loop
      vertex -45.5883 29.3298 0
      vertex -45.1806 29.2693 10
      vertex -45.5883 29.3298 10
    endloop
  endfacet
  facet normal -0.146786 -0.989168 -0
    outer loop
      vertex -45.1806 29.2693 10
      vertex -45.5883 29.3298 0
      vertex -45.1806 29.2693 0
    endloop
  endfacet
  facet normal -0.803162 -0.595761 3.28956e-19
    outer loop
      vertex -42.5078 27.4834 0
      vertex -42.7534 27.8145 10
      vertex -42.7534 27.8145 0
    endloop
  endfacet
  facet normal -0.803162 -0.595761 3.28956e-19
    outer loop
      vertex -42.7534 27.8145 10
      vertex -42.5078 27.4834 0
      vertex -42.5078 27.4834 10
    endloop
  endfacet
  facet normal 0.514139 0.857707 -0
    outer loop
      vertex -47.9799 21.4459 0
      vertex -48.3334 21.6578 10
      vertex -47.9799 21.4459 10
    endloop
  endfacet
  facet normal 0.514139 0.857707 0
    outer loop
      vertex -48.3334 21.6578 10
      vertex -47.9799 21.4459 0
      vertex -48.3334 21.6578 0
    endloop
  endfacet
  facet normal -0.74084 0.671682 -8.29332e-19
    outer loop
      vertex -43.0302 22.1802 0
      vertex -42.7534 22.4855 10
      vertex -42.7534 22.4855 0
    endloop
  endfacet
  facet normal -0.74084 0.671682 -8.29332e-19
    outer loop
      vertex -42.7534 22.4855 10
      vertex -43.0302 22.1802 0
      vertex -43.0302 22.1802 10
    endloop
  endfacet
  facet normal 0.671682 0.74084 -0
    outer loop
      vertex -48.6645 21.9034 0
      vertex -48.9698 22.1802 10
      vertex -48.6645 21.9034 10
    endloop
  endfacet
  facet normal 0.671682 0.74084 0
    outer loop
      vertex -48.9698 22.1802 10
      vertex -48.6645 21.9034 0
      vertex -48.9698 22.1802 0
    endloop
  endfacet
  facet normal -0.97 -0.243106 -7.25118e-19
    outer loop
      vertex -41.8807 25.9694 0
      vertex -41.9809 26.3692 10
      vertex -41.9809 26.3692 0
    endloop
  endfacet
  facet normal -0.97 -0.243106 -7.25118e-19
    outer loop
      vertex -41.9809 26.3692 10
      vertex -41.8807 25.9694 0
      vertex -41.8807 25.9694 10
    endloop
  endfacet
  facet normal -0.0490059 -0.998798 0
    outer loop
      vertex -46 29.35 0
      vertex -45.5883 29.3298 10
      vertex -46 29.35 10
    endloop
  endfacet
  facet normal -0.0490059 -0.998798 -0
    outer loop
      vertex -45.5883 29.3298 10
      vertex -46 29.35 0
      vertex -45.5883 29.3298 0
    endloop
  endfacet
  facet normal -0.0490059 0.998798 0
    outer loop
      vertex -45.5883 20.9702 0
      vertex -46 20.95 10
      vertex -45.5883 20.9702 10
    endloop
  endfacet
  facet normal -0.0490059 0.998798 0
    outer loop
      vertex -46 20.95 10
      vertex -45.5883 20.9702 0
      vertex -46 20.95 0
    endloop
  endfacet
  facet normal 0.595761 0.803162 -0
    outer loop
      vertex -48.3334 21.6578 0
      vertex -48.6645 21.9034 10
      vertex -48.3334 21.6578 10
    endloop
  endfacet
  facet normal 0.595761 0.803162 0
    outer loop
      vertex -48.6645 21.9034 10
      vertex -48.3334 21.6578 0
      vertex -48.6645 21.9034 0
    endloop
  endfacet
  facet normal -0.595761 -0.803162 0
    outer loop
      vertex -43.6666 28.6422 0
      vertex -43.3355 28.3966 10
      vertex -43.6666 28.6422 10
    endloop
  endfacet
  facet normal -0.595761 -0.803162 -0
    outer loop
      vertex -43.3355 28.3966 10
      vertex -43.6666 28.6422 0
      vertex -43.3355 28.3966 0
    endloop
  endfacet
  facet normal -0.514139 -0.857707 0
    outer loop
      vertex -44.0201 28.8541 0
      vertex -43.6666 28.6422 10
      vertex -44.0201 28.8541 10
    endloop
  endfacet
  facet normal -0.514139 -0.857707 -0
    outer loop
      vertex -43.6666 28.6422 10
      vertex -44.0201 28.8541 0
      vertex -43.6666 28.6422 0
    endloop
  endfacet
  facet normal -0.803162 0.595761 -7.54467e-19
    outer loop
      vertex -42.7534 22.4855 0
      vertex -42.5078 22.8166 10
      vertex -42.5078 22.8166 0
    endloop
  endfacet
  facet normal -0.803162 0.595761 -7.54467e-19
    outer loop
      vertex -42.5078 22.8166 10
      vertex -42.7534 22.4855 0
      vertex -42.7534 22.4855 10
    endloop
  endfacet
  facet normal -0.857707 -0.514139 1.04509e-18
    outer loop
      vertex -42.2959 27.1299 0
      vertex -42.5078 27.4834 10
      vertex -42.5078 27.4834 0
    endloop
  endfacet
  facet normal -0.857707 -0.514139 1.04509e-18
    outer loop
      vertex -42.5078 27.4834 10
      vertex -42.2959 27.1299 0
      vertex -42.2959 27.1299 10
    endloop
  endfacet
  facet normal -0.514139 0.857707 0
    outer loop
      vertex -43.6666 21.6578 0
      vertex -44.0201 21.4459 10
      vertex -43.6666 21.6578 10
    endloop
  endfacet
  facet normal -0.514139 0.857707 0
    outer loop
      vertex -44.0201 21.4459 10
      vertex -43.6666 21.6578 0
      vertex -44.0201 21.4459 0
    endloop
  endfacet
  facet normal -0.904014 0.427502 -1.40348e-18
    outer loop
      vertex -42.2959 23.1701 0
      vertex -42.1197 23.5427 10
      vertex -42.1197 23.5427 0
    endloop
  endfacet
  facet normal -0.904014 0.427502 -1.40348e-18
    outer loop
      vertex -42.1197 23.5427 10
      vertex -42.2959 23.1701 0
      vertex -42.2959 23.1701 10
    endloop
  endfacet
  facet normal -0.336966 0.941517 0
    outer loop
      vertex -44.3927 21.2697 0
      vertex -44.7808 21.1308 10
      vertex -44.3927 21.2697 10
    endloop
  endfacet
  facet normal -0.336966 0.941517 0
    outer loop
      vertex -44.7808 21.1308 10
      vertex -44.3927 21.2697 0
      vertex -44.7808 21.1308 0
    endloop
  endfacet
endsolid OpenSCAD_Model
