solid OpenSCAD_Model
  facet normal 0.98919 0.146641 -0.000690869
    outer loop
      vertex 26.0634 4 20
      vertex 25.8927 5.15038 19.7659
      vertex 25.9039 5.07515 19.8341
    endloop
  endfacet
  facet normal 0.989169 0.146779 0
    outer loop
      vertex 25.8927 5.15038 19.7659
      vertex 26.0634 4 20
      vertex 25.8927 5.15038 -19.7659
    endloop
  endfacet
  facet normal 0.989176 0.146733 -8.15138e-05
    outer loop
      vertex 26.0634 4 20
      vertex 25.9039 5.07515 19.8341
      vertex 25.9371 4.85143 20
    endloop
  endfacet
  facet normal 0.989169 0.146779 -0
    outer loop
      vertex 26.0634 4 -20
      vertex 25.8927 5.15038 -19.7659
      vertex 26.0634 4 20
    endloop
  endfacet
  facet normal 0.98919 0.146641 0.000690869
    outer loop
      vertex 25.8927 5.15038 -19.7659
      vertex 26.0634 4 -20
      vertex 25.9039 5.07515 -19.8341
    endloop
  endfacet
  facet normal 0.989176 0.146733 8.15138e-05
    outer loop
      vertex 25.9039 5.07515 -19.8341
      vertex 26.0634 4 -20
      vertex 25.9371 4.85143 -20
    endloop
  endfacet
  facet normal 0.969885 0.243563 -4.0461e-18
    outer loop
      vertex 25.2855 7.57472 -19.7037
      vertex 25.2632 7.66352 -20
      vertex 25.2632 7.66352 -19.5555
    endloop
  endfacet
  facet normal 0.969979 0.243189 -0.00011944
    outer loop
      vertex 25.3144 7.45933 -19.9476
      vertex 25.2632 7.66352 -20
      vertex 25.2855 7.57472 -19.7037
    endloop
  endfacet
  facet normal 0.969971 0.243221 1.70221e-05
    outer loop
      vertex 25.2632 7.66352 -20
      vertex 25.3144 7.45933 -19.9476
      vertex 25.3191 7.44059 -20
    endloop
  endfacet
  facet normal 0.969885 0.243563 0
    outer loop
      vertex 25.2632 7.66352 20
      vertex 25.2855 7.57472 19.7037
      vertex 25.2632 7.66352 19.5555
    endloop
  endfacet
  facet normal 0.969979 0.243189 0.00011944
    outer loop
      vertex 25.2632 7.66352 20
      vertex 25.3144 7.45933 19.9476
      vertex 25.2855 7.57472 19.7037
    endloop
  endfacet
  facet normal 0.969971 0.243221 -1.70221e-05
    outer loop
      vertex 25.3144 7.45933 19.9476
      vertex 25.2632 7.66352 20
      vertex 25.3191 7.44059 20
    endloop
  endfacet
  facet normal 0.969621 0.244612 0.000553342
    outer loop
      vertex 25.3315 7.39104 16.7115
      vertex 25.2632 7.66352 15.9404
      vertex 25.2652 7.65552 15.9723
    endloop
  endfacet
  facet normal 0.970032 0.242977 0
    outer loop
      vertex 25.2632 7.66352 15.9404
      vertex 25.8927 5.15038 19.7659
      vertex 25.2632 7.66352 -15.9404
    endloop
  endfacet
  facet normal 0.970079 0.242789 -0.000131403
    outer loop
      vertex 25.2632 7.66352 15.9404
      vertex 25.3315 7.39104 16.7115
      vertex 25.8927 5.15038 19.7659
    endloop
  endfacet
  facet normal 0.970032 0.242977 -0
    outer loop
      vertex 25.8927 5.15038 -19.7659
      vertex 25.2632 7.66352 -15.9404
      vertex 25.8927 5.15038 19.7659
    endloop
  endfacet
  facet normal 0.970071 0.242822 -0.000105609
    outer loop
      vertex 25.8927 5.15038 19.7659
      vertex 25.3315 7.39104 16.7115
      vertex 25.4156 7.05537 17.4212
    endloop
  endfacet
  facet normal 0.970079 0.242789 0.000131403
    outer loop
      vertex 25.3315 7.39104 -16.7115
      vertex 25.2632 7.66352 -15.9404
      vertex 25.8927 5.15038 -19.7659
    endloop
  endfacet
  facet normal 0.970067 0.242837 -9.27122e-05
    outer loop
      vertex 25.8927 5.15038 19.7659
      vertex 25.4156 7.05537 17.4212
      vertex 25.5167 6.65176 18.0946
    endloop
  endfacet
  facet normal 0.969621 0.244612 -0.000553342
    outer loop
      vertex 25.2632 7.66352 -15.9404
      vertex 25.3315 7.39104 -16.7115
      vertex 25.2652 7.65552 -15.9723
    endloop
  endfacet
  facet normal 0.969987 0.243156 0.000212133
    outer loop
      vertex 25.8927 5.15038 19.7659
      vertex 25.5167 6.65176 18.0946
      vertex 25.6338 6.18408 18.7251
    endloop
  endfacet
  facet normal 0.970071 0.242822 0.000105609
    outer loop
      vertex 25.3315 7.39104 -16.7115
      vertex 25.8927 5.15038 -19.7659
      vertex 25.4156 7.05537 -17.4212
    endloop
  endfacet
  facet normal 0.970264 0.242049 -0.000956581
    outer loop
      vertex 25.8927 5.15038 19.7659
      vertex 25.6338 6.18408 18.7251
      vertex 25.7659 5.65685 19.3069
    endloop
  endfacet
  facet normal 0.970067 0.242837 9.27122e-05
    outer loop
      vertex 25.4156 7.05537 -17.4212
      vertex 25.8927 5.15038 -19.7659
      vertex 25.5167 6.65176 -18.0946
    endloop
  endfacet
  facet normal 0.969987 0.243156 -0.000212133
    outer loop
      vertex 25.5167 6.65176 -18.0946
      vertex 25.8927 5.15038 -19.7659
      vertex 25.6338 6.18408 -18.7251
    endloop
  endfacet
  facet normal 0.970264 0.242049 0.000956581
    outer loop
      vertex 25.6338 6.18408 -18.7251
      vertex 25.8927 5.15038 -19.7659
      vertex 25.7659 5.65685 -19.3069
    endloop
  endfacet
  facet normal 0.989176 -0.146733 -8.15138e-05
    outer loop
      vertex 25.9039 -5.07515 19.8341
      vertex 26.0634 -4 20
      vertex 25.9371 -4.85143 20
    endloop
  endfacet
  facet normal 0.989169 -0.146779 0
    outer loop
      vertex 26.0634 -4 20
      vertex 25.8927 -5.15038 19.7659
      vertex 26.0634 -4 -20
    endloop
  endfacet
  facet normal 0.98919 -0.146641 -0.000690869
    outer loop
      vertex 26.0634 -4 20
      vertex 25.9039 -5.07515 19.8341
      vertex 25.8927 -5.15038 19.7659
    endloop
  endfacet
  facet normal 0.989169 -0.146779 0
    outer loop
      vertex 25.8927 -5.15038 -19.7659
      vertex 26.0634 -4 -20
      vertex 25.8927 -5.15038 19.7659
    endloop
  endfacet
  facet normal 0.98919 -0.146641 0.000690869
    outer loop
      vertex 25.9039 -5.07515 -19.8341
      vertex 26.0634 -4 -20
      vertex 25.8927 -5.15038 -19.7659
    endloop
  endfacet
  facet normal 0.989176 -0.146733 8.15138e-05
    outer loop
      vertex 26.0634 -4 -20
      vertex 25.9039 -5.07515 -19.8341
      vertex 25.9371 -4.85143 -20
    endloop
  endfacet
  facet normal 0.803208 0.595699 1.94035e-18
    outer loop
      vertex 21.9508 14.6671 20
      vertex 20.4075 16.748 -20
      vertex 20.4075 16.748 20
    endloop
  endfacet
  facet normal 0.803208 0.595699 1.94035e-18
    outer loop
      vertex 20.4075 16.748 -20
      vertex 21.9508 14.6671 20
      vertex 21.9508 14.6671 -20
    endloop
  endfacet
  facet normal 0.595699 0.803208 -0
    outer loop
      vertex 16.748 20.4075 -20
      vertex 14.6671 21.9508 20
      vertex 16.748 20.4075 20
    endloop
  endfacet
  facet normal 0.595699 0.803208 0
    outer loop
      vertex 14.6671 21.9508 20
      vertex 16.748 20.4075 -20
      vertex 14.6671 21.9508 -20
    endloop
  endfacet
  facet normal 0.426961 0.90427 -0
    outer loop
      vertex 12.4449 23.2827 -20
      vertex 12.4 23.3039 20
      vertex 12.4449 23.2827 20
    endloop
  endfacet
  facet normal 0.426961 0.90427 0
    outer loop
      vertex 12.4 23.3039 20
      vertex 12.4449 23.2827 -20
      vertex 12.4 23.3039 -20
    endloop
  endfacet
  facet normal 0.941493 0.337033 -5.64119e-19
    outer loop
      vertex 24.4272 10 -18.25
      vertex 24.3904 10.1028 -20
      vertex 24.3904 10.1028 -18.2551
    endloop
  endfacet
  facet normal 0.941485 0.337055 1.51252e-06
    outer loop
      vertex 24.5237 9.73045 -18.2632
      vertex 24.3904 10.1028 -20
      vertex 24.4272 10 -18.25
    endloop
  endfacet
  facet normal 0.94156 0.336846 -4.92249e-05
    outer loop
      vertex 24.6192 9.4635 -18.3028
      vertex 24.3904 10.1028 -20
      vertex 24.5237 9.73045 -18.2632
    endloop
  endfacet
  facet normal 0.941611 0.336703 -0.000109965
    outer loop
      vertex 24.7128 9.20172 -18.3684
      vertex 24.3904 10.1028 -20
      vertex 24.6192 9.4635 -18.3028
    endloop
  endfacet
  facet normal 0.941465 0.337112 0.000144946
    outer loop
      vertex 24.8038 8.94762 -18.4593
      vertex 24.3904 10.1028 -20
      vertex 24.7128 9.20172 -18.3684
    endloop
  endfacet
  facet normal 0.941531 0.336928 -1.08174e-05
    outer loop
      vertex 24.8911 8.70366 -18.5747
      vertex 24.3904 10.1028 -20
      vertex 24.8038 8.94762 -18.4593
    endloop
  endfacet
  facet normal 0.941558 0.336851 -9.56488e-05
    outer loop
      vertex 24.9739 8.47218 -18.7135
      vertex 24.3904 10.1028 -20
      vertex 24.8911 8.70366 -18.5747
    endloop
  endfacet
  facet normal 0.94158 0.336788 -0.000185234
    outer loop
      vertex 25.0514 8.25542 -18.8742
      vertex 24.3904 10.1028 -20
      vertex 24.9739 8.47218 -18.7135
    endloop
  endfacet
  facet normal 0.941512 0.336978 0.000166177
    outer loop
      vertex 25.123 8.05546 -19.0555
      vertex 24.3904 10.1028 -20
      vertex 25.0514 8.25542 -18.8742
    endloop
  endfacet
  facet normal 0.941667 0.336545 0.000123104
    outer loop
      vertex 25.2632 7.66352 -20
      vertex 25.123 8.05546 -19.0555
      vertex 25.1878 7.87422 -19.2554
    endloop
  endfacet
  facet normal 0.941315 0.337529 -0.000190954
    outer loop
      vertex 25.2632 7.66352 -20
      vertex 25.1878 7.87422 -19.2554
      vertex 25.2454 7.71346 -19.4722
    endloop
  endfacet
  facet normal 0.941955 0.335739 -0
    outer loop
      vertex 25.2632 7.66352 -20
      vertex 25.2454 7.71346 -19.4722
      vertex 25.2632 7.66352 -19.5555
    endloop
  endfacet
  facet normal 0.941543 0.336894 -4.01219e-05
    outer loop
      vertex 25.123 8.05546 -19.0555
      vertex 25.2632 7.66352 -20
      vertex 24.3904 10.1028 -20
    endloop
  endfacet
  facet normal 0.941493 0.337033 0
    outer loop
      vertex 24.3904 10.1028 20
      vertex 24.4272 10 18.25
      vertex 24.3904 10.1028 18.2551
    endloop
  endfacet
  facet normal 0.941485 0.337055 -1.51252e-06
    outer loop
      vertex 24.3904 10.1028 20
      vertex 24.5237 9.73045 18.2632
      vertex 24.4272 10 18.25
    endloop
  endfacet
  facet normal 0.94156 0.336846 4.92249e-05
    outer loop
      vertex 24.3904 10.1028 20
      vertex 24.6192 9.4635 18.3028
      vertex 24.5237 9.73045 18.2632
    endloop
  endfacet
  facet normal 0.941611 0.336703 0.000109965
    outer loop
      vertex 24.3904 10.1028 20
      vertex 24.7128 9.20172 18.3684
      vertex 24.6192 9.4635 18.3028
    endloop
  endfacet
  facet normal 0.941465 0.337112 -0.000144946
    outer loop
      vertex 24.3904 10.1028 20
      vertex 24.8038 8.94762 18.4593
      vertex 24.7128 9.20172 18.3684
    endloop
  endfacet
  facet normal 0.941531 0.336928 1.08174e-05
    outer loop
      vertex 24.3904 10.1028 20
      vertex 24.8911 8.70366 18.5747
      vertex 24.8038 8.94762 18.4593
    endloop
  endfacet
  facet normal 0.941558 0.336851 9.56488e-05
    outer loop
      vertex 24.3904 10.1028 20
      vertex 24.9739 8.47218 18.7135
      vertex 24.8911 8.70366 18.5747
    endloop
  endfacet
  facet normal 0.94158 0.336788 0.000185234
    outer loop
      vertex 24.3904 10.1028 20
      vertex 25.0514 8.25542 18.8742
      vertex 24.9739 8.47218 18.7135
    endloop
  endfacet
  facet normal 0.941512 0.336978 -0.000166177
    outer loop
      vertex 24.3904 10.1028 20
      vertex 25.123 8.05546 19.0555
      vertex 25.0514 8.25542 18.8742
    endloop
  endfacet
  facet normal 0.941543 0.336894 4.01219e-05
    outer loop
      vertex 25.2632 7.66352 20
      vertex 25.123 8.05546 19.0555
      vertex 24.3904 10.1028 20
    endloop
  endfacet
  facet normal 0.941667 0.336545 -0.000123104
    outer loop
      vertex 25.123 8.05546 19.0555
      vertex 25.2632 7.66352 20
      vertex 25.1878 7.87422 19.2554
    endloop
  endfacet
  facet normal 0.941315 0.337529 0.000190954
    outer loop
      vertex 25.1878 7.87422 19.2554
      vertex 25.2632 7.66352 20
      vertex 25.2454 7.71346 19.4722
    endloop
  endfacet
  facet normal 0.941955 0.335739 1.90908e-18
    outer loop
      vertex 25.2454 7.71346 19.4722
      vertex 25.2632 7.66352 20
      vertex 25.2632 7.66352 19.5555
    endloop
  endfacet
  facet normal 0.941604 0.336722 -3.01128e-05
    outer loop
      vertex 25.2632 7.66352 15.9404
      vertex 25.1428 8 13.65
      vertex 25.1566 7.96148 14.4341
    endloop
  endfacet
  facet normal 0.941539 0.336904 0
    outer loop
      vertex 25.1428 8 13.65
      vertex 25.2632 7.66352 15.9404
      vertex 25.1428 8 -13.65
    endloop
  endfacet
  facet normal 0.941442 0.337175 7.10596e-05
    outer loop
      vertex 25.2632 7.66352 15.9404
      vertex 25.1566 7.96148 14.4341
      vertex 25.1978 7.84628 15.2107
    endloop
  endfacet
  facet normal 0.941539 0.336904 -0
    outer loop
      vertex 25.2632 7.66352 -15.9404
      vertex 25.1428 8 -13.65
      vertex 25.2632 7.66352 15.9404
    endloop
  endfacet
  facet normal 0.941604 0.336722 3.01128e-05
    outer loop
      vertex 25.1428 8 -13.65
      vertex 25.2632 7.66352 -15.9404
      vertex 25.1566 7.96148 -14.4341
    endloop
  endfacet
  facet normal 0.941442 0.337175 -7.10596e-05
    outer loop
      vertex 25.1566 7.96148 -14.4341
      vertex 25.2632 7.66352 -15.9404
      vertex 25.1978 7.84628 -15.2107
    endloop
  endfacet
  facet normal 0.740937 -0.671575 9.87392e-19
    outer loop
      vertex 18.6676 -18.6676 20
      vertex 20.4075 -16.748 -20
      vertex 20.4075 -16.748 20
    endloop
  endfacet
  facet normal 0.740937 -0.671575 9.87392e-19
    outer loop
      vertex 20.4075 -16.748 -20
      vertex 18.6676 -18.6676 20
      vertex 18.6676 -18.6676 -20
    endloop
  endfacet
  facet normal 0.941955 -0.335739 -1.90908e-18
    outer loop
      vertex 25.2454 -7.71346 -19.4722
      vertex 25.2632 -7.66352 -20
      vertex 25.2632 -7.66352 -19.5555
    endloop
  endfacet
  facet normal 0.941315 -0.337529 -0.000190954
    outer loop
      vertex 25.1878 -7.87422 -19.2554
      vertex 25.2632 -7.66352 -20
      vertex 25.2454 -7.71346 -19.4722
    endloop
  endfacet
  facet normal 0.941667 -0.336545 0.000123104
    outer loop
      vertex 25.123 -8.05546 -19.0555
      vertex 25.2632 -7.66352 -20
      vertex 25.1878 -7.87422 -19.2554
    endloop
  endfacet
  facet normal 0.941512 -0.336978 0.000166177
    outer loop
      vertex 24.3904 -10.1028 -20
      vertex 25.123 -8.05546 -19.0555
      vertex 25.0514 -8.25542 -18.8742
    endloop
  endfacet
  facet normal 0.94158 -0.336788 -0.000185234
    outer loop
      vertex 24.3904 -10.1028 -20
      vertex 25.0514 -8.25542 -18.8742
      vertex 24.9739 -8.47218 -18.7135
    endloop
  endfacet
  facet normal 0.941558 -0.336851 -9.56488e-05
    outer loop
      vertex 24.3904 -10.1028 -20
      vertex 24.9739 -8.47218 -18.7135
      vertex 24.8911 -8.70366 -18.5747
    endloop
  endfacet
  facet normal 0.941531 -0.336928 -1.08174e-05
    outer loop
      vertex 24.3904 -10.1028 -20
      vertex 24.8911 -8.70366 -18.5747
      vertex 24.8038 -8.94762 -18.4593
    endloop
  endfacet
  facet normal 0.941465 -0.337112 0.000144946
    outer loop
      vertex 24.3904 -10.1028 -20
      vertex 24.8038 -8.94762 -18.4593
      vertex 24.7128 -9.20172 -18.3684
    endloop
  endfacet
  facet normal 0.941611 -0.336703 -0.000109965
    outer loop
      vertex 24.3904 -10.1028 -20
      vertex 24.7128 -9.20172 -18.3684
      vertex 24.6192 -9.4635 -18.3028
    endloop
  endfacet
  facet normal 0.94156 -0.336846 -4.92249e-05
    outer loop
      vertex 24.3904 -10.1028 -20
      vertex 24.6192 -9.4635 -18.3028
      vertex 24.5237 -9.73045 -18.2632
    endloop
  endfacet
  facet normal 0.941485 -0.337055 1.51252e-06
    outer loop
      vertex 24.3904 -10.1028 -20
      vertex 24.5237 -9.73045 -18.2632
      vertex 24.4272 -10 -18.25
    endloop
  endfacet
  facet normal 0.941493 -0.337033 0
    outer loop
      vertex 24.3904 -10.1028 -20
      vertex 24.4272 -10 -18.25
      vertex 24.3904 -10.1028 -18.2551
    endloop
  endfacet
  facet normal 0.941543 -0.336894 -4.01219e-05
    outer loop
      vertex 25.123 -8.05546 -19.0555
      vertex 24.3904 -10.1028 -20
      vertex 25.2632 -7.66352 -20
    endloop
  endfacet
  facet normal 0.941955 -0.335739 0
    outer loop
      vertex 25.2632 -7.66352 20
      vertex 25.2454 -7.71346 19.4722
      vertex 25.2632 -7.66352 19.5555
    endloop
  endfacet
  facet normal 0.941315 -0.337529 0.000190954
    outer loop
      vertex 25.2632 -7.66352 20
      vertex 25.1878 -7.87422 19.2554
      vertex 25.2454 -7.71346 19.4722
    endloop
  endfacet
  facet normal 0.941667 -0.336545 -0.000123104
    outer loop
      vertex 25.2632 -7.66352 20
      vertex 25.123 -8.05546 19.0555
      vertex 25.1878 -7.87422 19.2554
    endloop
  endfacet
  facet normal 0.941543 -0.336894 4.01219e-05
    outer loop
      vertex 24.3904 -10.1028 20
      vertex 25.123 -8.05546 19.0555
      vertex 25.2632 -7.66352 20
    endloop
  endfacet
  facet normal 0.941512 -0.336978 -0.000166177
    outer loop
      vertex 25.123 -8.05546 19.0555
      vertex 24.3904 -10.1028 20
      vertex 25.0514 -8.25542 18.8742
    endloop
  endfacet
  facet normal 0.94158 -0.336788 0.000185234
    outer loop
      vertex 25.0514 -8.25542 18.8742
      vertex 24.3904 -10.1028 20
      vertex 24.9739 -8.47218 18.7135
    endloop
  endfacet
  facet normal 0.941558 -0.336851 9.56488e-05
    outer loop
      vertex 24.9739 -8.47218 18.7135
      vertex 24.3904 -10.1028 20
      vertex 24.8911 -8.70366 18.5747
    endloop
  endfacet
  facet normal 0.941531 -0.336928 1.08174e-05
    outer loop
      vertex 24.8911 -8.70366 18.5747
      vertex 24.3904 -10.1028 20
      vertex 24.8038 -8.94762 18.4593
    endloop
  endfacet
  facet normal 0.941465 -0.337112 -0.000144946
    outer loop
      vertex 24.8038 -8.94762 18.4593
      vertex 24.3904 -10.1028 20
      vertex 24.7128 -9.20172 18.3684
    endloop
  endfacet
  facet normal 0.941611 -0.336703 0.000109965
    outer loop
      vertex 24.7128 -9.20172 18.3684
      vertex 24.3904 -10.1028 20
      vertex 24.6192 -9.4635 18.3028
    endloop
  endfacet
  facet normal 0.94156 -0.336846 4.92249e-05
    outer loop
      vertex 24.6192 -9.4635 18.3028
      vertex 24.3904 -10.1028 20
      vertex 24.5237 -9.73045 18.2632
    endloop
  endfacet
  facet normal 0.941485 -0.337055 -1.51252e-06
    outer loop
      vertex 24.5237 -9.73045 18.2632
      vertex 24.3904 -10.1028 20
      vertex 24.4272 -10 18.25
    endloop
  endfacet
  facet normal 0.941493 -0.337033 5.64119e-19
    outer loop
      vertex 24.4272 -10 18.25
      vertex 24.3904 -10.1028 20
      vertex 24.3904 -10.1028 18.2551
    endloop
  endfacet
  facet normal 0.941522 -0.336952 8.09518e-06
    outer loop
      vertex 25.1428 -8 13.65
      vertex 25.2632 -7.66352 15.9404
      vertex 25.1978 -7.84628 15.2107
    endloop
  endfacet
  facet normal 0.941539 -0.336904 0
    outer loop
      vertex 25.2632 -7.66352 15.9404
      vertex 25.1428 -8 13.65
      vertex 25.2632 -7.66352 -15.9404
    endloop
  endfacet
  facet normal 0.941685 -0.336496 -4.26468e-05
    outer loop
      vertex 25.1428 -8 13.65
      vertex 25.1978 -7.84628 15.2107
      vertex 25.1566 -7.96148 14.4341
    endloop
  endfacet
  facet normal 0.941539 -0.336904 0
    outer loop
      vertex 25.1428 -8 -13.65
      vertex 25.2632 -7.66352 -15.9404
      vertex 25.1428 -8 13.65
    endloop
  endfacet
  facet normal 0.941522 -0.336952 -8.09518e-06
    outer loop
      vertex 25.2632 -7.66352 -15.9404
      vertex 25.1428 -8 -13.65
      vertex 25.1978 -7.84628 -15.2107
    endloop
  endfacet
  facet normal 0.941685 -0.336496 4.26468e-05
    outer loop
      vertex 25.1978 -7.84628 -15.2107
      vertex 25.1428 -8 -13.65
      vertex 25.1566 -7.96148 -14.4341
    endloop
  endfacet
  facet normal 0.803208 -0.595699 -1.94035e-18
    outer loop
      vertex 20.4075 -16.748 20
      vertex 21.9508 -14.6671 -20
      vertex 21.9508 -14.6671 20
    endloop
  endfacet
  facet normal 0.803208 -0.595699 -1.94035e-18
    outer loop
      vertex 21.9508 -14.6671 -20
      vertex 20.4075 -16.748 20
      vertex 20.4075 -16.748 -20
    endloop
  endfacet
  facet normal 0.903456 0.428681 1.11132e-18
    outer loop
      vertex 23.292 12.4253 -19.7037
      vertex 23.2827 12.4449 -20
      vertex 23.2827 12.4449 -19.7451
    endloop
  endfacet
  facet normal 0.90419 0.427131 -0.000125537
    outer loop
      vertex 23.3576 12.2865 -19.4722
      vertex 23.2827 12.4449 -20
      vertex 23.292 12.4253 -19.7037
    endloop
  endfacet
  facet normal 0.903983 0.427569 3.52808e-05
    outer loop
      vertex 23.4336 12.1258 -19.2554
      vertex 23.2827 12.4449 -20
      vertex 23.3576 12.2865 -19.4722
    endloop
  endfacet
  facet normal 0.903965 0.427605 -0.000176907
    outer loop
      vertex 24.3904 10.1028 -20
      vertex 23.4336 12.1258 -19.2554
      vertex 23.5194 11.9445 -19.0555
    endloop
  endfacet
  facet normal 0.904025 0.427479 0.000124957
    outer loop
      vertex 24.3904 10.1028 -20
      vertex 23.5194 11.9445 -19.0555
      vertex 23.6139 11.7446 -18.8742
    endloop
  endfacet
  facet normal 0.903943 0.427652 -0.000184166
    outer loop
      vertex 24.3904 10.1028 -20
      vertex 23.6139 11.7446 -18.8742
      vertex 23.7165 11.5278 -18.7135
    endloop
  endfacet
  facet normal 0.904079 0.427364 0.000205856
    outer loop
      vertex 24.3904 10.1028 -20
      vertex 23.7165 11.5278 -18.7135
      vertex 23.8259 11.2963 -18.5747
    endloop
  endfacet
  facet normal 0.903943 0.427653 -9.00478e-05
    outer loop
      vertex 24.3904 10.1028 -20
      vertex 23.8259 11.2963 -18.5747
      vertex 23.9413 11.0524 -18.4593
    endloop
  endfacet
  facet normal 0.903969 0.427598 -4.84515e-05
    outer loop
      vertex 24.3904 10.1028 -20
      vertex 23.9413 11.0524 -18.4593
      vertex 24.0615 10.7983 -18.3684
    endloop
  endfacet
  facet normal 0.904018 0.427494 5.96588e-06
    outer loop
      vertex 24.3904 10.1028 -20
      vertex 24.0615 10.7983 -18.3684
      vertex 24.1853 10.5365 -18.3028
    endloop
  endfacet
  facet normal 0.903967 0.427603 -2.80804e-05
    outer loop
      vertex 24.3904 10.1028 -20
      vertex 24.1853 10.5365 -18.3028
      vertex 24.3116 10.2695 -18.2632
    endloop
  endfacet
  facet normal 0.90408 0.427363 -0
    outer loop
      vertex 24.3904 10.1028 -20
      vertex 24.3116 10.2695 -18.2632
      vertex 24.3904 10.1028 -18.2551
    endloop
  endfacet
  facet normal 0.903994 0.427545 2.29014e-05
    outer loop
      vertex 23.4336 12.1258 -19.2554
      vertex 24.3904 10.1028 -20
      vertex 23.2827 12.4449 -20
    endloop
  endfacet
  facet normal 0.903456 0.428681 0
    outer loop
      vertex 23.2827 12.4449 20
      vertex 23.292 12.4253 19.7037
      vertex 23.2827 12.4449 19.7451
    endloop
  endfacet
  facet normal 0.90419 0.427131 0.000125537
    outer loop
      vertex 23.2827 12.4449 20
      vertex 23.3576 12.2865 19.4722
      vertex 23.292 12.4253 19.7037
    endloop
  endfacet
  facet normal 0.903983 0.427569 -3.52808e-05
    outer loop
      vertex 23.2827 12.4449 20
      vertex 23.4336 12.1258 19.2554
      vertex 23.3576 12.2865 19.4722
    endloop
  endfacet
  facet normal 0.903994 0.427545 -2.29014e-05
    outer loop
      vertex 24.3904 10.1028 20
      vertex 23.4336 12.1258 19.2554
      vertex 23.2827 12.4449 20
    endloop
  endfacet
  facet normal 0.903965 0.427605 0.000176907
    outer loop
      vertex 23.4336 12.1258 19.2554
      vertex 24.3904 10.1028 20
      vertex 23.5194 11.9445 19.0555
    endloop
  endfacet
  facet normal 0.904025 0.427479 -0.000124957
    outer loop
      vertex 23.5194 11.9445 19.0555
      vertex 24.3904 10.1028 20
      vertex 23.6139 11.7446 18.8742
    endloop
  endfacet
  facet normal 0.903943 0.427652 0.000184166
    outer loop
      vertex 23.6139 11.7446 18.8742
      vertex 24.3904 10.1028 20
      vertex 23.7165 11.5278 18.7135
    endloop
  endfacet
  facet normal 0.904079 0.427364 -0.000205856
    outer loop
      vertex 23.7165 11.5278 18.7135
      vertex 24.3904 10.1028 20
      vertex 23.8259 11.2963 18.5747
    endloop
  endfacet
  facet normal 0.903943 0.427653 9.00478e-05
    outer loop
      vertex 23.8259 11.2963 18.5747
      vertex 24.3904 10.1028 20
      vertex 23.9413 11.0524 18.4593
    endloop
  endfacet
  facet normal 0.903969 0.427598 4.84515e-05
    outer loop
      vertex 23.9413 11.0524 18.4593
      vertex 24.3904 10.1028 20
      vertex 24.0615 10.7983 18.3684
    endloop
  endfacet
  facet normal 0.904018 0.427494 -5.96588e-06
    outer loop
      vertex 24.0615 10.7983 18.3684
      vertex 24.3904 10.1028 20
      vertex 24.1853 10.5365 18.3028
    endloop
  endfacet
  facet normal 0.903967 0.427603 2.80804e-05
    outer loop
      vertex 24.1853 10.5365 18.3028
      vertex 24.3904 10.1028 20
      vertex 24.3116 10.2695 18.2632
    endloop
  endfacet
  facet normal 0.90408 0.427363 -2.59729e-19
    outer loop
      vertex 24.3116 10.2695 18.2632
      vertex 24.3904 10.1028 20
      vertex 24.3904 10.1028 18.2551
    endloop
  endfacet
  facet normal 0.514093 0.857735 -0
    outer loop
      vertex 14.6671 21.9508 -20
      vertex 12.4449 23.2827 20
      vertex 14.6671 21.9508 20
    endloop
  endfacet
  facet normal 0.514093 0.857735 0
    outer loop
      vertex 12.4449 23.2827 20
      vertex 14.6671 21.9508 -20
      vertex 12.4449 23.2827 -20
    endloop
  endfacet
  facet normal 0.514093 -0.857735 0
    outer loop
      vertex 12.4449 -23.2827 -20
      vertex 14.6671 -21.9508 20
      vertex 12.4449 -23.2827 20
    endloop
  endfacet
  facet normal 0.514093 -0.857735 0
    outer loop
      vertex 14.6671 -21.9508 20
      vertex 12.4449 -23.2827 -20
      vertex 14.6671 -21.9508 -20
    endloop
  endfacet
  facet normal 0.426961 -0.90427 0
    outer loop
      vertex 12.4 -23.3039 -20
      vertex 12.4449 -23.2827 20
      vertex 12.4 -23.3039 20
    endloop
  endfacet
  facet normal 0.426961 -0.90427 0
    outer loop
      vertex 12.4449 -23.2827 20
      vertex 12.4 -23.3039 -20
      vertex 12.4449 -23.2827 -20
    endloop
  endfacet
  facet normal 0.671575 0.740937 -0
    outer loop
      vertex 18.6676 18.6676 -20
      vertex 16.748 20.4075 20
      vertex 18.6676 18.6676 20
    endloop
  endfacet
  facet normal 0.671575 0.740937 0
    outer loop
      vertex 16.748 20.4075 20
      vertex 18.6676 18.6676 -20
      vertex 16.748 20.4075 -20
    endloop
  endfacet
  facet normal 0.969979 -0.243189 -0.00011944
    outer loop
      vertex 25.2632 -7.66352 -20
      vertex 25.3144 -7.45933 -19.9476
      vertex 25.2855 -7.57472 -19.7037
    endloop
  endfacet
  facet normal 0.969885 -0.243563 0
    outer loop
      vertex 25.2632 -7.66352 -20
      vertex 25.2855 -7.57472 -19.7037
      vertex 25.2632 -7.66352 -19.5555
    endloop
  endfacet
  facet normal 0.969971 -0.243221 1.70221e-05
    outer loop
      vertex 25.3144 -7.45933 -19.9476
      vertex 25.2632 -7.66352 -20
      vertex 25.3191 -7.44059 -20
    endloop
  endfacet
  facet normal 0.969971 -0.243221 -1.70221e-05
    outer loop
      vertex 25.2632 -7.66352 20
      vertex 25.3144 -7.45933 19.9476
      vertex 25.3191 -7.44059 20
    endloop
  endfacet
  facet normal 0.969979 -0.243189 0.00011944
    outer loop
      vertex 25.3144 -7.45933 19.9476
      vertex 25.2632 -7.66352 20
      vertex 25.2855 -7.57472 19.7037
    endloop
  endfacet
  facet normal 0.969885 -0.243563 4.0461e-18
    outer loop
      vertex 25.2855 -7.57472 19.7037
      vertex 25.2632 -7.66352 20
      vertex 25.2632 -7.66352 19.5555
    endloop
  endfacet
  facet normal 0.970102 -0.242699 -0.00019392
    outer loop
      vertex 25.2632 -7.66352 15.9404
      vertex 25.8927 -5.15038 19.7659
      vertex 25.7659 -5.65685 19.3069
    endloop
  endfacet
  facet normal 0.970032 -0.242977 0
    outer loop
      vertex 25.8927 -5.15038 19.7659
      vertex 25.2632 -7.66352 15.9404
      vertex 25.8927 -5.15038 -19.7659
    endloop
  endfacet
  facet normal 0.969998 -0.243113 6.80041e-05
    outer loop
      vertex 25.2632 -7.66352 15.9404
      vertex 25.7659 -5.65685 19.3069
      vertex 25.6338 -6.18408 18.7251
    endloop
  endfacet
  facet normal 0.970032 -0.242977 0
    outer loop
      vertex 25.2632 -7.66352 -15.9404
      vertex 25.8927 -5.15038 -19.7659
      vertex 25.2632 -7.66352 15.9404
    endloop
  endfacet
  facet normal 0.970121 -0.242621 -0.000209438
    outer loop
      vertex 25.2632 -7.66352 15.9404
      vertex 25.6338 -6.18408 18.7251
      vertex 25.5167 -6.65176 18.0946
    endloop
  endfacet
  facet normal 0.970102 -0.242699 0.00019392
    outer loop
      vertex 25.8927 -5.15038 -19.7659
      vertex 25.2632 -7.66352 -15.9404
      vertex 25.7659 -5.65685 -19.3069
    endloop
  endfacet
  facet normal 0.970084 -0.24277 -0.000135089
    outer loop
      vertex 25.2632 -7.66352 15.9404
      vertex 25.5167 -6.65176 18.0946
      vertex 25.4156 -7.05537 17.4212
    endloop
  endfacet
  facet normal 0.969998 -0.243113 -6.80041e-05
    outer loop
      vertex 25.7659 -5.65685 -19.3069
      vertex 25.2632 -7.66352 -15.9404
      vertex 25.6338 -6.18408 -18.7251
    endloop
  endfacet
  facet normal 0.970097 -0.242717 -0.000158476
    outer loop
      vertex 25.2632 -7.66352 15.9404
      vertex 25.4156 -7.05537 17.4212
      vertex 25.3315 -7.39104 16.7115
    endloop
  endfacet
  facet normal 0.970121 -0.242621 0.000209438
    outer loop
      vertex 25.6338 -6.18408 -18.7251
      vertex 25.2632 -7.66352 -15.9404
      vertex 25.5167 -6.65176 -18.0946
    endloop
  endfacet
  facet normal 0.969621 -0.244612 0.000553342
    outer loop
      vertex 25.2632 -7.66352 15.9404
      vertex 25.3315 -7.39104 16.7115
      vertex 25.2652 -7.65552 15.9723
    endloop
  endfacet
  facet normal 0.970084 -0.24277 0.000135089
    outer loop
      vertex 25.5167 -6.65176 -18.0946
      vertex 25.2632 -7.66352 -15.9404
      vertex 25.4156 -7.05537 -17.4212
    endloop
  endfacet
  facet normal 0.970097 -0.242717 0.000158476
    outer loop
      vertex 25.4156 -7.05537 -17.4212
      vertex 25.2632 -7.66352 -15.9404
      vertex 25.3315 -7.39104 -16.7115
    endloop
  endfacet
  facet normal 0.969621 -0.244612 -0.000553342
    outer loop
      vertex 25.3315 -7.39104 -16.7115
      vertex 25.2632 -7.66352 -15.9404
      vertex 25.2652 -7.65552 -15.9723
    endloop
  endfacet
  facet normal 0.857769 0.514035 1.09265e-19
    outer loop
      vertex 22 14.585 20
      vertex 21.9508 14.6671 -20
      vertex 21.9508 14.6671 20
    endloop
  endfacet
  facet normal 0.857769 0.514035 1.09265e-19
    outer loop
      vertex 21.9508 14.6671 -20
      vertex 22 14.585 20
      vertex 22 14.585 -20
    endloop
  endfacet
  facet normal 0.857809 0.513969 -0
    outer loop
      vertex 23.2827 12.4449 -20
      vertex 23.2253 12.5407 -19.9476
      vertex 23.2827 12.4449 -19.7451
    endloop
  endfacet
  facet normal 0.857823 0.513945 6.00496e-05
    outer loop
      vertex 23.2253 12.5407 -19.9476
      vertex 23.2827 12.4449 -20
      vertex 23.2141 12.5594 -20
    endloop
  endfacet
  facet normal 0.857823 0.513945 -6.00496e-05
    outer loop
      vertex 23.2827 12.4449 20
      vertex 23.2253 12.5407 19.9476
      vertex 23.2141 12.5594 20
    endloop
  endfacet
  facet normal 0.857809 0.513969 -3.73956e-18
    outer loop
      vertex 23.2253 12.5407 19.9476
      vertex 23.2827 12.4449 20
      vertex 23.2827 12.4449 19.7451
    endloop
  endfacet
  facet normal 0.671575 -0.740937 0
    outer loop
      vertex 16.748 -20.4075 -20
      vertex 18.6676 -18.6676 20
      vertex 16.748 -20.4075 20
    endloop
  endfacet
  facet normal 0.671575 -0.740937 0
    outer loop
      vertex 18.6676 -18.6676 20
      vertex 16.748 -20.4075 -20
      vertex 18.6676 -18.6676 -20
    endloop
  endfacet
  facet normal 0.740937 0.671575 -9.87392e-19
    outer loop
      vertex 20.4075 16.748 20
      vertex 18.6676 18.6676 -20
      vertex 18.6676 18.6676 20
    endloop
  endfacet
  facet normal 0.740937 0.671575 -9.87392e-19
    outer loop
      vertex 18.6676 18.6676 -20
      vertex 20.4075 16.748 20
      vertex 20.4075 16.748 -20
    endloop
  endfacet
  facet normal 0.595699 -0.803208 0
    outer loop
      vertex 14.6671 -21.9508 -20
      vertex 16.748 -20.4075 20
      vertex 14.6671 -21.9508 20
    endloop
  endfacet
  facet normal 0.595699 -0.803208 0
    outer loop
      vertex 16.748 -20.4075 20
      vertex 14.6671 -21.9508 -20
      vertex 16.748 -20.4075 -20
    endloop
  endfacet
  facet normal 0.857769 -0.514035 -1.09265e-19
    outer loop
      vertex 21.9508 -14.6671 20
      vertex 22 -14.585 -20
      vertex 22 -14.585 20
    endloop
  endfacet
  facet normal 0.857769 -0.514035 -1.09265e-19
    outer loop
      vertex 22 -14.585 -20
      vertex 21.9508 -14.6671 20
      vertex 21.9508 -14.6671 -20
    endloop
  endfacet
  facet normal 0.857809 -0.513969 3.73956e-18
    outer loop
      vertex 23.2253 -12.5407 -19.9476
      vertex 23.2827 -12.4449 -20
      vertex 23.2827 -12.4449 -19.7451
    endloop
  endfacet
  facet normal 0.857823 -0.513945 6.00496e-05
    outer loop
      vertex 23.2827 -12.4449 -20
      vertex 23.2253 -12.5407 -19.9476
      vertex 23.2141 -12.5594 -20
    endloop
  endfacet
  facet normal 0.857809 -0.513969 0
    outer loop
      vertex 23.2827 -12.4449 20
      vertex 23.2253 -12.5407 19.9476
      vertex 23.2827 -12.4449 19.7451
    endloop
  endfacet
  facet normal 0.857823 -0.513945 -6.00496e-05
    outer loop
      vertex 23.2253 -12.5407 19.9476
      vertex 23.2827 -12.4449 20
      vertex 23.2141 -12.5594 20
    endloop
  endfacet
  facet normal 0.90408 -0.427363 2.59729e-19
    outer loop
      vertex 24.3116 -10.2695 -18.2632
      vertex 24.3904 -10.1028 -20
      vertex 24.3904 -10.1028 -18.2551
    endloop
  endfacet
  facet normal 0.903967 -0.427603 -2.80804e-05
    outer loop
      vertex 24.1853 -10.5365 -18.3028
      vertex 24.3904 -10.1028 -20
      vertex 24.3116 -10.2695 -18.2632
    endloop
  endfacet
  facet normal 0.904018 -0.427494 5.96588e-06
    outer loop
      vertex 24.0615 -10.7983 -18.3684
      vertex 24.3904 -10.1028 -20
      vertex 24.1853 -10.5365 -18.3028
    endloop
  endfacet
  facet normal 0.903969 -0.427598 -4.84515e-05
    outer loop
      vertex 23.9413 -11.0524 -18.4593
      vertex 24.3904 -10.1028 -20
      vertex 24.0615 -10.7983 -18.3684
    endloop
  endfacet
  facet normal 0.903943 -0.427653 -9.00478e-05
    outer loop
      vertex 23.8259 -11.2963 -18.5747
      vertex 24.3904 -10.1028 -20
      vertex 23.9413 -11.0524 -18.4593
    endloop
  endfacet
  facet normal 0.904079 -0.427364 0.000205856
    outer loop
      vertex 23.7165 -11.5278 -18.7135
      vertex 24.3904 -10.1028 -20
      vertex 23.8259 -11.2963 -18.5747
    endloop
  endfacet
  facet normal 0.903943 -0.427652 -0.000184166
    outer loop
      vertex 23.6139 -11.7446 -18.8742
      vertex 24.3904 -10.1028 -20
      vertex 23.7165 -11.5278 -18.7135
    endloop
  endfacet
  facet normal 0.904025 -0.427479 0.000124957
    outer loop
      vertex 23.5194 -11.9445 -19.0555
      vertex 24.3904 -10.1028 -20
      vertex 23.6139 -11.7446 -18.8742
    endloop
  endfacet
  facet normal 0.903965 -0.427605 -0.000176907
    outer loop
      vertex 23.4336 -12.1258 -19.2554
      vertex 24.3904 -10.1028 -20
      vertex 23.5194 -11.9445 -19.0555
    endloop
  endfacet
  facet normal 0.903993 -0.427548 1.58049e-05
    outer loop
      vertex 23.3576 -12.2865 -19.4722
      vertex 24.3904 -10.1028 -20
      vertex 23.4336 -12.1258 -19.2554
    endloop
  endfacet
  facet normal 0.90419 -0.427131 -0.000125537
    outer loop
      vertex 23.2827 -12.4449 -20
      vertex 23.3576 -12.2865 -19.4722
      vertex 23.292 -12.4253 -19.7037
    endloop
  endfacet
  facet normal 0.903456 -0.428681 0
    outer loop
      vertex 23.2827 -12.4449 -20
      vertex 23.292 -12.4253 -19.7037
      vertex 23.2827 -12.4449 -19.7451
    endloop
  endfacet
  facet normal 0.903994 -0.427545 2.66117e-05
    outer loop
      vertex 23.3576 -12.2865 -19.4722
      vertex 23.2827 -12.4449 -20
      vertex 24.3904 -10.1028 -20
    endloop
  endfacet
  facet normal 0.90408 -0.427363 0
    outer loop
      vertex 24.3904 -10.1028 20
      vertex 24.3116 -10.2695 18.2632
      vertex 24.3904 -10.1028 18.2551
    endloop
  endfacet
  facet normal 0.903967 -0.427603 2.80804e-05
    outer loop
      vertex 24.3904 -10.1028 20
      vertex 24.1853 -10.5365 18.3028
      vertex 24.3116 -10.2695 18.2632
    endloop
  endfacet
  facet normal 0.904018 -0.427494 -5.96588e-06
    outer loop
      vertex 24.3904 -10.1028 20
      vertex 24.0615 -10.7983 18.3684
      vertex 24.1853 -10.5365 18.3028
    endloop
  endfacet
  facet normal 0.903969 -0.427598 4.84515e-05
    outer loop
      vertex 24.3904 -10.1028 20
      vertex 23.9413 -11.0524 18.4593
      vertex 24.0615 -10.7983 18.3684
    endloop
  endfacet
  facet normal 0.903943 -0.427653 9.00478e-05
    outer loop
      vertex 24.3904 -10.1028 20
      vertex 23.8259 -11.2963 18.5747
      vertex 23.9413 -11.0524 18.4593
    endloop
  endfacet
  facet normal 0.904079 -0.427364 -0.000205856
    outer loop
      vertex 24.3904 -10.1028 20
      vertex 23.7165 -11.5278 18.7135
      vertex 23.8259 -11.2963 18.5747
    endloop
  endfacet
  facet normal 0.903943 -0.427652 0.000184166
    outer loop
      vertex 24.3904 -10.1028 20
      vertex 23.6139 -11.7446 18.8742
      vertex 23.7165 -11.5278 18.7135
    endloop
  endfacet
  facet normal 0.904025 -0.427479 -0.000124957
    outer loop
      vertex 24.3904 -10.1028 20
      vertex 23.5194 -11.9445 19.0555
      vertex 23.6139 -11.7446 18.8742
    endloop
  endfacet
  facet normal 0.903965 -0.427605 0.000176907
    outer loop
      vertex 24.3904 -10.1028 20
      vertex 23.4336 -12.1258 19.2554
      vertex 23.5194 -11.9445 19.0555
    endloop
  endfacet
  facet normal 0.903993 -0.427548 -1.58049e-05
    outer loop
      vertex 24.3904 -10.1028 20
      vertex 23.3576 -12.2865 19.4722
      vertex 23.4336 -12.1258 19.2554
    endloop
  endfacet
  facet normal 0.903994 -0.427545 -2.66117e-05
    outer loop
      vertex 23.2827 -12.4449 20
      vertex 23.3576 -12.2865 19.4722
      vertex 24.3904 -10.1028 20
    endloop
  endfacet
  facet normal 0.90419 -0.427131 0.000125537
    outer loop
      vertex 23.3576 -12.2865 19.4722
      vertex 23.2827 -12.4449 20
      vertex 23.292 -12.4253 19.7037
    endloop
  endfacet
  facet normal 0.903456 -0.428681 -1.11132e-18
    outer loop
      vertex 23.292 -12.4253 19.7037
      vertex 23.2827 -12.4449 20
      vertex 23.2827 -12.4449 19.7451
    endloop
  endfacet
  facet normal -0 0 1
    outer loop
      vertex 26.0634 4 20
      vertex 29.5 2.5 20
      vertex 29.5 4 20
    endloop
  endfacet
  facet normal 0 0 1
    outer loop
      vertex 26.0634 4 20
      vertex 25.05 2.5 20
      vertex 29.5 2.5 20
    endloop
  endfacet
  facet normal 0 0 1
    outer loop
      vertex 25.9371 4.85143 20
      vertex 25.05 2.5 20
      vertex 26.0634 4 20
    endloop
  endfacet
  facet normal 0 0 1
    outer loop
      vertex 19.3066 1.90153 20
      vertex 25.05 2.5 20
      vertex 22 4.85143 20
    endloop
  endfacet
  facet normal -0 0 1
    outer loop
      vertex 22 4.85143 20
      vertex 25.05 2.5 20
      vertex 25.9371 4.85143 20
    endloop
  endfacet
  facet normal 0 0 1
    outer loop
      vertex 29.5 -2.5 20
      vertex 26.0634 -4 20
      vertex 29.5 -4 20
    endloop
  endfacet
  facet normal -0 0 1
    outer loop
      vertex 25.05 -2.5 20
      vertex 26.0634 -4 20
      vertex 29.5 -2.5 20
    endloop
  endfacet
  facet normal 0 0 1
    outer loop
      vertex 25.05 -2.5 20
      vertex 25.9371 -4.85143 20
      vertex 26.0634 -4 20
    endloop
  endfacet
  facet normal 0 0 1
    outer loop
      vertex 25.05 2.5 20
      vertex 19.4 0 20
      vertex 25.05 -2.5 20
    endloop
  endfacet
  facet normal -0 0 1
    outer loop
      vertex 19.3066 -1.90153 20
      vertex 25.05 -2.5 20
      vertex 19.4 0 20
    endloop
  endfacet
  facet normal -0 0 1
    outer loop
      vertex 0 42.4 20
      vertex 12.4 23.3039 20
      vertex 12.4 42.4 20
    endloop
  endfacet
  facet normal 0 0 1
    outer loop
      vertex 12.4 23.3039 20
      vertex 10.7781 16.1305 20
      vertex 12.3072 14.9964 20
    endloop
  endfacet
  facet normal 0 0 1
    outer loop
      vertex 12.4 23.3039 20
      vertex 9.1451 17.1093 20
      vertex 10.7781 16.1305 20
    endloop
  endfacet
  facet normal 0 0 1
    outer loop
      vertex 12.4 23.3039 20
      vertex 7.42406 17.9233 20
      vertex 9.1451 17.1093 20
    endloop
  endfacet
  facet normal 0 0 1
    outer loop
      vertex 12.4 23.3039 20
      vertex 5.63152 18.5646 20
      vertex 7.42406 17.9233 20
    endloop
  endfacet
  facet normal 0 0 1
    outer loop
      vertex 12.4 23.3039 20
      vertex 3.78475 19.0272 20
      vertex 5.63152 18.5646 20
    endloop
  endfacet
  facet normal 0 -0 1
    outer loop
      vertex 1.90153 19.3066 20
      vertex 12.4 23.3039 20
      vertex 0 42.4 20
    endloop
  endfacet
  facet normal 0 0 1
    outer loop
      vertex 12.4 23.3039 20
      vertex 1.90153 19.3066 20
      vertex 3.78475 19.0272 20
    endloop
  endfacet
  facet normal 0 0 1
    outer loop
      vertex 1.90153 19.3066 20
      vertex 0 42.4 20
      vertex 0 19.4 20
    endloop
  endfacet
  facet normal 0 0 1
    outer loop
      vertex 21.9508 14.6671 20
      vertex 22 12.5594 20
      vertex 22 14.585 20
    endloop
  endfacet
  facet normal 0 0 1
    outer loop
      vertex 22 12.5594 20
      vertex 17.1093 9.1451 20
      vertex 22 7.44059 20
    endloop
  endfacet
  facet normal 0 -0 1
    outer loop
      vertex 18.5646 5.63152 20
      vertex 22 7.44059 20
      vertex 17.9233 7.42406 20
    endloop
  endfacet
  facet normal 0 0 1
    outer loop
      vertex 25.05 2.5 20
      vertex 19.3066 1.90153 20
      vertex 19.4 0 20
    endloop
  endfacet
  facet normal 0 0 1
    outer loop
      vertex 25.05 -2.5 20
      vertex 22 -4.85143 20
      vertex 25.9371 -4.85143 20
    endloop
  endfacet
  facet normal -0 0 1
    outer loop
      vertex 19.0272 -3.78475 20
      vertex 22 -4.85143 20
      vertex 19.3066 -1.90153 20
    endloop
  endfacet
  facet normal 0 0 1
    outer loop
      vertex 22 12.5594 20
      vertex 21.9508 14.6671 20
      vertex 16.1305 10.7781 20
    endloop
  endfacet
  facet normal 0 0 1
    outer loop
      vertex 18.5646 -5.63152 20
      vertex 22 -4.85143 20
      vertex 19.0272 -3.78475 20
    endloop
  endfacet
  facet normal 0 0 1
    outer loop
      vertex 16.1305 10.7781 20
      vertex 21.9508 14.6671 20
      vertex 20.4075 16.748 20
    endloop
  endfacet
  facet normal 0 0 1
    outer loop
      vertex 22 -4.85143 20
      vertex 18.5646 -5.63152 20
      vertex 22 -7.44059 20
    endloop
  endfacet
  facet normal -0 0 1
    outer loop
      vertex 17.9233 -7.42406 20
      vertex 22 -7.44059 20
      vertex 18.5646 -5.63152 20
    endloop
  endfacet
  facet normal 0 0 1
    outer loop
      vertex 25.05 -2.5 20
      vertex 19.3066 -1.90153 20
      vertex 22 -4.85143 20
    endloop
  endfacet
  facet normal 0 0 1
    outer loop
      vertex 22 4.85143 20
      vertex 19.0272 3.78475 20
      vertex 19.3066 1.90153 20
    endloop
  endfacet
  facet normal 0 0 1
    outer loop
      vertex 14.9964 12.3072 20
      vertex 20.4075 16.748 20
      vertex 18.6676 18.6676 20
    endloop
  endfacet
  facet normal 0 0 1
    outer loop
      vertex 22 4.85143 20
      vertex 18.5646 5.63152 20
      vertex 19.0272 3.78475 20
    endloop
  endfacet
  facet normal 0 0 1
    outer loop
      vertex 22 7.44059 20
      vertex 18.5646 5.63152 20
      vertex 22 4.85143 20
    endloop
  endfacet
  facet normal 0 0 1
    outer loop
      vertex 22 7.44059 20
      vertex 17.1093 9.1451 20
      vertex 17.9233 7.42406 20
    endloop
  endfacet
  facet normal 0 0 1
    outer loop
      vertex 13.7179 13.7179 20
      vertex 18.6676 18.6676 20
      vertex 16.748 20.4075 20
    endloop
  endfacet
  facet normal 0 0 1
    outer loop
      vertex 22 12.5594 20
      vertex 16.1305 10.7781 20
      vertex 17.1093 9.1451 20
    endloop
  endfacet
  facet normal 0 0 1
    outer loop
      vertex 20.4075 16.748 20
      vertex 14.9964 12.3072 20
      vertex 16.1305 10.7781 20
    endloop
  endfacet
  facet normal 0 0 1
    outer loop
      vertex 12.3072 14.9964 20
      vertex 16.748 20.4075 20
      vertex 14.6671 21.9508 20
    endloop
  endfacet
  facet normal 0 0 1
    outer loop
      vertex 18.6676 18.6676 20
      vertex 13.7179 13.7179 20
      vertex 14.9964 12.3072 20
    endloop
  endfacet
  facet normal 0 0 1
    outer loop
      vertex 12.3072 14.9964 20
      vertex 14.6671 21.9508 20
      vertex 12.4449 23.2827 20
    endloop
  endfacet
  facet normal 0 0 1
    outer loop
      vertex 12.3072 14.9964 20
      vertex 12.4449 23.2827 20
      vertex 12.4 23.3039 20
    endloop
  endfacet
  facet normal 0 0 1
    outer loop
      vertex 16.748 20.4075 20
      vertex 12.3072 14.9964 20
      vertex 13.7179 13.7179 20
    endloop
  endfacet
  facet normal 0 0 1
    outer loop
      vertex 22 7.44059 20
      vertex 25.2632 7.66352 20
      vertex 24.3904 10.1028 20
    endloop
  endfacet
  facet normal 0 0 1
    outer loop
      vertex 22 12.5594 20
      vertex 24.3904 10.1028 20
      vertex 23.2827 12.4449 20
    endloop
  endfacet
  facet normal -0 0 1
    outer loop
      vertex 22 12.5594 20
      vertex 23.2827 12.4449 20
      vertex 23.2141 12.5594 20
    endloop
  endfacet
  facet normal 0 0 1
    outer loop
      vertex 24.3904 10.1028 20
      vertex 22 12.5594 20
      vertex 22 7.44059 20
    endloop
  endfacet
  facet normal 0 0 1
    outer loop
      vertex 25.2632 7.66352 20
      vertex 22 7.44059 20
      vertex 25.3191 7.44059 20
    endloop
  endfacet
  facet normal -0 0 1
    outer loop
      vertex 22 -7.44059 20
      vertex 25.2632 -7.66352 20
      vertex 25.3191 -7.44059 20
    endloop
  endfacet
  facet normal 0 0 1
    outer loop
      vertex 25.2632 -7.66352 20
      vertex 22 -7.44059 20
      vertex 24.3904 -10.1028 20
    endloop
  endfacet
  facet normal 0 0 1
    outer loop
      vertex 22 -12.5594 20
      vertex 24.3904 -10.1028 20
      vertex 22 -7.44059 20
    endloop
  endfacet
  facet normal 0 0 1
    outer loop
      vertex 24.3904 -10.1028 20
      vertex 22 -12.5594 20
      vertex 23.2827 -12.4449 20
    endloop
  endfacet
  facet normal 0 0 1
    outer loop
      vertex 23.2827 -12.4449 20
      vertex 22 -12.5594 20
      vertex 23.2141 -12.5594 20
    endloop
  endfacet
  facet normal 0 0 1
    outer loop
      vertex 17.1093 -9.1451 20
      vertex 22 -7.44059 20
      vertex 17.9233 -7.42406 20
    endloop
  endfacet
  facet normal 0 0 1
    outer loop
      vertex 22 -7.44059 20
      vertex 17.1093 -9.1451 20
      vertex 22 -12.5594 20
    endloop
  endfacet
  facet normal -0 0 1
    outer loop
      vertex 16.1305 -10.7781 20
      vertex 22 -12.5594 20
      vertex 17.1093 -9.1451 20
    endloop
  endfacet
  facet normal 0 -0 1
    outer loop
      vertex 21.9508 -14.6671 20
      vertex 22 -12.5594 20
      vertex 16.1305 -10.7781 20
    endloop
  endfacet
  facet normal 0 0 1
    outer loop
      vertex 22 -12.5594 20
      vertex 21.9508 -14.6671 20
      vertex 22 -14.585 20
    endloop
  endfacet
  facet normal 0 0 1
    outer loop
      vertex 21.9508 -14.6671 20
      vertex 16.1305 -10.7781 20
      vertex 20.4075 -16.748 20
    endloop
  endfacet
  facet normal -0 0 1
    outer loop
      vertex 14.9964 -12.3072 20
      vertex 20.4075 -16.748 20
      vertex 16.1305 -10.7781 20
    endloop
  endfacet
  facet normal 0 0 1
    outer loop
      vertex 20.4075 -16.748 20
      vertex 14.9964 -12.3072 20
      vertex 18.6676 -18.6676 20
    endloop
  endfacet
  facet normal -0 0 1
    outer loop
      vertex 13.7179 -13.7179 20
      vertex 18.6676 -18.6676 20
      vertex 14.9964 -12.3072 20
    endloop
  endfacet
  facet normal 0 0 1
    outer loop
      vertex 18.6676 -18.6676 20
      vertex 13.7179 -13.7179 20
      vertex 16.748 -20.4075 20
    endloop
  endfacet
  facet normal -0 0 1
    outer loop
      vertex 12.3072 -14.9964 20
      vertex 16.748 -20.4075 20
      vertex 13.7179 -13.7179 20
    endloop
  endfacet
  facet normal 0 0 1
    outer loop
      vertex 16.748 -20.4075 20
      vertex 12.3072 -14.9964 20
      vertex 14.6671 -21.9508 20
    endloop
  endfacet
  facet normal -0 0 1
    outer loop
      vertex 10.7781 -16.1305 20
      vertex 14.6671 -21.9508 20
      vertex 12.3072 -14.9964 20
    endloop
  endfacet
  facet normal 0 0 1
    outer loop
      vertex 14.6671 -21.9508 20
      vertex 10.7781 -16.1305 20
      vertex 12.4449 -23.2827 20
    endloop
  endfacet
  facet normal -0 0 1
    outer loop
      vertex 9.1451 -17.1093 20
      vertex 12.4449 -23.2827 20
      vertex 10.7781 -16.1305 20
    endloop
  endfacet
  facet normal 0 0 1
    outer loop
      vertex 12.4449 -23.2827 20
      vertex 9.1451 -17.1093 20
      vertex 12.4 -23.3039 20
    endloop
  endfacet
  facet normal -0 0 1
    outer loop
      vertex 7.42406 -17.9233 20
      vertex 12.4 -23.3039 20
      vertex 9.1451 -17.1093 20
    endloop
  endfacet
  facet normal -0 0 1
    outer loop
      vertex 5.63152 -18.5646 20
      vertex 12.4 -23.3039 20
      vertex 7.42406 -17.9233 20
    endloop
  endfacet
  facet normal -0 0 1
    outer loop
      vertex 3.78475 -19.0272 20
      vertex 12.4 -23.3039 20
      vertex 5.63152 -18.5646 20
    endloop
  endfacet
  facet normal -0 0 1
    outer loop
      vertex 1.90153 -19.3066 20
      vertex 12.4 -23.3039 20
      vertex 3.78475 -19.0272 20
    endloop
  endfacet
  facet normal 0 0 1
    outer loop
      vertex 12.4 -23.3039 20
      vertex 1.90153 -19.3066 20
      vertex 0 -42.4 20
    endloop
  endfacet
  facet normal 0 0 1
    outer loop
      vertex 0 -42.4 20
      vertex 1.90153 -19.3066 20
      vertex 0 -19.4 20
    endloop
  endfacet
  facet normal 0 0 1
    outer loop
      vertex 12.4 -23.3039 20
      vertex 0 -42.4 20
      vertex 12.4 -42.4 20
    endloop
  endfacet
  facet normal 0 0 -1
    outer loop
      vertex 0 -42.4 -20
      vertex 12.4 -23.3039 -20
      vertex 12.4 -42.4 -20
    endloop
  endfacet
  facet normal 0 0 -1
    outer loop
      vertex 12.4 -23.3039 -20
      vertex 10.7781 -16.1305 -20
      vertex 12.3072 -14.9964 -20
    endloop
  endfacet
  facet normal 0 0 -1
    outer loop
      vertex 12.4 -23.3039 -20
      vertex 9.1451 -17.1093 -20
      vertex 10.7781 -16.1305 -20
    endloop
  endfacet
  facet normal 0 0 -1
    outer loop
      vertex 12.4 -23.3039 -20
      vertex 7.42406 -17.9233 -20
      vertex 9.1451 -17.1093 -20
    endloop
  endfacet
  facet normal 0 0 -1
    outer loop
      vertex 12.4 -23.3039 -20
      vertex 5.63152 -18.5646 -20
      vertex 7.42406 -17.9233 -20
    endloop
  endfacet
  facet normal 0 0 -1
    outer loop
      vertex 12.4 -23.3039 -20
      vertex 3.78475 -19.0272 -20
      vertex 5.63152 -18.5646 -20
    endloop
  endfacet
  facet normal 0 -0 -1
    outer loop
      vertex 1.90153 -19.3066 -20
      vertex 12.4 -23.3039 -20
      vertex 0 -42.4 -20
    endloop
  endfacet
  facet normal 0 0 -1
    outer loop
      vertex 12.4 -23.3039 -20
      vertex 1.90153 -19.3066 -20
      vertex 3.78475 -19.0272 -20
    endloop
  endfacet
  facet normal 0 0 -1
    outer loop
      vertex 1.90153 -19.3066 -20
      vertex 0 -42.4 -20
      vertex 0 -19.4 -20
    endloop
  endfacet
  facet normal 0 0 -1
    outer loop
      vertex 21.9508 -14.6671 -20
      vertex 22 -12.5594 -20
      vertex 22 -14.585 -20
    endloop
  endfacet
  facet normal 0 0 -1
    outer loop
      vertex 22 -12.5594 -20
      vertex 17.1093 -9.1451 -20
      vertex 22 -7.44059 -20
    endloop
  endfacet
  facet normal 0 -0 -1
    outer loop
      vertex 18.5646 -5.63152 -20
      vertex 22 -7.44059 -20
      vertex 17.9233 -7.42406 -20
    endloop
  endfacet
  facet normal 0 -0 -1
    outer loop
      vertex 19.4 0 -20
      vertex 22 -4.85143 -20
      vertex 19.3066 -1.90153 -20
    endloop
  endfacet
  facet normal 0 0 -1
    outer loop
      vertex 22 -4.85143 -20
      vertex 19.4 0 -20
      vertex 22 4.85143 -20
    endloop
  endfacet
  facet normal 0 0 -1
    outer loop
      vertex 19.0272 3.78475 -20
      vertex 22 4.85143 -20
      vertex 19.3066 1.90153 -20
    endloop
  endfacet
  facet normal -0 0 -1
    outer loop
      vertex 22 -12.5594 -20
      vertex 21.9508 -14.6671 -20
      vertex 16.1305 -10.7781 -20
    endloop
  endfacet
  facet normal 0 0 -1
    outer loop
      vertex 18.5646 5.63152 -20
      vertex 22 4.85143 -20
      vertex 19.0272 3.78475 -20
    endloop
  endfacet
  facet normal 0 0 -1
    outer loop
      vertex 16.1305 -10.7781 -20
      vertex 21.9508 -14.6671 -20
      vertex 20.4075 -16.748 -20
    endloop
  endfacet
  facet normal 0 0 -1
    outer loop
      vertex 22 4.85143 -20
      vertex 18.5646 5.63152 -20
      vertex 22 7.44059 -20
    endloop
  endfacet
  facet normal 0 0 -1
    outer loop
      vertex 17.9233 7.42406 -20
      vertex 22 7.44059 -20
      vertex 18.5646 5.63152 -20
    endloop
  endfacet
  facet normal 0 0 -1
    outer loop
      vertex 19.3066 1.90153 -20
      vertex 22 4.85143 -20
      vertex 19.4 0 -20
    endloop
  endfacet
  facet normal 0 0 -1
    outer loop
      vertex 22 -4.85143 -20
      vertex 19.0272 -3.78475 -20
      vertex 19.3066 -1.90153 -20
    endloop
  endfacet
  facet normal 0 0 -1
    outer loop
      vertex 14.9964 -12.3072 -20
      vertex 20.4075 -16.748 -20
      vertex 18.6676 -18.6676 -20
    endloop
  endfacet
  facet normal -0 0 -1
    outer loop
      vertex 22 -4.85143 -20
      vertex 18.5646 -5.63152 -20
      vertex 19.0272 -3.78475 -20
    endloop
  endfacet
  facet normal 0 0 -1
    outer loop
      vertex 22 -7.44059 -20
      vertex 18.5646 -5.63152 -20
      vertex 22 -4.85143 -20
    endloop
  endfacet
  facet normal -0 0 -1
    outer loop
      vertex 22 -7.44059 -20
      vertex 17.1093 -9.1451 -20
      vertex 17.9233 -7.42406 -20
    endloop
  endfacet
  facet normal 0 0 -1
    outer loop
      vertex 13.7179 -13.7179 -20
      vertex 18.6676 -18.6676 -20
      vertex 16.748 -20.4075 -20
    endloop
  endfacet
  facet normal 0 0 -1
    outer loop
      vertex 22 -12.5594 -20
      vertex 16.1305 -10.7781 -20
      vertex 17.1093 -9.1451 -20
    endloop
  endfacet
  facet normal 0 0 -1
    outer loop
      vertex 20.4075 -16.748 -20
      vertex 14.9964 -12.3072 -20
      vertex 16.1305 -10.7781 -20
    endloop
  endfacet
  facet normal 0 0 -1
    outer loop
      vertex 12.3072 -14.9964 -20
      vertex 16.748 -20.4075 -20
      vertex 14.6671 -21.9508 -20
    endloop
  endfacet
  facet normal 0 0 -1
    outer loop
      vertex 18.6676 -18.6676 -20
      vertex 13.7179 -13.7179 -20
      vertex 14.9964 -12.3072 -20
    endloop
  endfacet
  facet normal 0 0 -1
    outer loop
      vertex 12.3072 -14.9964 -20
      vertex 14.6671 -21.9508 -20
      vertex 12.4449 -23.2827 -20
    endloop
  endfacet
  facet normal 0 0 -1
    outer loop
      vertex 12.3072 -14.9964 -20
      vertex 12.4449 -23.2827 -20
      vertex 12.4 -23.3039 -20
    endloop
  endfacet
  facet normal 0 0 -1
    outer loop
      vertex 16.748 -20.4075 -20
      vertex 12.3072 -14.9964 -20
      vertex 13.7179 -13.7179 -20
    endloop
  endfacet
  facet normal 0 0 -1
    outer loop
      vertex 22 -7.44059 -20
      vertex 25.2632 -7.66352 -20
      vertex 24.3904 -10.1028 -20
    endloop
  endfacet
  facet normal 0 0 -1
    outer loop
      vertex 22 -12.5594 -20
      vertex 24.3904 -10.1028 -20
      vertex 23.2827 -12.4449 -20
    endloop
  endfacet
  facet normal 0 0 -1
    outer loop
      vertex 22 -12.5594 -20
      vertex 23.2827 -12.4449 -20
      vertex 23.2141 -12.5594 -20
    endloop
  endfacet
  facet normal -0 0 -1
    outer loop
      vertex 24.3904 -10.1028 -20
      vertex 22 -12.5594 -20
      vertex 22 -7.44059 -20
    endloop
  endfacet
  facet normal 0 0 -1
    outer loop
      vertex 25.2632 -7.66352 -20
      vertex 22 -7.44059 -20
      vertex 25.3191 -7.44059 -20
    endloop
  endfacet
  facet normal 0 0 -1
    outer loop
      vertex 26.0634 -4 -20
      vertex 29.5 4 -20
      vertex 29.5 -4 -20
    endloop
  endfacet
  facet normal 0 0 -1
    outer loop
      vertex 26.0634 -4 -20
      vertex 26.0634 4 -20
      vertex 29.5 4 -20
    endloop
  endfacet
  facet normal 0 0 -1
    outer loop
      vertex 22 -4.85143 -20
      vertex 26.0634 -4 -20
      vertex 25.9371 -4.85143 -20
    endloop
  endfacet
  facet normal -0 0 -1
    outer loop
      vertex 26.0634 -4 -20
      vertex 22 -4.85143 -20
      vertex 26.0634 4 -20
    endloop
  endfacet
  facet normal 0 0 -1
    outer loop
      vertex 22 4.85143 -20
      vertex 26.0634 4 -20
      vertex 22 -4.85143 -20
    endloop
  endfacet
  facet normal 0 0 -1
    outer loop
      vertex 26.0634 4 -20
      vertex 22 4.85143 -20
      vertex 25.9371 4.85143 -20
    endloop
  endfacet
  facet normal 0 0 -1
    outer loop
      vertex 22 7.44059 -20
      vertex 25.2632 7.66352 -20
      vertex 25.3191 7.44059 -20
    endloop
  endfacet
  facet normal -0 0 -1
    outer loop
      vertex 25.2632 7.66352 -20
      vertex 22 7.44059 -20
      vertex 24.3904 10.1028 -20
    endloop
  endfacet
  facet normal 0 0 -1
    outer loop
      vertex 22 12.5594 -20
      vertex 24.3904 10.1028 -20
      vertex 22 7.44059 -20
    endloop
  endfacet
  facet normal 0 0 -1
    outer loop
      vertex 24.3904 10.1028 -20
      vertex 22 12.5594 -20
      vertex 23.2827 12.4449 -20
    endloop
  endfacet
  facet normal 0 0 -1
    outer loop
      vertex 23.2827 12.4449 -20
      vertex 22 12.5594 -20
      vertex 23.2141 12.5594 -20
    endloop
  endfacet
  facet normal 0 0 -1
    outer loop
      vertex 17.1093 9.1451 -20
      vertex 22 7.44059 -20
      vertex 17.9233 7.42406 -20
    endloop
  endfacet
  facet normal 0 0 -1
    outer loop
      vertex 22 7.44059 -20
      vertex 17.1093 9.1451 -20
      vertex 22 12.5594 -20
    endloop
  endfacet
  facet normal 0 0 -1
    outer loop
      vertex 16.1305 10.7781 -20
      vertex 22 12.5594 -20
      vertex 17.1093 9.1451 -20
    endloop
  endfacet
  facet normal 0 -0 -1
    outer loop
      vertex 21.9508 14.6671 -20
      vertex 22 12.5594 -20
      vertex 16.1305 10.7781 -20
    endloop
  endfacet
  facet normal 0 0 -1
    outer loop
      vertex 22 12.5594 -20
      vertex 21.9508 14.6671 -20
      vertex 22 14.585 -20
    endloop
  endfacet
  facet normal -0 0 -1
    outer loop
      vertex 21.9508 14.6671 -20
      vertex 16.1305 10.7781 -20
      vertex 20.4075 16.748 -20
    endloop
  endfacet
  facet normal 0 0 -1
    outer loop
      vertex 14.9964 12.3072 -20
      vertex 20.4075 16.748 -20
      vertex 16.1305 10.7781 -20
    endloop
  endfacet
  facet normal -0 0 -1
    outer loop
      vertex 20.4075 16.748 -20
      vertex 14.9964 12.3072 -20
      vertex 18.6676 18.6676 -20
    endloop
  endfacet
  facet normal 0 0 -1
    outer loop
      vertex 13.7179 13.7179 -20
      vertex 18.6676 18.6676 -20
      vertex 14.9964 12.3072 -20
    endloop
  endfacet
  facet normal -0 0 -1
    outer loop
      vertex 18.6676 18.6676 -20
      vertex 13.7179 13.7179 -20
      vertex 16.748 20.4075 -20
    endloop
  endfacet
  facet normal 0 0 -1
    outer loop
      vertex 12.3072 14.9964 -20
      vertex 16.748 20.4075 -20
      vertex 13.7179 13.7179 -20
    endloop
  endfacet
  facet normal -0 0 -1
    outer loop
      vertex 16.748 20.4075 -20
      vertex 12.3072 14.9964 -20
      vertex 14.6671 21.9508 -20
    endloop
  endfacet
  facet normal 0 0 -1
    outer loop
      vertex 10.7781 16.1305 -20
      vertex 14.6671 21.9508 -20
      vertex 12.3072 14.9964 -20
    endloop
  endfacet
  facet normal -0 0 -1
    outer loop
      vertex 14.6671 21.9508 -20
      vertex 10.7781 16.1305 -20
      vertex 12.4449 23.2827 -20
    endloop
  endfacet
  facet normal 0 0 -1
    outer loop
      vertex 9.1451 17.1093 -20
      vertex 12.4449 23.2827 -20
      vertex 10.7781 16.1305 -20
    endloop
  endfacet
  facet normal -0 0 -1
    outer loop
      vertex 12.4449 23.2827 -20
      vertex 9.1451 17.1093 -20
      vertex 12.4 23.3039 -20
    endloop
  endfacet
  facet normal 0 0 -1
    outer loop
      vertex 7.42406 17.9233 -20
      vertex 12.4 23.3039 -20
      vertex 9.1451 17.1093 -20
    endloop
  endfacet
  facet normal 0 0 -1
    outer loop
      vertex 5.63152 18.5646 -20
      vertex 12.4 23.3039 -20
      vertex 7.42406 17.9233 -20
    endloop
  endfacet
  facet normal 0 0 -1
    outer loop
      vertex 3.78475 19.0272 -20
      vertex 12.4 23.3039 -20
      vertex 5.63152 18.5646 -20
    endloop
  endfacet
  facet normal 0 0 -1
    outer loop
      vertex 1.90153 19.3066 -20
      vertex 12.4 23.3039 -20
      vertex 3.78475 19.0272 -20
    endloop
  endfacet
  facet normal -0 0 -1
    outer loop
      vertex 12.4 23.3039 -20
      vertex 1.90153 19.3066 -20
      vertex 0 42.4 -20
    endloop
  endfacet
  facet normal 0 0 -1
    outer loop
      vertex 0 42.4 -20
      vertex 1.90153 19.3066 -20
      vertex 0 19.4 -20
    endloop
  endfacet
  facet normal 0 0 -1
    outer loop
      vertex 12.4 23.3039 -20
      vertex 0 42.4 -20
      vertex 12.4 42.4 -20
    endloop
  endfacet
  facet normal -0.989173 -0.146757 -2.07989e-19
    outer loop
      vertex 19.3066 1.90153 -20
      vertex 19.0272 3.78475 20
      vertex 19.0272 3.78475 -20
    endloop
  endfacet
  facet normal -0.989173 -0.146757 -2.07989e-19
    outer loop
      vertex 19.0272 3.78475 20
      vertex 19.3066 1.90153 -20
      vertex 19.3066 1.90153 20
    endloop
  endfacet
  facet normal -0.998796 -0.0490592 9.38278e-20
    outer loop
      vertex 19.4 0 -20
      vertex 19.3066 1.90153 20
      vertex 19.3066 1.90153 -20
    endloop
  endfacet
  facet normal -0.998796 -0.0490592 9.38278e-20
    outer loop
      vertex 19.3066 1.90153 20
      vertex 19.4 0 -20
      vertex 19.4 0 20
    endloop
  endfacet
  facet normal -0.97003 -0.242984 -7.05097e-19
    outer loop
      vertex 19.0272 3.78475 -20
      vertex 18.5646 5.63152 20
      vertex 18.5646 5.63152 -20
    endloop
  endfacet
  facet normal -0.97003 -0.242984 -7.05097e-19
    outer loop
      vertex 18.5646 5.63152 20
      vertex 19.0272 3.78475 -20
      vertex 19.0272 3.78475 20
    endloop
  endfacet
  facet normal -0.998796 0.0490592 -9.38278e-20
    outer loop
      vertex 19.3066 -1.90153 -20
      vertex 19.4 0 20
      vertex 19.4 0 -20
    endloop
  endfacet
  facet normal -0.998796 0.0490592 -9.38278e-20
    outer loop
      vertex 19.4 0 20
      vertex 19.3066 -1.90153 -20
      vertex 19.3066 -1.90153 20
    endloop
  endfacet
  facet normal -0.941558 0.336852 -8.61544e-20
    outer loop
      vertex 17.9233 -7.42406 -20
      vertex 18.5646 -5.63152 20
      vertex 18.5646 -5.63152 -20
    endloop
  endfacet
  facet normal -0.941558 0.336852 -8.61544e-20
    outer loop
      vertex 18.5646 -5.63152 20
      vertex 17.9233 -7.42406 -20
      vertex 17.9233 -7.42406 20
    endloop
  endfacet
  facet normal -0.671535 -0.740973 0
    outer loop
      vertex 12.3072 14.9964 -20
      vertex 13.7179 13.7179 20
      vertex 12.3072 14.9964 20
    endloop
  endfacet
  facet normal -0.671535 -0.740973 -0
    outer loop
      vertex 13.7179 13.7179 20
      vertex 12.3072 14.9964 -20
      vertex 13.7179 13.7179 -20
    endloop
  endfacet
  facet normal -0.903988 0.427559 7.7147e-19
    outer loop
      vertex 17.1093 -9.1451 -20
      vertex 17.9233 -7.42406 20
      vertex 17.9233 -7.42406 -20
    endloop
  endfacet
  facet normal -0.903988 0.427559 7.7147e-19
    outer loop
      vertex 17.9233 -7.42406 20
      vertex 17.1093 -9.1451 -20
      vertex 17.1093 -9.1451 20
    endloop
  endfacet
  facet normal -0.989173 0.146757 2.07989e-19
    outer loop
      vertex 19.0272 -3.78475 -20
      vertex 19.3066 -1.90153 20
      vertex 19.3066 -1.90153 -20
    endloop
  endfacet
  facet normal -0.989173 0.146757 2.07989e-19
    outer loop
      vertex 19.3066 -1.90153 20
      vertex 19.0272 -3.78475 -20
      vertex 19.0272 -3.78475 20
    endloop
  endfacet
  facet normal -0.903988 -0.427559 -7.7147e-19
    outer loop
      vertex 17.9233 7.42406 -20
      vertex 17.1093 9.1451 20
      vertex 17.1093 9.1451 -20
    endloop
  endfacet
  facet normal -0.903988 -0.427559 -7.7147e-19
    outer loop
      vertex 17.1093 9.1451 20
      vertex 17.9233 7.42406 -20
      vertex 17.9233 7.42406 20
    endloop
  endfacet
  facet normal -0.803197 -0.595714 -6.26776e-19
    outer loop
      vertex 16.1305 10.7781 -20
      vertex 14.9964 12.3072 20
      vertex 14.9964 12.3072 -20
    endloop
  endfacet
  facet normal -0.803197 -0.595714 -6.26776e-19
    outer loop
      vertex 14.9964 12.3072 20
      vertex 16.1305 10.7781 -20
      vertex 16.1305 10.7781 20
    endloop
  endfacet
  facet normal -0.671535 0.740973 0
    outer loop
      vertex 13.7179 -13.7179 -20
      vertex 12.3072 -14.9964 20
      vertex 13.7179 -13.7179 20
    endloop
  endfacet
  facet normal -0.671535 0.740973 0
    outer loop
      vertex 12.3072 -14.9964 20
      vertex 13.7179 -13.7179 -20
      vertex 12.3072 -14.9964 -20
    endloop
  endfacet
  facet normal -0.803197 0.595714 6.26776e-19
    outer loop
      vertex 14.9964 -12.3072 -20
      vertex 16.1305 -10.7781 20
      vertex 16.1305 -10.7781 -20
    endloop
  endfacet
  facet normal -0.803197 0.595714 6.26776e-19
    outer loop
      vertex 16.1305 -10.7781 20
      vertex 14.9964 -12.3072 -20
      vertex 14.9964 -12.3072 20
    endloop
  endfacet
  facet normal -0.941558 -0.336852 8.61544e-20
    outer loop
      vertex 18.5646 5.63152 -20
      vertex 17.9233 7.42406 20
      vertex 17.9233 7.42406 -20
    endloop
  endfacet
  facet normal -0.941558 -0.336852 8.61544e-20
    outer loop
      vertex 17.9233 7.42406 20
      vertex 18.5646 5.63152 -20
      vertex 18.5646 5.63152 20
    endloop
  endfacet
  facet normal -0.740973 -0.671535 -1.05097e-19
    outer loop
      vertex 14.9964 12.3072 -20
      vertex 13.7179 13.7179 20
      vertex 13.7179 13.7179 -20
    endloop
  endfacet
  facet normal -0.740973 -0.671535 -1.05097e-19
    outer loop
      vertex 13.7179 13.7179 20
      vertex 14.9964 12.3072 -20
      vertex 14.9964 12.3072 20
    endloop
  endfacet
  facet normal -0.97003 0.242984 7.05097e-19
    outer loop
      vertex 18.5646 -5.63152 -20
      vertex 19.0272 -3.78475 20
      vertex 19.0272 -3.78475 -20
    endloop
  endfacet
  facet normal -0.97003 0.242984 7.05097e-19
    outer loop
      vertex 19.0272 -3.78475 20
      vertex 18.5646 -5.63152 -20
      vertex 18.5646 -5.63152 20
    endloop
  endfacet
  facet normal -0.857725 -0.514109 3.89182e-19
    outer loop
      vertex 17.1093 9.1451 -20
      vertex 16.1305 10.7781 20
      vertex 16.1305 10.7781 -20
    endloop
  endfacet
  facet normal -0.857725 -0.514109 3.89182e-19
    outer loop
      vertex 16.1305 10.7781 20
      vertex 17.1093 9.1451 -20
      vertex 17.1093 9.1451 20
    endloop
  endfacet
  facet normal -0.740973 0.671535 1.05097e-19
    outer loop
      vertex 13.7179 -13.7179 -20
      vertex 14.9964 -12.3072 20
      vertex 14.9964 -12.3072 -20
    endloop
  endfacet
  facet normal -0.740973 0.671535 1.05097e-19
    outer loop
      vertex 14.9964 -12.3072 20
      vertex 13.7179 -13.7179 -20
      vertex 13.7179 -13.7179 20
    endloop
  endfacet
  facet normal -0.857725 0.514109 -3.89182e-19
    outer loop
      vertex 16.1305 -10.7781 -20
      vertex 17.1093 -9.1451 20
      vertex 17.1093 -9.1451 -20
    endloop
  endfacet
  facet normal -0.857725 0.514109 -3.89182e-19
    outer loop
      vertex 17.1093 -9.1451 20
      vertex 16.1305 -10.7781 -20
      vertex 16.1305 -10.7781 20
    endloop
  endfacet
  facet normal -1 0 0
    outer loop
      vertex 0 -19.4 -20
      vertex 0 -31.2 0
      vertex 0 -19.4 20
    endloop
  endfacet
  facet normal -1 0 0
    outer loop
      vertex 0 -19.4 -20
      vertex 0 -31.2154 -0.313654
      vertex 0 -31.2 0
    endloop
  endfacet
  facet normal -1 0 0
    outer loop
      vertex 0 -19.4 -20
      vertex 0 -31.2615 -0.624289
      vertex 0 -31.2154 -0.313654
    endloop
  endfacet
  facet normal -1 0 0
    outer loop
      vertex 0 -19.4 -20
      vertex 0 -31.3378 -0.92891
      vertex 0 -31.2615 -0.624289
    endloop
  endfacet
  facet normal -1 0 0
    outer loop
      vertex 0 -19.4 -20
      vertex 0 -31.4436 -1.22459
      vertex 0 -31.3378 -0.92891
    endloop
  endfacet
  facet normal -1 0 0
    outer loop
      vertex 0 -19.4 -20
      vertex 0 -31.5779 -1.50847
      vertex 0 -31.4436 -1.22459
    endloop
  endfacet
  facet normal -1 0 0
    outer loop
      vertex 0 -19.4 -20
      vertex 0 -31.7393 -1.77782
      vertex 0 -31.5779 -1.50847
    endloop
  endfacet
  facet normal -1 0 0
    outer loop
      vertex 0 -19.4 -20
      vertex 0 -31.9264 -2.03006
      vertex 0 -31.7393 -1.77782
    endloop
  endfacet
  facet normal -1 0 0
    outer loop
      vertex 0 -19.4 -20
      vertex 0 -32.1373 -2.26274
      vertex 0 -31.9264 -2.03006
    endloop
  endfacet
  facet normal -1 0 0
    outer loop
      vertex 0 -19.4 -20
      vertex 0 -32.3699 -2.47363
      vertex 0 -32.1373 -2.26274
    endloop
  endfacet
  facet normal -1 0 0
    outer loop
      vertex 0 -19.4 -20
      vertex 0 -32.6222 -2.6607
      vertex 0 -32.3699 -2.47363
    endloop
  endfacet
  facet normal -1 0 0
    outer loop
      vertex 0 -19.4 -20
      vertex 0 -32.8915 -2.82215
      vertex 0 -32.6222 -2.6607
    endloop
  endfacet
  facet normal -1 0 0
    outer loop
      vertex 0 -19.4 -20
      vertex 0 -33.1754 -2.95641
      vertex 0 -32.8915 -2.82215
    endloop
  endfacet
  facet normal -1 0 0
    outer loop
      vertex 0 -19.4 -20
      vertex 0 -33.4711 -3.06221
      vertex 0 -33.1754 -2.95641
    endloop
  endfacet
  facet normal -1 0 0
    outer loop
      vertex 0 -19.4 -20
      vertex 0 -33.7757 -3.13851
      vertex 0 -33.4711 -3.06221
    endloop
  endfacet
  facet normal -1 0 0
    outer loop
      vertex 0 -42.4 -20
      vertex 0 -33.7757 -3.13851
      vertex 0 -19.4 -20
    endloop
  endfacet
  facet normal -1 0 0
    outer loop
      vertex 0 -33.7757 -3.13851
      vertex 0 -42.4 -20
      vertex 0 -34.0863 -3.18459
    endloop
  endfacet
  facet normal -1 0 0
    outer loop
      vertex 0 -34.0863 -3.18459
      vertex 0 -42.4 -20
      vertex 0 -34.4 -3.2
    endloop
  endfacet
  facet normal -1 -0 0
    outer loop
      vertex 0 -34.4 -3.2
      vertex 0 -42.4 -20
      vertex 0 -34.7137 -3.18459
    endloop
  endfacet
  facet normal -1 -0 0
    outer loop
      vertex 0 -34.7137 -3.18459
      vertex 0 -42.4 -20
      vertex 0 -35.0243 -3.13851
    endloop
  endfacet
  facet normal -1 -0 0
    outer loop
      vertex 0 -35.0243 -3.13851
      vertex 0 -42.4 -20
      vertex 0 -35.3289 -3.06221
    endloop
  endfacet
  facet normal -1 -0 0
    outer loop
      vertex 0 -35.3289 -3.06221
      vertex 0 -42.4 -20
      vertex 0 -35.6246 -2.95641
    endloop
  endfacet
  facet normal -1 -0 0
    outer loop
      vertex 0 -35.6246 -2.95641
      vertex 0 -42.4 -20
      vertex 0 -35.9085 -2.82215
    endloop
  endfacet
  facet normal -1 -0 0
    outer loop
      vertex 0 -35.9085 -2.82215
      vertex 0 -42.4 -20
      vertex 0 -36.1778 -2.6607
    endloop
  endfacet
  facet normal -1 -0 0
    outer loop
      vertex 0 -36.1778 -2.6607
      vertex 0 -42.4 -20
      vertex 0 -36.4301 -2.47363
    endloop
  endfacet
  facet normal -1 -0 0
    outer loop
      vertex 0 -37.5846 -0.313654
      vertex 0 -42.4 -20
      vertex 0 -37.6 0
    endloop
  endfacet
  facet normal -1 -0 0
    outer loop
      vertex 0 -37.5385 -0.624289
      vertex 0 -42.4 -20
      vertex 0 -37.5846 -0.313654
    endloop
  endfacet
  facet normal -1 -0 0
    outer loop
      vertex 0 -37.4622 -0.92891
      vertex 0 -42.4 -20
      vertex 0 -37.5385 -0.624289
    endloop
  endfacet
  facet normal -1 -0 0
    outer loop
      vertex 0 -37.3564 -1.22459
      vertex 0 -42.4 -20
      vertex 0 -37.4622 -0.92891
    endloop
  endfacet
  facet normal -1 -0 0
    outer loop
      vertex 0 -37.2221 -1.50847
      vertex 0 -42.4 -20
      vertex 0 -37.3564 -1.22459
    endloop
  endfacet
  facet normal -1 -0 0
    outer loop
      vertex 0 -37.0607 -1.77782
      vertex 0 -42.4 -20
      vertex 0 -37.2221 -1.50847
    endloop
  endfacet
  facet normal -1 -0 0
    outer loop
      vertex 0 -36.8736 -2.03006
      vertex 0 -42.4 -20
      vertex 0 -37.0607 -1.77782
    endloop
  endfacet
  facet normal -1 -0 0
    outer loop
      vertex 0 -36.6627 -2.26274
      vertex 0 -42.4 -20
      vertex 0 -36.8736 -2.03006
    endloop
  endfacet
  facet normal -1 -0 0
    outer loop
      vertex 0 -36.4301 -2.47363
      vertex 0 -42.4 -20
      vertex 0 -36.6627 -2.26274
    endloop
  endfacet
  facet normal -1 0 0
    outer loop
      vertex 0 -31.2154 0.313654
      vertex 0 -19.4 20
      vertex 0 -31.2 0
    endloop
  endfacet
  facet normal -1 0 0
    outer loop
      vertex 0 -31.2615 0.624289
      vertex 0 -19.4 20
      vertex 0 -31.2154 0.313654
    endloop
  endfacet
  facet normal -1 0 0
    outer loop
      vertex 0 -31.3378 0.92891
      vertex 0 -19.4 20
      vertex 0 -31.2615 0.624289
    endloop
  endfacet
  facet normal -1 0 0
    outer loop
      vertex 0 -31.4436 1.22459
      vertex 0 -19.4 20
      vertex 0 -31.3378 0.92891
    endloop
  endfacet
  facet normal -1 0 0
    outer loop
      vertex 0 -31.5779 1.50847
      vertex 0 -19.4 20
      vertex 0 -31.4436 1.22459
    endloop
  endfacet
  facet normal -1 0 0
    outer loop
      vertex 0 -31.7393 1.77782
      vertex 0 -19.4 20
      vertex 0 -31.5779 1.50847
    endloop
  endfacet
  facet normal -1 0 0
    outer loop
      vertex 0 -31.9264 2.03006
      vertex 0 -19.4 20
      vertex 0 -31.7393 1.77782
    endloop
  endfacet
  facet normal -1 0 0
    outer loop
      vertex 0 -32.1373 2.26274
      vertex 0 -19.4 20
      vertex 0 -31.9264 2.03006
    endloop
  endfacet
  facet normal -1 0 0
    outer loop
      vertex 0 -32.3699 2.47363
      vertex 0 -19.4 20
      vertex 0 -32.1373 2.26274
    endloop
  endfacet
  facet normal -1 0 0
    outer loop
      vertex 0 -32.6222 2.6607
      vertex 0 -19.4 20
      vertex 0 -32.3699 2.47363
    endloop
  endfacet
  facet normal -1 0 0
    outer loop
      vertex 0 -32.8915 2.82215
      vertex 0 -19.4 20
      vertex 0 -32.6222 2.6607
    endloop
  endfacet
  facet normal -1 0 0
    outer loop
      vertex 0 -33.1754 2.95641
      vertex 0 -19.4 20
      vertex 0 -32.8915 2.82215
    endloop
  endfacet
  facet normal -1 0 0
    outer loop
      vertex 0 -33.4711 3.06221
      vertex 0 -19.4 20
      vertex 0 -33.1754 2.95641
    endloop
  endfacet
  facet normal -1 0 0
    outer loop
      vertex 0 -33.7757 3.13851
      vertex 0 -19.4 20
      vertex 0 -33.4711 3.06221
    endloop
  endfacet
  facet normal -1 0 0
    outer loop
      vertex 0 -42.4 20
      vertex 0 -33.7757 3.13851
      vertex 0 -34.0863 3.18459
    endloop
  endfacet
  facet normal -1 0 0
    outer loop
      vertex 0 -42.4 20
      vertex 0 -34.0863 3.18459
      vertex 0 -34.4 3.2
    endloop
  endfacet
  facet normal -1 0 0
    outer loop
      vertex 0 -42.4 20
      vertex 0 -34.4 3.2
      vertex 0 -34.7137 3.18459
    endloop
  endfacet
  facet normal -1 0 0
    outer loop
      vertex 0 -42.4 20
      vertex 0 -34.7137 3.18459
      vertex 0 -35.0243 3.13851
    endloop
  endfacet
  facet normal -1 0 0
    outer loop
      vertex 0 -42.4 20
      vertex 0 -35.0243 3.13851
      vertex 0 -35.3289 3.06221
    endloop
  endfacet
  facet normal -1 0 0
    outer loop
      vertex 0 -42.4 20
      vertex 0 -35.3289 3.06221
      vertex 0 -35.6246 2.95641
    endloop
  endfacet
  facet normal -1 0 0
    outer loop
      vertex 0 -42.4 20
      vertex 0 -35.6246 2.95641
      vertex 0 -35.9085 2.82215
    endloop
  endfacet
  facet normal -1 0 0
    outer loop
      vertex 0 -42.4 20
      vertex 0 -35.9085 2.82215
      vertex 0 -36.1778 2.6607
    endloop
  endfacet
  facet normal -1 0 0
    outer loop
      vertex 0 -42.4 20
      vertex 0 -36.1778 2.6607
      vertex 0 -36.4301 2.47363
    endloop
  endfacet
  facet normal -1 0 0
    outer loop
      vertex 0 -42.4 20
      vertex 0 -36.4301 2.47363
      vertex 0 -36.6627 2.26274
    endloop
  endfacet
  facet normal -1 0 0
    outer loop
      vertex 0 -42.4 20
      vertex 0 -37.6 0
      vertex 0 -42.4 -20
    endloop
  endfacet
  facet normal -1 0 0
    outer loop
      vertex 0 -37.6 0
      vertex 0 -42.4 20
      vertex 0 -37.5846 0.313654
    endloop
  endfacet
  facet normal -1 0 0
    outer loop
      vertex 0 -33.7757 3.13851
      vertex 0 -42.4 20
      vertex 0 -19.4 20
    endloop
  endfacet
  facet normal -1 0 0
    outer loop
      vertex 0 -36.8736 2.03006
      vertex 0 -42.4 20
      vertex 0 -36.6627 2.26274
    endloop
  endfacet
  facet normal -1 0 0
    outer loop
      vertex 0 -37.0607 1.77782
      vertex 0 -42.4 20
      vertex 0 -36.8736 2.03006
    endloop
  endfacet
  facet normal -1 0 0
    outer loop
      vertex 0 -37.2221 1.50847
      vertex 0 -42.4 20
      vertex 0 -37.0607 1.77782
    endloop
  endfacet
  facet normal -1 0 0
    outer loop
      vertex 0 -37.3564 1.22459
      vertex 0 -42.4 20
      vertex 0 -37.2221 1.50847
    endloop
  endfacet
  facet normal -1 0 0
    outer loop
      vertex 0 -37.4622 0.92891
      vertex 0 -42.4 20
      vertex 0 -37.3564 1.22459
    endloop
  endfacet
  facet normal -1 0 0
    outer loop
      vertex 0 -37.5385 0.624289
      vertex 0 -42.4 20
      vertex 0 -37.4622 0.92891
    endloop
  endfacet
  facet normal -1 0 0
    outer loop
      vertex 0 -37.5846 0.313654
      vertex 0 -42.4 20
      vertex 0 -37.5385 0.624289
    endloop
  endfacet
  facet normal -1 0 0
    outer loop
      vertex 0 42.4 -20
      vertex 0 37.6 0
      vertex 0 42.4 20
    endloop
  endfacet
  facet normal -1 0 0
    outer loop
      vertex 0 42.4 -20
      vertex 0 37.5846 -0.313654
      vertex 0 37.6 0
    endloop
  endfacet
  facet normal -1 0 0
    outer loop
      vertex 0 42.4 -20
      vertex 0 37.5385 -0.624289
      vertex 0 37.5846 -0.313654
    endloop
  endfacet
  facet normal -1 0 0
    outer loop
      vertex 0 42.4 -20
      vertex 0 37.4622 -0.92891
      vertex 0 37.5385 -0.624289
    endloop
  endfacet
  facet normal -1 0 0
    outer loop
      vertex 0 42.4 -20
      vertex 0 37.3564 -1.22459
      vertex 0 37.4622 -0.92891
    endloop
  endfacet
  facet normal -1 0 0
    outer loop
      vertex 0 42.4 -20
      vertex 0 37.2221 -1.50847
      vertex 0 37.3564 -1.22459
    endloop
  endfacet
  facet normal -1 0 0
    outer loop
      vertex 0 42.4 -20
      vertex 0 37.0607 -1.77782
      vertex 0 37.2221 -1.50847
    endloop
  endfacet
  facet normal -1 0 0
    outer loop
      vertex 0 42.4 -20
      vertex 0 36.8736 -2.03006
      vertex 0 37.0607 -1.77782
    endloop
  endfacet
  facet normal -1 0 0
    outer loop
      vertex 0 42.4 -20
      vertex 0 36.6627 -2.26274
      vertex 0 36.8736 -2.03006
    endloop
  endfacet
  facet normal -1 0 0
    outer loop
      vertex 0 42.4 -20
      vertex 0 36.4301 -2.47363
      vertex 0 36.6627 -2.26274
    endloop
  endfacet
  facet normal -1 0 0
    outer loop
      vertex 0 42.4 -20
      vertex 0 36.1778 -2.6607
      vertex 0 36.4301 -2.47363
    endloop
  endfacet
  facet normal -1 0 0
    outer loop
      vertex 0 42.4 -20
      vertex 0 35.9085 -2.82215
      vertex 0 36.1778 -2.6607
    endloop
  endfacet
  facet normal -1 0 0
    outer loop
      vertex 0 42.4 -20
      vertex 0 35.6246 -2.95641
      vertex 0 35.9085 -2.82215
    endloop
  endfacet
  facet normal -1 0 0
    outer loop
      vertex 0 42.4 -20
      vertex 0 35.3289 -3.06221
      vertex 0 35.6246 -2.95641
    endloop
  endfacet
  facet normal -1 0 0
    outer loop
      vertex 0 42.4 -20
      vertex 0 35.0243 -3.13851
      vertex 0 35.3289 -3.06221
    endloop
  endfacet
  facet normal -1 0 0
    outer loop
      vertex 0 42.4 -20
      vertex 0 34.7137 -3.18459
      vertex 0 35.0243 -3.13851
    endloop
  endfacet
  facet normal -1 0 0
    outer loop
      vertex 0 42.4 -20
      vertex 0 34.4 -3.2
      vertex 0 34.7137 -3.18459
    endloop
  endfacet
  facet normal -1 0 0
    outer loop
      vertex 0 42.4 -20
      vertex 0 34.0863 -3.18459
      vertex 0 34.4 -3.2
    endloop
  endfacet
  facet normal -1 0 0
    outer loop
      vertex 0 42.4 -20
      vertex 0 33.7757 -3.13851
      vertex 0 34.0863 -3.18459
    endloop
  endfacet
  facet normal -1 0 0
    outer loop
      vertex 0 19.4 -20
      vertex 0 33.7757 -3.13851
      vertex 0 42.4 -20
    endloop
  endfacet
  facet normal -1 -0 0
    outer loop
      vertex 0 33.7757 -3.13851
      vertex 0 19.4 -20
      vertex 0 33.4711 -3.06221
    endloop
  endfacet
  facet normal -1 -0 0
    outer loop
      vertex 0 33.4711 -3.06221
      vertex 0 19.4 -20
      vertex 0 33.1754 -2.95641
    endloop
  endfacet
  facet normal -1 -0 0
    outer loop
      vertex 0 33.1754 -2.95641
      vertex 0 19.4 -20
      vertex 0 32.8915 -2.82215
    endloop
  endfacet
  facet normal -1 -0 0
    outer loop
      vertex 0 32.8915 -2.82215
      vertex 0 19.4 -20
      vertex 0 32.6222 -2.6607
    endloop
  endfacet
  facet normal -1 -0 0
    outer loop
      vertex 0 32.6222 -2.6607
      vertex 0 19.4 -20
      vertex 0 32.3699 -2.47363
    endloop
  endfacet
  facet normal -1 -0 0
    outer loop
      vertex 0 32.3699 -2.47363
      vertex 0 19.4 -20
      vertex 0 32.1373 -2.26274
    endloop
  endfacet
  facet normal -1 -0 0
    outer loop
      vertex 0 32.1373 -2.26274
      vertex 0 19.4 -20
      vertex 0 31.9264 -2.03006
    endloop
  endfacet
  facet normal -1 -0 0
    outer loop
      vertex 0 31.9264 -2.03006
      vertex 0 19.4 -20
      vertex 0 31.7393 -1.77782
    endloop
  endfacet
  facet normal -1 -0 0
    outer loop
      vertex 0 31.2154 -0.313654
      vertex 0 19.4 -20
      vertex 0 31.2 0
    endloop
  endfacet
  facet normal -1 -0 0
    outer loop
      vertex 0 31.2615 -0.624289
      vertex 0 19.4 -20
      vertex 0 31.2154 -0.313654
    endloop
  endfacet
  facet normal -1 -0 0
    outer loop
      vertex 0 31.3378 -0.92891
      vertex 0 19.4 -20
      vertex 0 31.2615 -0.624289
    endloop
  endfacet
  facet normal -1 -0 0
    outer loop
      vertex 0 31.4436 -1.22459
      vertex 0 19.4 -20
      vertex 0 31.3378 -0.92891
    endloop
  endfacet
  facet normal -1 -0 0
    outer loop
      vertex 0 31.5779 -1.50847
      vertex 0 19.4 -20
      vertex 0 31.4436 -1.22459
    endloop
  endfacet
  facet normal -1 -0 0
    outer loop
      vertex 0 31.7393 -1.77782
      vertex 0 19.4 -20
      vertex 0 31.5779 -1.50847
    endloop
  endfacet
  facet normal -1 0 0
    outer loop
      vertex 0 37.5846 0.313654
      vertex 0 42.4 20
      vertex 0 37.6 0
    endloop
  endfacet
  facet normal -1 0 0
    outer loop
      vertex 0 37.5385 0.624289
      vertex 0 42.4 20
      vertex 0 37.5846 0.313654
    endloop
  endfacet
  facet normal -1 0 0
    outer loop
      vertex 0 37.4622 0.92891
      vertex 0 42.4 20
      vertex 0 37.5385 0.624289
    endloop
  endfacet
  facet normal -1 0 0
    outer loop
      vertex 0 37.3564 1.22459
      vertex 0 42.4 20
      vertex 0 37.4622 0.92891
    endloop
  endfacet
  facet normal -1 0 0
    outer loop
      vertex 0 37.2221 1.50847
      vertex 0 42.4 20
      vertex 0 37.3564 1.22459
    endloop
  endfacet
  facet normal -1 0 0
    outer loop
      vertex 0 37.0607 1.77782
      vertex 0 42.4 20
      vertex 0 37.2221 1.50847
    endloop
  endfacet
  facet normal -1 0 0
    outer loop
      vertex 0 36.8736 2.03006
      vertex 0 42.4 20
      vertex 0 37.0607 1.77782
    endloop
  endfacet
  facet normal -1 0 0
    outer loop
      vertex 0 36.6627 2.26274
      vertex 0 42.4 20
      vertex 0 36.8736 2.03006
    endloop
  endfacet
  facet normal -1 0 0
    outer loop
      vertex 0 36.4301 2.47363
      vertex 0 42.4 20
      vertex 0 36.6627 2.26274
    endloop
  endfacet
  facet normal -1 0 0
    outer loop
      vertex 0 36.1778 2.6607
      vertex 0 42.4 20
      vertex 0 36.4301 2.47363
    endloop
  endfacet
  facet normal -1 0 0
    outer loop
      vertex 0 35.9085 2.82215
      vertex 0 42.4 20
      vertex 0 36.1778 2.6607
    endloop
  endfacet
  facet normal -1 0 0
    outer loop
      vertex 0 35.6246 2.95641
      vertex 0 42.4 20
      vertex 0 35.9085 2.82215
    endloop
  endfacet
  facet normal -1 0 0
    outer loop
      vertex 0 35.3289 3.06221
      vertex 0 42.4 20
      vertex 0 35.6246 2.95641
    endloop
  endfacet
  facet normal -1 0 0
    outer loop
      vertex 0 35.0243 3.13851
      vertex 0 42.4 20
      vertex 0 35.3289 3.06221
    endloop
  endfacet
  facet normal -1 0 0
    outer loop
      vertex 0 34.7137 3.18459
      vertex 0 42.4 20
      vertex 0 35.0243 3.13851
    endloop
  endfacet
  facet normal -1 0 0
    outer loop
      vertex 0 34.4 3.2
      vertex 0 42.4 20
      vertex 0 34.7137 3.18459
    endloop
  endfacet
  facet normal -1 0 0
    outer loop
      vertex 0 34.0863 3.18459
      vertex 0 42.4 20
      vertex 0 34.4 3.2
    endloop
  endfacet
  facet normal -1 0 0
    outer loop
      vertex 0 33.7757 3.13851
      vertex 0 42.4 20
      vertex 0 34.0863 3.18459
    endloop
  endfacet
  facet normal -1 0 0
    outer loop
      vertex 0 19.4 20
      vertex 0 33.7757 3.13851
      vertex 0 33.4711 3.06221
    endloop
  endfacet
  facet normal -1 0 0
    outer loop
      vertex 0 19.4 20
      vertex 0 33.4711 3.06221
      vertex 0 33.1754 2.95641
    endloop
  endfacet
  facet normal -1 0 0
    outer loop
      vertex 0 19.4 20
      vertex 0 33.1754 2.95641
      vertex 0 32.8915 2.82215
    endloop
  endfacet
  facet normal -1 0 0
    outer loop
      vertex 0 19.4 20
      vertex 0 32.8915 2.82215
      vertex 0 32.6222 2.6607
    endloop
  endfacet
  facet normal -1 0 0
    outer loop
      vertex 0 19.4 20
      vertex 0 32.6222 2.6607
      vertex 0 32.3699 2.47363
    endloop
  endfacet
  facet normal -1 0 0
    outer loop
      vertex 0 19.4 20
      vertex 0 32.3699 2.47363
      vertex 0 32.1373 2.26274
    endloop
  endfacet
  facet normal -1 0 0
    outer loop
      vertex 0 19.4 20
      vertex 0 32.1373 2.26274
      vertex 0 31.9264 2.03006
    endloop
  endfacet
  facet normal -1 0 0
    outer loop
      vertex 0 19.4 20
      vertex 0 31.9264 2.03006
      vertex 0 31.7393 1.77782
    endloop
  endfacet
  facet normal -1 0 0
    outer loop
      vertex 0 19.4 20
      vertex 0 31.7393 1.77782
      vertex 0 31.5779 1.50847
    endloop
  endfacet
  facet normal -1 0 0
    outer loop
      vertex 0 19.4 20
      vertex 0 31.2 0
      vertex 0 19.4 -20
    endloop
  endfacet
  facet normal -1 0 0
    outer loop
      vertex 0 31.2 0
      vertex 0 19.4 20
      vertex 0 31.2154 0.313654
    endloop
  endfacet
  facet normal -1 0 0
    outer loop
      vertex 0 31.2154 0.313654
      vertex 0 19.4 20
      vertex 0 31.2615 0.624289
    endloop
  endfacet
  facet normal -1 0 0
    outer loop
      vertex 0 31.2615 0.624289
      vertex 0 19.4 20
      vertex 0 31.3378 0.92891
    endloop
  endfacet
  facet normal -1 0 0
    outer loop
      vertex 0 31.3378 0.92891
      vertex 0 19.4 20
      vertex 0 31.4436 1.22459
    endloop
  endfacet
  facet normal -1 0 0
    outer loop
      vertex 0 33.7757 3.13851
      vertex 0 19.4 20
      vertex 0 42.4 20
    endloop
  endfacet
  facet normal -1 0 0
    outer loop
      vertex 0 31.4436 1.22459
      vertex 0 19.4 20
      vertex 0 31.5779 1.50847
    endloop
  endfacet
  facet normal 1 0 0
    outer loop
      vertex 12.4 -23.3039 20
      vertex 12.4 -31.2 0
      vertex 12.4 -23.3039 -20
    endloop
  endfacet
  facet normal 1 0 0
    outer loop
      vertex 12.4 -23.3039 20
      vertex 12.4 -31.2154 0.313654
      vertex 12.4 -31.2 0
    endloop
  endfacet
  facet normal 1 0 0
    outer loop
      vertex 12.4 -23.3039 20
      vertex 12.4 -31.2615 0.624289
      vertex 12.4 -31.2154 0.313654
    endloop
  endfacet
  facet normal 1 0 0
    outer loop
      vertex 12.4 -23.3039 20
      vertex 12.4 -31.3378 0.92891
      vertex 12.4 -31.2615 0.624289
    endloop
  endfacet
  facet normal 1 0 0
    outer loop
      vertex 12.4 -23.3039 20
      vertex 12.4 -31.4436 1.22459
      vertex 12.4 -31.3378 0.92891
    endloop
  endfacet
  facet normal 1 0 0
    outer loop
      vertex 12.4 -23.3039 20
      vertex 12.4 -31.5779 1.50847
      vertex 12.4 -31.4436 1.22459
    endloop
  endfacet
  facet normal 1 0 0
    outer loop
      vertex 12.4 -23.3039 20
      vertex 12.4 -31.7393 1.77782
      vertex 12.4 -31.5779 1.50847
    endloop
  endfacet
  facet normal 1 0 0
    outer loop
      vertex 12.4 -23.3039 20
      vertex 12.4 -31.9264 2.03006
      vertex 12.4 -31.7393 1.77782
    endloop
  endfacet
  facet normal 1 0 0
    outer loop
      vertex 12.4 -23.3039 20
      vertex 12.4 -32.1373 2.26274
      vertex 12.4 -31.9264 2.03006
    endloop
  endfacet
  facet normal 1 0 0
    outer loop
      vertex 12.4 -23.3039 20
      vertex 12.4 -32.3699 2.47363
      vertex 12.4 -32.1373 2.26274
    endloop
  endfacet
  facet normal 1 0 0
    outer loop
      vertex 12.4 -23.3039 20
      vertex 12.4 -32.6222 2.6607
      vertex 12.4 -32.3699 2.47363
    endloop
  endfacet
  facet normal 1 0 0
    outer loop
      vertex 12.4 -23.3039 20
      vertex 12.4 -32.8915 2.82215
      vertex 12.4 -32.6222 2.6607
    endloop
  endfacet
  facet normal 1 0 0
    outer loop
      vertex 12.4 -23.3039 20
      vertex 12.4 -33.1754 2.95641
      vertex 12.4 -32.8915 2.82215
    endloop
  endfacet
  facet normal 1 0 0
    outer loop
      vertex 12.4 -23.3039 20
      vertex 12.4 -33.4711 3.06221
      vertex 12.4 -33.1754 2.95641
    endloop
  endfacet
  facet normal 1 0 0
    outer loop
      vertex 12.4 -23.3039 20
      vertex 12.4 -33.7757 3.13851
      vertex 12.4 -33.4711 3.06221
    endloop
  endfacet
  facet normal 1 0 0
    outer loop
      vertex 12.4 -23.3039 20
      vertex 12.4 -34.0863 3.18459
      vertex 12.4 -33.7757 3.13851
    endloop
  endfacet
  facet normal 1 -0 0
    outer loop
      vertex 12.4 -42.4 20
      vertex 12.4 -34.0863 3.18459
      vertex 12.4 -23.3039 20
    endloop
  endfacet
  facet normal 1 0 0
    outer loop
      vertex 12.4 -34.0863 3.18459
      vertex 12.4 -42.4 20
      vertex 12.4 -34.4 3.2
    endloop
  endfacet
  facet normal 1 0 0
    outer loop
      vertex 12.4 -34.4 3.2
      vertex 12.4 -42.4 20
      vertex 12.4 -34.7137 3.18459
    endloop
  endfacet
  facet normal 1 0 0
    outer loop
      vertex 12.4 -34.7137 3.18459
      vertex 12.4 -42.4 20
      vertex 12.4 -35.0243 3.13851
    endloop
  endfacet
  facet normal 1 0 0
    outer loop
      vertex 12.4 -35.0243 3.13851
      vertex 12.4 -42.4 20
      vertex 12.4 -35.3289 3.06221
    endloop
  endfacet
  facet normal 1 0 0
    outer loop
      vertex 12.4 -35.3289 3.06221
      vertex 12.4 -42.4 20
      vertex 12.4 -35.6246 2.95641
    endloop
  endfacet
  facet normal 1 0 0
    outer loop
      vertex 12.4 -35.6246 2.95641
      vertex 12.4 -42.4 20
      vertex 12.4 -35.9085 2.82215
    endloop
  endfacet
  facet normal 1 0 0
    outer loop
      vertex 12.4 -35.9085 2.82215
      vertex 12.4 -42.4 20
      vertex 12.4 -36.1778 2.6607
    endloop
  endfacet
  facet normal 1 0 0
    outer loop
      vertex 12.4 -36.1778 2.6607
      vertex 12.4 -42.4 20
      vertex 12.4 -36.4301 2.47363
    endloop
  endfacet
  facet normal 1 0 0
    outer loop
      vertex 12.4 -36.4301 2.47363
      vertex 12.4 -42.4 20
      vertex 12.4 -36.6627 2.26274
    endloop
  endfacet
  facet normal 1 0 0
    outer loop
      vertex 12.4 -37.5846 0.313654
      vertex 12.4 -42.4 20
      vertex 12.4 -37.6 0
    endloop
  endfacet
  facet normal 1 0 0
    outer loop
      vertex 12.4 -37.5385 0.624289
      vertex 12.4 -42.4 20
      vertex 12.4 -37.5846 0.313654
    endloop
  endfacet
  facet normal 1 0 0
    outer loop
      vertex 12.4 -37.4622 0.92891
      vertex 12.4 -42.4 20
      vertex 12.4 -37.5385 0.624289
    endloop
  endfacet
  facet normal 1 0 0
    outer loop
      vertex 12.4 -37.3564 1.22459
      vertex 12.4 -42.4 20
      vertex 12.4 -37.4622 0.92891
    endloop
  endfacet
  facet normal 1 0 0
    outer loop
      vertex 12.4 -37.2221 1.50847
      vertex 12.4 -42.4 20
      vertex 12.4 -37.3564 1.22459
    endloop
  endfacet
  facet normal 1 0 0
    outer loop
      vertex 12.4 -37.0607 1.77782
      vertex 12.4 -42.4 20
      vertex 12.4 -37.2221 1.50847
    endloop
  endfacet
  facet normal 1 0 0
    outer loop
      vertex 12.4 -36.8736 2.03006
      vertex 12.4 -42.4 20
      vertex 12.4 -37.0607 1.77782
    endloop
  endfacet
  facet normal 1 0 0
    outer loop
      vertex 12.4 -36.6627 2.26274
      vertex 12.4 -42.4 20
      vertex 12.4 -36.8736 2.03006
    endloop
  endfacet
  facet normal 1 -0 0
    outer loop
      vertex 12.4 -31.2154 -0.313654
      vertex 12.4 -23.3039 -20
      vertex 12.4 -31.2 0
    endloop
  endfacet
  facet normal 1 -0 0
    outer loop
      vertex 12.4 -31.2615 -0.624289
      vertex 12.4 -23.3039 -20
      vertex 12.4 -31.2154 -0.313654
    endloop
  endfacet
  facet normal 1 -0 0
    outer loop
      vertex 12.4 -31.3378 -0.92891
      vertex 12.4 -23.3039 -20
      vertex 12.4 -31.2615 -0.624289
    endloop
  endfacet
  facet normal 1 -0 0
    outer loop
      vertex 12.4 -31.4436 -1.22459
      vertex 12.4 -23.3039 -20
      vertex 12.4 -31.3378 -0.92891
    endloop
  endfacet
  facet normal 1 -0 0
    outer loop
      vertex 12.4 -31.5779 -1.50847
      vertex 12.4 -23.3039 -20
      vertex 12.4 -31.4436 -1.22459
    endloop
  endfacet
  facet normal 1 -0 0
    outer loop
      vertex 12.4 -31.7393 -1.77782
      vertex 12.4 -23.3039 -20
      vertex 12.4 -31.5779 -1.50847
    endloop
  endfacet
  facet normal 1 -0 0
    outer loop
      vertex 12.4 -31.9264 -2.03006
      vertex 12.4 -23.3039 -20
      vertex 12.4 -31.7393 -1.77782
    endloop
  endfacet
  facet normal 1 -0 0
    outer loop
      vertex 12.4 -32.1373 -2.26274
      vertex 12.4 -23.3039 -20
      vertex 12.4 -31.9264 -2.03006
    endloop
  endfacet
  facet normal 1 -0 0
    outer loop
      vertex 12.4 -32.3699 -2.47363
      vertex 12.4 -23.3039 -20
      vertex 12.4 -32.1373 -2.26274
    endloop
  endfacet
  facet normal 1 -0 0
    outer loop
      vertex 12.4 -32.6222 -2.6607
      vertex 12.4 -23.3039 -20
      vertex 12.4 -32.3699 -2.47363
    endloop
  endfacet
  facet normal 1 -0 0
    outer loop
      vertex 12.4 -32.8915 -2.82215
      vertex 12.4 -23.3039 -20
      vertex 12.4 -32.6222 -2.6607
    endloop
  endfacet
  facet normal 1 -0 0
    outer loop
      vertex 12.4 -33.1754 -2.95641
      vertex 12.4 -23.3039 -20
      vertex 12.4 -32.8915 -2.82215
    endloop
  endfacet
  facet normal 1 -0 0
    outer loop
      vertex 12.4 -33.4711 -3.06221
      vertex 12.4 -23.3039 -20
      vertex 12.4 -33.1754 -2.95641
    endloop
  endfacet
  facet normal 1 -0 0
    outer loop
      vertex 12.4 -33.7757 -3.13851
      vertex 12.4 -23.3039 -20
      vertex 12.4 -33.4711 -3.06221
    endloop
  endfacet
  facet normal 1 -0 0
    outer loop
      vertex 12.4 -34.0863 -3.18459
      vertex 12.4 -23.3039 -20
      vertex 12.4 -33.7757 -3.13851
    endloop
  endfacet
  facet normal 1 0 0
    outer loop
      vertex 12.4 -42.4 -20
      vertex 12.4 -34.0863 -3.18459
      vertex 12.4 -34.4 -3.2
    endloop
  endfacet
  facet normal 1 0 0
    outer loop
      vertex 12.4 -42.4 -20
      vertex 12.4 -34.4 -3.2
      vertex 12.4 -34.7137 -3.18459
    endloop
  endfacet
  facet normal 1 0 0
    outer loop
      vertex 12.4 -42.4 -20
      vertex 12.4 -34.7137 -3.18459
      vertex 12.4 -35.0243 -3.13851
    endloop
  endfacet
  facet normal 1 0 0
    outer loop
      vertex 12.4 -42.4 -20
      vertex 12.4 -35.0243 -3.13851
      vertex 12.4 -35.3289 -3.06221
    endloop
  endfacet
  facet normal 1 0 0
    outer loop
      vertex 12.4 -42.4 -20
      vertex 12.4 -35.3289 -3.06221
      vertex 12.4 -35.6246 -2.95641
    endloop
  endfacet
  facet normal 1 0 0
    outer loop
      vertex 12.4 -42.4 -20
      vertex 12.4 -35.6246 -2.95641
      vertex 12.4 -35.9085 -2.82215
    endloop
  endfacet
  facet normal 1 0 0
    outer loop
      vertex 12.4 -42.4 -20
      vertex 12.4 -35.9085 -2.82215
      vertex 12.4 -36.1778 -2.6607
    endloop
  endfacet
  facet normal 1 0 0
    outer loop
      vertex 12.4 -42.4 -20
      vertex 12.4 -36.1778 -2.6607
      vertex 12.4 -36.4301 -2.47363
    endloop
  endfacet
  facet normal 1 0 0
    outer loop
      vertex 12.4 -42.4 -20
      vertex 12.4 -36.4301 -2.47363
      vertex 12.4 -36.6627 -2.26274
    endloop
  endfacet
  facet normal 1 0 0
    outer loop
      vertex 12.4 -42.4 -20
      vertex 12.4 -36.6627 -2.26274
      vertex 12.4 -36.8736 -2.03006
    endloop
  endfacet
  facet normal 1 0 0
    outer loop
      vertex 12.4 -42.4 -20
      vertex 12.4 -37.6 0
      vertex 12.4 -42.4 20
    endloop
  endfacet
  facet normal 1 0 0
    outer loop
      vertex 12.4 -37.6 0
      vertex 12.4 -42.4 -20
      vertex 12.4 -37.5846 -0.313654
    endloop
  endfacet
  facet normal 1 0 0
    outer loop
      vertex 12.4 -34.0863 -3.18459
      vertex 12.4 -42.4 -20
      vertex 12.4 -23.3039 -20
    endloop
  endfacet
  facet normal 1 0 0
    outer loop
      vertex 12.4 -37.0607 -1.77782
      vertex 12.4 -42.4 -20
      vertex 12.4 -36.8736 -2.03006
    endloop
  endfacet
  facet normal 1 0 0
    outer loop
      vertex 12.4 -37.2221 -1.50847
      vertex 12.4 -42.4 -20
      vertex 12.4 -37.0607 -1.77782
    endloop
  endfacet
  facet normal 1 0 0
    outer loop
      vertex 12.4 -37.3564 -1.22459
      vertex 12.4 -42.4 -20
      vertex 12.4 -37.2221 -1.50847
    endloop
  endfacet
  facet normal 1 0 0
    outer loop
      vertex 12.4 -37.4622 -0.92891
      vertex 12.4 -42.4 -20
      vertex 12.4 -37.3564 -1.22459
    endloop
  endfacet
  facet normal 1 0 0
    outer loop
      vertex 12.4 -37.5385 -0.624289
      vertex 12.4 -42.4 -20
      vertex 12.4 -37.4622 -0.92891
    endloop
  endfacet
  facet normal 1 0 0
    outer loop
      vertex 12.4 -37.5846 -0.313654
      vertex 12.4 -42.4 -20
      vertex 12.4 -37.5385 -0.624289
    endloop
  endfacet
  facet normal 0 -1 0
    outer loop
      vertex 0 -42.4 -20
      vertex 12.4 -42.4 20
      vertex 0 -42.4 20
    endloop
  endfacet
  facet normal 0 -1 -0
    outer loop
      vertex 12.4 -42.4 20
      vertex 0 -42.4 -20
      vertex 12.4 -42.4 -20
    endloop
  endfacet
  facet normal 1 0 0
    outer loop
      vertex 12.4 42.4 20
      vertex 12.4 37.6 0
      vertex 12.4 42.4 -20
    endloop
  endfacet
  facet normal 1 0 0
    outer loop
      vertex 12.4 42.4 20
      vertex 12.4 37.5846 0.313654
      vertex 12.4 37.6 0
    endloop
  endfacet
  facet normal 1 0 0
    outer loop
      vertex 12.4 42.4 20
      vertex 12.4 37.5385 0.624289
      vertex 12.4 37.5846 0.313654
    endloop
  endfacet
  facet normal 1 0 0
    outer loop
      vertex 12.4 42.4 20
      vertex 12.4 37.4622 0.92891
      vertex 12.4 37.5385 0.624289
    endloop
  endfacet
  facet normal 1 0 0
    outer loop
      vertex 12.4 42.4 20
      vertex 12.4 37.3564 1.22459
      vertex 12.4 37.4622 0.92891
    endloop
  endfacet
  facet normal 1 0 0
    outer loop
      vertex 12.4 42.4 20
      vertex 12.4 37.2221 1.50847
      vertex 12.4 37.3564 1.22459
    endloop
  endfacet
  facet normal 1 0 0
    outer loop
      vertex 12.4 42.4 20
      vertex 12.4 37.0607 1.77782
      vertex 12.4 37.2221 1.50847
    endloop
  endfacet
  facet normal 1 0 0
    outer loop
      vertex 12.4 42.4 20
      vertex 12.4 36.8736 2.03006
      vertex 12.4 37.0607 1.77782
    endloop
  endfacet
  facet normal 1 0 0
    outer loop
      vertex 12.4 42.4 20
      vertex 12.4 36.6627 2.26274
      vertex 12.4 36.8736 2.03006
    endloop
  endfacet
  facet normal 1 0 0
    outer loop
      vertex 12.4 42.4 20
      vertex 12.4 36.4301 2.47363
      vertex 12.4 36.6627 2.26274
    endloop
  endfacet
  facet normal 1 0 0
    outer loop
      vertex 12.4 42.4 20
      vertex 12.4 36.1778 2.6607
      vertex 12.4 36.4301 2.47363
    endloop
  endfacet
  facet normal 1 0 0
    outer loop
      vertex 12.4 42.4 20
      vertex 12.4 35.9085 2.82215
      vertex 12.4 36.1778 2.6607
    endloop
  endfacet
  facet normal 1 0 0
    outer loop
      vertex 12.4 42.4 20
      vertex 12.4 35.6246 2.95641
      vertex 12.4 35.9085 2.82215
    endloop
  endfacet
  facet normal 1 0 0
    outer loop
      vertex 12.4 42.4 20
      vertex 12.4 35.3289 3.06221
      vertex 12.4 35.6246 2.95641
    endloop
  endfacet
  facet normal 1 0 0
    outer loop
      vertex 12.4 42.4 20
      vertex 12.4 35.0243 3.13851
      vertex 12.4 35.3289 3.06221
    endloop
  endfacet
  facet normal 1 0 0
    outer loop
      vertex 12.4 42.4 20
      vertex 12.4 34.7137 3.18459
      vertex 12.4 35.0243 3.13851
    endloop
  endfacet
  facet normal 1 0 0
    outer loop
      vertex 12.4 42.4 20
      vertex 12.4 34.4 3.2
      vertex 12.4 34.7137 3.18459
    endloop
  endfacet
  facet normal 1 0 0
    outer loop
      vertex 12.4 42.4 20
      vertex 12.4 34.0863 3.18459
      vertex 12.4 34.4 3.2
    endloop
  endfacet
  facet normal 1 -0 0
    outer loop
      vertex 12.4 23.3039 20
      vertex 12.4 34.0863 3.18459
      vertex 12.4 42.4 20
    endloop
  endfacet
  facet normal 1 0 0
    outer loop
      vertex 12.4 34.0863 3.18459
      vertex 12.4 23.3039 20
      vertex 12.4 33.7757 3.13851
    endloop
  endfacet
  facet normal 1 0 0
    outer loop
      vertex 12.4 33.7757 3.13851
      vertex 12.4 23.3039 20
      vertex 12.4 33.4711 3.06221
    endloop
  endfacet
  facet normal 1 0 0
    outer loop
      vertex 12.4 33.4711 3.06221
      vertex 12.4 23.3039 20
      vertex 12.4 33.1754 2.95641
    endloop
  endfacet
  facet normal 1 0 0
    outer loop
      vertex 12.4 33.1754 2.95641
      vertex 12.4 23.3039 20
      vertex 12.4 32.8915 2.82215
    endloop
  endfacet
  facet normal 1 0 0
    outer loop
      vertex 12.4 32.8915 2.82215
      vertex 12.4 23.3039 20
      vertex 12.4 32.6222 2.6607
    endloop
  endfacet
  facet normal 1 0 0
    outer loop
      vertex 12.4 32.6222 2.6607
      vertex 12.4 23.3039 20
      vertex 12.4 32.3699 2.47363
    endloop
  endfacet
  facet normal 1 0 0
    outer loop
      vertex 12.4 32.3699 2.47363
      vertex 12.4 23.3039 20
      vertex 12.4 32.1373 2.26274
    endloop
  endfacet
  facet normal 1 0 0
    outer loop
      vertex 12.4 32.1373 2.26274
      vertex 12.4 23.3039 20
      vertex 12.4 31.9264 2.03006
    endloop
  endfacet
  facet normal 1 0 0
    outer loop
      vertex 12.4 31.9264 2.03006
      vertex 12.4 23.3039 20
      vertex 12.4 31.7393 1.77782
    endloop
  endfacet
  facet normal 1 0 0
    outer loop
      vertex 12.4 31.2154 0.313654
      vertex 12.4 23.3039 20
      vertex 12.4 31.2 0
    endloop
  endfacet
  facet normal 1 0 0
    outer loop
      vertex 12.4 31.2615 0.624289
      vertex 12.4 23.3039 20
      vertex 12.4 31.2154 0.313654
    endloop
  endfacet
  facet normal 1 0 0
    outer loop
      vertex 12.4 31.3378 0.92891
      vertex 12.4 23.3039 20
      vertex 12.4 31.2615 0.624289
    endloop
  endfacet
  facet normal 1 0 0
    outer loop
      vertex 12.4 31.4436 1.22459
      vertex 12.4 23.3039 20
      vertex 12.4 31.3378 0.92891
    endloop
  endfacet
  facet normal 1 0 0
    outer loop
      vertex 12.4 31.5779 1.50847
      vertex 12.4 23.3039 20
      vertex 12.4 31.4436 1.22459
    endloop
  endfacet
  facet normal 1 0 0
    outer loop
      vertex 12.4 31.7393 1.77782
      vertex 12.4 23.3039 20
      vertex 12.4 31.5779 1.50847
    endloop
  endfacet
  facet normal 1 -0 0
    outer loop
      vertex 12.4 37.5846 -0.313654
      vertex 12.4 42.4 -20
      vertex 12.4 37.6 0
    endloop
  endfacet
  facet normal 1 -0 0
    outer loop
      vertex 12.4 37.5385 -0.624289
      vertex 12.4 42.4 -20
      vertex 12.4 37.5846 -0.313654
    endloop
  endfacet
  facet normal 1 -0 0
    outer loop
      vertex 12.4 37.4622 -0.92891
      vertex 12.4 42.4 -20
      vertex 12.4 37.5385 -0.624289
    endloop
  endfacet
  facet normal 1 -0 0
    outer loop
      vertex 12.4 37.3564 -1.22459
      vertex 12.4 42.4 -20
      vertex 12.4 37.4622 -0.92891
    endloop
  endfacet
  facet normal 1 -0 0
    outer loop
      vertex 12.4 37.2221 -1.50847
      vertex 12.4 42.4 -20
      vertex 12.4 37.3564 -1.22459
    endloop
  endfacet
  facet normal 1 -0 0
    outer loop
      vertex 12.4 37.0607 -1.77782
      vertex 12.4 42.4 -20
      vertex 12.4 37.2221 -1.50847
    endloop
  endfacet
  facet normal 1 -0 0
    outer loop
      vertex 12.4 36.8736 -2.03006
      vertex 12.4 42.4 -20
      vertex 12.4 37.0607 -1.77782
    endloop
  endfacet
  facet normal 1 -0 0
    outer loop
      vertex 12.4 36.6627 -2.26274
      vertex 12.4 42.4 -20
      vertex 12.4 36.8736 -2.03006
    endloop
  endfacet
  facet normal 1 -0 0
    outer loop
      vertex 12.4 36.4301 -2.47363
      vertex 12.4 42.4 -20
      vertex 12.4 36.6627 -2.26274
    endloop
  endfacet
  facet normal 1 -0 0
    outer loop
      vertex 12.4 36.1778 -2.6607
      vertex 12.4 42.4 -20
      vertex 12.4 36.4301 -2.47363
    endloop
  endfacet
  facet normal 1 -0 0
    outer loop
      vertex 12.4 35.9085 -2.82215
      vertex 12.4 42.4 -20
      vertex 12.4 36.1778 -2.6607
    endloop
  endfacet
  facet normal 1 -0 0
    outer loop
      vertex 12.4 35.6246 -2.95641
      vertex 12.4 42.4 -20
      vertex 12.4 35.9085 -2.82215
    endloop
  endfacet
  facet normal 1 -0 0
    outer loop
      vertex 12.4 35.3289 -3.06221
      vertex 12.4 42.4 -20
      vertex 12.4 35.6246 -2.95641
    endloop
  endfacet
  facet normal 1 -0 0
    outer loop
      vertex 12.4 35.0243 -3.13851
      vertex 12.4 42.4 -20
      vertex 12.4 35.3289 -3.06221
    endloop
  endfacet
  facet normal 1 -0 0
    outer loop
      vertex 12.4 34.7137 -3.18459
      vertex 12.4 42.4 -20
      vertex 12.4 35.0243 -3.13851
    endloop
  endfacet
  facet normal 1 -0 0
    outer loop
      vertex 12.4 34.4 -3.2
      vertex 12.4 42.4 -20
      vertex 12.4 34.7137 -3.18459
    endloop
  endfacet
  facet normal 1 0 0
    outer loop
      vertex 12.4 34.0863 -3.18459
      vertex 12.4 42.4 -20
      vertex 12.4 34.4 -3.2
    endloop
  endfacet
  facet normal 1 0 0
    outer loop
      vertex 12.4 23.3039 -20
      vertex 12.4 34.0863 -3.18459
      vertex 12.4 33.7757 -3.13851
    endloop
  endfacet
  facet normal 1 0 0
    outer loop
      vertex 12.4 23.3039 -20
      vertex 12.4 33.7757 -3.13851
      vertex 12.4 33.4711 -3.06221
    endloop
  endfacet
  facet normal 1 0 0
    outer loop
      vertex 12.4 23.3039 -20
      vertex 12.4 33.4711 -3.06221
      vertex 12.4 33.1754 -2.95641
    endloop
  endfacet
  facet normal 1 0 0
    outer loop
      vertex 12.4 23.3039 -20
      vertex 12.4 33.1754 -2.95641
      vertex 12.4 32.8915 -2.82215
    endloop
  endfacet
  facet normal 1 0 0
    outer loop
      vertex 12.4 23.3039 -20
      vertex 12.4 32.8915 -2.82215
      vertex 12.4 32.6222 -2.6607
    endloop
  endfacet
  facet normal 1 0 0
    outer loop
      vertex 12.4 23.3039 -20
      vertex 12.4 32.6222 -2.6607
      vertex 12.4 32.3699 -2.47363
    endloop
  endfacet
  facet normal 1 0 0
    outer loop
      vertex 12.4 23.3039 -20
      vertex 12.4 32.3699 -2.47363
      vertex 12.4 32.1373 -2.26274
    endloop
  endfacet
  facet normal 1 0 0
    outer loop
      vertex 12.4 23.3039 -20
      vertex 12.4 32.1373 -2.26274
      vertex 12.4 31.9264 -2.03006
    endloop
  endfacet
  facet normal 1 0 0
    outer loop
      vertex 12.4 23.3039 -20
      vertex 12.4 31.9264 -2.03006
      vertex 12.4 31.7393 -1.77782
    endloop
  endfacet
  facet normal 1 0 0
    outer loop
      vertex 12.4 23.3039 -20
      vertex 12.4 31.7393 -1.77782
      vertex 12.4 31.5779 -1.50847
    endloop
  endfacet
  facet normal 1 0 0
    outer loop
      vertex 12.4 23.3039 -20
      vertex 12.4 31.2 0
      vertex 12.4 23.3039 20
    endloop
  endfacet
  facet normal 1 0 0
    outer loop
      vertex 12.4 31.2 0
      vertex 12.4 23.3039 -20
      vertex 12.4 31.2154 -0.313654
    endloop
  endfacet
  facet normal 1 0 0
    outer loop
      vertex 12.4 31.2154 -0.313654
      vertex 12.4 23.3039 -20
      vertex 12.4 31.2615 -0.624289
    endloop
  endfacet
  facet normal 1 0 0
    outer loop
      vertex 12.4 31.2615 -0.624289
      vertex 12.4 23.3039 -20
      vertex 12.4 31.3378 -0.92891
    endloop
  endfacet
  facet normal 1 0 0
    outer loop
      vertex 12.4 34.0863 -3.18459
      vertex 12.4 23.3039 -20
      vertex 12.4 42.4 -20
    endloop
  endfacet
  facet normal 1 0 0
    outer loop
      vertex 12.4 31.4436 -1.22459
      vertex 12.4 23.3039 -20
      vertex 12.4 31.5779 -1.50847
    endloop
  endfacet
  facet normal 1 0 0
    outer loop
      vertex 12.4 31.3378 -0.92891
      vertex 12.4 23.3039 -20
      vertex 12.4 31.4436 -1.22459
    endloop
  endfacet
  facet normal 0 1 -0
    outer loop
      vertex 12.4 42.4 -20
      vertex 0 42.4 20
      vertex 12.4 42.4 20
    endloop
  endfacet
  facet normal 0 1 0
    outer loop
      vertex 0 42.4 20
      vertex 12.4 42.4 -20
      vertex 0 42.4 -20
    endloop
  endfacet
  facet normal 0 -0.5956 -0.803281
    outer loop
      vertex 0 -32.6222 2.6607
      vertex 12.4 -32.3699 2.47363
      vertex 12.4 -32.6222 2.6607
    endloop
  endfacet
  facet normal -0 -0.5956 -0.803281
    outer loop
      vertex 12.4 -32.3699 2.47363
      vertex 0 -32.6222 2.6607
      vertex 0 -32.3699 2.47363
    endloop
  endfacet
  facet normal 0 -0.242985 0.97003
    outer loop
      vertex 0 -33.4711 -3.06221
      vertex 12.4 -33.7757 -3.13851
      vertex 12.4 -33.4711 -3.06221
    endloop
  endfacet
  facet normal 0 -0.242985 0.97003
    outer loop
      vertex 12.4 -33.7757 -3.13851
      vertex 0 -33.4711 -3.06221
      vertex 0 -33.7757 -3.13851
    endloop
  endfacet
  facet normal -8.27389e-19 -0.94154 0.336901
    outer loop
      vertex 0 -31.4436 -1.22459
      vertex 12.4 -31.3378 -0.92891
      vertex 0 -31.3378 -0.92891
    endloop
  endfacet
  facet normal -8.27389e-19 -0.94154 0.336901
    outer loop
      vertex 12.4 -31.3378 -0.92891
      vertex 0 -31.4436 -1.22459
      vertex 12.4 -31.4436 -1.22459
    endloop
  endfacet
  facet normal -1.48578e-19 0.989167 -0.146798
    outer loop
      vertex 12.4 -37.5846 0.313654
      vertex 0 -37.5385 0.624289
      vertex 12.4 -37.5385 0.624289
    endloop
  endfacet
  facet normal -1.48578e-19 0.989167 -0.146798
    outer loop
      vertex 0 -37.5385 0.624289
      vertex 12.4 -37.5846 0.313654
      vertex 0 -37.5846 0.313654
    endloop
  endfacet
  facet normal -0 0.146752 0.989173
    outer loop
      vertex 0 -34.7137 -3.18459
      vertex 12.4 -35.0243 -3.13851
      vertex 12.4 -34.7137 -3.18459
    endloop
  endfacet
  facet normal 0 0.146752 0.989173
    outer loop
      vertex 12.4 -35.0243 -3.13851
      vertex 0 -34.7137 -3.18459
      vertex 0 -35.0243 -3.13851
    endloop
  endfacet
  facet normal 5.7043e-19 -0.803168 0.595753
    outer loop
      vertex 0 -31.9264 -2.03006
      vertex 12.4 -31.7393 -1.77782
      vertex 0 -31.7393 -1.77782
    endloop
  endfacet
  facet normal 5.7043e-19 -0.803168 0.595753
    outer loop
      vertex 12.4 -31.7393 -1.77782
      vertex 0 -31.9264 -2.03006
      vertex 12.4 -31.9264 -2.03006
    endloop
  endfacet
  facet normal -0 0.0490642 0.998796
    outer loop
      vertex 0 -34.4 -3.2
      vertex 12.4 -34.7137 -3.18459
      vertex 12.4 -34.4 -3.2
    endloop
  endfacet
  facet normal 0 0.0490642 0.998796
    outer loop
      vertex 12.4 -34.7137 -3.18459
      vertex 0 -34.4 -3.2
      vertex 0 -34.7137 -3.18459
    endloop
  endfacet
  facet normal 0 -0.146752 -0.989173
    outer loop
      vertex 0 -34.0863 3.18459
      vertex 12.4 -33.7757 3.13851
      vertex 12.4 -34.0863 3.18459
    endloop
  endfacet
  facet normal -0 -0.146752 -0.989173
    outer loop
      vertex 12.4 -33.7757 3.13851
      vertex 0 -34.0863 3.18459
      vertex 0 -33.7757 3.13851
    endloop
  endfacet
  facet normal 0 -0.0490642 0.998796
    outer loop
      vertex 0 -34.0863 -3.18459
      vertex 12.4 -34.4 -3.2
      vertex 12.4 -34.0863 -3.18459
    endloop
  endfacet
  facet normal 0 -0.0490642 0.998796
    outer loop
      vertex 12.4 -34.4 -3.2
      vertex 0 -34.0863 -3.18459
      vertex 0 -34.4 -3.2
    endloop
  endfacet
  facet normal 1.48578e-19 -0.989167 -0.146798
    outer loop
      vertex 0 -31.2154 0.313654
      vertex 12.4 -31.2615 0.624289
      vertex 0 -31.2615 0.624289
    endloop
  endfacet
  facet normal 1.48578e-19 -0.989167 -0.146798
    outer loop
      vertex 12.4 -31.2615 0.624289
      vertex 0 -31.2154 0.313654
      vertex 12.4 -31.2154 0.313654
    endloop
  endfacet
  facet normal 0 -0.336881 0.941547
    outer loop
      vertex 0 -33.1754 -2.95641
      vertex 12.4 -33.4711 -3.06221
      vertex 12.4 -33.1754 -2.95641
    endloop
  endfacet
  facet normal 0 -0.336881 0.941547
    outer loop
      vertex 12.4 -33.4711 -3.06221
      vertex 0 -33.1754 -2.95641
      vertex 0 -33.4711 -3.06221
    endloop
  endfacet
  facet normal -1.61284e-20 -0.740933 -0.671578
    outer loop
      vertex 0 -31.9264 2.03006
      vertex 12.4 -32.1373 2.26274
      vertex 0 -32.1373 2.26274
    endloop
  endfacet
  facet normal -1.61284e-20 -0.740933 -0.671578
    outer loop
      vertex 12.4 -32.1373 2.26274
      vertex 0 -31.9264 2.03006
      vertex 12.4 -31.9264 2.03006
    endloop
  endfacet
  facet normal -8.00465e-19 0.903947 0.427646
    outer loop
      vertex 12.4 -37.2221 -1.50847
      vertex 0 -37.3564 -1.22459
      vertex 12.4 -37.3564 -1.22459
    endloop
  endfacet
  facet normal -8.00465e-19 0.903947 0.427646
    outer loop
      vertex 0 -37.3564 -1.22459
      vertex 12.4 -37.2221 -1.50847
      vertex 0 -37.2221 -1.50847
    endloop
  endfacet
  facet normal -1.35723e-19 0.94154 -0.336901
    outer loop
      vertex 12.4 -37.4622 0.92891
      vertex 0 -37.3564 1.22459
      vertex 12.4 -37.3564 1.22459
    endloop
  endfacet
  facet normal -1.35723e-19 0.94154 -0.336901
    outer loop
      vertex 0 -37.3564 1.22459
      vertex 12.4 -37.4622 0.92891
      vertex 0 -37.4622 0.92891
    endloop
  endfacet
  facet normal 1.35723e-19 0.94154 0.336901
    outer loop
      vertex 12.4 -37.3564 -1.22459
      vertex 0 -37.4622 -0.92891
      vertex 12.4 -37.4622 -0.92891
    endloop
  endfacet
  facet normal 1.35723e-19 0.94154 0.336901
    outer loop
      vertex 0 -37.4622 -0.92891
      vertex 12.4 -37.3564 -1.22459
      vertex 0 -37.3564 -1.22459
    endloop
  endfacet
  facet normal 0 0.671688 -0.740834
    outer loop
      vertex 0 -36.6627 2.26274
      vertex 12.4 -36.4301 2.47363
      vertex 12.4 -36.6627 2.26274
    endloop
  endfacet
  facet normal 0 0.671688 -0.740834
    outer loop
      vertex 12.4 -36.4301 2.47363
      vertex 0 -36.6627 2.26274
      vertex 0 -36.4301 2.47363
    endloop
  endfacet
  facet normal -0 0.5956 0.803281
    outer loop
      vertex 0 -36.1778 -2.6607
      vertex 12.4 -36.4301 -2.47363
      vertex 12.4 -36.1778 -2.6607
    endloop
  endfacet
  facet normal 0 0.5956 0.803281
    outer loop
      vertex 12.4 -36.4301 -2.47363
      vertex 0 -36.1778 -2.6607
      vertex 0 -36.4301 -2.47363
    endloop
  endfacet
  facet normal 0 -0.5956 0.803281
    outer loop
      vertex 0 -32.3699 -2.47363
      vertex 12.4 -32.6222 -2.6607
      vertex 12.4 -32.3699 -2.47363
    endloop
  endfacet
  facet normal 0 -0.5956 0.803281
    outer loop
      vertex 12.4 -32.6222 -2.6607
      vertex 0 -32.3699 -2.47363
      vertex 0 -32.6222 -2.6607
    endloop
  endfacet
  facet normal 0 -0.427517 -0.904007
    outer loop
      vertex 0 -33.1754 2.95641
      vertex 12.4 -32.8915 2.82215
      vertex 12.4 -33.1754 2.95641
    endloop
  endfacet
  facet normal -0 -0.427517 -0.904007
    outer loop
      vertex 12.4 -32.8915 2.82215
      vertex 0 -33.1754 2.95641
      vertex 0 -32.8915 2.82215
    endloop
  endfacet
  facet normal 2.06981e-19 0.970034 0.242969
    outer loop
      vertex 12.4 -37.4622 -0.92891
      vertex 0 -37.5385 -0.624289
      vertex 12.4 -37.5385 -0.624289
    endloop
  endfacet
  facet normal 2.06981e-19 0.970034 0.242969
    outer loop
      vertex 0 -37.5385 -0.624289
      vertex 12.4 -37.4622 -0.92891
      vertex 0 -37.4622 -0.92891
    endloop
  endfacet
  facet normal 1.82939e-19 -0.903947 0.427646
    outer loop
      vertex 0 -31.5779 -1.50847
      vertex 12.4 -31.4436 -1.22459
      vertex 0 -31.4436 -1.22459
    endloop
  endfacet
  facet normal 1.82939e-19 -0.903947 0.427646
    outer loop
      vertex 12.4 -31.4436 -1.22459
      vertex 0 -31.5779 -1.50847
      vertex 12.4 -31.5779 -1.50847
    endloop
  endfacet
  facet normal 0 0.242985 -0.97003
    outer loop
      vertex 0 -35.3289 3.06221
      vertex 12.4 -35.0243 3.13851
      vertex 12.4 -35.3289 3.06221
    endloop
  endfacet
  facet normal 0 0.242985 -0.97003
    outer loop
      vertex 12.4 -35.0243 3.13851
      vertex 0 -35.3289 3.06221
      vertex 0 -35.0243 3.13851
    endloop
  endfacet
  facet normal 4.70064e-20 0.803168 -0.595753
    outer loop
      vertex 12.4 -37.0607 1.77782
      vertex 0 -36.8736 2.03006
      vertex 12.4 -36.8736 2.03006
    endloop
  endfacet
  facet normal 4.70064e-20 0.803168 -0.595753
    outer loop
      vertex 0 -36.8736 2.03006
      vertex 12.4 -37.0607 1.77782
      vertex 0 -37.0607 1.77782
    endloop
  endfacet
  facet normal 0 -0.427517 0.904007
    outer loop
      vertex 0 -32.8915 -2.82215
      vertex 12.4 -33.1754 -2.95641
      vertex 12.4 -32.8915 -2.82215
    endloop
  endfacet
  facet normal 0 -0.427517 0.904007
    outer loop
      vertex 12.4 -33.1754 -2.95641
      vertex 0 -32.8915 -2.82215
      vertex 0 -33.1754 -2.95641
    endloop
  endfacet
  facet normal 0 -0.671688 0.740834
    outer loop
      vertex 0 -32.1373 -2.26274
      vertex 12.4 -32.3699 -2.47363
      vertex 12.4 -32.1373 -2.26274
    endloop
  endfacet
  facet normal 0 -0.671688 0.740834
    outer loop
      vertex 12.4 -32.3699 -2.47363
      vertex 0 -32.1373 -2.26274
      vertex 0 -32.3699 -2.47363
    endloop
  endfacet
  facet normal 0 -0.146752 0.989173
    outer loop
      vertex 0 -33.7757 -3.13851
      vertex 12.4 -34.0863 -3.18459
      vertex 12.4 -33.7757 -3.13851
    endloop
  endfacet
  facet normal 0 -0.146752 0.989173
    outer loop
      vertex 12.4 -34.0863 -3.18459
      vertex 0 -33.7757 -3.13851
      vertex 0 -34.0863 -3.18459
    endloop
  endfacet
  facet normal 0 0.336881 -0.941547
    outer loop
      vertex 0 -35.6246 2.95641
      vertex 12.4 -35.3289 3.06221
      vertex 12.4 -35.6246 2.95641
    endloop
  endfacet
  facet normal 0 0.336881 -0.941547
    outer loop
      vertex 12.4 -35.3289 3.06221
      vertex 0 -35.6246 2.95641
      vertex 0 -35.3289 3.06221
    endloop
  endfacet
  facet normal 8.27389e-19 -0.94154 -0.336901
    outer loop
      vertex 0 -31.3378 0.92891
      vertex 12.4 -31.4436 1.22459
      vertex 0 -31.4436 1.22459
    endloop
  endfacet
  facet normal 8.27389e-19 -0.94154 -0.336901
    outer loop
      vertex 12.4 -31.4436 1.22459
      vertex 0 -31.3378 0.92891
      vertex 12.4 -31.3378 0.92891
    endloop
  endfacet
  facet normal -7.82224e-20 -0.998797 -0.0490396
    outer loop
      vertex 0 -31.2 0
      vertex 12.4 -31.2154 0.313654
      vertex 0 -31.2154 0.313654
    endloop
  endfacet
  facet normal -7.82224e-20 -0.998797 -0.0490396
    outer loop
      vertex 12.4 -31.2154 0.313654
      vertex 0 -31.2 0
      vertex 12.4 -31.2 0
    endloop
  endfacet
  facet normal -1.48578e-19 -0.989167 0.146798
    outer loop
      vertex 0 -31.2615 -0.624289
      vertex 12.4 -31.2154 -0.313654
      vertex 0 -31.2154 -0.313654
    endloop
  endfacet
  facet normal -1.48578e-19 -0.989167 0.146798
    outer loop
      vertex 12.4 -31.2154 -0.313654
      vertex 0 -31.2615 -0.624289
      vertex 12.4 -31.2615 -0.624289
    endloop
  endfacet
  facet normal -0 0.514191 0.857676
    outer loop
      vertex 0 -35.9085 -2.82215
      vertex 12.4 -36.1778 -2.6607
      vertex 12.4 -35.9085 -2.82215
    endloop
  endfacet
  facet normal 0 0.514191 0.857676
    outer loop
      vertex 12.4 -36.1778 -2.6607
      vertex 0 -35.9085 -2.82215
      vertex 0 -36.1778 -2.6607
    endloop
  endfacet
  facet normal 7.82224e-20 -0.998797 0.0490396
    outer loop
      vertex 0 -31.2154 -0.313654
      vertex 12.4 -31.2 0
      vertex 0 -31.2 0
    endloop
  endfacet
  facet normal 7.82224e-20 -0.998797 0.0490396
    outer loop
      vertex 12.4 -31.2 0
      vertex 0 -31.2154 -0.313654
      vertex 12.4 -31.2154 -0.313654
    endloop
  endfacet
  facet normal -0 0.427517 0.904007
    outer loop
      vertex 0 -35.6246 -2.95641
      vertex 12.4 -35.9085 -2.82215
      vertex 12.4 -35.6246 -2.95641
    endloop
  endfacet
  facet normal 0 0.427517 0.904007
    outer loop
      vertex 12.4 -35.9085 -2.82215
      vertex 0 -35.6246 -2.95641
      vertex 0 -35.9085 -2.82215
    endloop
  endfacet
  facet normal 0 -0.0490642 -0.998796
    outer loop
      vertex 0 -34.4 3.2
      vertex 12.4 -34.0863 3.18459
      vertex 12.4 -34.4 3.2
    endloop
  endfacet
  facet normal -0 -0.0490642 -0.998796
    outer loop
      vertex 12.4 -34.0863 3.18459
      vertex 0 -34.4 3.2
      vertex 0 -34.0863 3.18459
    endloop
  endfacet
  facet normal 7.41202e-19 -0.857788 0.514004
    outer loop
      vertex 0 -31.7393 -1.77782
      vertex 12.4 -31.5779 -1.50847
      vertex 0 -31.5779 -1.50847
    endloop
  endfacet
  facet normal 7.41202e-19 -0.857788 0.514004
    outer loop
      vertex 12.4 -31.5779 -1.50847
      vertex 0 -31.7393 -1.77782
      vertex 12.4 -31.7393 -1.77782
    endloop
  endfacet
  facet normal 0 -0.514191 -0.857676
    outer loop
      vertex 0 -32.8915 2.82215
      vertex 12.4 -32.6222 2.6607
      vertex 12.4 -32.8915 2.82215
    endloop
  endfacet
  facet normal -0 -0.514191 -0.857676
    outer loop
      vertex 12.4 -32.6222 2.6607
      vertex 0 -32.8915 2.82215
      vertex 0 -32.6222 2.6607
    endloop
  endfacet
  facet normal 1.61284e-20 -0.740933 0.671578
    outer loop
      vertex 0 -32.1373 -2.26274
      vertex 12.4 -31.9264 -2.03006
      vertex 0 -31.9264 -2.03006
    endloop
  endfacet
  facet normal 1.61284e-20 -0.740933 0.671578
    outer loop
      vertex 12.4 -31.9264 -2.03006
      vertex 0 -32.1373 -2.26274
      vertex 12.4 -32.1373 -2.26274
    endloop
  endfacet
  facet normal 0 -0.336881 -0.941547
    outer loop
      vertex 0 -33.4711 3.06221
      vertex 12.4 -33.1754 2.95641
      vertex 12.4 -33.4711 3.06221
    endloop
  endfacet
  facet normal -0 -0.336881 -0.941547
    outer loop
      vertex 12.4 -33.1754 2.95641
      vertex 0 -33.4711 3.06221
      vertex 0 -33.1754 2.95641
    endloop
  endfacet
  facet normal 0 0.5956 -0.803281
    outer loop
      vertex 0 -36.4301 2.47363
      vertex 12.4 -36.1778 2.6607
      vertex 12.4 -36.4301 2.47363
    endloop
  endfacet
  facet normal 0 0.5956 -0.803281
    outer loop
      vertex 12.4 -36.1778 2.6607
      vertex 0 -36.4301 2.47363
      vertex 0 -36.1778 2.6607
    endloop
  endfacet
  facet normal -7.41202e-19 -0.857788 -0.514004
    outer loop
      vertex 0 -31.5779 1.50847
      vertex 12.4 -31.7393 1.77782
      vertex 0 -31.7393 1.77782
    endloop
  endfacet
  facet normal -7.41202e-19 -0.857788 -0.514004
    outer loop
      vertex 12.4 -31.7393 1.77782
      vertex 0 -31.5779 1.50847
      vertex 12.4 -31.5779 1.50847
    endloop
  endfacet
  facet normal 2.67653e-19 -0.970034 -0.242969
    outer loop
      vertex 0 -31.2615 0.624289
      vertex 12.4 -31.3378 0.92891
      vertex 0 -31.3378 0.92891
    endloop
  endfacet
  facet normal 2.67653e-19 -0.970034 -0.242969
    outer loop
      vertex 12.4 -31.3378 0.92891
      vertex 0 -31.2615 0.624289
      vertex 12.4 -31.2615 0.624289
    endloop
  endfacet
  facet normal 0 -0.671688 -0.740834
    outer loop
      vertex 0 -32.3699 2.47363
      vertex 12.4 -32.1373 2.26274
      vertex 12.4 -32.3699 2.47363
    endloop
  endfacet
  facet normal -0 -0.671688 -0.740834
    outer loop
      vertex 12.4 -32.1373 2.26274
      vertex 0 -32.3699 2.47363
      vertex 0 -32.1373 2.26274
    endloop
  endfacet
  facet normal -0 0.242985 0.97003
    outer loop
      vertex 0 -35.0243 -3.13851
      vertex 12.4 -35.3289 -3.06221
      vertex 12.4 -35.0243 -3.13851
    endloop
  endfacet
  facet normal 0 0.242985 0.97003
    outer loop
      vertex 12.4 -35.3289 -3.06221
      vertex 0 -35.0243 -3.13851
      vertex 0 -35.3289 -3.06221
    endloop
  endfacet
  facet normal 0 -0.514191 0.857676
    outer loop
      vertex 0 -32.6222 -2.6607
      vertex 12.4 -32.8915 -2.82215
      vertex 12.4 -32.6222 -2.6607
    endloop
  endfacet
  facet normal 0 -0.514191 0.857676
    outer loop
      vertex 12.4 -32.8915 -2.82215
      vertex 0 -32.6222 -2.6607
      vertex 0 -32.8915 -2.82215
    endloop
  endfacet
  facet normal 0 0.146752 -0.989173
    outer loop
      vertex 0 -35.0243 3.13851
      vertex 12.4 -34.7137 3.18459
      vertex 12.4 -35.0243 3.13851
    endloop
  endfacet
  facet normal 0 0.146752 -0.989173
    outer loop
      vertex 12.4 -34.7137 3.18459
      vertex 0 -35.0243 3.13851
      vertex 0 -34.7137 3.18459
    endloop
  endfacet
  facet normal -1.82939e-19 -0.903947 -0.427646
    outer loop
      vertex 0 -31.4436 1.22459
      vertex 12.4 -31.5779 1.50847
      vertex 0 -31.5779 1.50847
    endloop
  endfacet
  facet normal -1.82939e-19 -0.903947 -0.427646
    outer loop
      vertex 12.4 -31.5779 1.50847
      vertex 0 -31.4436 1.22459
      vertex 12.4 -31.4436 1.22459
    endloop
  endfacet
  facet normal 7.41202e-19 0.857788 -0.514004
    outer loop
      vertex 12.4 -37.2221 1.50847
      vertex 0 -37.0607 1.77782
      vertex 12.4 -37.0607 1.77782
    endloop
  endfacet
  facet normal 7.41202e-19 0.857788 -0.514004
    outer loop
      vertex 0 -37.0607 1.77782
      vertex 12.4 -37.2221 1.50847
      vertex 0 -37.2221 1.50847
    endloop
  endfacet
  facet normal 1.48578e-19 0.989167 0.146798
    outer loop
      vertex 12.4 -37.5385 -0.624289
      vertex 0 -37.5846 -0.313654
      vertex 12.4 -37.5846 -0.313654
    endloop
  endfacet
  facet normal 1.48578e-19 0.989167 0.146798
    outer loop
      vertex 0 -37.5846 -0.313654
      vertex 12.4 -37.5385 -0.624289
      vertex 0 -37.5385 -0.624289
    endloop
  endfacet
  facet normal -0 0.671688 0.740834
    outer loop
      vertex 0 -36.4301 -2.47363
      vertex 12.4 -36.6627 -2.26274
      vertex 12.4 -36.4301 -2.47363
    endloop
  endfacet
  facet normal 0 0.671688 0.740834
    outer loop
      vertex 12.4 -36.6627 -2.26274
      vertex 0 -36.4301 -2.47363
      vertex 0 -36.6627 -2.26274
    endloop
  endfacet
  facet normal 0 0.514191 -0.857676
    outer loop
      vertex 0 -36.1778 2.6607
      vertex 12.4 -35.9085 2.82215
      vertex 12.4 -36.1778 2.6607
    endloop
  endfacet
  facet normal 0 0.514191 -0.857676
    outer loop
      vertex 12.4 -35.9085 2.82215
      vertex 0 -36.1778 2.6607
      vertex 0 -35.9085 2.82215
    endloop
  endfacet
  facet normal 0 -0.242985 -0.97003
    outer loop
      vertex 0 -33.7757 3.13851
      vertex 12.4 -33.4711 3.06221
      vertex 12.4 -33.7757 3.13851
    endloop
  endfacet
  facet normal -0 -0.242985 -0.97003
    outer loop
      vertex 12.4 -33.4711 3.06221
      vertex 0 -33.7757 3.13851
      vertex 0 -33.4711 3.06221
    endloop
  endfacet
  facet normal 7.82224e-20 0.998797 -0.0490396
    outer loop
      vertex 12.4 -37.6 0
      vertex 0 -37.5846 0.313654
      vertex 12.4 -37.5846 0.313654
    endloop
  endfacet
  facet normal 7.82224e-20 0.998797 -0.0490396
    outer loop
      vertex 0 -37.5846 0.313654
      vertex 12.4 -37.6 0
      vertex 0 -37.6 0
    endloop
  endfacet
  facet normal -7.82224e-20 0.998797 0.0490396
    outer loop
      vertex 12.4 -37.5846 -0.313654
      vertex 0 -37.6 0
      vertex 12.4 -37.6 0
    endloop
  endfacet
  facet normal -7.82224e-20 0.998797 0.0490396
    outer loop
      vertex 0 -37.6 0
      vertex 12.4 -37.5846 -0.313654
      vertex 0 -37.5846 -0.313654
    endloop
  endfacet
  facet normal 0 0.0490642 -0.998796
    outer loop
      vertex 0 -34.7137 3.18459
      vertex 12.4 -34.4 3.2
      vertex 12.4 -34.7137 3.18459
    endloop
  endfacet
  facet normal 0 0.0490642 -0.998796
    outer loop
      vertex 12.4 -34.4 3.2
      vertex 0 -34.7137 3.18459
      vertex 0 -34.4 3.2
    endloop
  endfacet
  facet normal 8.00465e-19 0.903947 -0.427646
    outer loop
      vertex 12.4 -37.3564 1.22459
      vertex 0 -37.2221 1.50847
      vertex 12.4 -37.2221 1.50847
    endloop
  endfacet
  facet normal 8.00465e-19 0.903947 -0.427646
    outer loop
      vertex 0 -37.2221 1.50847
      vertex 12.4 -37.3564 1.22459
      vertex 0 -37.3564 1.22459
    endloop
  endfacet
  facet normal -0 0.336881 0.941547
    outer loop
      vertex 0 -35.3289 -3.06221
      vertex 12.4 -35.6246 -2.95641
      vertex 12.4 -35.3289 -3.06221
    endloop
  endfacet
  facet normal 0 0.336881 0.941547
    outer loop
      vertex 12.4 -35.6246 -2.95641
      vertex 0 -35.3289 -3.06221
      vertex 0 -35.6246 -2.95641
    endloop
  endfacet
  facet normal -4.70064e-20 0.803168 0.595753
    outer loop
      vertex 12.4 -36.8736 -2.03006
      vertex 0 -37.0607 -1.77782
      vertex 12.4 -37.0607 -1.77782
    endloop
  endfacet
  facet normal -4.70064e-20 0.803168 0.595753
    outer loop
      vertex 0 -37.0607 -1.77782
      vertex 12.4 -36.8736 -2.03006
      vertex 0 -36.8736 -2.03006
    endloop
  endfacet
  facet normal -7.41202e-19 0.857788 0.514004
    outer loop
      vertex 12.4 -37.0607 -1.77782
      vertex 0 -37.2221 -1.50847
      vertex 12.4 -37.2221 -1.50847
    endloop
  endfacet
  facet normal -7.41202e-19 0.857788 0.514004
    outer loop
      vertex 0 -37.2221 -1.50847
      vertex 12.4 -37.0607 -1.77782
      vertex 0 -37.0607 -1.77782
    endloop
  endfacet
  facet normal -5.7043e-19 -0.803168 -0.595753
    outer loop
      vertex 0 -31.7393 1.77782
      vertex 12.4 -31.9264 2.03006
      vertex 0 -31.9264 2.03006
    endloop
  endfacet
  facet normal -5.7043e-19 -0.803168 -0.595753
    outer loop
      vertex 12.4 -31.9264 2.03006
      vertex 0 -31.7393 1.77782
      vertex 12.4 -31.7393 1.77782
    endloop
  endfacet
  facet normal -2.67653e-19 -0.970034 0.242969
    outer loop
      vertex 0 -31.3378 -0.92891
      vertex 12.4 -31.2615 -0.624289
      vertex 0 -31.2615 -0.624289
    endloop
  endfacet
  facet normal -2.67653e-19 -0.970034 0.242969
    outer loop
      vertex 12.4 -31.2615 -0.624289
      vertex 0 -31.3378 -0.92891
      vertex 12.4 -31.3378 -0.92891
    endloop
  endfacet
  facet normal 0 0.427517 -0.904007
    outer loop
      vertex 0 -35.9085 2.82215
      vertex 12.4 -35.6246 2.95641
      vertex 12.4 -35.9085 2.82215
    endloop
  endfacet
  facet normal 0 0.427517 -0.904007
    outer loop
      vertex 12.4 -35.6246 2.95641
      vertex 0 -35.9085 2.82215
      vertex 0 -35.6246 2.95641
    endloop
  endfacet
  facet normal -1.61284e-20 0.740933 0.671578
    outer loop
      vertex 12.4 -36.6627 -2.26274
      vertex 0 -36.8736 -2.03006
      vertex 12.4 -36.8736 -2.03006
    endloop
  endfacet
  facet normal -1.61284e-20 0.740933 0.671578
    outer loop
      vertex 0 -36.8736 -2.03006
      vertex 12.4 -36.6627 -2.26274
      vertex 0 -36.6627 -2.26274
    endloop
  endfacet
  facet normal -2.06981e-19 0.970034 -0.242969
    outer loop
      vertex 12.4 -37.5385 0.624289
      vertex 0 -37.4622 0.92891
      vertex 12.4 -37.4622 0.92891
    endloop
  endfacet
  facet normal -2.06981e-19 0.970034 -0.242969
    outer loop
      vertex 0 -37.4622 0.92891
      vertex 12.4 -37.5385 0.624289
      vertex 0 -37.5385 0.624289
    endloop
  endfacet
  facet normal 1.61284e-20 0.740933 -0.671578
    outer loop
      vertex 12.4 -36.8736 2.03006
      vertex 0 -36.6627 2.26274
      vertex 12.4 -36.6627 2.26274
    endloop
  endfacet
  facet normal 1.61284e-20 0.740933 -0.671578
    outer loop
      vertex 0 -36.6627 2.26274
      vertex 12.4 -36.8736 2.03006
      vertex 0 -36.8736 2.03006
    endloop
  endfacet
  facet normal 0 -0.5956 -0.803281
    outer loop
      vertex 0 36.1778 2.6607
      vertex 12.4 36.4301 2.47363
      vertex 12.4 36.1778 2.6607
    endloop
  endfacet
  facet normal -0 -0.5956 -0.803281
    outer loop
      vertex 12.4 36.4301 2.47363
      vertex 0 36.1778 2.6607
      vertex 0 36.4301 2.47363
    endloop
  endfacet
  facet normal 0 -0.242985 0.97003
    outer loop
      vertex 0 35.3289 -3.06221
      vertex 12.4 35.0243 -3.13851
      vertex 12.4 35.3289 -3.06221
    endloop
  endfacet
  facet normal 0 -0.242985 0.97003
    outer loop
      vertex 12.4 35.0243 -3.13851
      vertex 0 35.3289 -3.06221
      vertex 0 35.0243 -3.13851
    endloop
  endfacet
  facet normal -2.67653e-19 0.970034 -0.242969
    outer loop
      vertex 12.4 31.2615 0.624289
      vertex 0 31.3378 0.92891
      vertex 12.4 31.3378 0.92891
    endloop
  endfacet
  facet normal -2.67653e-19 0.970034 -0.242969
    outer loop
      vertex 0 31.3378 0.92891
      vertex 12.4 31.2615 0.624289
      vertex 0 31.2615 0.624289
    endloop
  endfacet
  facet normal -1.35723e-19 -0.94154 0.336901
    outer loop
      vertex 0 37.3564 -1.22459
      vertex 12.4 37.4622 -0.92891
      vertex 0 37.4622 -0.92891
    endloop
  endfacet
  facet normal -1.35723e-19 -0.94154 0.336901
    outer loop
      vertex 12.4 37.4622 -0.92891
      vertex 0 37.3564 -1.22459
      vertex 12.4 37.3564 -1.22459
    endloop
  endfacet
  facet normal -1.48578e-19 0.989167 -0.146798
    outer loop
      vertex 12.4 31.2154 0.313654
      vertex 0 31.2615 0.624289
      vertex 12.4 31.2615 0.624289
    endloop
  endfacet
  facet normal -1.48578e-19 0.989167 -0.146798
    outer loop
      vertex 0 31.2615 0.624289
      vertex 12.4 31.2154 0.313654
      vertex 0 31.2154 0.313654
    endloop
  endfacet
  facet normal -0 0.146752 0.989173
    outer loop
      vertex 0 34.0863 -3.18459
      vertex 12.4 33.7757 -3.13851
      vertex 12.4 34.0863 -3.18459
    endloop
  endfacet
  facet normal 0 0.146752 0.989173
    outer loop
      vertex 12.4 33.7757 -3.13851
      vertex 0 34.0863 -3.18459
      vertex 0 33.7757 -3.13851
    endloop
  endfacet
  facet normal 4.70064e-20 -0.803168 0.595753
    outer loop
      vertex 0 36.8736 -2.03006
      vertex 12.4 37.0607 -1.77782
      vertex 0 37.0607 -1.77782
    endloop
  endfacet
  facet normal 4.70064e-20 -0.803168 0.595753
    outer loop
      vertex 12.4 37.0607 -1.77782
      vertex 0 36.8736 -2.03006
      vertex 12.4 36.8736 -2.03006
    endloop
  endfacet
  facet normal -0 0.0490642 0.998796
    outer loop
      vertex 0 34.4 -3.2
      vertex 12.4 34.0863 -3.18459
      vertex 12.4 34.4 -3.2
    endloop
  endfacet
  facet normal 0 0.0490642 0.998796
    outer loop
      vertex 12.4 34.0863 -3.18459
      vertex 0 34.4 -3.2
      vertex 0 34.0863 -3.18459
    endloop
  endfacet
  facet normal 0 -0.146752 -0.989173
    outer loop
      vertex 0 34.7137 3.18459
      vertex 12.4 35.0243 3.13851
      vertex 12.4 34.7137 3.18459
    endloop
  endfacet
  facet normal -0 -0.146752 -0.989173
    outer loop
      vertex 12.4 35.0243 3.13851
      vertex 0 34.7137 3.18459
      vertex 0 35.0243 3.13851
    endloop
  endfacet
  facet normal 0 -0.0490642 0.998796
    outer loop
      vertex 0 34.7137 -3.18459
      vertex 12.4 34.4 -3.2
      vertex 12.4 34.7137 -3.18459
    endloop
  endfacet
  facet normal 0 -0.0490642 0.998796
    outer loop
      vertex 12.4 34.4 -3.2
      vertex 0 34.7137 -3.18459
      vertex 0 34.4 -3.2
    endloop
  endfacet
  facet normal 1.48578e-19 -0.989167 -0.146798
    outer loop
      vertex 0 37.5846 0.313654
      vertex 12.4 37.5385 0.624289
      vertex 0 37.5385 0.624289
    endloop
  endfacet
  facet normal 1.48578e-19 -0.989167 -0.146798
    outer loop
      vertex 12.4 37.5385 0.624289
      vertex 0 37.5846 0.313654
      vertex 12.4 37.5846 0.313654
    endloop
  endfacet
  facet normal 1.61284e-20 0.740933 -0.671578
    outer loop
      vertex 12.4 31.9264 2.03006
      vertex 0 32.1373 2.26274
      vertex 12.4 32.1373 2.26274
    endloop
  endfacet
  facet normal 1.61284e-20 0.740933 -0.671578
    outer loop
      vertex 0 32.1373 2.26274
      vertex 12.4 31.9264 2.03006
      vertex 0 31.9264 2.03006
    endloop
  endfacet
  facet normal 0 -0.336881 0.941547
    outer loop
      vertex 0 35.6246 -2.95641
      vertex 12.4 35.3289 -3.06221
      vertex 12.4 35.6246 -2.95641
    endloop
  endfacet
  facet normal 0 -0.336881 0.941547
    outer loop
      vertex 12.4 35.3289 -3.06221
      vertex 0 35.6246 -2.95641
      vertex 0 35.3289 -3.06221
    endloop
  endfacet
  facet normal -1.61284e-20 -0.740933 -0.671578
    outer loop
      vertex 0 36.8736 2.03006
      vertex 12.4 36.6627 2.26274
      vertex 0 36.6627 2.26274
    endloop
  endfacet
  facet normal -1.61284e-20 -0.740933 -0.671578
    outer loop
      vertex 12.4 36.6627 2.26274
      vertex 0 36.8736 2.03006
      vertex 12.4 36.8736 2.03006
    endloop
  endfacet
  facet normal -1.82939e-19 0.903947 0.427646
    outer loop
      vertex 12.4 31.5779 -1.50847
      vertex 0 31.4436 -1.22459
      vertex 12.4 31.4436 -1.22459
    endloop
  endfacet
  facet normal -1.82939e-19 0.903947 0.427646
    outer loop
      vertex 0 31.4436 -1.22459
      vertex 12.4 31.5779 -1.50847
      vertex 0 31.5779 -1.50847
    endloop
  endfacet
  facet normal -8.27389e-19 0.94154 -0.336901
    outer loop
      vertex 12.4 31.3378 0.92891
      vertex 0 31.4436 1.22459
      vertex 12.4 31.4436 1.22459
    endloop
  endfacet
  facet normal -8.27389e-19 0.94154 -0.336901
    outer loop
      vertex 0 31.4436 1.22459
      vertex 12.4 31.3378 0.92891
      vertex 0 31.3378 0.92891
    endloop
  endfacet
  facet normal 8.27389e-19 0.94154 0.336901
    outer loop
      vertex 12.4 31.4436 -1.22459
      vertex 0 31.3378 -0.92891
      vertex 12.4 31.3378 -0.92891
    endloop
  endfacet
  facet normal 8.27389e-19 0.94154 0.336901
    outer loop
      vertex 0 31.3378 -0.92891
      vertex 12.4 31.4436 -1.22459
      vertex 0 31.4436 -1.22459
    endloop
  endfacet
  facet normal 0 0.671688 -0.740834
    outer loop
      vertex 0 32.1373 2.26274
      vertex 12.4 32.3699 2.47363
      vertex 12.4 32.1373 2.26274
    endloop
  endfacet
  facet normal 0 0.671688 -0.740834
    outer loop
      vertex 12.4 32.3699 2.47363
      vertex 0 32.1373 2.26274
      vertex 0 32.3699 2.47363
    endloop
  endfacet
  facet normal -0 0.5956 0.803281
    outer loop
      vertex 0 32.6222 -2.6607
      vertex 12.4 32.3699 -2.47363
      vertex 12.4 32.6222 -2.6607
    endloop
  endfacet
  facet normal 0 0.5956 0.803281
    outer loop
      vertex 12.4 32.3699 -2.47363
      vertex 0 32.6222 -2.6607
      vertex 0 32.3699 -2.47363
    endloop
  endfacet
  facet normal 0 -0.5956 0.803281
    outer loop
      vertex 0 36.4301 -2.47363
      vertex 12.4 36.1778 -2.6607
      vertex 12.4 36.4301 -2.47363
    endloop
  endfacet
  facet normal 0 -0.5956 0.803281
    outer loop
      vertex 12.4 36.1778 -2.6607
      vertex 0 36.4301 -2.47363
      vertex 0 36.1778 -2.6607
    endloop
  endfacet
  facet normal 0 -0.427517 -0.904007
    outer loop
      vertex 0 35.6246 2.95641
      vertex 12.4 35.9085 2.82215
      vertex 12.4 35.6246 2.95641
    endloop
  endfacet
  facet normal -0 -0.427517 -0.904007
    outer loop
      vertex 12.4 35.9085 2.82215
      vertex 0 35.6246 2.95641
      vertex 0 35.9085 2.82215
    endloop
  endfacet
  facet normal 8.00465e-19 -0.903947 0.427646
    outer loop
      vertex 0 37.2221 -1.50847
      vertex 12.4 37.3564 -1.22459
      vertex 0 37.3564 -1.22459
    endloop
  endfacet
  facet normal 8.00465e-19 -0.903947 0.427646
    outer loop
      vertex 12.4 37.3564 -1.22459
      vertex 0 37.2221 -1.50847
      vertex 12.4 37.2221 -1.50847
    endloop
  endfacet
  facet normal 0 0.242985 -0.97003
    outer loop
      vertex 0 33.4711 3.06221
      vertex 12.4 33.7757 3.13851
      vertex 12.4 33.4711 3.06221
    endloop
  endfacet
  facet normal 0 0.242985 -0.97003
    outer loop
      vertex 12.4 33.7757 3.13851
      vertex 0 33.4711 3.06221
      vertex 0 33.7757 3.13851
    endloop
  endfacet
  facet normal 5.7043e-19 0.803168 -0.595753
    outer loop
      vertex 12.4 31.7393 1.77782
      vertex 0 31.9264 2.03006
      vertex 12.4 31.9264 2.03006
    endloop
  endfacet
  facet normal 5.7043e-19 0.803168 -0.595753
    outer loop
      vertex 0 31.9264 2.03006
      vertex 12.4 31.7393 1.77782
      vertex 0 31.7393 1.77782
    endloop
  endfacet
  facet normal 0 -0.427517 0.904007
    outer loop
      vertex 0 35.9085 -2.82215
      vertex 12.4 35.6246 -2.95641
      vertex 12.4 35.9085 -2.82215
    endloop
  endfacet
  facet normal 0 -0.427517 0.904007
    outer loop
      vertex 12.4 35.6246 -2.95641
      vertex 0 35.9085 -2.82215
      vertex 0 35.6246 -2.95641
    endloop
  endfacet
  facet normal 0 -0.671688 0.740834
    outer loop
      vertex 0 36.6627 -2.26274
      vertex 12.4 36.4301 -2.47363
      vertex 12.4 36.6627 -2.26274
    endloop
  endfacet
  facet normal 0 -0.671688 0.740834
    outer loop
      vertex 12.4 36.4301 -2.47363
      vertex 0 36.6627 -2.26274
      vertex 0 36.4301 -2.47363
    endloop
  endfacet
  facet normal 0 -0.146752 0.989173
    outer loop
      vertex 0 35.0243 -3.13851
      vertex 12.4 34.7137 -3.18459
      vertex 12.4 35.0243 -3.13851
    endloop
  endfacet
  facet normal 0 -0.146752 0.989173
    outer loop
      vertex 12.4 34.7137 -3.18459
      vertex 0 35.0243 -3.13851
      vertex 0 34.7137 -3.18459
    endloop
  endfacet
  facet normal 0 0.336881 -0.941547
    outer loop
      vertex 0 33.1754 2.95641
      vertex 12.4 33.4711 3.06221
      vertex 12.4 33.1754 2.95641
    endloop
  endfacet
  facet normal 0 0.336881 -0.941547
    outer loop
      vertex 12.4 33.4711 3.06221
      vertex 0 33.1754 2.95641
      vertex 0 33.4711 3.06221
    endloop
  endfacet
  facet normal 1.35723e-19 -0.94154 -0.336901
    outer loop
      vertex 0 37.4622 0.92891
      vertex 12.4 37.3564 1.22459
      vertex 0 37.3564 1.22459
    endloop
  endfacet
  facet normal 1.35723e-19 -0.94154 -0.336901
    outer loop
      vertex 12.4 37.3564 1.22459
      vertex 0 37.4622 0.92891
      vertex 12.4 37.4622 0.92891
    endloop
  endfacet
  facet normal -7.82224e-20 -0.998797 -0.0490396
    outer loop
      vertex 0 37.6 0
      vertex 12.4 37.5846 0.313654
      vertex 0 37.5846 0.313654
    endloop
  endfacet
  facet normal -7.82224e-20 -0.998797 -0.0490396
    outer loop
      vertex 12.4 37.5846 0.313654
      vertex 0 37.6 0
      vertex 12.4 37.6 0
    endloop
  endfacet
  facet normal -1.48578e-19 -0.989167 0.146798
    outer loop
      vertex 0 37.5385 -0.624289
      vertex 12.4 37.5846 -0.313654
      vertex 0 37.5846 -0.313654
    endloop
  endfacet
  facet normal -1.48578e-19 -0.989167 0.146798
    outer loop
      vertex 12.4 37.5846 -0.313654
      vertex 0 37.5385 -0.624289
      vertex 12.4 37.5385 -0.624289
    endloop
  endfacet
  facet normal -0 0.514191 0.857676
    outer loop
      vertex 0 32.8915 -2.82215
      vertex 12.4 32.6222 -2.6607
      vertex 12.4 32.8915 -2.82215
    endloop
  endfacet
  facet normal 0 0.514191 0.857676
    outer loop
      vertex 12.4 32.6222 -2.6607
      vertex 0 32.8915 -2.82215
      vertex 0 32.6222 -2.6607
    endloop
  endfacet
  facet normal 7.82224e-20 -0.998797 0.0490396
    outer loop
      vertex 0 37.5846 -0.313654
      vertex 12.4 37.6 0
      vertex 0 37.6 0
    endloop
  endfacet
  facet normal 7.82224e-20 -0.998797 0.0490396
    outer loop
      vertex 12.4 37.6 0
      vertex 0 37.5846 -0.313654
      vertex 12.4 37.5846 -0.313654
    endloop
  endfacet
  facet normal -0 0.427517 0.904007
    outer loop
      vertex 0 33.1754 -2.95641
      vertex 12.4 32.8915 -2.82215
      vertex 12.4 33.1754 -2.95641
    endloop
  endfacet
  facet normal 0 0.427517 0.904007
    outer loop
      vertex 12.4 32.8915 -2.82215
      vertex 0 33.1754 -2.95641
      vertex 0 32.8915 -2.82215
    endloop
  endfacet
  facet normal 0 -0.0490642 -0.998796
    outer loop
      vertex 0 34.4 3.2
      vertex 12.4 34.7137 3.18459
      vertex 12.4 34.4 3.2
    endloop
  endfacet
  facet normal -0 -0.0490642 -0.998796
    outer loop
      vertex 12.4 34.7137 3.18459
      vertex 0 34.4 3.2
      vertex 0 34.7137 3.18459
    endloop
  endfacet
  facet normal 7.41202e-19 -0.857788 0.514004
    outer loop
      vertex 0 37.0607 -1.77782
      vertex 12.4 37.2221 -1.50847
      vertex 0 37.2221 -1.50847
    endloop
  endfacet
  facet normal 7.41202e-19 -0.857788 0.514004
    outer loop
      vertex 12.4 37.2221 -1.50847
      vertex 0 37.0607 -1.77782
      vertex 12.4 37.0607 -1.77782
    endloop
  endfacet
  facet normal 0 -0.514191 -0.857676
    outer loop
      vertex 0 35.9085 2.82215
      vertex 12.4 36.1778 2.6607
      vertex 12.4 35.9085 2.82215
    endloop
  endfacet
  facet normal -0 -0.514191 -0.857676
    outer loop
      vertex 12.4 36.1778 2.6607
      vertex 0 35.9085 2.82215
      vertex 0 36.1778 2.6607
    endloop
  endfacet
  facet normal 1.61284e-20 -0.740933 0.671578
    outer loop
      vertex 0 36.6627 -2.26274
      vertex 12.4 36.8736 -2.03006
      vertex 0 36.8736 -2.03006
    endloop
  endfacet
  facet normal 1.61284e-20 -0.740933 0.671578
    outer loop
      vertex 12.4 36.8736 -2.03006
      vertex 0 36.6627 -2.26274
      vertex 12.4 36.6627 -2.26274
    endloop
  endfacet
  facet normal 0 -0.336881 -0.941547
    outer loop
      vertex 0 35.3289 3.06221
      vertex 12.4 35.6246 2.95641
      vertex 12.4 35.3289 3.06221
    endloop
  endfacet
  facet normal -0 -0.336881 -0.941547
    outer loop
      vertex 12.4 35.6246 2.95641
      vertex 0 35.3289 3.06221
      vertex 0 35.6246 2.95641
    endloop
  endfacet
  facet normal 0 0.5956 -0.803281
    outer loop
      vertex 0 32.3699 2.47363
      vertex 12.4 32.6222 2.6607
      vertex 12.4 32.3699 2.47363
    endloop
  endfacet
  facet normal 0 0.5956 -0.803281
    outer loop
      vertex 12.4 32.6222 2.6607
      vertex 0 32.3699 2.47363
      vertex 0 32.6222 2.6607
    endloop
  endfacet
  facet normal -7.41202e-19 -0.857788 -0.514004
    outer loop
      vertex 0 37.2221 1.50847
      vertex 12.4 37.0607 1.77782
      vertex 0 37.0607 1.77782
    endloop
  endfacet
  facet normal -7.41202e-19 -0.857788 -0.514004
    outer loop
      vertex 12.4 37.0607 1.77782
      vertex 0 37.2221 1.50847
      vertex 12.4 37.2221 1.50847
    endloop
  endfacet
  facet normal 2.06981e-19 -0.970034 -0.242969
    outer loop
      vertex 0 37.5385 0.624289
      vertex 12.4 37.4622 0.92891
      vertex 0 37.4622 0.92891
    endloop
  endfacet
  facet normal 2.06981e-19 -0.970034 -0.242969
    outer loop
      vertex 12.4 37.4622 0.92891
      vertex 0 37.5385 0.624289
      vertex 12.4 37.5385 0.624289
    endloop
  endfacet
  facet normal 0 -0.671688 -0.740834
    outer loop
      vertex 0 36.4301 2.47363
      vertex 12.4 36.6627 2.26274
      vertex 12.4 36.4301 2.47363
    endloop
  endfacet
  facet normal -0 -0.671688 -0.740834
    outer loop
      vertex 12.4 36.6627 2.26274
      vertex 0 36.4301 2.47363
      vertex 0 36.6627 2.26274
    endloop
  endfacet
  facet normal -0 0.242985 0.97003
    outer loop
      vertex 0 33.7757 -3.13851
      vertex 12.4 33.4711 -3.06221
      vertex 12.4 33.7757 -3.13851
    endloop
  endfacet
  facet normal 0 0.242985 0.97003
    outer loop
      vertex 12.4 33.4711 -3.06221
      vertex 0 33.7757 -3.13851
      vertex 0 33.4711 -3.06221
    endloop
  endfacet
  facet normal 0 -0.514191 0.857676
    outer loop
      vertex 0 36.1778 -2.6607
      vertex 12.4 35.9085 -2.82215
      vertex 12.4 36.1778 -2.6607
    endloop
  endfacet
  facet normal 0 -0.514191 0.857676
    outer loop
      vertex 12.4 35.9085 -2.82215
      vertex 0 36.1778 -2.6607
      vertex 0 35.9085 -2.82215
    endloop
  endfacet
  facet normal 0 0.146752 -0.989173
    outer loop
      vertex 0 33.7757 3.13851
      vertex 12.4 34.0863 3.18459
      vertex 12.4 33.7757 3.13851
    endloop
  endfacet
  facet normal 0 0.146752 -0.989173
    outer loop
      vertex 12.4 34.0863 3.18459
      vertex 0 33.7757 3.13851
      vertex 0 34.0863 3.18459
    endloop
  endfacet
  facet normal -8.00465e-19 -0.903947 -0.427646
    outer loop
      vertex 0 37.3564 1.22459
      vertex 12.4 37.2221 1.50847
      vertex 0 37.2221 1.50847
    endloop
  endfacet
  facet normal -8.00465e-19 -0.903947 -0.427646
    outer loop
      vertex 12.4 37.2221 1.50847
      vertex 0 37.3564 1.22459
      vertex 12.4 37.3564 1.22459
    endloop
  endfacet
  facet normal 7.41202e-19 0.857788 -0.514004
    outer loop
      vertex 12.4 31.5779 1.50847
      vertex 0 31.7393 1.77782
      vertex 12.4 31.7393 1.77782
    endloop
  endfacet
  facet normal 7.41202e-19 0.857788 -0.514004
    outer loop
      vertex 0 31.7393 1.77782
      vertex 12.4 31.5779 1.50847
      vertex 0 31.5779 1.50847
    endloop
  endfacet
  facet normal 1.48578e-19 0.989167 0.146798
    outer loop
      vertex 12.4 31.2615 -0.624289
      vertex 0 31.2154 -0.313654
      vertex 12.4 31.2154 -0.313654
    endloop
  endfacet
  facet normal 1.48578e-19 0.989167 0.146798
    outer loop
      vertex 0 31.2154 -0.313654
      vertex 12.4 31.2615 -0.624289
      vertex 0 31.2615 -0.624289
    endloop
  endfacet
  facet normal 2.67653e-19 0.970034 0.242969
    outer loop
      vertex 12.4 31.3378 -0.92891
      vertex 0 31.2615 -0.624289
      vertex 12.4 31.2615 -0.624289
    endloop
  endfacet
  facet normal 2.67653e-19 0.970034 0.242969
    outer loop
      vertex 0 31.2615 -0.624289
      vertex 12.4 31.3378 -0.92891
      vertex 0 31.3378 -0.92891
    endloop
  endfacet
  facet normal -0 0.671688 0.740834
    outer loop
      vertex 0 32.3699 -2.47363
      vertex 12.4 32.1373 -2.26274
      vertex 12.4 32.3699 -2.47363
    endloop
  endfacet
  facet normal 0 0.671688 0.740834
    outer loop
      vertex 12.4 32.1373 -2.26274
      vertex 0 32.3699 -2.47363
      vertex 0 32.1373 -2.26274
    endloop
  endfacet
  facet normal 0 0.514191 -0.857676
    outer loop
      vertex 0 32.6222 2.6607
      vertex 12.4 32.8915 2.82215
      vertex 12.4 32.6222 2.6607
    endloop
  endfacet
  facet normal 0 0.514191 -0.857676
    outer loop
      vertex 12.4 32.8915 2.82215
      vertex 0 32.6222 2.6607
      vertex 0 32.8915 2.82215
    endloop
  endfacet
  facet normal 0 -0.242985 -0.97003
    outer loop
      vertex 0 35.0243 3.13851
      vertex 12.4 35.3289 3.06221
      vertex 12.4 35.0243 3.13851
    endloop
  endfacet
  facet normal -0 -0.242985 -0.97003
    outer loop
      vertex 12.4 35.3289 3.06221
      vertex 0 35.0243 3.13851
      vertex 0 35.3289 3.06221
    endloop
  endfacet
  facet normal 7.82224e-20 0.998797 -0.0490396
    outer loop
      vertex 12.4 31.2 0
      vertex 0 31.2154 0.313654
      vertex 12.4 31.2154 0.313654
    endloop
  endfacet
  facet normal 7.82224e-20 0.998797 -0.0490396
    outer loop
      vertex 0 31.2154 0.313654
      vertex 12.4 31.2 0
      vertex 0 31.2 0
    endloop
  endfacet
  facet normal -7.82224e-20 0.998797 0.0490396
    outer loop
      vertex 12.4 31.2154 -0.313654
      vertex 0 31.2 0
      vertex 12.4 31.2 0
    endloop
  endfacet
  facet normal -7.82224e-20 0.998797 0.0490396
    outer loop
      vertex 0 31.2 0
      vertex 12.4 31.2154 -0.313654
      vertex 0 31.2154 -0.313654
    endloop
  endfacet
  facet normal 0 0.0490642 -0.998796
    outer loop
      vertex 0 34.0863 3.18459
      vertex 12.4 34.4 3.2
      vertex 12.4 34.0863 3.18459
    endloop
  endfacet
  facet normal 0 0.0490642 -0.998796
    outer loop
      vertex 12.4 34.4 3.2
      vertex 0 34.0863 3.18459
      vertex 0 34.4 3.2
    endloop
  endfacet
  facet normal 1.82939e-19 0.903947 -0.427646
    outer loop
      vertex 12.4 31.4436 1.22459
      vertex 0 31.5779 1.50847
      vertex 12.4 31.5779 1.50847
    endloop
  endfacet
  facet normal 1.82939e-19 0.903947 -0.427646
    outer loop
      vertex 0 31.5779 1.50847
      vertex 12.4 31.4436 1.22459
      vertex 0 31.4436 1.22459
    endloop
  endfacet
  facet normal -0 0.336881 0.941547
    outer loop
      vertex 0 33.4711 -3.06221
      vertex 12.4 33.1754 -2.95641
      vertex 12.4 33.4711 -3.06221
    endloop
  endfacet
  facet normal 0 0.336881 0.941547
    outer loop
      vertex 12.4 33.1754 -2.95641
      vertex 0 33.4711 -3.06221
      vertex 0 33.1754 -2.95641
    endloop
  endfacet
  facet normal -5.7043e-19 0.803168 0.595753
    outer loop
      vertex 12.4 31.9264 -2.03006
      vertex 0 31.7393 -1.77782
      vertex 12.4 31.7393 -1.77782
    endloop
  endfacet
  facet normal -5.7043e-19 0.803168 0.595753
    outer loop
      vertex 0 31.7393 -1.77782
      vertex 12.4 31.9264 -2.03006
      vertex 0 31.9264 -2.03006
    endloop
  endfacet
  facet normal -7.41202e-19 0.857788 0.514004
    outer loop
      vertex 12.4 31.7393 -1.77782
      vertex 0 31.5779 -1.50847
      vertex 12.4 31.5779 -1.50847
    endloop
  endfacet
  facet normal -7.41202e-19 0.857788 0.514004
    outer loop
      vertex 0 31.5779 -1.50847
      vertex 12.4 31.7393 -1.77782
      vertex 0 31.7393 -1.77782
    endloop
  endfacet
  facet normal -4.70064e-20 -0.803168 -0.595753
    outer loop
      vertex 0 37.0607 1.77782
      vertex 12.4 36.8736 2.03006
      vertex 0 36.8736 2.03006
    endloop
  endfacet
  facet normal -4.70064e-20 -0.803168 -0.595753
    outer loop
      vertex 12.4 36.8736 2.03006
      vertex 0 37.0607 1.77782
      vertex 12.4 37.0607 1.77782
    endloop
  endfacet
  facet normal -2.06981e-19 -0.970034 0.242969
    outer loop
      vertex 0 37.4622 -0.92891
      vertex 12.4 37.5385 -0.624289
      vertex 0 37.5385 -0.624289
    endloop
  endfacet
  facet normal -2.06981e-19 -0.970034 0.242969
    outer loop
      vertex 12.4 37.5385 -0.624289
      vertex 0 37.4622 -0.92891
      vertex 12.4 37.4622 -0.92891
    endloop
  endfacet
  facet normal 0 0.427517 -0.904007
    outer loop
      vertex 0 32.8915 2.82215
      vertex 12.4 33.1754 2.95641
      vertex 12.4 32.8915 2.82215
    endloop
  endfacet
  facet normal 0 0.427517 -0.904007
    outer loop
      vertex 12.4 33.1754 2.95641
      vertex 0 32.8915 2.82215
      vertex 0 33.1754 2.95641
    endloop
  endfacet
  facet normal -1.61284e-20 0.740933 0.671578
    outer loop
      vertex 12.4 32.1373 -2.26274
      vertex 0 31.9264 -2.03006
      vertex 12.4 31.9264 -2.03006
    endloop
  endfacet
  facet normal -1.61284e-20 0.740933 0.671578
    outer loop
      vertex 0 31.9264 -2.03006
      vertex 12.4 32.1373 -2.26274
      vertex 0 32.1373 -2.26274
    endloop
  endfacet
  facet normal -0.242984 -0.97003 0
    outer loop
      vertex 3.78475 19.0272 -20
      vertex 5.63152 18.5646 20
      vertex 3.78475 19.0272 20
    endloop
  endfacet
  facet normal -0.242984 -0.97003 -0
    outer loop
      vertex 5.63152 18.5646 20
      vertex 3.78475 19.0272 -20
      vertex 5.63152 18.5646 -20
    endloop
  endfacet
  facet normal -0.146757 0.989173 0
    outer loop
      vertex 3.78475 -19.0272 -20
      vertex 1.90153 -19.3066 20
      vertex 3.78475 -19.0272 20
    endloop
  endfacet
  facet normal -0.146757 0.989173 0
    outer loop
      vertex 1.90153 -19.3066 20
      vertex 3.78475 -19.0272 -20
      vertex 1.90153 -19.3066 -20
    endloop
  endfacet
  facet normal -0.514109 0.857725 0
    outer loop
      vertex 10.7781 -16.1305 -20
      vertex 9.1451 -17.1093 20
      vertex 10.7781 -16.1305 20
    endloop
  endfacet
  facet normal -0.514109 0.857725 0
    outer loop
      vertex 9.1451 -17.1093 20
      vertex 10.7781 -16.1305 -20
      vertex 9.1451 -17.1093 -20
    endloop
  endfacet
  facet normal -0.595714 0.803197 0
    outer loop
      vertex 12.3072 -14.9964 -20
      vertex 10.7781 -16.1305 20
      vertex 12.3072 -14.9964 20
    endloop
  endfacet
  facet normal -0.595714 0.803197 0
    outer loop
      vertex 10.7781 -16.1305 20
      vertex 12.3072 -14.9964 -20
      vertex 10.7781 -16.1305 -20
    endloop
  endfacet
  facet normal -0.0490592 0.998796 0
    outer loop
      vertex 1.90153 -19.3066 -20
      vertex 0 -19.4 20
      vertex 1.90153 -19.3066 20
    endloop
  endfacet
  facet normal -0.0490592 0.998796 0
    outer loop
      vertex 0 -19.4 20
      vertex 1.90153 -19.3066 -20
      vertex 0 -19.4 -20
    endloop
  endfacet
  facet normal -0.427559 -0.903988 0
    outer loop
      vertex 7.42406 17.9233 -20
      vertex 9.1451 17.1093 20
      vertex 7.42406 17.9233 20
    endloop
  endfacet
  facet normal -0.427559 -0.903988 -0
    outer loop
      vertex 9.1451 17.1093 20
      vertex 7.42406 17.9233 -20
      vertex 9.1451 17.1093 -20
    endloop
  endfacet
  facet normal -0.514109 -0.857725 0
    outer loop
      vertex 9.1451 17.1093 -20
      vertex 10.7781 16.1305 20
      vertex 9.1451 17.1093 20
    endloop
  endfacet
  facet normal -0.514109 -0.857725 -0
    outer loop
      vertex 10.7781 16.1305 20
      vertex 9.1451 17.1093 -20
      vertex 10.7781 16.1305 -20
    endloop
  endfacet
  facet normal -0.595714 -0.803197 0
    outer loop
      vertex 10.7781 16.1305 -20
      vertex 12.3072 14.9964 20
      vertex 10.7781 16.1305 20
    endloop
  endfacet
  facet normal -0.595714 -0.803197 -0
    outer loop
      vertex 12.3072 14.9964 20
      vertex 10.7781 16.1305 -20
      vertex 12.3072 14.9964 -20
    endloop
  endfacet
  facet normal -0.427559 0.903988 0
    outer loop
      vertex 9.1451 -17.1093 -20
      vertex 7.42406 -17.9233 20
      vertex 9.1451 -17.1093 20
    endloop
  endfacet
  facet normal -0.427559 0.903988 0
    outer loop
      vertex 7.42406 -17.9233 20
      vertex 9.1451 -17.1093 -20
      vertex 7.42406 -17.9233 -20
    endloop
  endfacet
  facet normal -0.336852 -0.941558 0
    outer loop
      vertex 5.63152 18.5646 -20
      vertex 7.42406 17.9233 20
      vertex 5.63152 18.5646 20
    endloop
  endfacet
  facet normal -0.336852 -0.941558 -0
    outer loop
      vertex 7.42406 17.9233 20
      vertex 5.63152 18.5646 -20
      vertex 7.42406 17.9233 -20
    endloop
  endfacet
  facet normal -0.242984 0.97003 0
    outer loop
      vertex 5.63152 -18.5646 -20
      vertex 3.78475 -19.0272 20
      vertex 5.63152 -18.5646 20
    endloop
  endfacet
  facet normal -0.242984 0.97003 0
    outer loop
      vertex 3.78475 -19.0272 20
      vertex 5.63152 -18.5646 -20
      vertex 3.78475 -19.0272 -20
    endloop
  endfacet
  facet normal -0.336852 0.941558 0
    outer loop
      vertex 7.42406 -17.9233 -20
      vertex 5.63152 -18.5646 20
      vertex 7.42406 -17.9233 20
    endloop
  endfacet
  facet normal -0.336852 0.941558 0
    outer loop
      vertex 5.63152 -18.5646 20
      vertex 7.42406 -17.9233 -20
      vertex 5.63152 -18.5646 -20
    endloop
  endfacet
  facet normal -0.0490592 -0.998796 0
    outer loop
      vertex 0 19.4 -20
      vertex 1.90153 19.3066 20
      vertex 0 19.4 20
    endloop
  endfacet
  facet normal -0.0490592 -0.998796 -0
    outer loop
      vertex 1.90153 19.3066 20
      vertex 0 19.4 -20
      vertex 1.90153 19.3066 -20
    endloop
  endfacet
  facet normal -0.146757 -0.989173 0
    outer loop
      vertex 1.90153 19.3066 -20
      vertex 3.78475 19.0272 20
      vertex 1.90153 19.3066 20
    endloop
  endfacet
  facet normal -0.146757 -0.989173 -0
    outer loop
      vertex 3.78475 19.0272 20
      vertex 1.90153 19.3066 -20
      vertex 3.78475 19.0272 -20
    endloop
  endfacet
  facet normal -0 0.243059 0.970012
    outer loop
      vertex 24.1853 -10.5365 18.3028
      vertex 30 -10.7983 18.3684
      vertex 30 -10.5365 18.3028
    endloop
  endfacet
  facet normal 0 0.243059 0.970012
    outer loop
      vertex 30 -10.7983 18.3684
      vertex 24.1853 -10.5365 18.3028
      vertex 24.0615 -10.7983 18.3684
    endloop
  endfacet
  facet normal 0 -0.146737 0.989176
    outer loop
      vertex 24.6192 -9.4635 18.3028
      vertex 30 -9.73045 18.2632
      vertex 30 -9.4635 18.3028
    endloop
  endfacet
  facet normal 0 -0.146737 0.989176
    outer loop
      vertex 30 -9.73045 18.2632
      vertex 24.6192 -9.4635 18.3028
      vertex 24.5237 -9.73045 18.2632
    endloop
  endfacet
  facet normal 0 0.514223 -0.857656
    outer loop
      vertex 22 -11.5278 31.2865
      vertex 30 -11.2963 31.4253
      vertex 30 -11.5278 31.2865
    endloop
  endfacet
  facet normal 0 0.514223 -0.857656
    outer loop
      vertex 30 -11.2963 31.4253
      vertex 22 -11.5278 31.2865
      vertex 22 -11.2963 31.4253
    endloop
  endfacet
  facet normal 0 0.336829 -0.941566
    outer loop
      vertex 22 -11.0524 31.5407
      vertex 30 -10.7983 31.6316
      vertex 30 -11.0524 31.5407
    endloop
  endfacet
  facet normal 0 0.336829 -0.941566
    outer loop
      vertex 30 -10.7983 31.6316
      vertex 22 -11.0524 31.5407
      vertex 22 -10.7983 31.6316
    endloop
  endfacet
  facet normal 0 -0.903941 0.427658
    outer loop
      vertex 30 -7.57472 19.7037
      vertex 25.3144 -7.45933 19.9476
      vertex 25.2855 -7.57472 19.7037
    endloop
  endfacet
  facet normal 0 -0.903941 0.427658
    outer loop
      vertex 25.3144 -7.45933 19.9476
      vertex 30 -7.57472 19.7037
      vertex 30 -7.45933 19.9476
    endloop
  endfacet
  facet normal -0 0.740728 0.671805
    outer loop
      vertex 23.5194 -11.9445 19.0555
      vertex 30 -12.1258 19.2554
      vertex 30 -11.9445 19.0555
    endloop
  endfacet
  facet normal 0 0.740728 0.671805
    outer loop
      vertex 30 -12.1258 19.2554
      vertex 23.5194 -11.9445 19.0555
      vertex 23.4336 -12.1258 19.2554
    endloop
  endfacet
  facet normal 0 -1 0
    outer loop
      vertex 22 -7.25 21
      vertex 30 -7.25 29
      vertex 22 -7.25 29
    endloop
  endfacet
  facet normal 0 -1 -0
    outer loop
      vertex 30 -7.25 29
      vertex 22 -7.25 21
      vertex 30 -7.25 21
    endloop
  endfacet
  facet normal -4.95776e-06 -0.857799 0.513985
    outer loop
      vertex 30 -7.71346 19.4722
      vertex 25.2855 -7.57472 19.7037
      vertex 25.2632 -7.66352 19.5555
    endloop
  endfacet
  facet normal 0 -0.857675 0.514193
    outer loop
      vertex 30 -7.71346 19.4722
      vertex 25.2632 -7.66352 19.5555
      vertex 25.2454 -7.71346 19.4722
    endloop
  endfacet
  facet normal 0 -0.857754 0.51406
    outer loop
      vertex 25.2855 -7.57472 19.7037
      vertex 30 -7.71346 19.4722
      vertex 30 -7.57472 19.7037
    endloop
  endfacet
  facet normal -0 0.803367 0.595485
    outer loop
      vertex 23.4336 -12.1258 19.2554
      vertex 30 -12.2865 19.4722
      vertex 30 -12.1258 19.2554
    endloop
  endfacet
  facet normal 0 0.803367 0.595485
    outer loop
      vertex 30 -12.2865 19.4722
      vertex 23.4336 -12.1258 19.2554
      vertex 23.3576 -12.2865 19.4722
    endloop
  endfacet
  facet normal -1.16227e-19 -0.98918 -0.14671
    outer loop
      vertex 22 -7.26324 29.2695
      vertex 30 -7.30284 29.5365
      vertex 22 -7.30284 29.5365
    endloop
  endfacet
  facet normal -1.16227e-19 -0.98918 -0.14671
    outer loop
      vertex 30 -7.30284 29.5365
      vertex 22 -7.26324 29.2695
      vertex 30 -7.26324 29.2695
    endloop
  endfacet
  facet normal -1.06936e-18 -0.857754 -0.51406
    outer loop
      vertex 22 -7.57472 30.2963
      vertex 30 -7.71346 30.5278
      vertex 22 -7.71346 30.5278
    endloop
  endfacet
  facet normal -1.06936e-18 -0.857754 -0.51406
    outer loop
      vertex 30 -7.71346 30.5278
      vertex 22 -7.57472 30.2963
      vertex 30 -7.57472 30.2963
    endloop
  endfacet
  facet normal -0 0.857656 0.514223
    outer loop
      vertex 23.3576 -12.2865 19.4722
      vertex 30 -12.4253 19.7037
      vertex 30 -12.2865 19.4722
    endloop
  endfacet
  facet normal 0 0.857656 0.514223
    outer loop
      vertex 30 -12.4253 19.7037
      vertex 23.3576 -12.2865 19.4722
      vertex 23.292 -12.4253 19.7037
    endloop
  endfacet
  facet normal 0 -0.336829 -0.941566
    outer loop
      vertex 22 -9.20172 31.6316
      vertex 30 -8.94762 31.5407
      vertex 30 -9.20172 31.6316
    endloop
  endfacet
  facet normal -0 -0.336829 -0.941566
    outer loop
      vertex 30 -8.94762 31.5407
      vertex 22 -9.20172 31.6316
      vertex 22 -8.94762 31.5407
    endloop
  endfacet
  facet normal 5.20694e-20 0.970012 -0.243059
    outer loop
      vertex 30 -12.6972 29.5365
      vertex 22 -12.6316 29.7983
      vertex 30 -12.6316 29.7983
    endloop
  endfacet
  facet normal 5.20694e-20 0.970012 -0.243059
    outer loop
      vertex 22 -12.6316 29.7983
      vertex 30 -12.6972 29.5365
      vertex 22 -12.6972 29.5365
    endloop
  endfacet
  facet normal 0 -0.941528 0.336934
    outer loop
      vertex 25.3191 -7.44059 20
      vertex 22 -7.36841 20.2017
      vertex 22 -7.44059 20
    endloop
  endfacet
  facet normal 0 -0.941528 0.336934
    outer loop
      vertex 22 -7.36841 20.2017
      vertex 25.3191 -7.44059 20
      vertex 30 -7.36841 20.2017
    endloop
  endfacet
  facet normal 0 -0.941595 0.336746
    outer loop
      vertex 30 -7.45933 19.9476
      vertex 25.3191 -7.44059 20
      vertex 25.3144 -7.45933 19.9476
    endloop
  endfacet
  facet normal 1.87926e-06 -0.941542 0.336895
    outer loop
      vertex 25.3191 -7.44059 20
      vertex 30 -7.45933 19.9476
      vertex 30 -7.36841 20.2017
    endloop
  endfacet
  facet normal -1.16227e-19 0.98918 0.14671
    outer loop
      vertex 30 -12.6972 20.4635
      vertex 22 -12.7368 20.7305
      vertex 30 -12.7368 20.7305
    endloop
  endfacet
  facet normal -1.16227e-19 0.98918 0.14671
    outer loop
      vertex 22 -12.7368 20.7305
      vertex 30 -12.6972 20.4635
      vertex 22 -12.6972 20.4635
    endloop
  endfacet
  facet normal 0 0.0489209 -0.998803
    outer loop
      vertex 22 -10.2695 31.7368
      vertex 30 -10 31.75
      vertex 30 -10.2695 31.7368
    endloop
  endfacet
  facet normal 0 0.0489209 -0.998803
    outer loop
      vertex 30 -10 31.75
      vertex 22 -10.2695 31.7368
      vertex 22 -10 31.75
    endloop
  endfacet
  facet normal 0 1 -0
    outer loop
      vertex 30 -12.75 21
      vertex 22 -12.75 29
      vertex 30 -12.75 29
    endloop
  endfacet
  facet normal 0 1 0
    outer loop
      vertex 22 -12.75 29
      vertex 30 -12.75 21
      vertex 22 -12.75 21
    endloop
  endfacet
  facet normal 0 0.903947 0.427645
    outer loop
      vertex 30 -12.5407 19.9476
      vertex 23.2827 -12.4449 19.7451
      vertex 23.2253 -12.5407 19.9476
    endloop
  endfacet
  facet normal -0 0.903926 0.427688
    outer loop
      vertex 23.292 -12.4253 19.7037
      vertex 30 -12.5407 19.9476
      vertex 30 -12.4253 19.7037
    endloop
  endfacet
  facet normal -9.29719e-06 0.903828 0.427897
    outer loop
      vertex 30 -12.5407 19.9476
      vertex 23.292 -12.4253 19.7037
      vertex 23.2827 -12.4449 19.7451
    endloop
  endfacet
  facet normal -3.87482e-19 0.740728 -0.671805
    outer loop
      vertex 30 -12.1258 30.7446
      vertex 22 -11.9445 30.9445
      vertex 30 -11.9445 30.9445
    endloop
  endfacet
  facet normal -3.87482e-19 0.740728 -0.671805
    outer loop
      vertex 22 -11.9445 30.9445
      vertex 30 -12.1258 30.7446
      vertex 22 -12.1258 30.7446
    endloop
  endfacet
  facet normal 2.33145e-20 0.998803 0.0489209
    outer loop
      vertex 30 -12.7368 20.7305
      vertex 22 -12.75 21
      vertex 30 -12.75 21
    endloop
  endfacet
  facet normal 2.33145e-20 0.998803 0.0489209
    outer loop
      vertex 22 -12.75 21
      vertex 30 -12.7368 20.7305
      vertex 22 -12.7368 20.7305
    endloop
  endfacet
  facet normal 8.36005e-20 -0.998795 0.0490688
    outer loop
      vertex 22 -7.26324 20.7305
      vertex 30 -7.25 21
      vertex 22 -7.25 21
    endloop
  endfacet
  facet normal 8.36005e-20 -0.998795 0.0490688
    outer loop
      vertex 30 -7.25 21
      vertex 22 -7.26324 20.7305
      vertex 30 -7.26324 20.7305
    endloop
  endfacet
  facet normal -0 0.514223 0.857656
    outer loop
      vertex 23.8259 -11.2963 18.5747
      vertex 30 -11.5278 18.7135
      vertex 30 -11.2963 18.5747
    endloop
  endfacet
  facet normal 0 0.514223 0.857656
    outer loop
      vertex 30 -11.5278 18.7135
      vertex 23.8259 -11.2963 18.5747
      vertex 23.7165 -11.5278 18.7135
    endloop
  endfacet
  facet normal -0 0.595485 0.803367
    outer loop
      vertex 23.7165 -11.5278 18.7135
      vertex 30 -11.7446 18.8742
      vertex 30 -11.5278 18.7135
    endloop
  endfacet
  facet normal 0 0.595485 0.803367
    outer loop
      vertex 30 -11.7446 18.8742
      vertex 23.7165 -11.5278 18.7135
      vertex 23.6139 -11.7446 18.8742
    endloop
  endfacet
  facet normal 0 0.941499 0.337016
    outer loop
      vertex 30 -12.6316 20.2017
      vertex 23.2141 -12.5594 20
      vertex 22 -12.6316 20.2017
    endloop
  endfacet
  facet normal -0 0.941566 0.336829
    outer loop
      vertex 23.2253 -12.5407 19.9476
      vertex 30 -12.6316 20.2017
      vertex 30 -12.5407 19.9476
    endloop
  endfacet
  facet normal 3.02412e-05 0.941821 0.336114
    outer loop
      vertex 30 -12.6316 20.2017
      vertex 23.2253 -12.5407 19.9476
      vertex 23.2141 -12.5594 20
    endloop
  endfacet
  facet normal -1.78716e-18 0.941499 0.337016
    outer loop
      vertex 22 -12.6316 20.2017
      vertex 23.2141 -12.5594 20
      vertex 22 -12.5594 20
    endloop
  endfacet
  facet normal 0 -0.427602 -0.903967
    outer loop
      vertex 22 -8.94762 31.5407
      vertex 30 -8.70366 31.4253
      vertex 30 -8.94762 31.5407
    endloop
  endfacet
  facet normal -0 -0.427602 -0.903967
    outer loop
      vertex 30 -8.70366 31.4253
      vertex 22 -8.94762 31.5407
      vertex 22 -8.70366 31.4253
    endloop
  endfacet
  facet normal 7.84789e-19 0.903926 -0.427688
    outer loop
      vertex 30 -12.5407 30.0524
      vertex 22 -12.4253 30.2963
      vertex 30 -12.4253 30.2963
    endloop
  endfacet
  facet normal 7.84789e-19 0.903926 -0.427688
    outer loop
      vertex 22 -12.4253 30.2963
      vertex 30 -12.5407 30.0524
      vertex 22 -12.5407 30.0524
    endloop
  endfacet
  facet normal 2.57814e-19 -0.970038 0.242954
    outer loop
      vertex 22 -7.36841 20.2017
      vertex 30 -7.30284 20.4635
      vertex 22 -7.30284 20.4635
    endloop
  endfacet
  facet normal 2.57814e-19 -0.970038 0.242954
    outer loop
      vertex 30 -7.30284 20.4635
      vertex 22 -7.36841 20.2017
      vertex 30 -7.36841 20.2017
    endloop
  endfacet
  facet normal -0 0.671805 0.740728
    outer loop
      vertex 23.6139 -11.7446 18.8742
      vertex 30 -11.9445 19.0555
      vertex 30 -11.7446 18.8742
    endloop
  endfacet
  facet normal 0 0.671805 0.740728
    outer loop
      vertex 30 -11.9445 19.0555
      vertex 23.6139 -11.7446 18.8742
      vertex 23.5194 -11.9445 19.0555
    endloop
  endfacet
  facet normal 0 -0.671695 -0.740828
    outer loop
      vertex 22 -8.25542 31.1258
      vertex 30 -8.05546 30.9445
      vertex 30 -8.25542 31.1258
    endloop
  endfacet
  facet normal -0 -0.671695 -0.740828
    outer loop
      vertex 30 -8.05546 30.9445
      vertex 22 -8.25542 31.1258
      vertex 22 -8.05546 30.9445
    endloop
  endfacet
  facet normal -5.20694e-20 0.970012 0.243059
    outer loop
      vertex 30 -12.6316 20.2017
      vertex 22 -12.6972 20.4635
      vertex 30 -12.6972 20.4635
    endloop
  endfacet
  facet normal -5.20694e-20 0.970012 0.243059
    outer loop
      vertex 22 -12.6972 20.4635
      vertex 30 -12.6316 20.2017
      vertex 22 -12.6316 20.2017
    endloop
  endfacet
  facet normal 0 0.243059 -0.970012
    outer loop
      vertex 22 -10.7983 31.6316
      vertex 30 -10.5365 31.6972
      vertex 30 -10.7983 31.6316
    endloop
  endfacet
  facet normal 0 0.243059 -0.970012
    outer loop
      vertex 30 -10.5365 31.6972
      vertex 22 -10.7983 31.6316
      vertex 22 -10.5365 31.6972
    endloop
  endfacet
  facet normal 7.78812e-19 -0.903941 -0.427658
    outer loop
      vertex 22 -7.45933 30.0524
      vertex 30 -7.57472 30.2963
      vertex 22 -7.57472 30.2963
    endloop
  endfacet
  facet normal 7.78812e-19 -0.903941 -0.427658
    outer loop
      vertex 30 -7.57472 30.2963
      vertex 22 -7.45933 30.0524
      vertex 30 -7.45933 30.0524
    endloop
  endfacet
  facet normal -0 0.14671 0.98918
    outer loop
      vertex 24.3116 -10.2695 18.2632
      vertex 30 -10.5365 18.3028
      vertex 30 -10.2695 18.2632
    endloop
  endfacet
  facet normal 0 0.14671 0.98918
    outer loop
      vertex 30 -10.5365 18.3028
      vertex 24.3116 -10.2695 18.2632
      vertex 24.1853 -10.5365 18.3028
    endloop
  endfacet
  facet normal -8.36005e-20 -0.998795 -0.0490688
    outer loop
      vertex 22 -7.25 29
      vertex 30 -7.26324 29.2695
      vertex 22 -7.26324 29.2695
    endloop
  endfacet
  facet normal -8.36005e-20 -0.998795 -0.0490688
    outer loop
      vertex 30 -7.26324 29.2695
      vertex 22 -7.25 29
      vertex 30 -7.25 29
    endloop
  endfacet
  facet normal 1.16227e-19 -0.98918 0.14671
    outer loop
      vertex 22 -7.30284 20.4635
      vertex 30 -7.26324 20.7305
      vertex 22 -7.26324 20.7305
    endloop
  endfacet
  facet normal 1.16227e-19 -0.98918 0.14671
    outer loop
      vertex 30 -7.26324 20.7305
      vertex 22 -7.30284 20.4635
      vertex 30 -7.30284 20.4635
    endloop
  endfacet
  facet normal -0 0.0489209 0.998803
    outer loop
      vertex 24.4272 -10 18.25
      vertex 30 -10.2695 18.2632
      vertex 30 -10 18.25
    endloop
  endfacet
  facet normal 2.99734e-05 0.0495393 0.998772
    outer loop
      vertex 24.3904 -10.1028 18.2551
      vertex 30 -10.2695 18.2632
      vertex 24.4272 -10 18.25
    endloop
  endfacet
  facet normal 0 0.048533 0.998822
    outer loop
      vertex 30 -10.2695 18.2632
      vertex 24.3904 -10.1028 18.2551
      vertex 24.3116 -10.2695 18.2632
    endloop
  endfacet
  facet normal -0 0.336829 0.941566
    outer loop
      vertex 24.0615 -10.7983 18.3684
      vertex 30 -11.0524 18.4593
      vertex 30 -10.7983 18.3684
    endloop
  endfacet
  facet normal 0 0.336829 0.941566
    outer loop
      vertex 30 -11.0524 18.4593
      vertex 24.0615 -10.7983 18.3684
      vertex 23.9413 -11.0524 18.4593
    endloop
  endfacet
  facet normal -0 0.427688 0.903926
    outer loop
      vertex 23.9413 -11.0524 18.4593
      vertex 30 -11.2963 18.5747
      vertex 30 -11.0524 18.4593
    endloop
  endfacet
  facet normal 0 0.427688 0.903926
    outer loop
      vertex 30 -11.2963 18.5747
      vertex 23.9413 -11.0524 18.4593
      vertex 23.8259 -11.2963 18.5747
    endloop
  endfacet
  facet normal -4.73098e-19 -0.941542 -0.336895
    outer loop
      vertex 22 -7.36841 29.7983
      vertex 30 -7.45933 30.0524
      vertex 22 -7.45933 30.0524
    endloop
  endfacet
  facet normal -4.73098e-19 -0.941542 -0.336895
    outer loop
      vertex 30 -7.45933 30.0524
      vertex 22 -7.36841 29.7983
      vertex 30 -7.36841 29.7983
    endloop
  endfacet
  facet normal 1.16227e-19 0.98918 -0.14671
    outer loop
      vertex 30 -12.7368 29.2695
      vertex 22 -12.6972 29.5365
      vertex 30 -12.6972 29.5365
    endloop
  endfacet
  facet normal 1.16227e-19 0.98918 -0.14671
    outer loop
      vertex 22 -12.6972 29.5365
      vertex 30 -12.7368 29.2695
      vertex 22 -12.7368 29.2695
    endloop
  endfacet
  facet normal 0 -0.80326 0.595628
    outer loop
      vertex 30 -7.87422 19.2554
      vertex 25.2454 -7.71346 19.4722
      vertex 25.1878 -7.87422 19.2554
    endloop
  endfacet
  facet normal 0 -0.80326 0.595628
    outer loop
      vertex 25.2454 -7.71346 19.4722
      vertex 30 -7.87422 19.2554
      vertex 30 -7.71346 19.4722
    endloop
  endfacet
  facet normal 1.46826e-18 0.857656 -0.514223
    outer loop
      vertex 30 -12.4253 30.2963
      vertex 22 -12.2865 30.5278
      vertex 30 -12.2865 30.5278
    endloop
  endfacet
  facet normal 1.46826e-18 0.857656 -0.514223
    outer loop
      vertex 22 -12.2865 30.5278
      vertex 30 -12.4253 30.2963
      vertex 22 -12.4253 30.2963
    endloop
  endfacet
  facet normal -2.33145e-20 0.998803 -0.0489209
    outer loop
      vertex 30 -12.75 29
      vertex 22 -12.7368 29.2695
      vertex 30 -12.7368 29.2695
    endloop
  endfacet
  facet normal -2.33145e-20 0.998803 -0.0489209
    outer loop
      vertex 22 -12.7368 29.2695
      vertex 30 -12.75 29
      vertex 22 -12.75 29
    endloop
  endfacet
  facet normal -2.57814e-19 -0.970038 -0.242954
    outer loop
      vertex 22 -7.30284 29.5365
      vertex 30 -7.36841 29.7983
      vertex 22 -7.36841 29.7983
    endloop
  endfacet
  facet normal -2.57814e-19 -0.970038 -0.242954
    outer loop
      vertex 30 -7.36841 29.7983
      vertex 22 -7.30284 29.5365
      vertex 30 -7.30284 29.5365
    endloop
  endfacet
  facet normal 0 0.595485 -0.803367
    outer loop
      vertex 22 -11.7446 31.1258
      vertex 30 -11.5278 31.2865
      vertex 30 -11.7446 31.1258
    endloop
  endfacet
  facet normal 0 0.595485 -0.803367
    outer loop
      vertex 30 -11.5278 31.2865
      vertex 22 -11.7446 31.1258
      vertex 22 -11.5278 31.2865
    endloop
  endfacet
  facet normal 0 -0.336829 0.941566
    outer loop
      vertex 24.8038 -8.94762 18.4593
      vertex 30 -9.20172 18.3684
      vertex 30 -8.94762 18.4593
    endloop
  endfacet
  facet normal 0 -0.336829 0.941566
    outer loop
      vertex 30 -9.20172 18.3684
      vertex 24.8038 -8.94762 18.4593
      vertex 24.7128 -9.20172 18.3684
    endloop
  endfacet
  facet normal -3.01267e-19 0.941566 -0.336829
    outer loop
      vertex 30 -12.6316 29.7983
      vertex 22 -12.5407 30.0524
      vertex 30 -12.5407 30.0524
    endloop
  endfacet
  facet normal -3.01267e-19 0.941566 -0.336829
    outer loop
      vertex 22 -12.5407 30.0524
      vertex 30 -12.6316 29.7983
      vertex 22 -12.6316 29.7983
    endloop
  endfacet
  facet normal 5.68662e-19 0.803367 -0.595485
    outer loop
      vertex 30 -12.2865 30.5278
      vertex 22 -12.1258 30.7446
      vertex 30 -12.1258 30.7446
    endloop
  endfacet
  facet normal 5.68662e-19 0.803367 -0.595485
    outer loop
      vertex 22 -12.1258 30.7446
      vertex 30 -12.2865 30.5278
      vertex 22 -12.2865 30.5278
    endloop
  endfacet
  facet normal 0 -0.0489119 -0.998803
    outer loop
      vertex 22 -10 31.75
      vertex 30 -9.73045 31.7368
      vertex 30 -10 31.75
    endloop
  endfacet
  facet normal -0 -0.0489119 -0.998803
    outer loop
      vertex 30 -9.73045 31.7368
      vertex 22 -10 31.75
      vertex 22 -9.73045 31.7368
    endloop
  endfacet
  facet normal 0 -0.595555 -0.803314
    outer loop
      vertex 22 -8.47218 31.2865
      vertex 30 -8.25542 31.1258
      vertex 30 -8.47218 31.2865
    endloop
  endfacet
  facet normal -0 -0.595555 -0.803314
    outer loop
      vertex 30 -8.25542 31.1258
      vertex 22 -8.47218 31.2865
      vertex 22 -8.25542 31.1258
    endloop
  endfacet
  facet normal 0 -0.740838 0.671683
    outer loop
      vertex 30 -8.05546 19.0555
      vertex 25.1878 -7.87422 19.2554
      vertex 25.123 -8.05546 19.0555
    endloop
  endfacet
  facet normal 0 -0.740838 0.671683
    outer loop
      vertex 25.1878 -7.87422 19.2554
      vertex 30 -8.05546 19.0555
      vertex 30 -7.87422 19.2554
    endloop
  endfacet
  facet normal 0 -0.427602 0.903967
    outer loop
      vertex 24.8911 -8.70366 18.5747
      vertex 30 -8.94762 18.4593
      vertex 30 -8.70366 18.5747
    endloop
  endfacet
  facet normal 0 -0.427602 0.903967
    outer loop
      vertex 30 -8.94762 18.4593
      vertex 24.8911 -8.70366 18.5747
      vertex 24.8038 -8.94762 18.4593
    endloop
  endfacet
  facet normal 0 -0.595555 0.803314
    outer loop
      vertex 25.0514 -8.25542 18.8742
      vertex 30 -8.47218 18.7135
      vertex 30 -8.25542 18.8742
    endloop
  endfacet
  facet normal 0 -0.595555 0.803314
    outer loop
      vertex 30 -8.47218 18.7135
      vertex 25.0514 -8.25542 18.8742
      vertex 24.9739 -8.47218 18.7135
    endloop
  endfacet
  facet normal 0 -0.514256 0.857637
    outer loop
      vertex 24.9739 -8.47218 18.7135
      vertex 30 -8.70366 18.5747
      vertex 30 -8.47218 18.7135
    endloop
  endfacet
  facet normal 0 -0.514256 0.857637
    outer loop
      vertex 30 -8.70366 18.5747
      vertex 24.9739 -8.47218 18.7135
      vertex 24.8911 -8.70366 18.5747
    endloop
  endfacet
  facet normal -1.39519e-18 -0.80326 -0.595628
    outer loop
      vertex 22 -7.71346 30.5278
      vertex 30 -7.87422 30.7446
      vertex 22 -7.87422 30.7446
    endloop
  endfacet
  facet normal -1.39519e-18 -0.80326 -0.595628
    outer loop
      vertex 30 -7.87422 30.7446
      vertex 22 -7.71346 30.5278
      vertex 30 -7.71346 30.5278
    endloop
  endfacet
  facet normal 0 0.427688 -0.903926
    outer loop
      vertex 22 -11.2963 31.4253
      vertex 30 -11.0524 31.5407
      vertex 30 -11.2963 31.4253
    endloop
  endfacet
  facet normal 0 0.427688 -0.903926
    outer loop
      vertex 30 -11.0524 31.5407
      vertex 22 -11.2963 31.4253
      vertex 22 -11.0524 31.5407
    endloop
  endfacet
  facet normal 0 0.14671 -0.98918
    outer loop
      vertex 22 -10.5365 31.6972
      vertex 30 -10.2695 31.7368
      vertex 30 -10.5365 31.6972
    endloop
  endfacet
  facet normal 0 0.14671 -0.98918
    outer loop
      vertex 30 -10.2695 31.7368
      vertex 22 -10.5365 31.6972
      vertex 22 -10.2695 31.7368
    endloop
  endfacet
  facet normal 0 0.671805 -0.740728
    outer loop
      vertex 22 -11.9445 30.9445
      vertex 30 -11.7446 31.1258
      vertex 30 -11.9445 30.9445
    endloop
  endfacet
  facet normal 0 0.671805 -0.740728
    outer loop
      vertex 30 -11.7446 31.1258
      vertex 22 -11.9445 30.9445
      vertex 22 -11.7446 31.1258
    endloop
  endfacet
  facet normal 0 -0.243076 -0.970007
    outer loop
      vertex 22 -9.4635 31.6972
      vertex 30 -9.20172 31.6316
      vertex 30 -9.4635 31.6972
    endloop
  endfacet
  facet normal -0 -0.243076 -0.970007
    outer loop
      vertex 30 -9.20172 31.6316
      vertex 22 -9.4635 31.6972
      vertex 22 -9.20172 31.6316
    endloop
  endfacet
  facet normal 9.20473e-19 -0.740838 -0.671683
    outer loop
      vertex 22 -7.87422 30.7446
      vertex 30 -8.05546 30.9445
      vertex 22 -8.05546 30.9445
    endloop
  endfacet
  facet normal 9.20473e-19 -0.740838 -0.671683
    outer loop
      vertex 30 -8.05546 30.9445
      vertex 22 -7.87422 30.7446
      vertex 30 -7.87422 30.7446
    endloop
  endfacet
  facet normal 0 -0.671695 0.740828
    outer loop
      vertex 25.123 -8.05546 19.0555
      vertex 30 -8.25542 18.8742
      vertex 30 -8.05546 19.0555
    endloop
  endfacet
  facet normal 0 -0.671695 0.740828
    outer loop
      vertex 30 -8.25542 18.8742
      vertex 25.123 -8.05546 19.0555
      vertex 25.0514 -8.25542 18.8742
    endloop
  endfacet
  facet normal 0 -0.243076 0.970007
    outer loop
      vertex 24.7128 -9.20172 18.3684
      vertex 30 -9.4635 18.3028
      vertex 30 -9.20172 18.3684
    endloop
  endfacet
  facet normal 0 -0.243076 0.970007
    outer loop
      vertex 30 -9.4635 18.3028
      vertex 24.7128 -9.20172 18.3684
      vertex 24.6192 -9.4635 18.3028
    endloop
  endfacet
  facet normal 0 -0.146737 -0.989176
    outer loop
      vertex 22 -9.73045 31.7368
      vertex 30 -9.4635 31.6972
      vertex 30 -9.73045 31.7368
    endloop
  endfacet
  facet normal -0 -0.146737 -0.989176
    outer loop
      vertex 30 -9.4635 31.6972
      vertex 22 -9.73045 31.7368
      vertex 22 -9.4635 31.6972
    endloop
  endfacet
  facet normal 0 -0.514256 -0.857637
    outer loop
      vertex 22 -8.70366 31.4253
      vertex 30 -8.47218 31.2865
      vertex 30 -8.70366 31.4253
    endloop
  endfacet
  facet normal -0 -0.514256 -0.857637
    outer loop
      vertex 30 -8.47218 31.2865
      vertex 22 -8.70366 31.4253
      vertex 22 -8.47218 31.2865
    endloop
  endfacet
  facet normal 0 -0.0489119 0.998803
    outer loop
      vertex 24.5237 -9.73045 18.2632
      vertex 30 -10 18.25
      vertex 30 -9.73045 18.2632
    endloop
  endfacet
  facet normal 0 -0.0489119 0.998803
    outer loop
      vertex 30 -10 18.25
      vertex 24.5237 -9.73045 18.2632
      vertex 24.4272 -10 18.25
    endloop
  endfacet
  facet normal -1.46826e-18 -0.857656 -0.514223
    outer loop
      vertex 22 12.4253 30.2963
      vertex 30 12.2865 30.5278
      vertex 22 12.2865 30.5278
    endloop
  endfacet
  facet normal -1.46826e-18 -0.857656 -0.514223
    outer loop
      vertex 30 12.2865 30.5278
      vertex 22 12.4253 30.2963
      vertex 30 12.4253 30.2963
    endloop
  endfacet
  facet normal -8.36005e-20 0.998795 0.0490688
    outer loop
      vertex 30 7.26324 20.7305
      vertex 22 7.25 21
      vertex 30 7.25 21
    endloop
  endfacet
  facet normal -8.36005e-20 0.998795 0.0490688
    outer loop
      vertex 22 7.25 21
      vertex 30 7.26324 20.7305
      vertex 22 7.26324 20.7305
    endloop
  endfacet
  facet normal -2.52817e-18 0.514256 0.857637
    outer loop
      vertex 30 8.70366 18.5747
      vertex 24.9739 8.47218 18.7135
      vertex 30 8.47218 18.7135
    endloop
  endfacet
  facet normal -2.4872e-18 0.514256 0.857637
    outer loop
      vertex 24.9739 8.47218 18.7135
      vertex 30 8.70366 18.5747
      vertex 24.8911 8.70366 18.5747
    endloop
  endfacet
  facet normal 0 -0.427688 -0.903926
    outer loop
      vertex 22 11.0524 31.5407
      vertex 30 11.2963 31.4253
      vertex 30 11.0524 31.5407
    endloop
  endfacet
  facet normal -0 -0.427688 -0.903926
    outer loop
      vertex 30 11.2963 31.4253
      vertex 22 11.0524 31.5407
      vertex 22 11.2963 31.4253
    endloop
  endfacet
  facet normal -2.57814e-19 0.970038 0.242954
    outer loop
      vertex 30 7.36841 20.2017
      vertex 22 7.30284 20.4635
      vertex 30 7.30284 20.4635
    endloop
  endfacet
  facet normal -2.57814e-19 0.970038 0.242954
    outer loop
      vertex 22 7.30284 20.4635
      vertex 30 7.36841 20.2017
      vertex 22 7.36841 20.2017
    endloop
  endfacet
  facet normal -9.20473e-19 0.740838 -0.671683
    outer loop
      vertex 30 7.87422 30.7446
      vertex 22 8.05546 30.9445
      vertex 30 8.05546 30.9445
    endloop
  endfacet
  facet normal -9.20473e-19 0.740838 -0.671683
    outer loop
      vertex 22 8.05546 30.9445
      vertex 30 7.87422 30.7446
      vertex 22 7.87422 30.7446
    endloop
  endfacet
  facet normal 4.02054e-19 -0.903947 0.427645
    outer loop
      vertex 23.2827 12.4449 19.7451
      vertex 30 12.5407 19.9476
      vertex 23.2253 12.5407 19.9476
    endloop
  endfacet
  facet normal -9.29719e-06 -0.903828 0.427897
    outer loop
      vertex 23.292 12.4253 19.7037
      vertex 30 12.5407 19.9476
      vertex 23.2827 12.4449 19.7451
    endloop
  endfacet
  facet normal 9.35944e-19 -0.903926 0.427688
    outer loop
      vertex 30 12.5407 19.9476
      vertex 23.292 12.4253 19.7037
      vertex 30 12.4253 19.7037
    endloop
  endfacet
  facet normal 0 0.0489119 -0.998803
    outer loop
      vertex 22 9.73045 31.7368
      vertex 30 10 31.75
      vertex 30 9.73045 31.7368
    endloop
  endfacet
  facet normal 0 0.0489119 -0.998803
    outer loop
      vertex 30 10 31.75
      vertex 22 9.73045 31.7368
      vertex 22 10 31.75
    endloop
  endfacet
  facet normal -2.34752e-18 0.80326 0.595628
    outer loop
      vertex 30 7.87422 19.2554
      vertex 25.2454 7.71346 19.4722
      vertex 30 7.71346 19.4722
    endloop
  endfacet
  facet normal -2.31942e-18 0.80326 0.595628
    outer loop
      vertex 25.2454 7.71346 19.4722
      vertex 30 7.87422 19.2554
      vertex 25.1878 7.87422 19.2554
    endloop
  endfacet
  facet normal -1.16227e-19 -0.98918 -0.14671
    outer loop
      vertex 22 12.7368 29.2695
      vertex 30 12.6972 29.5365
      vertex 22 12.6972 29.5365
    endloop
  endfacet
  facet normal -1.16227e-19 -0.98918 -0.14671
    outer loop
      vertex 30 12.6972 29.5365
      vertex 22 12.7368 29.2695
      vertex 30 12.7368 29.2695
    endloop
  endfacet
  facet normal 8.36005e-20 0.998795 -0.0490688
    outer loop
      vertex 30 7.25 29
      vertex 22 7.26324 29.2695
      vertex 30 7.26324 29.2695
    endloop
  endfacet
  facet normal 8.36005e-20 0.998795 -0.0490688
    outer loop
      vertex 22 7.26324 29.2695
      vertex 30 7.25 29
      vertex 22 7.25 29
    endloop
  endfacet
  facet normal -1.81458e-18 0.857754 0.51406
    outer loop
      vertex 30 7.71346 19.4722
      vertex 25.2855 7.57472 19.7037
      vertex 30 7.57472 19.7037
    endloop
  endfacet
  facet normal -4.95776e-06 0.857799 0.513985
    outer loop
      vertex 25.2855 7.57472 19.7037
      vertex 30 7.71346 19.4722
      vertex 25.2632 7.66352 19.5555
    endloop
  endfacet
  facet normal -4.25671e-19 0.857675 0.514193
    outer loop
      vertex 25.2632 7.66352 19.5555
      vertex 30 7.71346 19.4722
      vertex 25.2454 7.71346 19.4722
    endloop
  endfacet
  facet normal 1.53023e-18 0.740838 0.671683
    outer loop
      vertex 30 8.05546 19.0555
      vertex 25.1878 7.87422 19.2554
      vertex 30 7.87422 19.2554
    endloop
  endfacet
  facet normal 1.5099e-18 0.740838 0.671683
    outer loop
      vertex 25.1878 7.87422 19.2554
      vertex 30 8.05546 19.0555
      vertex 25.123 8.05546 19.0555
    endloop
  endfacet
  facet normal 5.20694e-20 -0.970012 0.243059
    outer loop
      vertex 22 12.6316 20.2017
      vertex 30 12.6972 20.4635
      vertex 22 12.6972 20.4635
    endloop
  endfacet
  facet normal 5.20694e-20 -0.970012 0.243059
    outer loop
      vertex 30 12.6972 20.4635
      vertex 22 12.6316 20.2017
      vertex 30 12.6316 20.2017
    endloop
  endfacet
  facet normal 0 -0.941499 0.337016
    outer loop
      vertex 23.2141 12.5594 20
      vertex 22 12.6316 20.2017
      vertex 22 12.5594 20
    endloop
  endfacet
  facet normal 0 -0.941499 0.337016
    outer loop
      vertex 22 12.6316 20.2017
      vertex 23.2141 12.5594 20
      vertex 30 12.6316 20.2017
    endloop
  endfacet
  facet normal 3.02412e-05 -0.941821 0.336114
    outer loop
      vertex 23.2253 12.5407 19.9476
      vertex 30 12.6316 20.2017
      vertex 23.2141 12.5594 20
    endloop
  endfacet
  facet normal -3.55755e-19 -0.941566 0.336829
    outer loop
      vertex 30 12.6316 20.2017
      vertex 23.2253 12.5407 19.9476
      vertex 30 12.5407 19.9476
    endloop
  endfacet
  facet normal 0 1 -0
    outer loop
      vertex 30 7.25 21
      vertex 22 7.25 29
      vertex 30 7.25 29
    endloop
  endfacet
  facet normal 0 1 0
    outer loop
      vertex 22 7.25 29
      vertex 30 7.25 21
      vertex 22 7.25 21
    endloop
  endfacet
  facet normal 0 0.514256 -0.857637
    outer loop
      vertex 22 8.47218 31.2865
      vertex 30 8.70366 31.4253
      vertex 30 8.47218 31.2865
    endloop
  endfacet
  facet normal 0 0.514256 -0.857637
    outer loop
      vertex 30 8.70366 31.4253
      vertex 22 8.47218 31.2865
      vertex 22 8.70366 31.4253
    endloop
  endfacet
  facet normal 1.32971e-18 0.903941 0.427658
    outer loop
      vertex 30 7.57472 19.7037
      vertex 25.3144 7.45933 19.9476
      vertex 30 7.45933 19.9476
    endloop
  endfacet
  facet normal 1.32156e-18 0.903941 0.427658
    outer loop
      vertex 25.3144 7.45933 19.9476
      vertex 30 7.57472 19.7037
      vertex 25.2855 7.57472 19.7037
    endloop
  endfacet
  facet normal -7.84789e-19 -0.903926 -0.427688
    outer loop
      vertex 22 12.5407 30.0524
      vertex 30 12.4253 30.2963
      vertex 22 12.4253 30.2963
    endloop
  endfacet
  facet normal -7.84789e-19 -0.903926 -0.427688
    outer loop
      vertex 30 12.4253 30.2963
      vertex 22 12.5407 30.0524
      vertex 30 12.5407 30.0524
    endloop
  endfacet
  facet normal 0 -1 0
    outer loop
      vertex 22 12.75 21
      vertex 30 12.75 29
      vertex 22 12.75 29
    endloop
  endfacet
  facet normal 0 -1 -0
    outer loop
      vertex 30 12.75 29
      vertex 22 12.75 21
      vertex 30 12.75 21
    endloop
  endfacet
  facet normal 0 -0.671805 -0.740728
    outer loop
      vertex 22 11.7446 31.1258
      vertex 30 11.9445 30.9445
      vertex 30 11.7446 31.1258
    endloop
  endfacet
  facet normal -0 -0.671805 -0.740728
    outer loop
      vertex 30 11.9445 30.9445
      vertex 22 11.7446 31.1258
      vertex 22 11.9445 30.9445
    endloop
  endfacet
  facet normal 1.75106e-18 -0.857656 0.514223
    outer loop
      vertex 23.3576 12.2865 19.4722
      vertex 30 12.4253 19.7037
      vertex 23.292 12.4253 19.7037
    endloop
  endfacet
  facet normal 1.76835e-18 -0.857656 0.514223
    outer loop
      vertex 30 12.4253 19.7037
      vertex 23.3576 12.2865 19.4722
      vertex 30 12.2865 19.4722
    endloop
  endfacet
  facet normal -1.16227e-19 0.98918 0.14671
    outer loop
      vertex 30 7.30284 20.4635
      vertex 22 7.26324 20.7305
      vertex 30 7.26324 20.7305
    endloop
  endfacet
  facet normal -1.16227e-19 0.98918 0.14671
    outer loop
      vertex 22 7.26324 20.7305
      vertex 30 7.30284 20.4635
      vertex 22 7.30284 20.4635
    endloop
  endfacet
  facet normal 1.61983e-18 0.671695 0.740828
    outer loop
      vertex 30 8.25542 18.8742
      vertex 25.123 8.05546 19.0555
      vertex 30 8.05546 19.0555
    endloop
  endfacet
  facet normal 1.59639e-18 0.671695 0.740828
    outer loop
      vertex 25.123 8.05546 19.0555
      vertex 30 8.25542 18.8742
      vertex 25.0514 8.25542 18.8742
    endloop
  endfacet
  facet normal 0 -0.336829 -0.941566
    outer loop
      vertex 22 10.7983 31.6316
      vertex 30 11.0524 31.5407
      vertex 30 10.7983 31.6316
    endloop
  endfacet
  facet normal -0 -0.336829 -0.941566
    outer loop
      vertex 30 11.0524 31.5407
      vertex 22 10.7983 31.6316
      vertex 22 11.0524 31.5407
    endloop
  endfacet
  facet normal -7.78812e-19 0.903941 -0.427658
    outer loop
      vertex 30 7.45933 30.0524
      vertex 22 7.57472 30.2963
      vertex 30 7.57472 30.2963
    endloop
  endfacet
  facet normal -7.78812e-19 0.903941 -0.427658
    outer loop
      vertex 22 7.57472 30.2963
      vertex 30 7.45933 30.0524
      vertex 22 7.45933 30.0524
    endloop
  endfacet
  facet normal 2.57814e-19 0.970038 -0.242954
    outer loop
      vertex 30 7.30284 29.5365
      vertex 22 7.36841 29.7983
      vertex 30 7.36841 29.7983
    endloop
  endfacet
  facet normal 2.57814e-19 0.970038 -0.242954
    outer loop
      vertex 22 7.36841 29.7983
      vertex 30 7.30284 29.5365
      vertex 22 7.30284 29.5365
    endloop
  endfacet
  facet normal 0 0.336829 -0.941566
    outer loop
      vertex 22 8.94762 31.5407
      vertex 30 9.20172 31.6316
      vertex 30 8.94762 31.5407
    endloop
  endfacet
  facet normal 0 0.336829 -0.941566
    outer loop
      vertex 30 9.20172 31.6316
      vertex 22 8.94762 31.5407
      vertex 22 9.20172 31.6316
    endloop
  endfacet
  facet normal -7.43858e-20 0.595555 0.803314
    outer loop
      vertex 30 8.47218 18.7135
      vertex 25.0514 8.25542 18.8742
      vertex 30 8.25542 18.8742
    endloop
  endfacet
  facet normal -7.32388e-20 0.595555 0.803314
    outer loop
      vertex 25.0514 8.25542 18.8742
      vertex 30 8.47218 18.7135
      vertex 24.9739 8.47218 18.7135
    endloop
  endfacet
  facet normal -2.33145e-20 -0.998803 0.0489209
    outer loop
      vertex 22 12.7368 20.7305
      vertex 30 12.75 21
      vertex 22 12.75 21
    endloop
  endfacet
  facet normal -2.33145e-20 -0.998803 0.0489209
    outer loop
      vertex 30 12.75 21
      vertex 22 12.7368 20.7305
      vertex 30 12.7368 20.7305
    endloop
  endfacet
  facet normal 1.63459e-19 -0.14671 0.98918
    outer loop
      vertex 30 10.5365 18.3028
      vertex 24.3116 10.2695 18.2632
      vertex 30 10.2695 18.2632
    endloop
  endfacet
  facet normal 1.59908e-19 -0.14671 0.98918
    outer loop
      vertex 24.3116 10.2695 18.2632
      vertex 30 10.5365 18.3028
      vertex 24.1853 10.5365 18.3028
    endloop
  endfacet
  facet normal -1.13488e-19 0.0489119 0.998803
    outer loop
      vertex 30 10 18.25
      vertex 24.5237 9.73045 18.2632
      vertex 30 9.73045 18.2632
    endloop
  endfacet
  facet normal -1.11523e-19 0.0489119 0.998803
    outer loop
      vertex 24.5237 9.73045 18.2632
      vertex 30 10 18.25
      vertex 24.4272 10 18.25
    endloop
  endfacet
  facet normal -3.83312e-19 0.336829 0.941566
    outer loop
      vertex 30 9.20172 18.3684
      vertex 24.8038 8.94762 18.4593
      vertex 30 8.94762 18.4593
    endloop
  endfacet
  facet normal -3.76714e-19 0.336829 0.941566
    outer loop
      vertex 24.8038 8.94762 18.4593
      vertex 30 9.20172 18.3684
      vertex 24.7128 9.20172 18.3684
    endloop
  endfacet
  facet normal 2.33145e-20 -0.998803 -0.0489209
    outer loop
      vertex 22 12.75 29
      vertex 30 12.7368 29.2695
      vertex 22 12.7368 29.2695
    endloop
  endfacet
  facet normal 2.33145e-20 -0.998803 -0.0489209
    outer loop
      vertex 30 12.7368 29.2695
      vertex 22 12.75 29
      vertex 30 12.75 29
    endloop
  endfacet
  facet normal 0 0.243076 -0.970007
    outer loop
      vertex 22 9.20172 31.6316
      vertex 30 9.4635 31.6972
      vertex 30 9.20172 31.6316
    endloop
  endfacet
  facet normal 0 0.243076 -0.970007
    outer loop
      vertex 30 9.4635 31.6972
      vertex 22 9.20172 31.6316
      vertex 22 9.4635 31.6972
    endloop
  endfacet
  facet normal -1.13777e-18 0.427602 0.903967
    outer loop
      vertex 30 8.94762 18.4593
      vertex 24.8911 8.70366 18.5747
      vertex 30 8.70366 18.5747
    endloop
  endfacet
  facet normal -1.11866e-18 0.427602 0.903967
    outer loop
      vertex 24.8911 8.70366 18.5747
      vertex 30 8.94762 18.4593
      vertex 24.8038 8.94762 18.4593
    endloop
  endfacet
  facet normal 0 0.941528 0.336934
    outer loop
      vertex 30 7.36841 20.2017
      vertex 25.3191 7.44059 20
      vertex 22 7.36841 20.2017
    endloop
  endfacet
  facet normal 1.87926e-06 0.941542 0.336895
    outer loop
      vertex 30 7.45933 19.9476
      vertex 25.3191 7.44059 20
      vertex 30 7.36841 20.2017
    endloop
  endfacet
  facet normal 3.01316e-19 0.941595 0.336746
    outer loop
      vertex 25.3191 7.44059 20
      vertex 30 7.45933 19.9476
      vertex 25.3144 7.45933 19.9476
    endloop
  endfacet
  facet normal -8.80087e-20 0.941528 0.336934
    outer loop
      vertex 22 7.36841 20.2017
      vertex 25.3191 7.44059 20
      vertex 22 7.44059 20
    endloop
  endfacet
  facet normal 3.01267e-19 -0.941566 -0.336829
    outer loop
      vertex 22 12.6316 29.7983
      vertex 30 12.5407 30.0524
      vertex 22 12.5407 30.0524
    endloop
  endfacet
  facet normal 3.01267e-19 -0.941566 -0.336829
    outer loop
      vertex 30 12.5407 30.0524
      vertex 22 12.6316 29.7983
      vertex 30 12.6316 29.7983
    endloop
  endfacet
  facet normal 1.16227e-19 0.98918 -0.14671
    outer loop
      vertex 30 7.26324 29.2695
      vertex 22 7.30284 29.5365
      vertex 30 7.30284 29.5365
    endloop
  endfacet
  facet normal 1.16227e-19 0.98918 -0.14671
    outer loop
      vertex 22 7.30284 29.5365
      vertex 30 7.26324 29.2695
      vertex 22 7.26324 29.2695
    endloop
  endfacet
  facet normal 1.06936e-18 0.857754 -0.51406
    outer loop
      vertex 30 7.57472 30.2963
      vertex 22 7.71346 30.5278
      vertex 30 7.71346 30.5278
    endloop
  endfacet
  facet normal 1.06936e-18 0.857754 -0.51406
    outer loop
      vertex 22 7.71346 30.5278
      vertex 30 7.57472 30.2963
      vertex 22 7.57472 30.2963
    endloop
  endfacet
  facet normal -2.86523e-20 0.146737 0.989176
    outer loop
      vertex 30 9.73045 18.2632
      vertex 24.6192 9.4635 18.3028
      vertex 30 9.4635 18.3028
    endloop
  endfacet
  facet normal -2.81527e-20 0.146737 0.989176
    outer loop
      vertex 24.6192 9.4635 18.3028
      vertex 30 9.73045 18.2632
      vertex 24.5237 9.73045 18.2632
    endloop
  endfacet
  facet normal -5.20694e-20 -0.970012 -0.243059
    outer loop
      vertex 22 12.6972 29.5365
      vertex 30 12.6316 29.7983
      vertex 22 12.6316 29.7983
    endloop
  endfacet
  facet normal -5.20694e-20 -0.970012 -0.243059
    outer loop
      vertex 30 12.6316 29.7983
      vertex 22 12.6972 29.5365
      vertex 30 12.6972 29.5365
    endloop
  endfacet
  facet normal 1.16227e-19 -0.98918 0.14671
    outer loop
      vertex 22 12.6972 20.4635
      vertex 30 12.7368 20.7305
      vertex 22 12.7368 20.7305
    endloop
  endfacet
  facet normal 1.16227e-19 -0.98918 0.14671
    outer loop
      vertex 30 12.7368 20.7305
      vertex 22 12.6972 20.4635
      vertex 30 12.6972 20.4635
    endloop
  endfacet
  facet normal 0 0.595555 -0.803314
    outer loop
      vertex 22 8.25542 31.1258
      vertex 30 8.47218 31.2865
      vertex 30 8.25542 31.1258
    endloop
  endfacet
  facet normal 0 0.595555 -0.803314
    outer loop
      vertex 30 8.47218 31.2865
      vertex 22 8.25542 31.1258
      vertex 22 8.47218 31.2865
    endloop
  endfacet
  facet normal -6.58704e-19 -0.336829 0.941566
    outer loop
      vertex 30 11.0524 18.4593
      vertex 24.0615 10.7983 18.3684
      vertex 30 10.7983 18.3684
    endloop
  endfacet
  facet normal -6.45636e-19 -0.336829 0.941566
    outer loop
      vertex 24.0615 10.7983 18.3684
      vertex 30 11.0524 18.4593
      vertex 23.9413 11.0524 18.4593
    endloop
  endfacet
  facet normal 4.73098e-19 0.941542 -0.336895
    outer loop
      vertex 30 7.36841 29.7983
      vertex 22 7.45933 30.0524
      vertex 30 7.45933 30.0524
    endloop
  endfacet
  facet normal 4.73098e-19 0.941542 -0.336895
    outer loop
      vertex 22 7.45933 30.0524
      vertex 30 7.36841 29.7983
      vertex 22 7.36841 29.7983
    endloop
  endfacet
  facet normal 1.39519e-18 0.80326 -0.595628
    outer loop
      vertex 30 7.71346 30.5278
      vertex 22 7.87422 30.7446
      vertex 30 7.87422 30.7446
    endloop
  endfacet
  facet normal 1.39519e-18 0.80326 -0.595628
    outer loop
      vertex 22 7.87422 30.7446
      vertex 30 7.71346 30.5278
      vertex 22 7.71346 30.5278
    endloop
  endfacet
  facet normal 0 -0.0489209 -0.998803
    outer loop
      vertex 22 10 31.75
      vertex 30 10.2695 31.7368
      vertex 30 10 31.75
    endloop
  endfacet
  facet normal -0 -0.0489209 -0.998803
    outer loop
      vertex 30 10.2695 31.7368
      vertex 22 10 31.75
      vertex 22 10.2695 31.7368
    endloop
  endfacet
  facet normal 0 -0.595485 -0.803367
    outer loop
      vertex 22 11.5278 31.2865
      vertex 30 11.7446 31.1258
      vertex 30 11.5278 31.2865
    endloop
  endfacet
  facet normal -0 -0.595485 -0.803367
    outer loop
      vertex 30 11.7446 31.1258
      vertex 22 11.5278 31.2865
      vertex 22 11.7446 31.1258
    endloop
  endfacet
  facet normal -4.72078e-19 -0.740728 0.671805
    outer loop
      vertex 23.5194 11.9445 19.0555
      vertex 30 12.1258 19.2554
      vertex 23.4336 12.1258 19.2554
    endloop
  endfacet
  facet normal -4.78329e-19 -0.740728 0.671805
    outer loop
      vertex 30 12.1258 19.2554
      vertex 23.5194 11.9445 19.0555
      vertex 30 11.9445 19.0555
    endloop
  endfacet
  facet normal 7.74783e-19 -0.427688 0.903926
    outer loop
      vertex 30 11.2963 18.5747
      vertex 23.9413 11.0524 18.4593
      vertex 30 11.0524 18.4593
    endloop
  endfacet
  facet normal 7.60301e-19 -0.427688 0.903926
    outer loop
      vertex 23.9413 11.0524 18.4593
      vertex 30 11.2963 18.5747
      vertex 23.8259 11.2963 18.5747
    endloop
  endfacet
  facet normal -7.55686e-19 -0.595485 0.803367
    outer loop
      vertex 30 11.7446 18.8742
      vertex 23.7165 11.5278 18.7135
      vertex 30 11.5278 18.7135
    endloop
  endfacet
  facet normal -7.43545e-19 -0.595485 0.803367
    outer loop
      vertex 23.7165 11.5278 18.7135
      vertex 30 11.7446 18.8742
      vertex 23.6139 11.7446 18.8742
    endloop
  endfacet
  facet normal -3.15935e-19 -0.514223 0.857656
    outer loop
      vertex 30 11.5278 18.7135
      vertex 23.8259 11.2963 18.5747
      vertex 30 11.2963 18.5747
    endloop
  endfacet
  facet normal -3.10434e-19 -0.514223 0.857656
    outer loop
      vertex 23.8259 11.2963 18.5747
      vertex 30 11.5278 18.7135
      vertex 23.7165 11.5278 18.7135
    endloop
  endfacet
  facet normal -5.68662e-19 -0.803367 -0.595485
    outer loop
      vertex 22 12.2865 30.5278
      vertex 30 12.1258 30.7446
      vertex 22 12.1258 30.7446
    endloop
  endfacet
  facet normal -5.68662e-19 -0.803367 -0.595485
    outer loop
      vertex 30 12.1258 30.7446
      vertex 22 12.2865 30.5278
      vertex 30 12.2865 30.5278
    endloop
  endfacet
  facet normal 6.84888e-19 -0.803367 0.595485
    outer loop
      vertex 23.4336 12.1258 19.2554
      vertex 30 12.2865 19.4722
      vertex 23.3576 12.2865 19.4722
    endloop
  endfacet
  facet normal 6.92815e-19 -0.803367 0.595485
    outer loop
      vertex 30 12.2865 19.4722
      vertex 23.4336 12.1258 19.2554
      vertex 30 12.1258 19.2554
    endloop
  endfacet
  facet normal 0 0.427602 -0.903967
    outer loop
      vertex 22 8.70366 31.4253
      vertex 30 8.94762 31.5407
      vertex 30 8.70366 31.4253
    endloop
  endfacet
  facet normal 0 0.427602 -0.903967
    outer loop
      vertex 30 8.94762 31.5407
      vertex 22 8.70366 31.4253
      vertex 22 8.94762 31.5407
    endloop
  endfacet
  facet normal 0 0.146737 -0.989176
    outer loop
      vertex 22 9.4635 31.6972
      vertex 30 9.73045 31.7368
      vertex 30 9.4635 31.6972
    endloop
  endfacet
  facet normal 0 0.146737 -0.989176
    outer loop
      vertex 30 9.73045 31.7368
      vertex 22 9.4635 31.6972
      vertex 22 9.73045 31.7368
    endloop
  endfacet
  facet normal 0 0.671695 -0.740828
    outer loop
      vertex 22 8.05546 30.9445
      vertex 30 8.25542 31.1258
      vertex 30 8.05546 30.9445
    endloop
  endfacet
  facet normal 0 0.671695 -0.740828
    outer loop
      vertex 30 8.25542 31.1258
      vertex 22 8.05546 30.9445
      vertex 22 8.25542 31.1258
    endloop
  endfacet
  facet normal 0 -0.243059 -0.970012
    outer loop
      vertex 22 10.5365 31.6972
      vertex 30 10.7983 31.6316
      vertex 30 10.5365 31.6972
    endloop
  endfacet
  facet normal -0 -0.243059 -0.970012
    outer loop
      vertex 30 10.7983 31.6316
      vertex 22 10.5365 31.6972
      vertex 22 10.7983 31.6316
    endloop
  endfacet
  facet normal 6.89833e-19 0.243076 0.970007
    outer loop
      vertex 30 9.4635 18.3028
      vertex 24.7128 9.20172 18.3684
      vertex 30 9.20172 18.3684
    endloop
  endfacet
  facet normal 6.77833e-19 0.243076 0.970007
    outer loop
      vertex 24.7128 9.20172 18.3684
      vertex 30 9.4635 18.3028
      vertex 24.6192 9.4635 18.3028
    endloop
  endfacet
  facet normal 3.87482e-19 -0.740728 -0.671805
    outer loop
      vertex 22 12.1258 30.7446
      vertex 30 11.9445 30.9445
      vertex 22 11.9445 30.9445
    endloop
  endfacet
  facet normal 3.87482e-19 -0.740728 -0.671805
    outer loop
      vertex 30 11.9445 30.9445
      vertex 22 12.1258 30.7446
      vertex 30 12.1258 30.7446
    endloop
  endfacet
  facet normal 2.1677e-19 -0.671805 0.740728
    outer loop
      vertex 30 11.9445 19.0555
      vertex 23.6139 11.7446 18.8742
      vertex 30 11.7446 18.8742
    endloop
  endfacet
  facet normal 2.1361e-19 -0.671805 0.740728
    outer loop
      vertex 23.6139 11.7446 18.8742
      vertex 30 11.9445 19.0555
      vertex 23.5194 11.9445 19.0555
    endloop
  endfacet
  facet normal 9.84237e-19 -0.243059 0.970012
    outer loop
      vertex 30 10.7983 18.3684
      vertex 24.1853 10.5365 18.3028
      vertex 30 10.5365 18.3028
    endloop
  endfacet
  facet normal 9.63719e-19 -0.243059 0.970012
    outer loop
      vertex 24.1853 10.5365 18.3028
      vertex 30 10.7983 18.3684
      vertex 24.0615 10.7983 18.3684
    endloop
  endfacet
  facet normal 0 -0.14671 -0.98918
    outer loop
      vertex 22 10.2695 31.7368
      vertex 30 10.5365 31.6972
      vertex 30 10.2695 31.7368
    endloop
  endfacet
  facet normal -0 -0.14671 -0.98918
    outer loop
      vertex 30 10.5365 31.6972
      vertex 22 10.2695 31.7368
      vertex 22 10.5365 31.6972
    endloop
  endfacet
  facet normal 0 -0.514223 -0.857656
    outer loop
      vertex 22 11.2963 31.4253
      vertex 30 11.5278 31.2865
      vertex 30 11.2963 31.4253
    endloop
  endfacet
  facet normal -0 -0.514223 -0.857656
    outer loop
      vertex 30 11.5278 31.2865
      vertex 22 11.2963 31.4253
      vertex 22 11.5278 31.2865
    endloop
  endfacet
  facet normal -7.03862e-20 -0.0489209 0.998803
    outer loop
      vertex 30 10.2695 18.2632
      vertex 24.4272 10 18.25
      vertex 30 10 18.25
    endloop
  endfacet
  facet normal 2.99734e-05 -0.0495393 0.998772
    outer loop
      vertex 30 10.2695 18.2632
      vertex 24.3904 10.1028 18.2551
      vertex 24.4272 10 18.25
    endloop
  endfacet
  facet normal -3.18259e-21 -0.048533 0.998822
    outer loop
      vertex 24.3904 10.1028 18.2551
      vertex 30 10.2695 18.2632
      vertex 24.3116 10.2695 18.2632
    endloop
  endfacet
  facet normal 9.35944e-19 0.903926 -0.427688
    outer loop
      vertex 30 -12.5407 -19.9476
      vertex 23.292 -12.4253 -19.7037
      vertex 30 -12.4253 -19.7037
    endloop
  endfacet
  facet normal -9.29719e-06 0.903828 -0.427897
    outer loop
      vertex 23.292 -12.4253 -19.7037
      vertex 30 -12.5407 -19.9476
      vertex 23.2827 -12.4449 -19.7451
    endloop
  endfacet
  facet normal 4.02054e-19 0.903947 -0.427645
    outer loop
      vertex 23.2827 -12.4449 -19.7451
      vertex 30 -12.5407 -19.9476
      vertex 23.2253 -12.5407 -19.9476
    endloop
  endfacet
  facet normal 0 -0.146737 0.989176
    outer loop
      vertex 22 -9.4635 -31.6972
      vertex 30 -9.73045 -31.7368
      vertex 30 -9.4635 -31.6972
    endloop
  endfacet
  facet normal 0 -0.146737 0.989176
    outer loop
      vertex 30 -9.73045 -31.7368
      vertex 22 -9.4635 -31.6972
      vertex 22 -9.73045 -31.7368
    endloop
  endfacet
  facet normal 0 -0.595555 0.803314
    outer loop
      vertex 22 -8.25542 -31.1258
      vertex 30 -8.47218 -31.2865
      vertex 30 -8.25542 -31.1258
    endloop
  endfacet
  facet normal 0 -0.595555 0.803314
    outer loop
      vertex 30 -8.47218 -31.2865
      vertex 22 -8.25542 -31.1258
      vertex 22 -8.47218 -31.2865
    endloop
  endfacet
  facet normal 6.89833e-19 -0.243076 -0.970007
    outer loop
      vertex 30 -9.4635 -18.3028
      vertex 24.7128 -9.20172 -18.3684
      vertex 30 -9.20172 -18.3684
    endloop
  endfacet
  facet normal 6.77833e-19 -0.243076 -0.970007
    outer loop
      vertex 24.7128 -9.20172 -18.3684
      vertex 30 -9.4635 -18.3028
      vertex 24.6192 -9.4635 -18.3028
    endloop
  endfacet
  facet normal -7.78812e-19 -0.903941 0.427658
    outer loop
      vertex 22 -7.57472 -30.2963
      vertex 30 -7.45933 -30.0524
      vertex 22 -7.45933 -30.0524
    endloop
  endfacet
  facet normal -7.78812e-19 -0.903941 0.427658
    outer loop
      vertex 30 -7.45933 -30.0524
      vertex 22 -7.57472 -30.2963
      vertex 30 -7.57472 -30.2963
    endloop
  endfacet
  facet normal 3.87482e-19 0.740728 0.671805
    outer loop
      vertex 30 -11.9445 -30.9445
      vertex 22 -12.1258 -30.7446
      vertex 30 -12.1258 -30.7446
    endloop
  endfacet
  facet normal 3.87482e-19 0.740728 0.671805
    outer loop
      vertex 22 -12.1258 -30.7446
      vertex 30 -11.9445 -30.9445
      vertex 22 -11.9445 -30.9445
    endloop
  endfacet
  facet normal 0 -1 0
    outer loop
      vertex 22 -7.25 -29
      vertex 30 -7.25 -21
      vertex 22 -7.25 -21
    endloop
  endfacet
  facet normal 0 -1 -0
    outer loop
      vertex 30 -7.25 -21
      vertex 22 -7.25 -29
      vertex 30 -7.25 -29
    endloop
  endfacet
  facet normal 0 -0.671695 0.740828
    outer loop
      vertex 22 -8.05546 -30.9445
      vertex 30 -8.25542 -31.1258
      vertex 30 -8.05546 -30.9445
    endloop
  endfacet
  facet normal 0 -0.671695 0.740828
    outer loop
      vertex 30 -8.25542 -31.1258
      vertex 22 -8.05546 -30.9445
      vertex 22 -8.25542 -31.1258
    endloop
  endfacet
  facet normal -5.68662e-19 0.803367 0.595485
    outer loop
      vertex 30 -12.1258 -30.7446
      vertex 22 -12.2865 -30.5278
      vertex 30 -12.2865 -30.5278
    endloop
  endfacet
  facet normal -5.68662e-19 0.803367 0.595485
    outer loop
      vertex 22 -12.2865 -30.5278
      vertex 30 -12.1258 -30.7446
      vertex 22 -12.1258 -30.7446
    endloop
  endfacet
  facet normal -2.57814e-19 -0.970038 -0.242954
    outer loop
      vertex 22 -7.30284 -20.4635
      vertex 30 -7.36841 -20.2017
      vertex 22 -7.36841 -20.2017
    endloop
  endfacet
  facet normal -2.57814e-19 -0.970038 -0.242954
    outer loop
      vertex 30 -7.36841 -20.2017
      vertex 22 -7.30284 -20.4635
      vertex 30 -7.30284 -20.4635
    endloop
  endfacet
  facet normal -4.25671e-19 -0.857675 -0.514193
    outer loop
      vertex 25.2632 -7.66352 -19.5555
      vertex 30 -7.71346 -19.4722
      vertex 25.2454 -7.71346 -19.4722
    endloop
  endfacet
  facet normal -4.95776e-06 -0.857799 -0.513985
    outer loop
      vertex 25.2855 -7.57472 -19.7037
      vertex 30 -7.71346 -19.4722
      vertex 25.2632 -7.66352 -19.5555
    endloop
  endfacet
  facet normal -1.81458e-18 -0.857754 -0.51406
    outer loop
      vertex 30 -7.71346 -19.4722
      vertex 25.2855 -7.57472 -19.7037
      vertex 30 -7.57472 -19.7037
    endloop
  endfacet
  facet normal -8.36005e-20 -0.998795 -0.0490688
    outer loop
      vertex 22 -7.25 -21
      vertex 30 -7.26324 -20.7305
      vertex 22 -7.26324 -20.7305
    endloop
  endfacet
  facet normal -8.36005e-20 -0.998795 -0.0490688
    outer loop
      vertex 30 -7.26324 -20.7305
      vertex 22 -7.25 -21
      vertex 30 -7.25 -21
    endloop
  endfacet
  facet normal -7.43858e-20 -0.595555 -0.803314
    outer loop
      vertex 30 -8.47218 -18.7135
      vertex 25.0514 -8.25542 -18.8742
      vertex 30 -8.25542 -18.8742
    endloop
  endfacet
  facet normal -7.32388e-20 -0.595555 -0.803314
    outer loop
      vertex 25.0514 -8.25542 -18.8742
      vertex 30 -8.47218 -18.7135
      vertex 24.9739 -8.47218 -18.7135
    endloop
  endfacet
  facet normal 0 -0.941528 -0.336934
    outer loop
      vertex 22 -7.44059 -20
      vertex 22 -7.36841 -20.2017
      vertex 25.3191 -7.44059 -20
    endloop
  endfacet
  facet normal 3.01316e-19 -0.941595 -0.336746
    outer loop
      vertex 25.3191 -7.44059 -20
      vertex 30 -7.45933 -19.9476
      vertex 25.3144 -7.45933 -19.9476
    endloop
  endfacet
  facet normal -0 -0.941528 -0.336934
    outer loop
      vertex 30 -7.36841 -20.2017
      vertex 25.3191 -7.44059 -20
      vertex 22 -7.36841 -20.2017
    endloop
  endfacet
  facet normal 1.87926e-06 -0.941542 -0.336895
    outer loop
      vertex 25.3191 -7.44059 -20
      vertex 30 -7.36841 -20.2017
      vertex 30 -7.45933 -19.9476
    endloop
  endfacet
  facet normal 0 -0.427602 0.903967
    outer loop
      vertex 22 -8.70366 -31.4253
      vertex 30 -8.94762 -31.5407
      vertex 30 -8.70366 -31.4253
    endloop
  endfacet
  facet normal 0 -0.427602 0.903967
    outer loop
      vertex 30 -8.94762 -31.5407
      vertex 22 -8.70366 -31.4253
      vertex 22 -8.94762 -31.5407
    endloop
  endfacet
  facet normal -1.46826e-18 0.857656 0.514223
    outer loop
      vertex 30 -12.2865 -30.5278
      vertex 22 -12.4253 -30.2963
      vertex 30 -12.4253 -30.2963
    endloop
  endfacet
  facet normal -1.46826e-18 0.857656 0.514223
    outer loop
      vertex 22 -12.4253 -30.2963
      vertex 30 -12.2865 -30.5278
      vertex 22 -12.2865 -30.5278
    endloop
  endfacet
  facet normal 0 -0.514256 0.857637
    outer loop
      vertex 22 -8.47218 -31.2865
      vertex 30 -8.70366 -31.4253
      vertex 30 -8.47218 -31.2865
    endloop
  endfacet
  facet normal 0 -0.514256 0.857637
    outer loop
      vertex 30 -8.70366 -31.4253
      vertex 22 -8.47218 -31.2865
      vertex 22 -8.70366 -31.4253
    endloop
  endfacet
  facet normal 2.57814e-19 -0.970038 0.242954
    outer loop
      vertex 22 -7.36841 -29.7983
      vertex 30 -7.30284 -29.5365
      vertex 22 -7.30284 -29.5365
    endloop
  endfacet
  facet normal 2.57814e-19 -0.970038 0.242954
    outer loop
      vertex 30 -7.30284 -29.5365
      vertex 22 -7.36841 -29.7983
      vertex 30 -7.36841 -29.7983
    endloop
  endfacet
  facet normal 4.73098e-19 -0.941542 0.336895
    outer loop
      vertex 22 -7.45933 -30.0524
      vertex 30 -7.36841 -29.7983
      vertex 22 -7.36841 -29.7983
    endloop
  endfacet
  facet normal 4.73098e-19 -0.941542 0.336895
    outer loop
      vertex 30 -7.36841 -29.7983
      vertex 22 -7.45933 -30.0524
      vertex 30 -7.45933 -30.0524
    endloop
  endfacet
  facet normal -1.16227e-19 0.98918 0.14671
    outer loop
      vertex 30 -12.6972 -29.5365
      vertex 22 -12.7368 -29.2695
      vertex 30 -12.7368 -29.2695
    endloop
  endfacet
  facet normal -1.16227e-19 0.98918 0.14671
    outer loop
      vertex 22 -12.7368 -29.2695
      vertex 30 -12.6972 -29.5365
      vertex 22 -12.6972 -29.5365
    endloop
  endfacet
  facet normal 0 1 -0
    outer loop
      vertex 30 -12.75 -29
      vertex 22 -12.75 -21
      vertex 30 -12.75 -21
    endloop
  endfacet
  facet normal 0 1 0
    outer loop
      vertex 22 -12.75 -21
      vertex 30 -12.75 -29
      vertex 22 -12.75 -29
    endloop
  endfacet
  facet normal -7.84789e-19 0.903926 0.427688
    outer loop
      vertex 30 -12.4253 -30.2963
      vertex 22 -12.5407 -30.0524
      vertex 30 -12.5407 -30.0524
    endloop
  endfacet
  facet normal -7.84789e-19 0.903926 0.427688
    outer loop
      vertex 22 -12.5407 -30.0524
      vertex 30 -12.4253 -30.2963
      vertex 22 -12.4253 -30.2963
    endloop
  endfacet
  facet normal 7.74783e-19 0.427688 -0.903926
    outer loop
      vertex 30 -11.2963 -18.5747
      vertex 23.9413 -11.0524 -18.4593
      vertex 30 -11.0524 -18.4593
    endloop
  endfacet
  facet normal 7.60301e-19 0.427688 -0.903926
    outer loop
      vertex 23.9413 -11.0524 -18.4593
      vertex 30 -11.2963 -18.5747
      vertex 23.8259 -11.2963 -18.5747
    endloop
  endfacet
  facet normal 2.33145e-20 0.998803 0.0489209
    outer loop
      vertex 30 -12.7368 -29.2695
      vertex 22 -12.75 -29
      vertex 30 -12.75 -29
    endloop
  endfacet
  facet normal 2.33145e-20 0.998803 0.0489209
    outer loop
      vertex 22 -12.75 -29
      vertex 30 -12.7368 -29.2695
      vertex 22 -12.7368 -29.2695
    endloop
  endfacet
  facet normal -4.78329e-19 0.740728 -0.671805
    outer loop
      vertex 30 -12.1258 -19.2554
      vertex 23.5194 -11.9445 -19.0555
      vertex 30 -11.9445 -19.0555
    endloop
  endfacet
  facet normal -4.72078e-19 0.740728 -0.671805
    outer loop
      vertex 23.5194 -11.9445 -19.0555
      vertex 30 -12.1258 -19.2554
      vertex 23.4336 -12.1258 -19.2554
    endloop
  endfacet
  facet normal 3.01267e-19 0.941566 0.336829
    outer loop
      vertex 30 -12.5407 -30.0524
      vertex 22 -12.6316 -29.7983
      vertex 30 -12.6316 -29.7983
    endloop
  endfacet
  facet normal 3.01267e-19 0.941566 0.336829
    outer loop
      vertex 22 -12.6316 -29.7983
      vertex 30 -12.5407 -30.0524
      vertex 22 -12.5407 -30.0524
    endloop
  endfacet
  facet normal 1.06936e-18 -0.857754 0.51406
    outer loop
      vertex 22 -7.71346 -30.5278
      vertex 30 -7.57472 -30.2963
      vertex 22 -7.57472 -30.2963
    endloop
  endfacet
  facet normal 1.06936e-18 -0.857754 0.51406
    outer loop
      vertex 30 -7.57472 -30.2963
      vertex 22 -7.71346 -30.5278
      vertex 30 -7.71346 -30.5278
    endloop
  endfacet
  facet normal -0 0.671805 0.740728
    outer loop
      vertex 22 -11.7446 -31.1258
      vertex 30 -11.9445 -30.9445
      vertex 30 -11.7446 -31.1258
    endloop
  endfacet
  facet normal 0 0.671805 0.740728
    outer loop
      vertex 30 -11.9445 -30.9445
      vertex 22 -11.7446 -31.1258
      vertex 22 -11.9445 -30.9445
    endloop
  endfacet
  facet normal -5.20694e-20 0.970012 0.243059
    outer loop
      vertex 30 -12.6316 -29.7983
      vertex 22 -12.6972 -29.5365
      vertex 30 -12.6972 -29.5365
    endloop
  endfacet
  facet normal -5.20694e-20 0.970012 0.243059
    outer loop
      vertex 22 -12.6972 -29.5365
      vertex 30 -12.6316 -29.7983
      vertex 22 -12.6316 -29.7983
    endloop
  endfacet
  facet normal 1.61983e-18 -0.671695 -0.740828
    outer loop
      vertex 30 -8.25542 -18.8742
      vertex 25.123 -8.05546 -19.0555
      vertex 30 -8.05546 -19.0555
    endloop
  endfacet
  facet normal 1.59639e-18 -0.671695 -0.740828
    outer loop
      vertex 25.123 -8.05546 -19.0555
      vertex 30 -8.25542 -18.8742
      vertex 25.0514 -8.25542 -18.8742
    endloop
  endfacet
  facet normal -0 0.514223 0.857656
    outer loop
      vertex 22 -11.2963 -31.4253
      vertex 30 -11.5278 -31.2865
      vertex 30 -11.2963 -31.4253
    endloop
  endfacet
  facet normal 0 0.514223 0.857656
    outer loop
      vertex 30 -11.5278 -31.2865
      vertex 22 -11.2963 -31.4253
      vertex 22 -11.5278 -31.2865
    endloop
  endfacet
  facet normal -0 0.595485 0.803367
    outer loop
      vertex 22 -11.5278 -31.2865
      vertex 30 -11.7446 -31.1258
      vertex 30 -11.5278 -31.2865
    endloop
  endfacet
  facet normal 0 0.595485 0.803367
    outer loop
      vertex 30 -11.7446 -31.1258
      vertex 22 -11.5278 -31.2865
      vertex 22 -11.7446 -31.1258
    endloop
  endfacet
  facet normal -7.55686e-19 0.595485 -0.803367
    outer loop
      vertex 30 -11.7446 -18.8742
      vertex 23.7165 -11.5278 -18.7135
      vertex 30 -11.5278 -18.7135
    endloop
  endfacet
  facet normal -7.43545e-19 0.595485 -0.803367
    outer loop
      vertex 23.7165 -11.5278 -18.7135
      vertex 30 -11.7446 -18.8742
      vertex 23.6139 -11.7446 -18.8742
    endloop
  endfacet
  facet normal 1.32156e-18 -0.903941 -0.427658
    outer loop
      vertex 25.3144 -7.45933 -19.9476
      vertex 30 -7.57472 -19.7037
      vertex 25.2855 -7.57472 -19.7037
    endloop
  endfacet
  facet normal 1.32971e-18 -0.903941 -0.427658
    outer loop
      vertex 30 -7.57472 -19.7037
      vertex 25.3144 -7.45933 -19.9476
      vertex 30 -7.45933 -19.9476
    endloop
  endfacet
  facet normal 1.16227e-19 -0.98918 0.14671
    outer loop
      vertex 22 -7.30284 -29.5365
      vertex 30 -7.26324 -29.2695
      vertex 22 -7.26324 -29.2695
    endloop
  endfacet
  facet normal 1.16227e-19 -0.98918 0.14671
    outer loop
      vertex 30 -7.26324 -29.2695
      vertex 22 -7.30284 -29.5365
      vertex 30 -7.30284 -29.5365
    endloop
  endfacet
  facet normal 8.36005e-20 -0.998795 0.0490688
    outer loop
      vertex 22 -7.26324 -29.2695
      vertex 30 -7.25 -29
      vertex 22 -7.25 -29
    endloop
  endfacet
  facet normal 8.36005e-20 -0.998795 0.0490688
    outer loop
      vertex 30 -7.25 -29
      vertex 22 -7.26324 -29.2695
      vertex 30 -7.26324 -29.2695
    endloop
  endfacet
  facet normal -0 0.427688 0.903926
    outer loop
      vertex 22 -11.0524 -31.5407
      vertex 30 -11.2963 -31.4253
      vertex 30 -11.0524 -31.5407
    endloop
  endfacet
  facet normal 0 0.427688 0.903926
    outer loop
      vertex 30 -11.2963 -31.4253
      vertex 22 -11.0524 -31.5407
      vertex 22 -11.2963 -31.4253
    endloop
  endfacet
  facet normal 1.63459e-19 0.14671 -0.98918
    outer loop
      vertex 30 -10.5365 -18.3028
      vertex 24.3116 -10.2695 -18.2632
      vertex 30 -10.2695 -18.2632
    endloop
  endfacet
  facet normal 1.59908e-19 0.14671 -0.98918
    outer loop
      vertex 24.3116 -10.2695 -18.2632
      vertex 30 -10.5365 -18.3028
      vertex 24.1853 -10.5365 -18.3028
    endloop
  endfacet
  facet normal -3.83312e-19 -0.336829 -0.941566
    outer loop
      vertex 30 -9.20172 -18.3684
      vertex 24.8038 -8.94762 -18.4593
      vertex 30 -8.94762 -18.4593
    endloop
  endfacet
  facet normal -3.76714e-19 -0.336829 -0.941566
    outer loop
      vertex 24.8038 -8.94762 -18.4593
      vertex 30 -9.20172 -18.3684
      vertex 24.7128 -9.20172 -18.3684
    endloop
  endfacet
  facet normal 1.16227e-19 0.98918 -0.14671
    outer loop
      vertex 30 -12.7368 -20.7305
      vertex 22 -12.6972 -20.4635
      vertex 30 -12.6972 -20.4635
    endloop
  endfacet
  facet normal 1.16227e-19 0.98918 -0.14671
    outer loop
      vertex 22 -12.6972 -20.4635
      vertex 30 -12.7368 -20.7305
      vertex 22 -12.7368 -20.7305
    endloop
  endfacet
  facet normal -1.13777e-18 -0.427602 -0.903967
    outer loop
      vertex 30 -8.94762 -18.4593
      vertex 24.8911 -8.70366 -18.5747
      vertex 30 -8.70366 -18.5747
    endloop
  endfacet
  facet normal -1.11866e-18 -0.427602 -0.903967
    outer loop
      vertex 24.8911 -8.70366 -18.5747
      vertex 30 -8.94762 -18.4593
      vertex 24.8038 -8.94762 -18.4593
    endloop
  endfacet
  facet normal 1.39519e-18 -0.80326 0.595628
    outer loop
      vertex 22 -7.87422 -30.7446
      vertex 30 -7.71346 -30.5278
      vertex 22 -7.71346 -30.5278
    endloop
  endfacet
  facet normal 1.39519e-18 -0.80326 0.595628
    outer loop
      vertex 30 -7.71346 -30.5278
      vertex 22 -7.87422 -30.7446
      vertex 30 -7.87422 -30.7446
    endloop
  endfacet
  facet normal -2.33145e-20 0.998803 -0.0489209
    outer loop
      vertex 30 -12.75 -21
      vertex 22 -12.7368 -20.7305
      vertex 30 -12.7368 -20.7305
    endloop
  endfacet
  facet normal -2.33145e-20 0.998803 -0.0489209
    outer loop
      vertex 22 -12.7368 -20.7305
      vertex 30 -12.75 -21
      vertex 22 -12.75 -21
    endloop
  endfacet
  facet normal -0 0.0489209 0.998803
    outer loop
      vertex 22 -10 -31.75
      vertex 30 -10.2695 -31.7368
      vertex 30 -10 -31.75
    endloop
  endfacet
  facet normal 0 0.0489209 0.998803
    outer loop
      vertex 30 -10.2695 -31.7368
      vertex 22 -10 -31.75
      vertex 22 -10.2695 -31.7368
    endloop
  endfacet
  facet normal -0 0.243059 0.970012
    outer loop
      vertex 22 -10.5365 -31.6972
      vertex 30 -10.7983 -31.6316
      vertex 30 -10.5365 -31.6972
    endloop
  endfacet
  facet normal 0 0.243059 0.970012
    outer loop
      vertex 30 -10.7983 -31.6316
      vertex 22 -10.5365 -31.6972
      vertex 22 -10.7983 -31.6316
    endloop
  endfacet
  facet normal -2.86523e-20 -0.146737 -0.989176
    outer loop
      vertex 30 -9.73045 -18.2632
      vertex 24.6192 -9.4635 -18.3028
      vertex 30 -9.4635 -18.3028
    endloop
  endfacet
  facet normal -2.81527e-20 -0.146737 -0.989176
    outer loop
      vertex 24.6192 -9.4635 -18.3028
      vertex 30 -9.73045 -18.2632
      vertex 24.5237 -9.73045 -18.2632
    endloop
  endfacet
  facet normal 0 -0.0489119 0.998803
    outer loop
      vertex 22 -9.73045 -31.7368
      vertex 30 -10 -31.75
      vertex 30 -9.73045 -31.7368
    endloop
  endfacet
  facet normal 0 -0.0489119 0.998803
    outer loop
      vertex 30 -10 -31.75
      vertex 22 -9.73045 -31.7368
      vertex 22 -10 -31.75
    endloop
  endfacet
  facet normal -3.15935e-19 0.514223 -0.857656
    outer loop
      vertex 30 -11.5278 -18.7135
      vertex 23.8259 -11.2963 -18.5747
      vertex 30 -11.2963 -18.5747
    endloop
  endfacet
  facet normal -3.10434e-19 0.514223 -0.857656
    outer loop
      vertex 23.8259 -11.2963 -18.5747
      vertex 30 -11.5278 -18.7135
      vertex 23.7165 -11.5278 -18.7135
    endloop
  endfacet
  facet normal 0 -0.336829 0.941566
    outer loop
      vertex 22 -8.94762 -31.5407
      vertex 30 -9.20172 -31.6316
      vertex 30 -8.94762 -31.5407
    endloop
  endfacet
  facet normal 0 -0.336829 0.941566
    outer loop
      vertex 30 -9.20172 -31.6316
      vertex 22 -8.94762 -31.5407
      vertex 22 -9.20172 -31.6316
    endloop
  endfacet
  facet normal -3.55755e-19 0.941566 -0.336829
    outer loop
      vertex 30 -12.6316 -20.2017
      vertex 23.2253 -12.5407 -19.9476
      vertex 30 -12.5407 -19.9476
    endloop
  endfacet
  facet normal 3.02412e-05 0.941821 -0.336114
    outer loop
      vertex 23.2253 -12.5407 -19.9476
      vertex 30 -12.6316 -20.2017
      vertex 23.2141 -12.5594 -20
    endloop
  endfacet
  facet normal 0 0.941499 -0.337016
    outer loop
      vertex 22 -12.6316 -20.2017
      vertex 23.2141 -12.5594 -20
      vertex 30 -12.6316 -20.2017
    endloop
  endfacet
  facet normal 0 0.941499 -0.337016
    outer loop
      vertex 23.2141 -12.5594 -20
      vertex 22 -12.6316 -20.2017
      vertex 22 -12.5594 -20
    endloop
  endfacet
  facet normal -1.16227e-19 -0.98918 -0.14671
    outer loop
      vertex 22 -7.26324 -20.7305
      vertex 30 -7.30284 -20.4635
      vertex 22 -7.30284 -20.4635
    endloop
  endfacet
  facet normal -1.16227e-19 -0.98918 -0.14671
    outer loop
      vertex 30 -7.30284 -20.4635
      vertex 22 -7.26324 -20.7305
      vertex 30 -7.26324 -20.7305
    endloop
  endfacet
  facet normal 5.20694e-20 0.970012 -0.243059
    outer loop
      vertex 30 -12.6972 -20.4635
      vertex 22 -12.6316 -20.2017
      vertex 30 -12.6316 -20.2017
    endloop
  endfacet
  facet normal 5.20694e-20 0.970012 -0.243059
    outer loop
      vertex 22 -12.6316 -20.2017
      vertex 30 -12.6972 -20.4635
      vertex 22 -12.6972 -20.4635
    endloop
  endfacet
  facet normal -6.58704e-19 0.336829 -0.941566
    outer loop
      vertex 30 -11.0524 -18.4593
      vertex 24.0615 -10.7983 -18.3684
      vertex 30 -10.7983 -18.3684
    endloop
  endfacet
  facet normal -6.45636e-19 0.336829 -0.941566
    outer loop
      vertex 24.0615 -10.7983 -18.3684
      vertex 30 -11.0524 -18.4593
      vertex 23.9413 -11.0524 -18.4593
    endloop
  endfacet
  facet normal 0 -0.243076 0.970007
    outer loop
      vertex 22 -9.20172 -31.6316
      vertex 30 -9.4635 -31.6972
      vertex 30 -9.20172 -31.6316
    endloop
  endfacet
  facet normal 0 -0.243076 0.970007
    outer loop
      vertex 30 -9.4635 -31.6972
      vertex 22 -9.20172 -31.6316
      vertex 22 -9.4635 -31.6972
    endloop
  endfacet
  facet normal 1.76835e-18 0.857656 -0.514223
    outer loop
      vertex 30 -12.4253 -19.7037
      vertex 23.3576 -12.2865 -19.4722
      vertex 30 -12.2865 -19.4722
    endloop
  endfacet
  facet normal 1.75106e-18 0.857656 -0.514223
    outer loop
      vertex 23.3576 -12.2865 -19.4722
      vertex 30 -12.4253 -19.7037
      vertex 23.292 -12.4253 -19.7037
    endloop
  endfacet
  facet normal -2.31942e-18 -0.80326 -0.595628
    outer loop
      vertex 25.2454 -7.71346 -19.4722
      vertex 30 -7.87422 -19.2554
      vertex 25.1878 -7.87422 -19.2554
    endloop
  endfacet
  facet normal -2.34752e-18 -0.80326 -0.595628
    outer loop
      vertex 30 -7.87422 -19.2554
      vertex 25.2454 -7.71346 -19.4722
      vertex 30 -7.71346 -19.4722
    endloop
  endfacet
  facet normal -0 0.336829 0.941566
    outer loop
      vertex 22 -10.7983 -31.6316
      vertex 30 -11.0524 -31.5407
      vertex 30 -10.7983 -31.6316
    endloop
  endfacet
  facet normal 0 0.336829 0.941566
    outer loop
      vertex 30 -11.0524 -31.5407
      vertex 22 -10.7983 -31.6316
      vertex 22 -11.0524 -31.5407
    endloop
  endfacet
  facet normal 6.92815e-19 0.803367 -0.595485
    outer loop
      vertex 30 -12.2865 -19.4722
      vertex 23.4336 -12.1258 -19.2554
      vertex 30 -12.1258 -19.2554
    endloop
  endfacet
  facet normal 6.84888e-19 0.803367 -0.595485
    outer loop
      vertex 23.4336 -12.1258 -19.2554
      vertex 30 -12.2865 -19.4722
      vertex 23.3576 -12.2865 -19.4722
    endloop
  endfacet
  facet normal -0 0.14671 0.98918
    outer loop
      vertex 22 -10.2695 -31.7368
      vertex 30 -10.5365 -31.6972
      vertex 30 -10.2695 -31.7368
    endloop
  endfacet
  facet normal 0 0.14671 0.98918
    outer loop
      vertex 30 -10.5365 -31.6972
      vertex 22 -10.2695 -31.7368
      vertex 22 -10.5365 -31.6972
    endloop
  endfacet
  facet normal -7.03862e-20 0.0489209 -0.998803
    outer loop
      vertex 30 -10.2695 -18.2632
      vertex 24.4272 -10 -18.25
      vertex 30 -10 -18.25
    endloop
  endfacet
  facet normal 2.99734e-05 0.0495393 -0.998772
    outer loop
      vertex 30 -10.2695 -18.2632
      vertex 24.3904 -10.1028 -18.2551
      vertex 24.4272 -10 -18.25
    endloop
  endfacet
  facet normal -3.18259e-21 0.048533 -0.998822
    outer loop
      vertex 24.3904 -10.1028 -18.2551
      vertex 30 -10.2695 -18.2632
      vertex 24.3116 -10.2695 -18.2632
    endloop
  endfacet
  facet normal -9.20473e-19 -0.740838 0.671683
    outer loop
      vertex 22 -8.05546 -30.9445
      vertex 30 -7.87422 -30.7446
      vertex 22 -7.87422 -30.7446
    endloop
  endfacet
  facet normal -9.20473e-19 -0.740838 0.671683
    outer loop
      vertex 30 -7.87422 -30.7446
      vertex 22 -8.05546 -30.9445
      vertex 30 -8.05546 -30.9445
    endloop
  endfacet
  facet normal 9.84237e-19 0.243059 -0.970012
    outer loop
      vertex 30 -10.7983 -18.3684
      vertex 24.1853 -10.5365 -18.3028
      vertex 30 -10.5365 -18.3028
    endloop
  endfacet
  facet normal 9.63719e-19 0.243059 -0.970012
    outer loop
      vertex 24.1853 -10.5365 -18.3028
      vertex 30 -10.7983 -18.3684
      vertex 24.0615 -10.7983 -18.3684
    endloop
  endfacet
  facet normal 1.5099e-18 -0.740838 -0.671683
    outer loop
      vertex 25.1878 -7.87422 -19.2554
      vertex 30 -8.05546 -19.0555
      vertex 25.123 -8.05546 -19.0555
    endloop
  endfacet
  facet normal 1.53023e-18 -0.740838 -0.671683
    outer loop
      vertex 30 -8.05546 -19.0555
      vertex 25.1878 -7.87422 -19.2554
      vertex 30 -7.87422 -19.2554
    endloop
  endfacet
  facet normal 2.1677e-19 0.671805 -0.740728
    outer loop
      vertex 30 -11.9445 -19.0555
      vertex 23.6139 -11.7446 -18.8742
      vertex 30 -11.7446 -18.8742
    endloop
  endfacet
  facet normal 2.1361e-19 0.671805 -0.740728
    outer loop
      vertex 23.6139 -11.7446 -18.8742
      vertex 30 -11.9445 -19.0555
      vertex 23.5194 -11.9445 -19.0555
    endloop
  endfacet
  facet normal -1.13488e-19 -0.0489119 -0.998803
    outer loop
      vertex 30 -10 -18.25
      vertex 24.5237 -9.73045 -18.2632
      vertex 30 -9.73045 -18.2632
    endloop
  endfacet
  facet normal -1.11523e-19 -0.0489119 -0.998803
    outer loop
      vertex 24.5237 -9.73045 -18.2632
      vertex 30 -10 -18.25
      vertex 24.4272 -10 -18.25
    endloop
  endfacet
  facet normal -2.52817e-18 -0.514256 -0.857637
    outer loop
      vertex 30 -8.70366 -18.5747
      vertex 24.9739 -8.47218 -18.7135
      vertex 30 -8.47218 -18.7135
    endloop
  endfacet
  facet normal -2.4872e-18 -0.514256 -0.857637
    outer loop
      vertex 24.9739 -8.47218 -18.7135
      vertex 30 -8.70366 -18.5747
      vertex 24.8911 -8.70366 -18.5747
    endloop
  endfacet
  facet normal -8.36005e-20 0.998795 0.0490688
    outer loop
      vertex 30 7.26324 -29.2695
      vertex 22 7.25 -29
      vertex 30 7.25 -29
    endloop
  endfacet
  facet normal -8.36005e-20 0.998795 0.0490688
    outer loop
      vertex 22 7.25 -29
      vertex 30 7.26324 -29.2695
      vertex 22 7.26324 -29.2695
    endloop
  endfacet
  facet normal 0 -0.595485 -0.803367
    outer loop
      vertex 23.7165 11.5278 -18.7135
      vertex 30 11.7446 -18.8742
      vertex 30 11.5278 -18.7135
    endloop
  endfacet
  facet normal -0 -0.595485 -0.803367
    outer loop
      vertex 30 11.7446 -18.8742
      vertex 23.7165 11.5278 -18.7135
      vertex 23.6139 11.7446 -18.8742
    endloop
  endfacet
  facet normal -0 0.514256 0.857637
    outer loop
      vertex 22 8.70366 -31.4253
      vertex 30 8.47218 -31.2865
      vertex 30 8.70366 -31.4253
    endloop
  endfacet
  facet normal 0 0.514256 0.857637
    outer loop
      vertex 30 8.47218 -31.2865
      vertex 22 8.70366 -31.4253
      vertex 22 8.47218 -31.2865
    endloop
  endfacet
  facet normal -2.57814e-19 0.970038 0.242954
    outer loop
      vertex 30 7.36841 -29.7983
      vertex 22 7.30284 -29.5365
      vertex 30 7.30284 -29.5365
    endloop
  endfacet
  facet normal -2.57814e-19 0.970038 0.242954
    outer loop
      vertex 22 7.30284 -29.5365
      vertex 30 7.36841 -29.7983
      vertex 22 7.36841 -29.7983
    endloop
  endfacet
  facet normal 7.84789e-19 -0.903926 0.427688
    outer loop
      vertex 22 12.4253 -30.2963
      vertex 30 12.5407 -30.0524
      vertex 22 12.5407 -30.0524
    endloop
  endfacet
  facet normal 7.84789e-19 -0.903926 0.427688
    outer loop
      vertex 30 12.5407 -30.0524
      vertex 22 12.4253 -30.2963
      vertex 30 12.4253 -30.2963
    endloop
  endfacet
  facet normal 9.20473e-19 0.740838 0.671683
    outer loop
      vertex 30 8.05546 -30.9445
      vertex 22 7.87422 -30.7446
      vertex 30 7.87422 -30.7446
    endloop
  endfacet
  facet normal 9.20473e-19 0.740838 0.671683
    outer loop
      vertex 22 7.87422 -30.7446
      vertex 30 8.05546 -30.9445
      vertex 22 8.05546 -30.9445
    endloop
  endfacet
  facet normal 0 0.740838 -0.671683
    outer loop
      vertex 25.1878 7.87422 -19.2554
      vertex 30 8.05546 -19.0555
      vertex 30 7.87422 -19.2554
    endloop
  endfacet
  facet normal 0 0.740838 -0.671683
    outer loop
      vertex 30 8.05546 -19.0555
      vertex 25.1878 7.87422 -19.2554
      vertex 25.123 8.05546 -19.0555
    endloop
  endfacet
  facet normal 0 0.427602 -0.903967
    outer loop
      vertex 24.8911 8.70366 -18.5747
      vertex 30 8.94762 -18.4593
      vertex 30 8.70366 -18.5747
    endloop
  endfacet
  facet normal 0 0.427602 -0.903967
    outer loop
      vertex 30 8.94762 -18.4593
      vertex 24.8911 8.70366 -18.5747
      vertex 24.8038 8.94762 -18.4593
    endloop
  endfacet
  facet normal -1.39519e-18 0.80326 0.595628
    outer loop
      vertex 30 7.87422 -30.7446
      vertex 22 7.71346 -30.5278
      vertex 30 7.71346 -30.5278
    endloop
  endfacet
  facet normal -1.39519e-18 0.80326 0.595628
    outer loop
      vertex 22 7.71346 -30.5278
      vertex 30 7.87422 -30.7446
      vertex 22 7.87422 -30.7446
    endloop
  endfacet
  facet normal 2.33145e-20 -0.998803 -0.0489209
    outer loop
      vertex 22 12.75 -21
      vertex 30 12.7368 -20.7305
      vertex 22 12.7368 -20.7305
    endloop
  endfacet
  facet normal 2.33145e-20 -0.998803 -0.0489209
    outer loop
      vertex 30 12.7368 -20.7305
      vertex 22 12.75 -21
      vertex 30 12.75 -21
    endloop
  endfacet
  facet normal 0 0.146737 -0.989176
    outer loop
      vertex 24.6192 9.4635 -18.3028
      vertex 30 9.73045 -18.2632
      vertex 30 9.4635 -18.3028
    endloop
  endfacet
  facet normal 0 0.146737 -0.989176
    outer loop
      vertex 30 9.73045 -18.2632
      vertex 24.6192 9.4635 -18.3028
      vertex 24.5237 9.73045 -18.2632
    endloop
  endfacet
  facet normal 0 -0.595485 0.803367
    outer loop
      vertex 22 11.7446 -31.1258
      vertex 30 11.5278 -31.2865
      vertex 30 11.7446 -31.1258
    endloop
  endfacet
  facet normal 0 -0.595485 0.803367
    outer loop
      vertex 30 11.5278 -31.2865
      vertex 22 11.7446 -31.1258
      vertex 22 11.5278 -31.2865
    endloop
  endfacet
  facet normal 0 -0.427688 0.903926
    outer loop
      vertex 22 11.2963 -31.4253
      vertex 30 11.0524 -31.5407
      vertex 30 11.2963 -31.4253
    endloop
  endfacet
  facet normal 0 -0.427688 0.903926
    outer loop
      vertex 30 11.0524 -31.5407
      vertex 22 11.2963 -31.4253
      vertex 22 11.0524 -31.5407
    endloop
  endfacet
  facet normal -1.06936e-18 0.857754 0.51406
    outer loop
      vertex 30 7.71346 -30.5278
      vertex 22 7.57472 -30.2963
      vertex 30 7.57472 -30.2963
    endloop
  endfacet
  facet normal -1.06936e-18 0.857754 0.51406
    outer loop
      vertex 22 7.57472 -30.2963
      vertex 30 7.71346 -30.5278
      vertex 22 7.71346 -30.5278
    endloop
  endfacet
  facet normal -0 0.146737 0.989176
    outer loop
      vertex 22 9.73045 -31.7368
      vertex 30 9.4635 -31.6972
      vertex 30 9.73045 -31.7368
    endloop
  endfacet
  facet normal 0 0.146737 0.989176
    outer loop
      vertex 30 9.4635 -31.6972
      vertex 22 9.73045 -31.7368
      vertex 22 9.4635 -31.6972
    endloop
  endfacet
  facet normal 5.20694e-20 -0.970012 0.243059
    outer loop
      vertex 22 12.6316 -29.7983
      vertex 30 12.6972 -29.5365
      vertex 22 12.6972 -29.5365
    endloop
  endfacet
  facet normal 5.20694e-20 -0.970012 0.243059
    outer loop
      vertex 30 12.6972 -29.5365
      vertex 22 12.6316 -29.7983
      vertex 30 12.6316 -29.7983
    endloop
  endfacet
  facet normal -3.01267e-19 -0.941566 0.336829
    outer loop
      vertex 22 12.5407 -30.0524
      vertex 30 12.6316 -29.7983
      vertex 22 12.6316 -29.7983
    endloop
  endfacet
  facet normal -3.01267e-19 -0.941566 0.336829
    outer loop
      vertex 30 12.6316 -29.7983
      vertex 22 12.5407 -30.0524
      vertex 30 12.5407 -30.0524
    endloop
  endfacet
  facet normal 0 1 -0
    outer loop
      vertex 30 7.25 -29
      vertex 22 7.25 -21
      vertex 30 7.25 -21
    endloop
  endfacet
  facet normal 0 1 0
    outer loop
      vertex 22 7.25 -21
      vertex 30 7.25 -29
      vertex 22 7.25 -29
    endloop
  endfacet
  facet normal 0 -0.671805 -0.740728
    outer loop
      vertex 23.6139 11.7446 -18.8742
      vertex 30 11.9445 -19.0555
      vertex 30 11.7446 -18.8742
    endloop
  endfacet
  facet normal -0 -0.671805 -0.740728
    outer loop
      vertex 30 11.9445 -19.0555
      vertex 23.6139 11.7446 -18.8742
      vertex 23.5194 11.9445 -19.0555
    endloop
  endfacet
  facet normal 7.78812e-19 0.903941 0.427658
    outer loop
      vertex 30 7.57472 -30.2963
      vertex 22 7.45933 -30.0524
      vertex 30 7.45933 -30.0524
    endloop
  endfacet
  facet normal 7.78812e-19 0.903941 0.427658
    outer loop
      vertex 22 7.45933 -30.0524
      vertex 30 7.57472 -30.2963
      vertex 22 7.57472 -30.2963
    endloop
  endfacet
  facet normal -9.29719e-06 -0.903828 -0.427897
    outer loop
      vertex 30 12.5407 -19.9476
      vertex 23.292 12.4253 -19.7037
      vertex 23.2827 12.4449 -19.7451
    endloop
  endfacet
  facet normal -0 -0.903947 -0.427645
    outer loop
      vertex 30 12.5407 -19.9476
      vertex 23.2827 12.4449 -19.7451
      vertex 23.2253 12.5407 -19.9476
    endloop
  endfacet
  facet normal 0 -0.903926 -0.427688
    outer loop
      vertex 23.292 12.4253 -19.7037
      vertex 30 12.5407 -19.9476
      vertex 30 12.4253 -19.7037
    endloop
  endfacet
  facet normal 0 -1 0
    outer loop
      vertex 22 12.75 -29
      vertex 30 12.75 -21
      vertex 22 12.75 -21
    endloop
  endfacet
  facet normal 0 -1 -0
    outer loop
      vertex 30 12.75 -21
      vertex 22 12.75 -29
      vertex 30 12.75 -29
    endloop
  endfacet
  facet normal 0 -0.671805 0.740728
    outer loop
      vertex 22 11.9445 -30.9445
      vertex 30 11.7446 -31.1258
      vertex 30 11.9445 -30.9445
    endloop
  endfacet
  facet normal 0 -0.671805 0.740728
    outer loop
      vertex 30 11.7446 -31.1258
      vertex 22 11.9445 -30.9445
      vertex 22 11.7446 -31.1258
    endloop
  endfacet
  facet normal 1.46826e-18 -0.857656 0.514223
    outer loop
      vertex 22 12.2865 -30.5278
      vertex 30 12.4253 -30.2963
      vertex 22 12.4253 -30.2963
    endloop
  endfacet
  facet normal 1.46826e-18 -0.857656 0.514223
    outer loop
      vertex 30 12.4253 -30.2963
      vertex 22 12.2865 -30.5278
      vertex 30 12.2865 -30.5278
    endloop
  endfacet
  facet normal -1.16227e-19 0.98918 0.14671
    outer loop
      vertex 30 7.30284 -29.5365
      vertex 22 7.26324 -29.2695
      vertex 30 7.26324 -29.2695
    endloop
  endfacet
  facet normal -1.16227e-19 0.98918 0.14671
    outer loop
      vertex 22 7.26324 -29.2695
      vertex 30 7.30284 -29.5365
      vertex 22 7.30284 -29.5365
    endloop
  endfacet
  facet normal -0 0.671695 0.740828
    outer loop
      vertex 22 8.25542 -31.1258
      vertex 30 8.05546 -30.9445
      vertex 30 8.25542 -31.1258
    endloop
  endfacet
  facet normal 0 0.671695 0.740828
    outer loop
      vertex 30 8.05546 -30.9445
      vertex 22 8.25542 -31.1258
      vertex 22 8.05546 -30.9445
    endloop
  endfacet
  facet normal 0 -0.941499 -0.337016
    outer loop
      vertex 22 12.5594 -20
      vertex 22 12.6316 -20.2017
      vertex 23.2141 12.5594 -20
    endloop
  endfacet
  facet normal 3.02412e-05 -0.941821 -0.336114
    outer loop
      vertex 30 12.6316 -20.2017
      vertex 23.2253 12.5407 -19.9476
      vertex 23.2141 12.5594 -20
    endloop
  endfacet
  facet normal -0 -0.941499 -0.337016
    outer loop
      vertex 30 12.6316 -20.2017
      vertex 23.2141 12.5594 -20
      vertex 22 12.6316 -20.2017
    endloop
  endfacet
  facet normal 0 -0.941566 -0.336829
    outer loop
      vertex 23.2253 12.5407 -19.9476
      vertex 30 12.6316 -20.2017
      vertex 30 12.5407 -19.9476
    endloop
  endfacet
  facet normal 0 -0.514223 0.857656
    outer loop
      vertex 22 11.5278 -31.2865
      vertex 30 11.2963 -31.4253
      vertex 30 11.5278 -31.2865
    endloop
  endfacet
  facet normal 0 -0.514223 0.857656
    outer loop
      vertex 30 11.2963 -31.4253
      vertex 22 11.5278 -31.2865
      vertex 22 11.2963 -31.4253
    endloop
  endfacet
  facet normal 0 -0.243059 -0.970012
    outer loop
      vertex 24.1853 10.5365 -18.3028
      vertex 30 10.7983 -18.3684
      vertex 30 10.5365 -18.3028
    endloop
  endfacet
  facet normal -0 -0.243059 -0.970012
    outer loop
      vertex 30 10.7983 -18.3684
      vertex 24.1853 10.5365 -18.3028
      vertex 24.0615 10.7983 -18.3684
    endloop
  endfacet
  facet normal -0 0.595555 0.803314
    outer loop
      vertex 22 8.47218 -31.2865
      vertex 30 8.25542 -31.1258
      vertex 30 8.47218 -31.2865
    endloop
  endfacet
  facet normal 0 0.595555 0.803314
    outer loop
      vertex 30 8.25542 -31.1258
      vertex 22 8.47218 -31.2865
      vertex 22 8.25542 -31.1258
    endloop
  endfacet
  facet normal 0 0.903941 -0.427658
    outer loop
      vertex 25.3144 7.45933 -19.9476
      vertex 30 7.57472 -19.7037
      vertex 30 7.45933 -19.9476
    endloop
  endfacet
  facet normal 0 0.903941 -0.427658
    outer loop
      vertex 30 7.57472 -19.7037
      vertex 25.3144 7.45933 -19.9476
      vertex 25.2855 7.57472 -19.7037
    endloop
  endfacet
  facet normal 0 -0.14671 0.98918
    outer loop
      vertex 22 10.5365 -31.6972
      vertex 30 10.2695 -31.7368
      vertex 30 10.5365 -31.6972
    endloop
  endfacet
  facet normal 0 -0.14671 0.98918
    outer loop
      vertex 30 10.2695 -31.7368
      vertex 22 10.5365 -31.6972
      vertex 22 10.2695 -31.7368
    endloop
  endfacet
  facet normal -2.33145e-20 -0.998803 0.0489209
    outer loop
      vertex 22 12.7368 -29.2695
      vertex 30 12.75 -29
      vertex 22 12.75 -29
    endloop
  endfacet
  facet normal -2.33145e-20 -0.998803 0.0489209
    outer loop
      vertex 30 12.75 -29
      vertex 22 12.7368 -29.2695
      vertex 30 12.7368 -29.2695
    endloop
  endfacet
  facet normal 1.16227e-19 -0.98918 0.14671
    outer loop
      vertex 22 12.6972 -29.5365
      vertex 30 12.7368 -29.2695
      vertex 22 12.7368 -29.2695
    endloop
  endfacet
  facet normal 1.16227e-19 -0.98918 0.14671
    outer loop
      vertex 30 12.7368 -29.2695
      vertex 22 12.6972 -29.5365
      vertex 30 12.6972 -29.5365
    endloop
  endfacet
  facet normal 0 0.595555 -0.803314
    outer loop
      vertex 25.0514 8.25542 -18.8742
      vertex 30 8.47218 -18.7135
      vertex 30 8.25542 -18.8742
    endloop
  endfacet
  facet normal 0 0.595555 -0.803314
    outer loop
      vertex 30 8.47218 -18.7135
      vertex 25.0514 8.25542 -18.8742
      vertex 24.9739 8.47218 -18.7135
    endloop
  endfacet
  facet normal -5.20694e-20 -0.970012 -0.243059
    outer loop
      vertex 22 12.6972 -20.4635
      vertex 30 12.6316 -20.2017
      vertex 22 12.6316 -20.2017
    endloop
  endfacet
  facet normal -5.20694e-20 -0.970012 -0.243059
    outer loop
      vertex 30 12.6316 -20.2017
      vertex 22 12.6972 -20.4635
      vertex 30 12.6972 -20.4635
    endloop
  endfacet
  facet normal -0 0.427602 0.903967
    outer loop
      vertex 22 8.94762 -31.5407
      vertex 30 8.70366 -31.4253
      vertex 30 8.94762 -31.5407
    endloop
  endfacet
  facet normal 0 0.427602 0.903967
    outer loop
      vertex 30 8.70366 -31.4253
      vertex 22 8.94762 -31.5407
      vertex 22 8.70366 -31.4253
    endloop
  endfacet
  facet normal -4.73098e-19 0.941542 0.336895
    outer loop
      vertex 30 7.45933 -30.0524
      vertex 22 7.36841 -29.7983
      vertex 30 7.36841 -29.7983
    endloop
  endfacet
  facet normal -4.73098e-19 0.941542 0.336895
    outer loop
      vertex 22 7.36841 -29.7983
      vertex 30 7.45933 -30.0524
      vertex 22 7.45933 -30.0524
    endloop
  endfacet
  facet normal -0 -0.857656 -0.514223
    outer loop
      vertex 30 12.4253 -19.7037
      vertex 23.3576 12.2865 -19.4722
      vertex 23.292 12.4253 -19.7037
    endloop
  endfacet
  facet normal 0 -0.857656 -0.514223
    outer loop
      vertex 23.3576 12.2865 -19.4722
      vertex 30 12.4253 -19.7037
      vertex 30 12.2865 -19.4722
    endloop
  endfacet
  facet normal 0 -0.336829 -0.941566
    outer loop
      vertex 24.0615 10.7983 -18.3684
      vertex 30 11.0524 -18.4593
      vertex 30 10.7983 -18.3684
    endloop
  endfacet
  facet normal -0 -0.336829 -0.941566
    outer loop
      vertex 30 11.0524 -18.4593
      vertex 24.0615 10.7983 -18.3684
      vertex 23.9413 11.0524 -18.4593
    endloop
  endfacet
  facet normal 1.16227e-19 0.98918 -0.14671
    outer loop
      vertex 30 7.26324 -20.7305
      vertex 22 7.30284 -20.4635
      vertex 30 7.30284 -20.4635
    endloop
  endfacet
  facet normal 1.16227e-19 0.98918 -0.14671
    outer loop
      vertex 22 7.30284 -20.4635
      vertex 30 7.26324 -20.7305
      vertex 22 7.26324 -20.7305
    endloop
  endfacet
  facet normal 0 -0.427688 -0.903926
    outer loop
      vertex 23.9413 11.0524 -18.4593
      vertex 30 11.2963 -18.5747
      vertex 30 11.0524 -18.4593
    endloop
  endfacet
  facet normal -0 -0.427688 -0.903926
    outer loop
      vertex 30 11.2963 -18.5747
      vertex 23.9413 11.0524 -18.4593
      vertex 23.8259 11.2963 -18.5747
    endloop
  endfacet
  facet normal 5.68662e-19 -0.803367 0.595485
    outer loop
      vertex 22 12.1258 -30.7446
      vertex 30 12.2865 -30.5278
      vertex 22 12.2865 -30.5278
    endloop
  endfacet
  facet normal 5.68662e-19 -0.803367 0.595485
    outer loop
      vertex 30 12.2865 -30.5278
      vertex 22 12.1258 -30.7446
      vertex 30 12.1258 -30.7446
    endloop
  endfacet
  facet normal 8.36005e-20 0.998795 -0.0490688
    outer loop
      vertex 30 7.25 -21
      vertex 22 7.26324 -20.7305
      vertex 30 7.26324 -20.7305
    endloop
  endfacet
  facet normal 8.36005e-20 0.998795 -0.0490688
    outer loop
      vertex 22 7.26324 -20.7305
      vertex 30 7.25 -21
      vertex 22 7.25 -21
    endloop
  endfacet
  facet normal -0 0.0489119 0.998803
    outer loop
      vertex 22 10 -31.75
      vertex 30 9.73045 -31.7368
      vertex 30 10 -31.75
    endloop
  endfacet
  facet normal 0 0.0489119 0.998803
    outer loop
      vertex 30 9.73045 -31.7368
      vertex 22 10 -31.75
      vertex 22 9.73045 -31.7368
    endloop
  endfacet
  facet normal -0 0.243076 0.970007
    outer loop
      vertex 22 9.4635 -31.6972
      vertex 30 9.20172 -31.6316
      vertex 30 9.4635 -31.6972
    endloop
  endfacet
  facet normal 0 0.243076 0.970007
    outer loop
      vertex 30 9.20172 -31.6316
      vertex 22 9.4635 -31.6972
      vertex 22 9.20172 -31.6316
    endloop
  endfacet
  facet normal 0 -0.14671 -0.98918
    outer loop
      vertex 24.3116 10.2695 -18.2632
      vertex 30 10.5365 -18.3028
      vertex 30 10.2695 -18.2632
    endloop
  endfacet
  facet normal -0 -0.14671 -0.98918
    outer loop
      vertex 30 10.5365 -18.3028
      vertex 24.3116 10.2695 -18.2632
      vertex 24.1853 10.5365 -18.3028
    endloop
  endfacet
  facet normal 0 -0.0489209 0.998803
    outer loop
      vertex 22 10.2695 -31.7368
      vertex 30 10 -31.75
      vertex 30 10.2695 -31.7368
    endloop
  endfacet
  facet normal 0 -0.0489209 0.998803
    outer loop
      vertex 30 10 -31.75
      vertex 22 10.2695 -31.7368
      vertex 22 10 -31.75
    endloop
  endfacet
  facet normal 0 0.514256 -0.857637
    outer loop
      vertex 24.9739 8.47218 -18.7135
      vertex 30 8.70366 -18.5747
      vertex 30 8.47218 -18.7135
    endloop
  endfacet
  facet normal 0 0.514256 -0.857637
    outer loop
      vertex 30 8.70366 -18.5747
      vertex 24.9739 8.47218 -18.7135
      vertex 24.8911 8.70366 -18.5747
    endloop
  endfacet
  facet normal 0 -0.336829 0.941566
    outer loop
      vertex 22 11.0524 -31.5407
      vertex 30 10.7983 -31.6316
      vertex 30 11.0524 -31.5407
    endloop
  endfacet
  facet normal 0 -0.336829 0.941566
    outer loop
      vertex 30 10.7983 -31.6316
      vertex 22 11.0524 -31.5407
      vertex 22 10.7983 -31.6316
    endloop
  endfacet
  facet normal 0 0.941595 -0.336746
    outer loop
      vertex 30 7.45933 -19.9476
      vertex 25.3191 7.44059 -20
      vertex 25.3144 7.45933 -19.9476
    endloop
  endfacet
  facet normal 1.87926e-06 0.941542 -0.336895
    outer loop
      vertex 30 7.36841 -20.2017
      vertex 25.3191 7.44059 -20
      vertex 30 7.45933 -19.9476
    endloop
  endfacet
  facet normal 0 0.941528 -0.336934
    outer loop
      vertex 22 7.36841 -20.2017
      vertex 25.3191 7.44059 -20
      vertex 30 7.36841 -20.2017
    endloop
  endfacet
  facet normal 0 0.941528 -0.336934
    outer loop
      vertex 25.3191 7.44059 -20
      vertex 22 7.36841 -20.2017
      vertex 22 7.44059 -20
    endloop
  endfacet
  facet normal -1.16227e-19 -0.98918 -0.14671
    outer loop
      vertex 22 12.7368 -20.7305
      vertex 30 12.6972 -20.4635
      vertex 22 12.6972 -20.4635
    endloop
  endfacet
  facet normal -1.16227e-19 -0.98918 -0.14671
    outer loop
      vertex 30 12.6972 -20.4635
      vertex 22 12.7368 -20.7305
      vertex 30 12.7368 -20.7305
    endloop
  endfacet
  facet normal 2.57814e-19 0.970038 -0.242954
    outer loop
      vertex 30 7.30284 -20.4635
      vertex 22 7.36841 -20.2017
      vertex 30 7.36841 -20.2017
    endloop
  endfacet
  facet normal 2.57814e-19 0.970038 -0.242954
    outer loop
      vertex 22 7.36841 -20.2017
      vertex 30 7.30284 -20.4635
      vertex 22 7.30284 -20.4635
    endloop
  endfacet
  facet normal 0 0.336829 -0.941566
    outer loop
      vertex 24.8038 8.94762 -18.4593
      vertex 30 9.20172 -18.3684
      vertex 30 8.94762 -18.4593
    endloop
  endfacet
  facet normal 0 0.336829 -0.941566
    outer loop
      vertex 30 9.20172 -18.3684
      vertex 24.8038 8.94762 -18.4593
      vertex 24.7128 9.20172 -18.3684
    endloop
  endfacet
  facet normal 0 -0.243059 0.970012
    outer loop
      vertex 22 10.7983 -31.6316
      vertex 30 10.5365 -31.6972
      vertex 30 10.7983 -31.6316
    endloop
  endfacet
  facet normal 0 -0.243059 0.970012
    outer loop
      vertex 30 10.5365 -31.6972
      vertex 22 10.7983 -31.6316
      vertex 22 10.5365 -31.6972
    endloop
  endfacet
  facet normal 0 0.857675 -0.514193
    outer loop
      vertex 30 7.71346 -19.4722
      vertex 25.2632 7.66352 -19.5555
      vertex 25.2454 7.71346 -19.4722
    endloop
  endfacet
  facet normal 0 0.857754 -0.51406
    outer loop
      vertex 25.2855 7.57472 -19.7037
      vertex 30 7.71346 -19.4722
      vertex 30 7.57472 -19.7037
    endloop
  endfacet
  facet normal -4.95776e-06 0.857799 -0.513985
    outer loop
      vertex 30 7.71346 -19.4722
      vertex 25.2855 7.57472 -19.7037
      vertex 25.2632 7.66352 -19.5555
    endloop
  endfacet
  facet normal -0 -0.803367 -0.595485
    outer loop
      vertex 30 12.2865 -19.4722
      vertex 23.4336 12.1258 -19.2554
      vertex 23.3576 12.2865 -19.4722
    endloop
  endfacet
  facet normal 0 -0.803367 -0.595485
    outer loop
      vertex 23.4336 12.1258 -19.2554
      vertex 30 12.2865 -19.4722
      vertex 30 12.1258 -19.2554
    endloop
  endfacet
  facet normal -0 0.336829 0.941566
    outer loop
      vertex 22 9.20172 -31.6316
      vertex 30 8.94762 -31.5407
      vertex 30 9.20172 -31.6316
    endloop
  endfacet
  facet normal 0 0.336829 0.941566
    outer loop
      vertex 30 8.94762 -31.5407
      vertex 22 9.20172 -31.6316
      vertex 22 8.94762 -31.5407
    endloop
  endfacet
  facet normal 0 0.80326 -0.595628
    outer loop
      vertex 25.2454 7.71346 -19.4722
      vertex 30 7.87422 -19.2554
      vertex 30 7.71346 -19.4722
    endloop
  endfacet
  facet normal 0 0.80326 -0.595628
    outer loop
      vertex 30 7.87422 -19.2554
      vertex 25.2454 7.71346 -19.4722
      vertex 25.1878 7.87422 -19.2554
    endloop
  endfacet
  facet normal 0 0.0489119 -0.998803
    outer loop
      vertex 24.5237 9.73045 -18.2632
      vertex 30 10 -18.25
      vertex 30 9.73045 -18.2632
    endloop
  endfacet
  facet normal 0 0.0489119 -0.998803
    outer loop
      vertex 30 10 -18.25
      vertex 24.5237 9.73045 -18.2632
      vertex 24.4272 10 -18.25
    endloop
  endfacet
  facet normal -3.87482e-19 -0.740728 0.671805
    outer loop
      vertex 22 11.9445 -30.9445
      vertex 30 12.1258 -30.7446
      vertex 22 12.1258 -30.7446
    endloop
  endfacet
  facet normal -3.87482e-19 -0.740728 0.671805
    outer loop
      vertex 30 12.1258 -30.7446
      vertex 22 11.9445 -30.9445
      vertex 30 11.9445 -30.9445
    endloop
  endfacet
  facet normal 0 0.243076 -0.970007
    outer loop
      vertex 24.7128 9.20172 -18.3684
      vertex 30 9.4635 -18.3028
      vertex 30 9.20172 -18.3684
    endloop
  endfacet
  facet normal 0 0.243076 -0.970007
    outer loop
      vertex 30 9.4635 -18.3028
      vertex 24.7128 9.20172 -18.3684
      vertex 24.6192 9.4635 -18.3028
    endloop
  endfacet
  facet normal -0 -0.740728 -0.671805
    outer loop
      vertex 30 12.1258 -19.2554
      vertex 23.5194 11.9445 -19.0555
      vertex 23.4336 12.1258 -19.2554
    endloop
  endfacet
  facet normal 0 -0.740728 -0.671805
    outer loop
      vertex 23.5194 11.9445 -19.0555
      vertex 30 12.1258 -19.2554
      vertex 30 11.9445 -19.0555
    endloop
  endfacet
  facet normal 0 0.671695 -0.740828
    outer loop
      vertex 25.123 8.05546 -19.0555
      vertex 30 8.25542 -18.8742
      vertex 30 8.05546 -19.0555
    endloop
  endfacet
  facet normal 0 0.671695 -0.740828
    outer loop
      vertex 30 8.25542 -18.8742
      vertex 25.123 8.05546 -19.0555
      vertex 25.0514 8.25542 -18.8742
    endloop
  endfacet
  facet normal 0 -0.0489209 -0.998803
    outer loop
      vertex 24.4272 10 -18.25
      vertex 30 10.2695 -18.2632
      vertex 30 10 -18.25
    endloop
  endfacet
  facet normal 2.99734e-05 -0.0495393 -0.998772
    outer loop
      vertex 24.3904 10.1028 -18.2551
      vertex 30 10.2695 -18.2632
      vertex 24.4272 10 -18.25
    endloop
  endfacet
  facet normal -0 -0.048533 -0.998822
    outer loop
      vertex 30 10.2695 -18.2632
      vertex 24.3904 10.1028 -18.2551
      vertex 24.3116 10.2695 -18.2632
    endloop
  endfacet
  facet normal 0 -0.514223 -0.857656
    outer loop
      vertex 23.8259 11.2963 -18.5747
      vertex 30 11.5278 -18.7135
      vertex 30 11.2963 -18.5747
    endloop
  endfacet
  facet normal -0 -0.514223 -0.857656
    outer loop
      vertex 30 11.5278 -18.7135
      vertex 23.8259 11.2963 -18.5747
      vertex 23.7165 11.5278 -18.7135
    endloop
  endfacet
  facet normal -0 0.0490821 0.998795
    outer loop
      vertex 22 17.5881 38.9711
      vertex 30 17 39
      vertex 30 17.5881 38.9711
    endloop
  endfacet
  facet normal 0 0.0490821 0.998795
    outer loop
      vertex 30 17 39
      vertex 22 17.5881 38.9711
      vertex 22 17 39
    endloop
  endfacet
  facet normal 0 -0.427612 -0.903962
    outer loop
      vertex 22 -19.8284 -38.2915
      vertex 30 -19.2961 -38.5433
      vertex 30 -19.8284 -38.2915
    endloop
  endfacet
  facet normal -0 -0.427612 -0.903962
    outer loop
      vertex 30 -19.2961 -38.5433
      vertex 22 -19.8284 -38.2915
      vertex 22 -19.2961 -38.5433
    endloop
  endfacet
  facet normal 0 -0.243015 -0.970023
    outer loop
      vertex 22 -18.7417 -38.7416
      vertex 30 -18.1705 -38.8847
      vertex 30 -18.7417 -38.7416
    endloop
  endfacet
  facet normal -0 -0.243015 -0.970023
    outer loop
      vertex 30 -18.1705 -38.8847
      vertex 22 -18.7417 -38.7416
      vertex 22 -18.1705 -38.8847
    endloop
  endfacet
  facet normal 0 -0.514121 -0.857718
    outer loop
      vertex 22 -20.3334 -37.9888
      vertex 30 -19.8284 -38.2915
      vertex 30 -20.3334 -37.9888
    endloop
  endfacet
  facet normal -0 -0.514121 -0.857718
    outer loop
      vertex 30 -19.8284 -38.2915
      vertex 22 -20.3334 -37.9888
      vertex 22 -19.8284 -38.2915
    endloop
  endfacet
  facet normal -0 0.146746 0.989174
    outer loop
      vertex 22 18.1705 38.8847
      vertex 30 17.5881 38.9711
      vertex 30 18.1705 38.8847
    endloop
  endfacet
  facet normal 0 0.146746 0.989174
    outer loop
      vertex 30 17.5881 38.9711
      vertex 22 18.1705 38.8847
      vertex 22 17.5881 38.9711
    endloop
  endfacet
  facet normal 0 -0.0490821 0.998795
    outer loop
      vertex 22 -17 39
      vertex 30 -17.5881 38.9711
      vertex 30 -17 39
    endloop
  endfacet
  facet normal 0 -0.0490821 0.998795
    outer loop
      vertex 30 -17.5881 38.9711
      vertex 22 -17 39
      vertex 22 -17.5881 38.9711
    endloop
  endfacet
  facet normal 0 -1 0
    outer loop
      vertex 22 -23 -33
      vertex 30 -23 33
      vertex 22 -23 33
    endloop
  endfacet
  facet normal 0 -1 -0
    outer loop
      vertex 30 -23 33
      vertex 22 -23 -33
      vertex 30 -23 -33
    endloop
  endfacet
  facet normal 0 -0.146746 0.989174
    outer loop
      vertex 22 -17.5881 38.9711
      vertex 30 -18.1705 38.8847
      vertex 30 -17.5881 38.9711
    endloop
  endfacet
  facet normal 0 -0.146746 0.989174
    outer loop
      vertex 30 -18.1705 38.8847
      vertex 22 -17.5881 38.9711
      vertex 22 -18.1705 38.8847
    endloop
  endfacet
  facet normal -1.59969e-20 0.998795 0.0490821
    outer loop
      vertex 30 23 33
      vertex 22 22.9711 33.5881
      vertex 30 22.9711 33.5881
    endloop
  endfacet
  facet normal -1.59969e-20 0.998795 0.0490821
    outer loop
      vertex 22 22.9711 33.5881
      vertex 30 23 33
      vertex 22 23 33
    endloop
  endfacet
  facet normal 0 0 -1
    outer loop
      vertex 22 -17 -39
      vertex 30 17 -39
      vertex 30 -17 -39
    endloop
  endfacet
  facet normal -0 0 -1
    outer loop
      vertex 30 17 -39
      vertex 22 -17 -39
      vertex 22 17 -39
    endloop
  endfacet
  facet normal 0 0.0490821 -0.998795
    outer loop
      vertex 22 17 -39
      vertex 30 17.5881 -38.9711
      vertex 30 17 -39
    endloop
  endfacet
  facet normal 0 0.0490821 -0.998795
    outer loop
      vertex 30 17.5881 -38.9711
      vertex 22 17 -39
      vertex 22 17.5881 -38.9711
    endloop
  endfacet
  facet normal 3.31876e-20 0.857718 -0.514121
    outer loop
      vertex 30 21.9888 -36.3334
      vertex 22 22.2915 -35.8284
      vertex 30 22.2915 -35.8284
    endloop
  endfacet
  facet normal 3.31876e-20 0.857718 -0.514121
    outer loop
      vertex 22 22.2915 -35.8284
      vertex 30 21.9888 -36.3334
      vertex 22 21.9888 -36.3334
    endloop
  endfacet
  facet normal -2.23996e-18 -0.740823 -0.6717
    outer loop
      vertex 22 -21.2426 -37.2426
      vertex 30 -21.6381 -36.8064
      vertex 22 -21.6381 -36.8064
    endloop
  endfacet
  facet normal -2.23996e-18 -0.740823 -0.6717
    outer loop
      vertex 30 -21.6381 -36.8064
      vertex 22 -21.2426 -37.2426
      vertex 30 -21.2426 -37.2426
    endloop
  endfacet
  facet normal 0 -0.514121 0.857718
    outer loop
      vertex 22 -19.8284 38.2915
      vertex 30 -20.3334 37.9888
      vertex 30 -19.8284 38.2915
    endloop
  endfacet
  facet normal 0 -0.514121 0.857718
    outer loop
      vertex 30 -20.3334 37.9888
      vertex 22 -19.8284 38.2915
      vertex 22 -20.3334 37.9888
    endloop
  endfacet
  facet normal -6.22145e-19 -0.989174 -0.146746
    outer loop
      vertex 22 -22.8847 -34.1705
      vertex 30 -22.9711 -33.5881
      vertex 22 -22.9711 -33.5881
    endloop
  endfacet
  facet normal -6.22145e-19 -0.989174 -0.146746
    outer loop
      vertex 30 -22.9711 -33.5881
      vertex 22 -22.8847 -34.1705
      vertex 30 -22.8847 -34.1705
    endloop
  endfacet
  facet normal -1.33097e-18 0.903962 -0.427612
    outer loop
      vertex 30 22.2915 -35.8284
      vertex 22 22.5433 -35.2961
      vertex 30 22.5433 -35.2961
    endloop
  endfacet
  facet normal -1.33097e-18 0.903962 -0.427612
    outer loop
      vertex 22 22.5433 -35.2961
      vertex 30 22.2915 -35.8284
      vertex 22 22.2915 -35.8284
    endloop
  endfacet
  facet normal 1 0 0
    outer loop
      vertex 30 -5.07515 -19.8341
      vertex 30 -7.26324 -20.7305
      vertex 30 -7.25 -21
    endloop
  endfacet
  facet normal 1 0 0
    outer loop
      vertex 30 -6.65176 -18.0946
      vertex 30 -7.30284 -20.4635
      vertex 30 -7.26324 -20.7305
    endloop
  endfacet
  facet normal 1 0 0
    outer loop
      vertex 30 -6.65176 -18.0946
      vertex 30 -7.36841 -20.2017
      vertex 30 -7.30284 -20.4635
    endloop
  endfacet
  facet normal 1 0 0
    outer loop
      vertex 30 -8.70366 -18.5747
      vertex 30 -7.05537 -17.4212
      vertex 30 -7.39104 -16.7115
    endloop
  endfacet
  facet normal 1 0 0
    outer loop
      vertex 30 -6.65176 -18.0946
      vertex 30 -7.45933 -19.9476
      vertex 30 -7.36841 -20.2017
    endloop
  endfacet
  facet normal 1 0 0
    outer loop
      vertex 30 -6.65176 -18.0946
      vertex 30 -7.57472 -19.7037
      vertex 30 -7.45933 -19.9476
    endloop
  endfacet
  facet normal 1 0 0
    outer loop
      vertex 30 -9.20172 -18.3684
      vertex 30 -7.39104 -16.7115
      vertex 30 -7.65552 -15.9723
    endloop
  endfacet
  facet normal 1 0 0
    outer loop
      vertex 30 -6.65176 -18.0946
      vertex 30 -7.71346 -19.4722
      vertex 30 -7.57472 -19.7037
    endloop
  endfacet
  facet normal 1 0 0
    outer loop
      vertex 30 -10 -18.25
      vertex 30 -7.65552 -15.9723
      vertex 30 -7.84628 -15.2107
    endloop
  endfacet
  facet normal 1 0 0
    outer loop
      vertex 30 -6.65176 -18.0946
      vertex 30 -7.87422 -19.2554
      vertex 30 -7.71346 -19.4722
    endloop
  endfacet
  facet normal 1 0 0
    outer loop
      vertex 30 -10.5365 -18.3028
      vertex 30 -7.84628 -15.2107
      vertex 30 -7.96148 -14.4341
    endloop
  endfacet
  facet normal 1 0 0
    outer loop
      vertex 30 -10.7983 -18.3684
      vertex 30 -7.96148 -14.4341
      vertex 30 -8 -13.65
    endloop
  endfacet
  facet normal 1 0 0
    outer loop
      vertex 30 -6.65176 -18.0946
      vertex 30 -8.05546 -19.0555
      vertex 30 -7.87422 -19.2554
    endloop
  endfacet
  facet normal 1 0 0
    outer loop
      vertex 30 -7.39104 16.7115
      vertex 30 -9.20172 18.3684
      vertex 30 -7.65552 15.9723
    endloop
  endfacet
  facet normal 1 -0 0
    outer loop
      vertex 30 -9.4635 18.3028
      vertex 30 -7.65552 15.9723
      vertex 30 -9.20172 18.3684
    endloop
  endfacet
  facet normal 1 0 0
    outer loop
      vertex 30 -6.65176 -18.0946
      vertex 30 -8.25542 -18.8742
      vertex 30 -8.05546 -19.0555
    endloop
  endfacet
  facet normal 1 -0 0
    outer loop
      vertex 30 -9.73045 18.2632
      vertex 30 -7.65552 15.9723
      vertex 30 -9.4635 18.3028
    endloop
  endfacet
  facet normal 1 0 0
    outer loop
      vertex 30 -7.05537 -17.4212
      vertex 30 -8.47218 -18.7135
      vertex 30 -8.25542 -18.8742
    endloop
  endfacet
  facet normal 1 -0 0
    outer loop
      vertex 30 -10 18.25
      vertex 30 -7.65552 15.9723
      vertex 30 -9.73045 18.2632
    endloop
  endfacet
  facet normal 1 0 0
    outer loop
      vertex 30 -7.05537 -17.4212
      vertex 30 -8.70366 -18.5747
      vertex 30 -8.47218 -18.7135
    endloop
  endfacet
  facet normal 1 0 0
    outer loop
      vertex 30 -7.65552 15.9723
      vertex 30 -10 18.25
      vertex 30 -7.84628 15.2107
    endloop
  endfacet
  facet normal 1 0 0
    outer loop
      vertex 30 -7.39104 -16.7115
      vertex 30 -8.94762 -18.4593
      vertex 30 -8.70366 -18.5747
    endloop
  endfacet
  facet normal 1 0 0
    outer loop
      vertex 30 -10.2695 18.2632
      vertex 30 -7.84628 15.2107
      vertex 30 -10 18.25
    endloop
  endfacet
  facet normal 1 0 0
    outer loop
      vertex 30 -7.39104 -16.7115
      vertex 30 -9.20172 -18.3684
      vertex 30 -8.94762 -18.4593
    endloop
  endfacet
  facet normal 1 0 0
    outer loop
      vertex 30 -10.5365 18.3028
      vertex 30 -7.84628 15.2107
      vertex 30 -10.2695 18.2632
    endloop
  endfacet
  facet normal 1 0 0
    outer loop
      vertex 30 -7.65552 -15.9723
      vertex 30 -9.4635 -18.3028
      vertex 30 -9.20172 -18.3684
    endloop
  endfacet
  facet normal 1 0 0
    outer loop
      vertex 30 -7.84628 15.2107
      vertex 30 -10.5365 18.3028
      vertex 30 -7.96148 14.4341
    endloop
  endfacet
  facet normal 1 0 0
    outer loop
      vertex 30 -7.65552 -15.9723
      vertex 30 -9.73045 -18.2632
      vertex 30 -9.4635 -18.3028
    endloop
  endfacet
  facet normal 1 0 0
    outer loop
      vertex 30 -10.7983 18.3684
      vertex 30 -7.96148 14.4341
      vertex 30 -10.5365 18.3028
    endloop
  endfacet
  facet normal 1 0 0
    outer loop
      vertex 30 -7.65552 -15.9723
      vertex 30 -10 -18.25
      vertex 30 -9.73045 -18.2632
    endloop
  endfacet
  facet normal 1 0 0
    outer loop
      vertex 30 -7.96148 14.4341
      vertex 30 -10.7983 18.3684
      vertex 30 -8 13.65
    endloop
  endfacet
  facet normal 1 0 0
    outer loop
      vertex 30 -7.84628 -15.2107
      vertex 30 -10.2695 -18.2632
      vertex 30 -10 -18.25
    endloop
  endfacet
  facet normal 1 0 0
    outer loop
      vertex 30 -11.0524 18.4593
      vertex 30 -8 13.65
      vertex 30 -10.7983 18.3684
    endloop
  endfacet
  facet normal 1 0 0
    outer loop
      vertex 30 -7.84628 -15.2107
      vertex 30 -10.5365 -18.3028
      vertex 30 -10.2695 -18.2632
    endloop
  endfacet
  facet normal 1 0 0
    outer loop
      vertex 30 -11.2963 18.5747
      vertex 30 -8 13.65
      vertex 30 -11.0524 18.4593
    endloop
  endfacet
  facet normal 1 0 0
    outer loop
      vertex 30 -7.96148 -14.4341
      vertex 30 -10.7983 -18.3684
      vertex 30 -10.5365 -18.3028
    endloop
  endfacet
  facet normal 1 0 0
    outer loop
      vertex 30 -11.5278 18.7135
      vertex 30 -8 13.65
      vertex 30 -11.2963 18.5747
    endloop
  endfacet
  facet normal 1 0 0
    outer loop
      vertex 30 -8 -13.65
      vertex 30 -11.0524 -18.4593
      vertex 30 -10.7983 -18.3684
    endloop
  endfacet
  facet normal 1 0 0
    outer loop
      vertex 30 -11.7446 18.8742
      vertex 30 -8 13.65
      vertex 30 -11.5278 18.7135
    endloop
  endfacet
  facet normal 1 0 0
    outer loop
      vertex 30 -8 -13.65
      vertex 30 -11.2963 -18.5747
      vertex 30 -11.0524 -18.4593
    endloop
  endfacet
  facet normal 1 0 0
    outer loop
      vertex 30 -11.9445 19.0555
      vertex 30 -8 13.65
      vertex 30 -11.7446 18.8742
    endloop
  endfacet
  facet normal 1 0 0
    outer loop
      vertex 30 -8 -13.65
      vertex 30 -11.5278 -18.7135
      vertex 30 -11.2963 -18.5747
    endloop
  endfacet
  facet normal 1 0 0
    outer loop
      vertex 30 -8 13.65
      vertex 30 -11.9445 19.0555
      vertex 30 -8 -13.65
    endloop
  endfacet
  facet normal 1 0 0
    outer loop
      vertex 30 -8 -13.65
      vertex 30 -11.7446 -18.8742
      vertex 30 -11.5278 -18.7135
    endloop
  endfacet
  facet normal 1 0 0
    outer loop
      vertex 30 -11.9445 -19.0555
      vertex 30 -8 -13.65
      vertex 30 -11.9445 19.0555
    endloop
  endfacet
  facet normal 1 0 0
    outer loop
      vertex 30 -8 -13.65
      vertex 30 -11.9445 -19.0555
      vertex 30 -11.7446 -18.8742
    endloop
  endfacet
  facet normal 1 0 0
    outer loop
      vertex 30 -12.1258 19.2554
      vertex 30 -11.9445 -19.0555
      vertex 30 -11.9445 19.0555
    endloop
  endfacet
  facet normal 1 0 0
    outer loop
      vertex 30 -12.1258 19.2554
      vertex 30 -12.1258 -19.2554
      vertex 30 -11.9445 -19.0555
    endloop
  endfacet
  facet normal 1 0 0
    outer loop
      vertex 30 -12.2865 19.4722
      vertex 30 -12.1258 -19.2554
      vertex 30 -12.1258 19.2554
    endloop
  endfacet
  facet normal 1 0 0
    outer loop
      vertex 30 -12.2865 19.4722
      vertex 30 -12.2865 -19.4722
      vertex 30 -12.1258 -19.2554
    endloop
  endfacet
  facet normal 1 0 0
    outer loop
      vertex 30 -12.4253 19.7037
      vertex 30 -12.2865 -19.4722
      vertex 30 -12.2865 19.4722
    endloop
  endfacet
  facet normal 1 0 0
    outer loop
      vertex 30 -12.4253 19.7037
      vertex 30 -12.4253 -19.7037
      vertex 30 -12.2865 -19.4722
    endloop
  endfacet
  facet normal 1 0 0
    outer loop
      vertex 30 -23 33
      vertex 30 -12.4253 19.7037
      vertex 30 -12.5407 19.9476
    endloop
  endfacet
  facet normal 1 0 0
    outer loop
      vertex 30 -12.4253 19.7037
      vertex 30 -23 33
      vertex 30 -12.4253 -19.7037
    endloop
  endfacet
  facet normal 1 0 0
    outer loop
      vertex 30 -23 33
      vertex 30 -12.5407 19.9476
      vertex 30 -12.6316 20.2017
    endloop
  endfacet
  facet normal 1 0 0
    outer loop
      vertex 30 -23 -33
      vertex 30 -12.4253 -19.7037
      vertex 30 -23 33
    endloop
  endfacet
  facet normal 1 0 0
    outer loop
      vertex 30 -23 33
      vertex 30 -12.6316 20.2017
      vertex 30 -12.6972 20.4635
    endloop
  endfacet
  facet normal 1 0 0
    outer loop
      vertex 30 -12.4253 -19.7037
      vertex 30 -23 -33
      vertex 30 -12.5407 -19.9476
    endloop
  endfacet
  facet normal 1 0 0
    outer loop
      vertex 30 -23 33
      vertex 30 -12.6972 20.4635
      vertex 30 -12.7368 20.7305
    endloop
  endfacet
  facet normal 1 0 0
    outer loop
      vertex 30 -12.5407 -19.9476
      vertex 30 -23 -33
      vertex 30 -12.6316 -20.2017
    endloop
  endfacet
  facet normal 1 0 0
    outer loop
      vertex 30 -23 33
      vertex 30 -12.7368 20.7305
      vertex 30 -12.75 21
    endloop
  endfacet
  facet normal 1 0 0
    outer loop
      vertex 30 -12.6316 -20.2017
      vertex 30 -23 -33
      vertex 30 -12.6972 -20.4635
    endloop
  endfacet
  facet normal 1 -0 0
    outer loop
      vertex 30 -7.36841 20.2017
      vertex 30 -5.65685 19.3069
      vertex 30 -7.30284 20.4635
    endloop
  endfacet
  facet normal 1 -0 0
    outer loop
      vertex 30 -7.45933 19.9476
      vertex 30 -5.65685 19.3069
      vertex 30 -7.36841 20.2017
    endloop
  endfacet
  facet normal 1 0 0
    outer loop
      vertex 30 -5.65685 19.3069
      vertex 30 -7.45933 19.9476
      vertex 30 -6.18408 18.7251
    endloop
  endfacet
  facet normal 1 -0 0
    outer loop
      vertex 30 -7.57472 19.7037
      vertex 30 -6.18408 18.7251
      vertex 30 -7.45933 19.9476
    endloop
  endfacet
  facet normal 1 -0 0
    outer loop
      vertex 30 -7.71346 19.4722
      vertex 30 -6.18408 18.7251
      vertex 30 -7.57472 19.7037
    endloop
  endfacet
  facet normal 1 0 0
    outer loop
      vertex 30 -6.18408 18.7251
      vertex 30 -7.71346 19.4722
      vertex 30 -6.65176 18.0946
    endloop
  endfacet
  facet normal 1 -0 0
    outer loop
      vertex 30 -7.87422 19.2554
      vertex 30 -6.65176 18.0946
      vertex 30 -7.71346 19.4722
    endloop
  endfacet
  facet normal 1 -0 0
    outer loop
      vertex 30 -8.05546 19.0555
      vertex 30 -6.65176 18.0946
      vertex 30 -7.87422 19.2554
    endloop
  endfacet
  facet normal 1 -0 0
    outer loop
      vertex 30 -8.25542 18.8742
      vertex 30 -6.65176 18.0946
      vertex 30 -8.05546 19.0555
    endloop
  endfacet
  facet normal 1 0 0
    outer loop
      vertex 30 -6.65176 18.0946
      vertex 30 -8.25542 18.8742
      vertex 30 -7.05537 17.4212
    endloop
  endfacet
  facet normal 1 -0 0
    outer loop
      vertex 30 -8.47218 18.7135
      vertex 30 -7.05537 17.4212
      vertex 30 -8.25542 18.8742
    endloop
  endfacet
  facet normal 1 -0 0
    outer loop
      vertex 30 -8.70366 18.5747
      vertex 30 -7.05537 17.4212
      vertex 30 -8.47218 18.7135
    endloop
  endfacet
  facet normal 1 0 0
    outer loop
      vertex 30 -7.05537 17.4212
      vertex 30 -8.70366 18.5747
      vertex 30 -7.39104 16.7115
    endloop
  endfacet
  facet normal 1 -0 0
    outer loop
      vertex 30 -9.20172 18.3684
      vertex 30 -7.39104 16.7115
      vertex 30 -8.94762 18.4593
    endloop
  endfacet
  facet normal 1 -0 0
    outer loop
      vertex 30 -8.94762 18.4593
      vertex 30 -7.39104 16.7115
      vertex 30 -8.70366 18.5747
    endloop
  endfacet
  facet normal 1 0 0
    outer loop
      vertex 30 12.6316 20.2017
      vertex 30 23 33
      vertex 30 12.6972 20.4635
    endloop
  endfacet
  facet normal 1 0 0
    outer loop
      vertex 30 23 -33
      vertex 30 12.7368 -20.7305
      vertex 30 12.75 -21
    endloop
  endfacet
  facet normal 1 0 0
    outer loop
      vertex 30 12.5407 19.9476
      vertex 30 23 33
      vertex 30 12.6316 20.2017
    endloop
  endfacet
  facet normal 1 0 0
    outer loop
      vertex 30 23 -33
      vertex 30 12.6972 -20.4635
      vertex 30 12.7368 -20.7305
    endloop
  endfacet
  facet normal 1 0 0
    outer loop
      vertex 30 12.4253 19.7037
      vertex 30 23 33
      vertex 30 12.5407 19.9476
    endloop
  endfacet
  facet normal 1 0 0
    outer loop
      vertex 30 23 -33
      vertex 30 12.6316 -20.2017
      vertex 30 12.6972 -20.4635
    endloop
  endfacet
  facet normal 1 0 0
    outer loop
      vertex 30 23 33
      vertex 30 12.4253 19.7037
      vertex 30 23 -33
    endloop
  endfacet
  facet normal 1 0 0
    outer loop
      vertex 30 23 -33
      vertex 30 12.5407 -19.9476
      vertex 30 12.6316 -20.2017
    endloop
  endfacet
  facet normal 1 -0 0
    outer loop
      vertex 30 12.4253 -19.7037
      vertex 30 23 -33
      vertex 30 12.4253 19.7037
    endloop
  endfacet
  facet normal 1 0 0
    outer loop
      vertex 30 23 -33
      vertex 30 12.4253 -19.7037
      vertex 30 12.5407 -19.9476
    endloop
  endfacet
  facet normal 1 -0 0
    outer loop
      vertex 30 12.2865 19.4722
      vertex 30 12.4253 -19.7037
      vertex 30 12.4253 19.7037
    endloop
  endfacet
  facet normal 1 0 0
    outer loop
      vertex 30 12.2865 19.4722
      vertex 30 12.2865 -19.4722
      vertex 30 12.4253 -19.7037
    endloop
  endfacet
  facet normal 1 -0 0
    outer loop
      vertex 30 12.1258 19.2554
      vertex 30 12.2865 -19.4722
      vertex 30 12.2865 19.4722
    endloop
  endfacet
  facet normal 1 0 0
    outer loop
      vertex 30 12.1258 19.2554
      vertex 30 12.1258 -19.2554
      vertex 30 12.2865 -19.4722
    endloop
  endfacet
  facet normal 1 -0 0
    outer loop
      vertex 30 11.9445 19.0555
      vertex 30 12.1258 -19.2554
      vertex 30 12.1258 19.2554
    endloop
  endfacet
  facet normal 1 0 0
    outer loop
      vertex 30 11.9445 19.0555
      vertex 30 11.9445 -19.0555
      vertex 30 12.1258 -19.2554
    endloop
  endfacet
  facet normal 1 0 0
    outer loop
      vertex 30 8 13.65
      vertex 30 11.9445 19.0555
      vertex 30 11.7446 18.8742
    endloop
  endfacet
  facet normal 1 0 0
    outer loop
      vertex 30 11.9445 19.0555
      vertex 30 8 13.65
      vertex 30 11.9445 -19.0555
    endloop
  endfacet
  facet normal 1 0 0
    outer loop
      vertex 30 8 13.65
      vertex 30 11.7446 18.8742
      vertex 30 11.5278 18.7135
    endloop
  endfacet
  facet normal 1 -0 0
    outer loop
      vertex 30 8 -13.65
      vertex 30 11.9445 -19.0555
      vertex 30 8 13.65
    endloop
  endfacet
  facet normal 1 0 0
    outer loop
      vertex 30 8 13.65
      vertex 30 11.5278 18.7135
      vertex 30 11.2963 18.5747
    endloop
  endfacet
  facet normal 1 0 0
    outer loop
      vertex 30 11.9445 -19.0555
      vertex 30 8 -13.65
      vertex 30 11.7446 -18.8742
    endloop
  endfacet
  facet normal 1 0 0
    outer loop
      vertex 30 8 13.65
      vertex 30 11.2963 18.5747
      vertex 30 11.0524 18.4593
    endloop
  endfacet
  facet normal 1 0 0
    outer loop
      vertex 30 11.7446 -18.8742
      vertex 30 8 -13.65
      vertex 30 11.5278 -18.7135
    endloop
  endfacet
  facet normal 1 0 0
    outer loop
      vertex 30 8 13.65
      vertex 30 11.0524 18.4593
      vertex 30 10.7983 18.3684
    endloop
  endfacet
  facet normal 1 0 0
    outer loop
      vertex 30 11.5278 -18.7135
      vertex 30 8 -13.65
      vertex 30 11.2963 -18.5747
    endloop
  endfacet
  facet normal 1 0 0
    outer loop
      vertex 30 7.96148 14.4341
      vertex 30 10.7983 18.3684
      vertex 30 10.5365 18.3028
    endloop
  endfacet
  facet normal 1 0 0
    outer loop
      vertex 30 11.2963 -18.5747
      vertex 30 8 -13.65
      vertex 30 11.0524 -18.4593
    endloop
  endfacet
  facet normal 1 0 0
    outer loop
      vertex 30 7.84628 15.2107
      vertex 30 10.5365 18.3028
      vertex 30 10.2695 18.2632
    endloop
  endfacet
  facet normal 1 0 0
    outer loop
      vertex 30 11.0524 -18.4593
      vertex 30 8 -13.65
      vertex 30 10.7983 -18.3684
    endloop
  endfacet
  facet normal 1 0 0
    outer loop
      vertex 30 7.84628 15.2107
      vertex 30 10.2695 18.2632
      vertex 30 10 18.25
    endloop
  endfacet
  facet normal 1 -0 0
    outer loop
      vertex 30 7.96148 -14.4341
      vertex 30 10.7983 -18.3684
      vertex 30 8 -13.65
    endloop
  endfacet
  facet normal 1 0 0
    outer loop
      vertex 30 7.65552 15.9723
      vertex 30 10 18.25
      vertex 30 9.73045 18.2632
    endloop
  endfacet
  facet normal 1 0 0
    outer loop
      vertex 30 10.7983 -18.3684
      vertex 30 7.96148 -14.4341
      vertex 30 10.5365 -18.3028
    endloop
  endfacet
  facet normal 1 0 0
    outer loop
      vertex 30 7.65552 15.9723
      vertex 30 9.73045 18.2632
      vertex 30 9.4635 18.3028
    endloop
  endfacet
  facet normal 1 -0 0
    outer loop
      vertex 30 7.84628 -15.2107
      vertex 30 10.5365 -18.3028
      vertex 30 7.96148 -14.4341
    endloop
  endfacet
  facet normal 1 0 0
    outer loop
      vertex 30 7.65552 15.9723
      vertex 30 9.4635 18.3028
      vertex 30 9.20172 18.3684
    endloop
  endfacet
  facet normal 1 0 0
    outer loop
      vertex 30 10.5365 -18.3028
      vertex 30 7.84628 -15.2107
      vertex 30 10.2695 -18.2632
    endloop
  endfacet
  facet normal 1 0 0
    outer loop
      vertex 30 7.39104 16.7115
      vertex 30 9.20172 18.3684
      vertex 30 8.94762 18.4593
    endloop
  endfacet
  facet normal 1 0 0
    outer loop
      vertex 30 10.2695 -18.2632
      vertex 30 7.84628 -15.2107
      vertex 30 10 -18.25
    endloop
  endfacet
  facet normal 1 0 0
    outer loop
      vertex 30 7.39104 16.7115
      vertex 30 8.94762 18.4593
      vertex 30 8.70366 18.5747
    endloop
  endfacet
  facet normal 1 -0 0
    outer loop
      vertex 30 7.65552 -15.9723
      vertex 30 10 -18.25
      vertex 30 7.84628 -15.2107
    endloop
  endfacet
  facet normal 1 0 0
    outer loop
      vertex 30 7.05537 17.4212
      vertex 30 8.70366 18.5747
      vertex 30 8.47218 18.7135
    endloop
  endfacet
  facet normal 1 0 0
    outer loop
      vertex 30 10 -18.25
      vertex 30 7.65552 -15.9723
      vertex 30 9.73045 -18.2632
    endloop
  endfacet
  facet normal 1 0 0
    outer loop
      vertex 30 7.05537 17.4212
      vertex 30 8.47218 18.7135
      vertex 30 8.25542 18.8742
    endloop
  endfacet
  facet normal 1 0 0
    outer loop
      vertex 30 9.73045 -18.2632
      vertex 30 7.65552 -15.9723
      vertex 30 9.4635 -18.3028
    endloop
  endfacet
  facet normal 1 0 0
    outer loop
      vertex 30 6.65176 18.0946
      vertex 30 8.25542 18.8742
      vertex 30 8.05546 19.0555
    endloop
  endfacet
  facet normal 1 0 0
    outer loop
      vertex 30 9.4635 -18.3028
      vertex 30 7.65552 -15.9723
      vertex 30 9.20172 -18.3684
    endloop
  endfacet
  facet normal 1 -0 0
    outer loop
      vertex 30 7.39104 -16.7115
      vertex 30 9.20172 -18.3684
      vertex 30 7.65552 -15.9723
    endloop
  endfacet
  facet normal 1 0 0
    outer loop
      vertex 30 10.7983 18.3684
      vertex 30 7.96148 14.4341
      vertex 30 8 13.65
    endloop
  endfacet
  facet normal 1 0 0
    outer loop
      vertex 30 6.65176 18.0946
      vertex 30 8.05546 19.0555
      vertex 30 7.87422 19.2554
    endloop
  endfacet
  facet normal 1 0 0
    outer loop
      vertex 30 10.5365 18.3028
      vertex 30 7.84628 15.2107
      vertex 30 7.96148 14.4341
    endloop
  endfacet
  facet normal 1 0 0
    outer loop
      vertex 30 6.65176 18.0946
      vertex 30 7.87422 19.2554
      vertex 30 7.71346 19.4722
    endloop
  endfacet
  facet normal 1 0 0
    outer loop
      vertex 30 10 18.25
      vertex 30 7.65552 15.9723
      vertex 30 7.84628 15.2107
    endloop
  endfacet
  facet normal 1 0 0
    outer loop
      vertex 30 6.18408 18.7251
      vertex 30 7.71346 19.4722
      vertex 30 7.57472 19.7037
    endloop
  endfacet
  facet normal 1 0 0
    outer loop
      vertex 30 6.18408 18.7251
      vertex 30 7.57472 19.7037
      vertex 30 7.45933 19.9476
    endloop
  endfacet
  facet normal 1 0 0
    outer loop
      vertex 30 9.20172 18.3684
      vertex 30 7.39104 16.7115
      vertex 30 7.65552 15.9723
    endloop
  endfacet
  facet normal 1 0 0
    outer loop
      vertex 30 5.65685 19.3069
      vertex 30 7.45933 19.9476
      vertex 30 7.36841 20.2017
    endloop
  endfacet
  facet normal 1 0 0
    outer loop
      vertex 30 5.65685 19.3069
      vertex 30 7.36841 20.2017
      vertex 30 7.30284 20.4635
    endloop
  endfacet
  facet normal 1 0 0
    outer loop
      vertex 30 5.07515 19.8341
      vertex 30 7.30284 20.4635
      vertex 30 7.26324 20.7305
    endloop
  endfacet
  facet normal 1 0 0
    outer loop
      vertex 30 5.07515 19.8341
      vertex 30 7.26324 20.7305
      vertex 30 7.25 21
    endloop
  endfacet
  facet normal 1 0 0
    outer loop
      vertex 30 8.70366 18.5747
      vertex 30 7.05537 17.4212
      vertex 30 7.39104 16.7115
    endloop
  endfacet
  facet normal 1 0 0
    outer loop
      vertex 30 12.4253 30.2963
      vertex 30 23 33
      vertex 30 22.9711 33.5881
    endloop
  endfacet
  facet normal 1 0 0
    outer loop
      vertex 30 12.7368 20.7305
      vertex 30 23 33
      vertex 30 12.75 21
    endloop
  endfacet
  facet normal 1 0 0
    outer loop
      vertex 30 12.4253 30.2963
      vertex 30 22.9711 33.5881
      vertex 30 22.8847 34.1705
    endloop
  endfacet
  facet normal 1 0 0
    outer loop
      vertex 30 12.6972 20.4635
      vertex 30 23 33
      vertex 30 12.7368 20.7305
    endloop
  endfacet
  facet normal 1 0 0
    outer loop
      vertex 30 12.4253 30.2963
      vertex 30 22.8847 34.1705
      vertex 30 22.7416 34.7417
    endloop
  endfacet
  facet normal 1 -0 0
    outer loop
      vertex 30 12.75 -29
      vertex 30 23 -33
      vertex 30 12.75 -21
    endloop
  endfacet
  facet normal 1 0 0
    outer loop
      vertex 30 12.4253 30.2963
      vertex 30 22.7416 34.7417
      vertex 30 22.5433 35.2961
    endloop
  endfacet
  facet normal 1 -0 0
    outer loop
      vertex 30 12.7368 -29.2695
      vertex 30 23 -33
      vertex 30 12.75 -29
    endloop
  endfacet
  facet normal 1 0 0
    outer loop
      vertex 30 12.4253 30.2963
      vertex 30 22.5433 35.2961
      vertex 30 22.2915 35.8284
    endloop
  endfacet
  facet normal 1 -0 0
    outer loop
      vertex 30 12.6972 -29.5365
      vertex 30 23 -33
      vertex 30 12.7368 -29.2695
    endloop
  endfacet
  facet normal 1 0 0
    outer loop
      vertex 30 12.4253 30.2963
      vertex 30 22.2915 35.8284
      vertex 30 21.9888 36.3334
    endloop
  endfacet
  facet normal 1 -0 0
    outer loop
      vertex 30 12.6316 -29.7983
      vertex 30 23 -33
      vertex 30 12.6972 -29.5365
    endloop
  endfacet
  facet normal 1 0 0
    outer loop
      vertex 30 12.4253 30.2963
      vertex 30 21.9888 36.3334
      vertex 30 21.6381 36.8064
    endloop
  endfacet
  facet normal 1 -0 0
    outer loop
      vertex 30 12.5407 -30.0524
      vertex 30 23 -33
      vertex 30 12.6316 -29.7983
    endloop
  endfacet
  facet normal 1 0 0
    outer loop
      vertex 30 12.4253 30.2963
      vertex 30 21.6381 36.8064
      vertex 30 21.2426 37.2426
    endloop
  endfacet
  facet normal 1 -0 0
    outer loop
      vertex 30 12.4253 -30.2963
      vertex 30 23 -33
      vertex 30 12.5407 -30.0524
    endloop
  endfacet
  facet normal 1 0 0
    outer loop
      vertex 30 12.4253 30.2963
      vertex 30 21.2426 37.2426
      vertex 30 20.8064 37.6381
    endloop
  endfacet
  facet normal 1 0 0
    outer loop
      vertex 30 23 -33
      vertex 30 12.4253 -30.2963
      vertex 30 22.9711 -33.5881
    endloop
  endfacet
  facet normal 1 0 0
    outer loop
      vertex 30 12.4253 30.2963
      vertex 30 20.8064 37.6381
      vertex 30 20.3334 37.9888
    endloop
  endfacet
  facet normal 1 0 0
    outer loop
      vertex 30 22.9711 -33.5881
      vertex 30 12.4253 -30.2963
      vertex 30 22.8847 -34.1705
    endloop
  endfacet
  facet normal 1 0 0
    outer loop
      vertex 30 12.4253 30.2963
      vertex 30 20.3334 37.9888
      vertex 30 19.8284 38.2915
    endloop
  endfacet
  facet normal 1 0 0
    outer loop
      vertex 30 22.8847 -34.1705
      vertex 30 12.4253 -30.2963
      vertex 30 22.7416 -34.7417
    endloop
  endfacet
  facet normal 1 0 0
    outer loop
      vertex 30 12.4253 30.2963
      vertex 30 19.8284 38.2915
      vertex 30 19.2961 38.5433
    endloop
  endfacet
  facet normal 1 0 0
    outer loop
      vertex 30 22.7416 -34.7417
      vertex 30 12.4253 -30.2963
      vertex 30 22.5433 -35.2961
    endloop
  endfacet
  facet normal 1 0 0
    outer loop
      vertex 30 12.2865 30.5278
      vertex 30 19.2961 38.5433
      vertex 30 18.7417 38.7416
    endloop
  endfacet
  facet normal 1 0 0
    outer loop
      vertex 30 22.5433 -35.2961
      vertex 30 12.4253 -30.2963
      vertex 30 22.2915 -35.8284
    endloop
  endfacet
  facet normal 1 0 0
    outer loop
      vertex 30 12.2865 30.5278
      vertex 30 18.7417 38.7416
      vertex 30 18.1705 38.8847
    endloop
  endfacet
  facet normal 1 0 0
    outer loop
      vertex 30 22.2915 -35.8284
      vertex 30 12.4253 -30.2963
      vertex 30 21.9888 -36.3334
    endloop
  endfacet
  facet normal 1 0 0
    outer loop
      vertex 30 12.2865 30.5278
      vertex 30 18.1705 38.8847
      vertex 30 17.5881 38.9711
    endloop
  endfacet
  facet normal 1 0 0
    outer loop
      vertex 30 21.9888 -36.3334
      vertex 30 12.4253 -30.2963
      vertex 30 21.6381 -36.8064
    endloop
  endfacet
  facet normal 1 0 0
    outer loop
      vertex 30 12.2865 30.5278
      vertex 30 17.5881 38.9711
      vertex 30 17 39
    endloop
  endfacet
  facet normal 1 0 0
    outer loop
      vertex 30 21.6381 -36.8064
      vertex 30 12.4253 -30.2963
      vertex 30 21.2426 -37.2426
    endloop
  endfacet
  facet normal 1 0 0
    outer loop
      vertex 30 23 33
      vertex 30 12.75 29
      vertex 30 12.75 21
    endloop
  endfacet
  facet normal 1 0 0
    outer loop
      vertex 30 23 33
      vertex 30 12.7368 29.2695
      vertex 30 12.75 29
    endloop
  endfacet
  facet normal 1 0 0
    outer loop
      vertex 30 23 33
      vertex 30 12.6972 29.5365
      vertex 30 12.7368 29.2695
    endloop
  endfacet
  facet normal 1 0 0
    outer loop
      vertex 30 23 33
      vertex 30 12.6316 29.7983
      vertex 30 12.6972 29.5365
    endloop
  endfacet
  facet normal 1 0 0
    outer loop
      vertex 30 23 33
      vertex 30 12.5407 30.0524
      vertex 30 12.6316 29.7983
    endloop
  endfacet
  facet normal 1 0 0
    outer loop
      vertex 30 23 33
      vertex 30 12.4253 30.2963
      vertex 30 12.5407 30.0524
    endloop
  endfacet
  facet normal 1 0 0
    outer loop
      vertex 30 19.2961 38.5433
      vertex 30 12.2865 30.5278
      vertex 30 12.4253 30.2963
    endloop
  endfacet
  facet normal 1 0 0
    outer loop
      vertex 30 17 39
      vertex 30 12.1258 30.7446
      vertex 30 12.2865 30.5278
    endloop
  endfacet
  facet normal 1 0 0
    outer loop
      vertex 30 17 39
      vertex 30 11.9445 30.9445
      vertex 30 12.1258 30.7446
    endloop
  endfacet
  facet normal 1 0 0
    outer loop
      vertex 30 17 39
      vertex 30 11.7446 31.1258
      vertex 30 11.9445 30.9445
    endloop
  endfacet
  facet normal 1 0 0
    outer loop
      vertex 30 17 39
      vertex 30 11.5278 31.2865
      vertex 30 11.7446 31.1258
    endloop
  endfacet
  facet normal 1 0 0
    outer loop
      vertex 30 17 39
      vertex 30 11.2963 31.4253
      vertex 30 11.5278 31.2865
    endloop
  endfacet
  facet normal 1 0 0
    outer loop
      vertex 30 17 39
      vertex 30 11.0524 31.5407
      vertex 30 11.2963 31.4253
    endloop
  endfacet
  facet normal 1 0 0
    outer loop
      vertex 30 17 39
      vertex 30 10.7983 31.6316
      vertex 30 11.0524 31.5407
    endloop
  endfacet
  facet normal 1 0 0
    outer loop
      vertex 30 17 39
      vertex 30 10.5365 31.6972
      vertex 30 10.7983 31.6316
    endloop
  endfacet
  facet normal 1 0 0
    outer loop
      vertex 30 17 39
      vertex 30 10.2695 31.7368
      vertex 30 10.5365 31.6972
    endloop
  endfacet
  facet normal 1 0 0
    outer loop
      vertex 30 17 39
      vertex 30 10 31.75
      vertex 30 10.2695 31.7368
    endloop
  endfacet
  facet normal 1 0 0
    outer loop
      vertex 30 17 39
      vertex 30 9.73045 31.7368
      vertex 30 10 31.75
    endloop
  endfacet
  facet normal 1 0 0
    outer loop
      vertex 30 17 39
      vertex 30 9.4635 31.6972
      vertex 30 9.73045 31.7368
    endloop
  endfacet
  facet normal 1 0 0
    outer loop
      vertex 30 17 39
      vertex 30 9.20172 31.6316
      vertex 30 9.4635 31.6972
    endloop
  endfacet
  facet normal 1 0 0
    outer loop
      vertex 30 17 39
      vertex 30 8.94762 31.5407
      vertex 30 9.20172 31.6316
    endloop
  endfacet
  facet normal 1 0 0
    outer loop
      vertex 30 17 39
      vertex 30 8.70366 31.4253
      vertex 30 8.94762 31.5407
    endloop
  endfacet
  facet normal 1 0 0
    outer loop
      vertex 30 -8.70366 31.4253
      vertex 30 8.70366 31.4253
      vertex 30 17 39
    endloop
  endfacet
  facet normal 1 0 0
    outer loop
      vertex 30 8.70366 31.4253
      vertex 30 -8.70366 31.4253
      vertex 30 8.47218 31.2865
    endloop
  endfacet
  facet normal 1 -0 0
    outer loop
      vertex 30 3.06147 21.041
      vertex 30 7.25 21
      vertex 30 7.25 29
    endloop
  endfacet
  facet normal 1 0 0
    outer loop
      vertex 30 8.25542 18.8742
      vertex 30 6.65176 18.0946
      vertex 30 7.05537 17.4212
    endloop
  endfacet
  facet normal 1 0 0
    outer loop
      vertex 30 -7.25 29
      vertex 30 7.25 29
      vertex 30 7.26324 29.2695
    endloop
  endfacet
  facet normal 1 0 0
    outer loop
      vertex 30 7.71346 19.4722
      vertex 30 6.18408 18.7251
      vertex 30 6.65176 18.0946
    endloop
  endfacet
  facet normal 1 0 0
    outer loop
      vertex 30 7.45933 19.9476
      vertex 30 5.65685 19.3069
      vertex 30 6.18408 18.7251
    endloop
  endfacet
  facet normal 1 0 0
    outer loop
      vertex 30 -7.26324 29.2695
      vertex 30 7.26324 29.2695
      vertex 30 7.30284 29.5365
    endloop
  endfacet
  facet normal 1 0 0
    outer loop
      vertex 30 7.30284 20.4635
      vertex 30 5.07515 19.8341
      vertex 30 5.65685 19.3069
    endloop
  endfacet
  facet normal 1 0 0
    outer loop
      vertex 30 7.25 21
      vertex 30 4.44456 20.3018
      vertex 30 5.07515 19.8341
    endloop
  endfacet
  facet normal 1 0 0
    outer loop
      vertex 30 -7.30284 29.5365
      vertex 30 7.30284 29.5365
      vertex 30 7.36841 29.7983
    endloop
  endfacet
  facet normal 1 0 0
    outer loop
      vertex 30 7.25 21
      vertex 30 3.77117 20.7054
      vertex 30 4.44456 20.3018
    endloop
  endfacet
  facet normal 1 0 0
    outer loop
      vertex 30 -7.36841 29.7983
      vertex 30 7.36841 29.7983
      vertex 30 7.45933 30.0524
    endloop
  endfacet
  facet normal 1 0 0
    outer loop
      vertex 30 7.25 21
      vertex 30 3.06147 21.041
      vertex 30 3.77117 20.7054
    endloop
  endfacet
  facet normal 1 0 0
    outer loop
      vertex 30 -7.45933 30.0524
      vertex 30 7.45933 30.0524
      vertex 30 7.57472 30.2963
    endloop
  endfacet
  facet normal 1 0 0
    outer loop
      vertex 30 7.25 29
      vertex 30 2.32228 21.3055
      vertex 30 3.06147 21.041
    endloop
  endfacet
  facet normal 1 0 0
    outer loop
      vertex 30 7.25 29
      vertex 30 1.56072 21.4963
      vertex 30 2.32228 21.3055
    endloop
  endfacet
  facet normal 1 0 0
    outer loop
      vertex 30 -7.57472 30.2963
      vertex 30 7.57472 30.2963
      vertex 30 7.71346 30.5278
    endloop
  endfacet
  facet normal 1 0 0
    outer loop
      vertex 30 7.25 29
      vertex 30 0.784137 21.6115
      vertex 30 1.56072 21.4963
    endloop
  endfacet
  facet normal 1 0 0
    outer loop
      vertex 30 -7.71346 30.5278
      vertex 30 7.71346 30.5278
      vertex 30 7.87422 30.7446
    endloop
  endfacet
  facet normal 1 0 0
    outer loop
      vertex 30 7.25 29
      vertex 30 0 21.65
      vertex 30 0.784137 21.6115
    endloop
  endfacet
  facet normal 1 0 0
    outer loop
      vertex 30 7.25 29
      vertex 30 -7.25 29
      vertex 30 0 21.65
    endloop
  endfacet
  facet normal 1 0 0
    outer loop
      vertex 30 -7.87422 30.7446
      vertex 30 7.87422 30.7446
      vertex 30 8.05546 30.9445
    endloop
  endfacet
  facet normal 1 0 0
    outer loop
      vertex 30 0 21.65
      vertex 30 -7.25 29
      vertex 30 -0.784137 21.6115
    endloop
  endfacet
  facet normal 1 0 0
    outer loop
      vertex 30 -0.784137 21.6115
      vertex 30 -7.25 29
      vertex 30 -1.56072 21.4963
    endloop
  endfacet
  facet normal 1 0 0
    outer loop
      vertex 30 -1.56072 21.4963
      vertex 30 -7.25 29
      vertex 30 -2.32228 21.3055
    endloop
  endfacet
  facet normal 1 0 0
    outer loop
      vertex 30 -8.05546 30.9445
      vertex 30 8.05546 30.9445
      vertex 30 8.25542 31.1258
    endloop
  endfacet
  facet normal 1 0 -0
    outer loop
      vertex 30 -8.47218 31.2865
      vertex 30 8.47218 31.2865
      vertex 30 -8.70366 31.4253
    endloop
  endfacet
  facet normal 1 0 0
    outer loop
      vertex 30 7.26324 29.2695
      vertex 30 -7.26324 29.2695
      vertex 30 -7.25 29
    endloop
  endfacet
  facet normal 1 0 0
    outer loop
      vertex 30 -7.25 21
      vertex 30 -3.06147 21.041
      vertex 30 -7.25 29
    endloop
  endfacet
  facet normal 1 0 0
    outer loop
      vertex 30 -3.06147 21.041
      vertex 30 -7.25 21
      vertex 30 -3.77117 20.7054
    endloop
  endfacet
  facet normal 1 0 0
    outer loop
      vertex 30 -5.07515 19.8341
      vertex 30 -7.30284 20.4635
      vertex 30 -5.65685 19.3069
    endloop
  endfacet
  facet normal 1 -0 0
    outer loop
      vertex 30 -7.30284 20.4635
      vertex 30 -5.07515 19.8341
      vertex 30 -7.26324 20.7305
    endloop
  endfacet
  facet normal 1 -0 0
    outer loop
      vertex 30 -7.26324 20.7305
      vertex 30 -5.07515 19.8341
      vertex 30 -7.25 21
    endloop
  endfacet
  facet normal 1 0 0
    outer loop
      vertex 30 -4.44456 20.3018
      vertex 30 -7.25 21
      vertex 30 -5.07515 19.8341
    endloop
  endfacet
  facet normal 1 0 0
    outer loop
      vertex 30 -3.77117 20.7054
      vertex 30 -7.25 21
      vertex 30 -4.44456 20.3018
    endloop
  endfacet
  facet normal 1 0 0
    outer loop
      vertex 30 -2.32228 21.3055
      vertex 30 -7.25 29
      vertex 30 -3.06147 21.041
    endloop
  endfacet
  facet normal 1 0 0
    outer loop
      vertex 30 7.30284 29.5365
      vertex 30 -7.30284 29.5365
      vertex 30 -7.26324 29.2695
    endloop
  endfacet
  facet normal 1 0 0
    outer loop
      vertex 30 7.36841 29.7983
      vertex 30 -7.36841 29.7983
      vertex 30 -7.30284 29.5365
    endloop
  endfacet
  facet normal 1 0 0
    outer loop
      vertex 30 7.45933 30.0524
      vertex 30 -7.45933 30.0524
      vertex 30 -7.36841 29.7983
    endloop
  endfacet
  facet normal 1 0 0
    outer loop
      vertex 30 7.57472 30.2963
      vertex 30 -7.57472 30.2963
      vertex 30 -7.45933 30.0524
    endloop
  endfacet
  facet normal 1 0 0
    outer loop
      vertex 30 7.71346 30.5278
      vertex 30 -7.71346 30.5278
      vertex 30 -7.57472 30.2963
    endloop
  endfacet
  facet normal 1 0 0
    outer loop
      vertex 30 7.87422 30.7446
      vertex 30 -7.87422 30.7446
      vertex 30 -7.71346 30.5278
    endloop
  endfacet
  facet normal 1 0 0
    outer loop
      vertex 30 8.05546 30.9445
      vertex 30 -8.05546 30.9445
      vertex 30 -7.87422 30.7446
    endloop
  endfacet
  facet normal 1 0 0
    outer loop
      vertex 30 8.25542 31.1258
      vertex 30 -8.25542 31.1258
      vertex 30 -8.05546 30.9445
    endloop
  endfacet
  facet normal 1 0 0
    outer loop
      vertex 30 8.25542 31.1258
      vertex 30 -8.47218 31.2865
      vertex 30 -8.25542 31.1258
    endloop
  endfacet
  facet normal 1 0 0
    outer loop
      vertex 30 8.47218 31.2865
      vertex 30 -8.47218 31.2865
      vertex 30 8.25542 31.1258
    endloop
  endfacet
  facet normal 1 -0 0
    outer loop
      vertex 30 -17 39
      vertex 30 -8.70366 31.4253
      vertex 30 17 39
    endloop
  endfacet
  facet normal 1 0 0
    outer loop
      vertex 30 -8.70366 31.4253
      vertex 30 -17 39
      vertex 30 -8.94762 31.5407
    endloop
  endfacet
  facet normal 1 0 0
    outer loop
      vertex 30 -8.94762 31.5407
      vertex 30 -17 39
      vertex 30 -9.20172 31.6316
    endloop
  endfacet
  facet normal 1 0 0
    outer loop
      vertex 30 -9.20172 31.6316
      vertex 30 -17 39
      vertex 30 -9.4635 31.6972
    endloop
  endfacet
  facet normal 1 0 0
    outer loop
      vertex 30 -9.4635 31.6972
      vertex 30 -17 39
      vertex 30 -9.73045 31.7368
    endloop
  endfacet
  facet normal 1 0 0
    outer loop
      vertex 30 -9.73045 31.7368
      vertex 30 -17 39
      vertex 30 -10 31.75
    endloop
  endfacet
  facet normal 1 0 0
    outer loop
      vertex 30 -10 31.75
      vertex 30 -17 39
      vertex 30 -10.2695 31.7368
    endloop
  endfacet
  facet normal 1 0 0
    outer loop
      vertex 30 -10.2695 31.7368
      vertex 30 -17 39
      vertex 30 -10.5365 31.6972
    endloop
  endfacet
  facet normal 1 0 0
    outer loop
      vertex 30 -23 33
      vertex 30 -12.75 21
      vertex 30 -12.75 29
    endloop
  endfacet
  facet normal 1 0 0
    outer loop
      vertex 30 -12.6972 -20.4635
      vertex 30 -23 -33
      vertex 30 -12.7368 -20.7305
    endloop
  endfacet
  facet normal 1 -0 0
    outer loop
      vertex 30 -20.3334 37.9888
      vertex 30 -12.4253 30.2963
      vertex 30 -19.8284 38.2915
    endloop
  endfacet
  facet normal 1 -0 0
    outer loop
      vertex 30 -19.8284 38.2915
      vertex 30 -12.4253 30.2963
      vertex 30 -19.2961 38.5433
    endloop
  endfacet
  facet normal 1 0 0
    outer loop
      vertex 30 -12.2865 30.5278
      vertex 30 -19.2961 38.5433
      vertex 30 -12.4253 30.2963
    endloop
  endfacet
  facet normal 1 -0 0
    outer loop
      vertex 30 -19.2961 38.5433
      vertex 30 -12.2865 30.5278
      vertex 30 -18.7417 38.7416
    endloop
  endfacet
  facet normal 1 -0 0
    outer loop
      vertex 30 -18.7417 38.7416
      vertex 30 -12.2865 30.5278
      vertex 30 -18.1705 38.8847
    endloop
  endfacet
  facet normal 1 -0 0
    outer loop
      vertex 30 -18.1705 38.8847
      vertex 30 -12.2865 30.5278
      vertex 30 -17.5881 38.9711
    endloop
  endfacet
  facet normal 1 -0 0
    outer loop
      vertex 30 -17.5881 38.9711
      vertex 30 -12.2865 30.5278
      vertex 30 -17 39
    endloop
  endfacet
  facet normal 1 0 0
    outer loop
      vertex 30 -12.1258 30.7446
      vertex 30 -17 39
      vertex 30 -12.2865 30.5278
    endloop
  endfacet
  facet normal 1 0 0
    outer loop
      vertex 30 -11.9445 30.9445
      vertex 30 -17 39
      vertex 30 -12.1258 30.7446
    endloop
  endfacet
  facet normal 1 0 0
    outer loop
      vertex 30 -11.7446 31.1258
      vertex 30 -17 39
      vertex 30 -11.9445 30.9445
    endloop
  endfacet
  facet normal 1 0 0
    outer loop
      vertex 30 -11.5278 31.2865
      vertex 30 -17 39
      vertex 30 -11.7446 31.1258
    endloop
  endfacet
  facet normal 1 0 0
    outer loop
      vertex 30 -11.2963 31.4253
      vertex 30 -17 39
      vertex 30 -11.5278 31.2865
    endloop
  endfacet
  facet normal 1 0 0
    outer loop
      vertex 30 -11.0524 31.5407
      vertex 30 -17 39
      vertex 30 -11.2963 31.4253
    endloop
  endfacet
  facet normal 1 0 0
    outer loop
      vertex 30 -10.7983 31.6316
      vertex 30 -17 39
      vertex 30 -11.0524 31.5407
    endloop
  endfacet
  facet normal 1 0 0
    outer loop
      vertex 30 -10.5365 31.6972
      vertex 30 -17 39
      vertex 30 -10.7983 31.6316
    endloop
  endfacet
  facet normal 1 0 0
    outer loop
      vertex 30 21.2426 -37.2426
      vertex 30 12.4253 -30.2963
      vertex 30 20.8064 -37.6381
    endloop
  endfacet
  facet normal 1 0 0
    outer loop
      vertex 30 20.8064 -37.6381
      vertex 30 12.4253 -30.2963
      vertex 30 20.3334 -37.9888
    endloop
  endfacet
  facet normal 1 0 0
    outer loop
      vertex 30 20.3334 -37.9888
      vertex 30 12.4253 -30.2963
      vertex 30 19.8284 -38.2915
    endloop
  endfacet
  facet normal 1 0 0
    outer loop
      vertex 30 19.8284 -38.2915
      vertex 30 12.4253 -30.2963
      vertex 30 19.2961 -38.5433
    endloop
  endfacet
  facet normal 1 -0 0
    outer loop
      vertex 30 12.2865 -30.5278
      vertex 30 19.2961 -38.5433
      vertex 30 12.4253 -30.2963
    endloop
  endfacet
  facet normal 1 0 0
    outer loop
      vertex 30 19.2961 -38.5433
      vertex 30 12.2865 -30.5278
      vertex 30 18.7417 -38.7416
    endloop
  endfacet
  facet normal 1 0 0
    outer loop
      vertex 30 18.7417 -38.7416
      vertex 30 12.2865 -30.5278
      vertex 30 18.1705 -38.8847
    endloop
  endfacet
  facet normal 1 0 0
    outer loop
      vertex 30 18.1705 -38.8847
      vertex 30 12.2865 -30.5278
      vertex 30 17.5881 -38.9711
    endloop
  endfacet
  facet normal 1 0 0
    outer loop
      vertex 30 17.5881 -38.9711
      vertex 30 12.2865 -30.5278
      vertex 30 17 -39
    endloop
  endfacet
  facet normal 1 -0 0
    outer loop
      vertex 30 12.1258 -30.7446
      vertex 30 17 -39
      vertex 30 12.2865 -30.5278
    endloop
  endfacet
  facet normal 1 -0 0
    outer loop
      vertex 30 11.9445 -30.9445
      vertex 30 17 -39
      vertex 30 12.1258 -30.7446
    endloop
  endfacet
  facet normal 1 -0 0
    outer loop
      vertex 30 11.7446 -31.1258
      vertex 30 17 -39
      vertex 30 11.9445 -30.9445
    endloop
  endfacet
  facet normal 1 -0 0
    outer loop
      vertex 30 11.5278 -31.2865
      vertex 30 17 -39
      vertex 30 11.7446 -31.1258
    endloop
  endfacet
  facet normal 1 -0 0
    outer loop
      vertex 30 11.2963 -31.4253
      vertex 30 17 -39
      vertex 30 11.5278 -31.2865
    endloop
  endfacet
  facet normal 1 -0 0
    outer loop
      vertex 30 11.0524 -31.5407
      vertex 30 17 -39
      vertex 30 11.2963 -31.4253
    endloop
  endfacet
  facet normal 1 -0 0
    outer loop
      vertex 30 10.7983 -31.6316
      vertex 30 17 -39
      vertex 30 11.0524 -31.5407
    endloop
  endfacet
  facet normal 1 -0 0
    outer loop
      vertex 30 10.5365 -31.6972
      vertex 30 17 -39
      vertex 30 10.7983 -31.6316
    endloop
  endfacet
  facet normal 1 -0 0
    outer loop
      vertex 30 10.2695 -31.7368
      vertex 30 17 -39
      vertex 30 10.5365 -31.6972
    endloop
  endfacet
  facet normal 1 -0 0
    outer loop
      vertex 30 10 -31.75
      vertex 30 17 -39
      vertex 30 10.2695 -31.7368
    endloop
  endfacet
  facet normal 1 0 0
    outer loop
      vertex 30 9.73045 -31.7368
      vertex 30 17 -39
      vertex 30 10 -31.75
    endloop
  endfacet
  facet normal 1 0 0
    outer loop
      vertex 30 9.4635 -31.6972
      vertex 30 17 -39
      vertex 30 9.73045 -31.7368
    endloop
  endfacet
  facet normal 1 0 0
    outer loop
      vertex 30 9.20172 -31.6316
      vertex 30 17 -39
      vertex 30 9.4635 -31.6972
    endloop
  endfacet
  facet normal 1 0 0
    outer loop
      vertex 30 8.94762 -31.5407
      vertex 30 17 -39
      vertex 30 9.20172 -31.6316
    endloop
  endfacet
  facet normal 1 0 0
    outer loop
      vertex 30 8.70366 -31.4253
      vertex 30 17 -39
      vertex 30 8.94762 -31.5407
    endloop
  endfacet
  facet normal 1 0 0
    outer loop
      vertex 30 -8.70366 -31.4253
      vertex 30 8.70366 -31.4253
      vertex 30 8.47218 -31.2865
    endloop
  endfacet
  facet normal 1 0 0
    outer loop
      vertex 30 -8.47218 -31.2865
      vertex 30 8.47218 -31.2865
      vertex 30 8.25542 -31.1258
    endloop
  endfacet
  facet normal 1 -0 0
    outer loop
      vertex 30 5.07515 -19.8341
      vertex 30 7.30284 -20.4635
      vertex 30 5.65685 -19.3069
    endloop
  endfacet
  facet normal 1 0 0
    outer loop
      vertex 30 7.30284 -20.4635
      vertex 30 5.07515 -19.8341
      vertex 30 7.26324 -20.7305
    endloop
  endfacet
  facet normal 1 0 0
    outer loop
      vertex 30 7.26324 -20.7305
      vertex 30 5.07515 -19.8341
      vertex 30 7.25 -21
    endloop
  endfacet
  facet normal 1 -0 0
    outer loop
      vertex 30 4.44456 -20.3018
      vertex 30 7.25 -21
      vertex 30 5.07515 -19.8341
    endloop
  endfacet
  facet normal 1 -0 0
    outer loop
      vertex 30 3.77117 -20.7054
      vertex 30 7.25 -21
      vertex 30 4.44456 -20.3018
    endloop
  endfacet
  facet normal 1 0 0
    outer loop
      vertex 30 3.06147 -21.041
      vertex 30 7.25 -21
      vertex 30 3.77117 -20.7054
    endloop
  endfacet
  facet normal 1 0 0
    outer loop
      vertex 30 7.25 -21
      vertex 30 3.06147 -21.041
      vertex 30 7.25 -29
    endloop
  endfacet
  facet normal 1 -0 0
    outer loop
      vertex 30 2.32228 -21.3055
      vertex 30 7.25 -29
      vertex 30 3.06147 -21.041
    endloop
  endfacet
  facet normal 1 -0 0
    outer loop
      vertex 30 1.56072 -21.4963
      vertex 30 7.25 -29
      vertex 30 2.32228 -21.3055
    endloop
  endfacet
  facet normal 1 -0 0
    outer loop
      vertex 30 0.784137 -21.6115
      vertex 30 7.25 -29
      vertex 30 1.56072 -21.4963
    endloop
  endfacet
  facet normal 1 -0 0
    outer loop
      vertex 30 0 -21.65
      vertex 30 7.25 -29
      vertex 30 0.784137 -21.6115
    endloop
  endfacet
  facet normal 1 0 0
    outer loop
      vertex 30 -7.25 -29
      vertex 30 7.25 -29
      vertex 30 0 -21.65
    endloop
  endfacet
  facet normal 1 0 0
    outer loop
      vertex 30 7.25 -29
      vertex 30 -7.25 -29
      vertex 30 7.26324 -29.2695
    endloop
  endfacet
  facet normal 1 0 0
    outer loop
      vertex 30 -7.26324 -29.2695
      vertex 30 7.26324 -29.2695
      vertex 30 -7.25 -29
    endloop
  endfacet
  facet normal 1 0 0
    outer loop
      vertex 30 7.26324 -29.2695
      vertex 30 -7.26324 -29.2695
      vertex 30 7.30284 -29.5365
    endloop
  endfacet
  facet normal 1 0 0
    outer loop
      vertex 30 -7.30284 -29.5365
      vertex 30 7.30284 -29.5365
      vertex 30 -7.26324 -29.2695
    endloop
  endfacet
  facet normal 1 0 0
    outer loop
      vertex 30 7.30284 -29.5365
      vertex 30 -7.30284 -29.5365
      vertex 30 7.36841 -29.7983
    endloop
  endfacet
  facet normal 1 0 0
    outer loop
      vertex 30 -7.36841 -29.7983
      vertex 30 7.36841 -29.7983
      vertex 30 -7.30284 -29.5365
    endloop
  endfacet
  facet normal 1 0 0
    outer loop
      vertex 30 -7.25 -29
      vertex 30 0 -21.65
      vertex 30 -0.784137 -21.6115
    endloop
  endfacet
  facet normal 1 0 0
    outer loop
      vertex 30 7.36841 -29.7983
      vertex 30 -7.36841 -29.7983
      vertex 30 7.45933 -30.0524
    endloop
  endfacet
  facet normal 1 0 0
    outer loop
      vertex 30 -7.25 -29
      vertex 30 -0.784137 -21.6115
      vertex 30 -1.56072 -21.4963
    endloop
  endfacet
  facet normal 1 0 0
    outer loop
      vertex 30 -7.25 -29
      vertex 30 -1.56072 -21.4963
      vertex 30 -2.32228 -21.3055
    endloop
  endfacet
  facet normal 1 0 0
    outer loop
      vertex 30 -7.25 -29
      vertex 30 -2.32228 -21.3055
      vertex 30 -3.06147 -21.041
    endloop
  endfacet
  facet normal 1 0 0
    outer loop
      vertex 30 -7.45933 -30.0524
      vertex 30 7.45933 -30.0524
      vertex 30 -7.36841 -29.7983
    endloop
  endfacet
  facet normal 1 0 0
    outer loop
      vertex 30 7.45933 -30.0524
      vertex 30 -7.45933 -30.0524
      vertex 30 7.57472 -30.2963
    endloop
  endfacet
  facet normal 1 -0 0
    outer loop
      vertex 30 -7.25 -21
      vertex 30 -3.06147 -21.041
      vertex 30 -3.77117 -20.7054
    endloop
  endfacet
  facet normal 1 0 0
    outer loop
      vertex 30 -7.25 -21
      vertex 30 -3.77117 -20.7054
      vertex 30 -4.44456 -20.3018
    endloop
  endfacet
  facet normal 1 0 0
    outer loop
      vertex 30 -7.25 -21
      vertex 30 -4.44456 -20.3018
      vertex 30 -5.07515 -19.8341
    endloop
  endfacet
  facet normal 1 0 0
    outer loop
      vertex 30 -8.25542 -18.8742
      vertex 30 -6.65176 -18.0946
      vertex 30 -7.05537 -17.4212
    endloop
  endfacet
  facet normal 1 0 0
    outer loop
      vertex 30 -7.26324 -20.7305
      vertex 30 -6.18408 -18.7251
      vertex 30 -6.65176 -18.0946
    endloop
  endfacet
  facet normal 1 0 0
    outer loop
      vertex 30 -7.26324 -20.7305
      vertex 30 -5.65685 -19.3069
      vertex 30 -6.18408 -18.7251
    endloop
  endfacet
  facet normal 1 0 0
    outer loop
      vertex 30 -7.26324 -20.7305
      vertex 30 -5.07515 -19.8341
      vertex 30 -5.65685 -19.3069
    endloop
  endfacet
  facet normal 1 0 0
    outer loop
      vertex 30 -3.06147 -21.041
      vertex 30 -7.25 -21
      vertex 30 -7.25 -29
    endloop
  endfacet
  facet normal 1 0 0
    outer loop
      vertex 30 -7.57472 -30.2963
      vertex 30 7.57472 -30.2963
      vertex 30 -7.45933 -30.0524
    endloop
  endfacet
  facet normal 1 0 0
    outer loop
      vertex 30 7.57472 -30.2963
      vertex 30 -7.57472 -30.2963
      vertex 30 7.71346 -30.5278
    endloop
  endfacet
  facet normal 1 0 0
    outer loop
      vertex 30 -7.71346 -30.5278
      vertex 30 7.71346 -30.5278
      vertex 30 -7.57472 -30.2963
    endloop
  endfacet
  facet normal 1 0 0
    outer loop
      vertex 30 7.71346 -30.5278
      vertex 30 -7.71346 -30.5278
      vertex 30 7.87422 -30.7446
    endloop
  endfacet
  facet normal 1 0 0
    outer loop
      vertex 30 -7.87422 -30.7446
      vertex 30 7.87422 -30.7446
      vertex 30 -7.71346 -30.5278
    endloop
  endfacet
  facet normal 1 0 0
    outer loop
      vertex 30 7.87422 -30.7446
      vertex 30 -7.87422 -30.7446
      vertex 30 8.05546 -30.9445
    endloop
  endfacet
  facet normal 1 0 0
    outer loop
      vertex 30 -8.05546 -30.9445
      vertex 30 8.05546 -30.9445
      vertex 30 -7.87422 -30.7446
    endloop
  endfacet
  facet normal 1 0 0
    outer loop
      vertex 30 8.05546 -30.9445
      vertex 30 -8.05546 -30.9445
      vertex 30 8.25542 -31.1258
    endloop
  endfacet
  facet normal 1 0 0
    outer loop
      vertex 30 -8.25542 -31.1258
      vertex 30 8.25542 -31.1258
      vertex 30 -8.05546 -30.9445
    endloop
  endfacet
  facet normal 1 0 0
    outer loop
      vertex 30 -8.47218 -31.2865
      vertex 30 8.25542 -31.1258
      vertex 30 -8.25542 -31.1258
    endloop
  endfacet
  facet normal 1 0 0
    outer loop
      vertex 30 8.47218 -31.2865
      vertex 30 -8.47218 -31.2865
      vertex 30 -8.70366 -31.4253
    endloop
  endfacet
  facet normal 1 0 0
    outer loop
      vertex 30 8.70366 -31.4253
      vertex 30 -8.70366 -31.4253
      vertex 30 17 -39
    endloop
  endfacet
  facet normal 1 0 0
    outer loop
      vertex 30 -17 -39
      vertex 30 -8.70366 -31.4253
      vertex 30 -8.94762 -31.5407
    endloop
  endfacet
  facet normal 1 0 0
    outer loop
      vertex 30 -17 -39
      vertex 30 -8.94762 -31.5407
      vertex 30 -9.20172 -31.6316
    endloop
  endfacet
  facet normal 1 0 0
    outer loop
      vertex 30 -17 -39
      vertex 30 -9.20172 -31.6316
      vertex 30 -9.4635 -31.6972
    endloop
  endfacet
  facet normal 1 0 0
    outer loop
      vertex 30 -17 -39
      vertex 30 -9.4635 -31.6972
      vertex 30 -9.73045 -31.7368
    endloop
  endfacet
  facet normal 1 0 0
    outer loop
      vertex 30 -17 -39
      vertex 30 -9.73045 -31.7368
      vertex 30 -10 -31.75
    endloop
  endfacet
  facet normal 1 0 0
    outer loop
      vertex 30 -17 -39
      vertex 30 -10 -31.75
      vertex 30 -10.2695 -31.7368
    endloop
  endfacet
  facet normal 1 0 0
    outer loop
      vertex 30 -17 -39
      vertex 30 -10.2695 -31.7368
      vertex 30 -10.5365 -31.6972
    endloop
  endfacet
  facet normal 1 0 0
    outer loop
      vertex 30 -17 -39
      vertex 30 -10.5365 -31.6972
      vertex 30 -10.7983 -31.6316
    endloop
  endfacet
  facet normal 1 0 0
    outer loop
      vertex 30 -12.7368 -20.7305
      vertex 30 -23 -33
      vertex 30 -12.75 -21
    endloop
  endfacet
  facet normal 1 0 0
    outer loop
      vertex 30 -8.70366 -31.4253
      vertex 30 -17 -39
      vertex 30 17 -39
    endloop
  endfacet
  facet normal 1 0 0
    outer loop
      vertex 30 -11.0524 -31.5407
      vertex 30 -17 -39
      vertex 30 -10.7983 -31.6316
    endloop
  endfacet
  facet normal 1 0 0
    outer loop
      vertex 30 -11.2963 -31.4253
      vertex 30 -17 -39
      vertex 30 -11.0524 -31.5407
    endloop
  endfacet
  facet normal 1 0 0
    outer loop
      vertex 30 -11.5278 -31.2865
      vertex 30 -17 -39
      vertex 30 -11.2963 -31.4253
    endloop
  endfacet
  facet normal 1 0 0
    outer loop
      vertex 30 -11.7446 -31.1258
      vertex 30 -17 -39
      vertex 30 -11.5278 -31.2865
    endloop
  endfacet
  facet normal 1 0 0
    outer loop
      vertex 30 -11.9445 -30.9445
      vertex 30 -17 -39
      vertex 30 -11.7446 -31.1258
    endloop
  endfacet
  facet normal 1 0 0
    outer loop
      vertex 30 -12.1258 -30.7446
      vertex 30 -17 -39
      vertex 30 -11.9445 -30.9445
    endloop
  endfacet
  facet normal 1 0 0
    outer loop
      vertex 30 -12.2865 -30.5278
      vertex 30 -17 -39
      vertex 30 -12.1258 -30.7446
    endloop
  endfacet
  facet normal 1 0 0
    outer loop
      vertex 30 -19.2961 -38.5433
      vertex 30 -12.2865 -30.5278
      vertex 30 -12.4253 -30.2963
    endloop
  endfacet
  facet normal 1 0 0
    outer loop
      vertex 30 -23 -33
      vertex 30 -12.4253 -30.2963
      vertex 30 -12.5407 -30.0524
    endloop
  endfacet
  facet normal 1 0 0
    outer loop
      vertex 30 -23 -33
      vertex 30 -12.5407 -30.0524
      vertex 30 -12.6316 -29.7983
    endloop
  endfacet
  facet normal 1 0 0
    outer loop
      vertex 30 -23 -33
      vertex 30 -12.6316 -29.7983
      vertex 30 -12.6972 -29.5365
    endloop
  endfacet
  facet normal 1 0 0
    outer loop
      vertex 30 -23 -33
      vertex 30 -12.6972 -29.5365
      vertex 30 -12.7368 -29.2695
    endloop
  endfacet
  facet normal 1 0 0
    outer loop
      vertex 30 -12.75 -21
      vertex 30 -23 -33
      vertex 30 -12.75 -29
    endloop
  endfacet
  facet normal 1 -0 0
    outer loop
      vertex 30 -20.8064 37.6381
      vertex 30 -12.4253 30.2963
      vertex 30 -20.3334 37.9888
    endloop
  endfacet
  facet normal 1 0 0
    outer loop
      vertex 30 -12.75 -29
      vertex 30 -23 -33
      vertex 30 -12.7368 -29.2695
    endloop
  endfacet
  facet normal 1 0 0
    outer loop
      vertex 30 -12.7368 29.2695
      vertex 30 -23 33
      vertex 30 -12.75 29
    endloop
  endfacet
  facet normal 1 0 0
    outer loop
      vertex 30 -12.4253 -30.2963
      vertex 30 -23 -33
      vertex 30 -22.7416 -34.7417
    endloop
  endfacet
  facet normal 1 -0 0
    outer loop
      vertex 30 -21.2426 37.2426
      vertex 30 -12.4253 30.2963
      vertex 30 -20.8064 37.6381
    endloop
  endfacet
  facet normal 1 0 0
    outer loop
      vertex 30 -12.2865 -30.5278
      vertex 30 -17.5881 -38.9711
      vertex 30 -17 -39
    endloop
  endfacet
  facet normal 1 -0 0
    outer loop
      vertex 30 -21.6381 36.8064
      vertex 30 -12.4253 30.2963
      vertex 30 -21.2426 37.2426
    endloop
  endfacet
  facet normal 1 0 0
    outer loop
      vertex 30 -12.2865 -30.5278
      vertex 30 -18.1705 -38.8847
      vertex 30 -17.5881 -38.9711
    endloop
  endfacet
  facet normal 1 -0 0
    outer loop
      vertex 30 -21.9888 36.3334
      vertex 30 -12.4253 30.2963
      vertex 30 -21.6381 36.8064
    endloop
  endfacet
  facet normal 1 0 0
    outer loop
      vertex 30 -12.2865 -30.5278
      vertex 30 -18.7417 -38.7416
      vertex 30 -18.1705 -38.8847
    endloop
  endfacet
  facet normal 1 -0 0
    outer loop
      vertex 30 -22.2915 35.8284
      vertex 30 -12.4253 30.2963
      vertex 30 -21.9888 36.3334
    endloop
  endfacet
  facet normal 1 0 0
    outer loop
      vertex 30 -12.2865 -30.5278
      vertex 30 -19.2961 -38.5433
      vertex 30 -18.7417 -38.7416
    endloop
  endfacet
  facet normal 1 -0 0
    outer loop
      vertex 30 -22.5433 35.2961
      vertex 30 -12.4253 30.2963
      vertex 30 -22.2915 35.8284
    endloop
  endfacet
  facet normal 1 0 0
    outer loop
      vertex 30 -12.4253 -30.2963
      vertex 30 -19.8284 -38.2915
      vertex 30 -19.2961 -38.5433
    endloop
  endfacet
  facet normal 1 -0 0
    outer loop
      vertex 30 -22.7416 34.7417
      vertex 30 -12.4253 30.2963
      vertex 30 -22.5433 35.2961
    endloop
  endfacet
  facet normal 1 0 0
    outer loop
      vertex 30 -12.4253 -30.2963
      vertex 30 -20.3334 -37.9888
      vertex 30 -19.8284 -38.2915
    endloop
  endfacet
  facet normal 1 -0 0
    outer loop
      vertex 30 -23 33
      vertex 30 -12.4253 30.2963
      vertex 30 -22.7416 34.7417
    endloop
  endfacet
  facet normal 1 0 0
    outer loop
      vertex 30 -12.4253 -30.2963
      vertex 30 -20.8064 -37.6381
      vertex 30 -20.3334 -37.9888
    endloop
  endfacet
  facet normal 1 0 0
    outer loop
      vertex 30 -12.6972 29.5365
      vertex 30 -23 33
      vertex 30 -12.7368 29.2695
    endloop
  endfacet
  facet normal 1 0 0
    outer loop
      vertex 30 -12.4253 -30.2963
      vertex 30 -21.2426 -37.2426
      vertex 30 -20.8064 -37.6381
    endloop
  endfacet
  facet normal 1 0 0
    outer loop
      vertex 30 -12.4253 30.2963
      vertex 30 -23 33
      vertex 30 -12.5407 30.0524
    endloop
  endfacet
  facet normal 1 0 0
    outer loop
      vertex 30 -12.4253 -30.2963
      vertex 30 -21.6381 -36.8064
      vertex 30 -21.2426 -37.2426
    endloop
  endfacet
  facet normal 1 0 0
    outer loop
      vertex 30 -12.6316 29.7983
      vertex 30 -23 33
      vertex 30 -12.6972 29.5365
    endloop
  endfacet
  facet normal 1 0 0
    outer loop
      vertex 30 -12.4253 -30.2963
      vertex 30 -21.9888 -36.3334
      vertex 30 -21.6381 -36.8064
    endloop
  endfacet
  facet normal 1 0 0
    outer loop
      vertex 30 -12.5407 30.0524
      vertex 30 -23 33
      vertex 30 -12.6316 29.7983
    endloop
  endfacet
  facet normal 1 0 0
    outer loop
      vertex 30 -12.4253 -30.2963
      vertex 30 -22.2915 -35.8284
      vertex 30 -21.9888 -36.3334
    endloop
  endfacet
  facet normal 1 0 0
    outer loop
      vertex 30 -23 33
      vertex 30 -22.7416 34.7417
      vertex 30 -22.8847 34.1705
    endloop
  endfacet
  facet normal 1 0 0
    outer loop
      vertex 30 -12.4253 -30.2963
      vertex 30 -22.5433 -35.2961
      vertex 30 -22.2915 -35.8284
    endloop
  endfacet
  facet normal 1 0 0
    outer loop
      vertex 30 -23 33
      vertex 30 -22.8847 34.1705
      vertex 30 -22.9711 33.5881
    endloop
  endfacet
  facet normal 1 0 0
    outer loop
      vertex 30 -12.4253 -30.2963
      vertex 30 -22.7416 -34.7417
      vertex 30 -22.5433 -35.2961
    endloop
  endfacet
  facet normal 1 0 0
    outer loop
      vertex 30 -22.7416 -34.7417
      vertex 30 -23 -33
      vertex 30 -22.8847 -34.1705
    endloop
  endfacet
  facet normal 1 0 0
    outer loop
      vertex 30 -22.8847 -34.1705
      vertex 30 -23 -33
      vertex 30 -22.9711 -33.5881
    endloop
  endfacet
  facet normal 1 0 0
    outer loop
      vertex 30 9.20172 -18.3684
      vertex 30 7.39104 -16.7115
      vertex 30 8.94762 -18.4593
    endloop
  endfacet
  facet normal 1 0 0
    outer loop
      vertex 30 8.94762 -18.4593
      vertex 30 7.39104 -16.7115
      vertex 30 8.70366 -18.5747
    endloop
  endfacet
  facet normal 1 -0 0
    outer loop
      vertex 30 7.05537 -17.4212
      vertex 30 8.70366 -18.5747
      vertex 30 7.39104 -16.7115
    endloop
  endfacet
  facet normal 1 0 0
    outer loop
      vertex 30 8.70366 -18.5747
      vertex 30 7.05537 -17.4212
      vertex 30 8.47218 -18.7135
    endloop
  endfacet
  facet normal 1 0 0
    outer loop
      vertex 30 8.47218 -18.7135
      vertex 30 7.05537 -17.4212
      vertex 30 8.25542 -18.8742
    endloop
  endfacet
  facet normal 1 -0 0
    outer loop
      vertex 30 6.65176 -18.0946
      vertex 30 8.25542 -18.8742
      vertex 30 7.05537 -17.4212
    endloop
  endfacet
  facet normal 1 0 0
    outer loop
      vertex 30 8.25542 -18.8742
      vertex 30 6.65176 -18.0946
      vertex 30 8.05546 -19.0555
    endloop
  endfacet
  facet normal 1 0 0
    outer loop
      vertex 30 8.05546 -19.0555
      vertex 30 6.65176 -18.0946
      vertex 30 7.87422 -19.2554
    endloop
  endfacet
  facet normal 1 0 0
    outer loop
      vertex 30 7.87422 -19.2554
      vertex 30 6.65176 -18.0946
      vertex 30 7.71346 -19.4722
    endloop
  endfacet
  facet normal 1 -0 0
    outer loop
      vertex 30 6.18408 -18.7251
      vertex 30 7.71346 -19.4722
      vertex 30 6.65176 -18.0946
    endloop
  endfacet
  facet normal 1 0 0
    outer loop
      vertex 30 7.71346 -19.4722
      vertex 30 6.18408 -18.7251
      vertex 30 7.57472 -19.7037
    endloop
  endfacet
  facet normal 1 0 0
    outer loop
      vertex 30 7.57472 -19.7037
      vertex 30 6.18408 -18.7251
      vertex 30 7.45933 -19.9476
    endloop
  endfacet
  facet normal 1 -0 0
    outer loop
      vertex 30 5.65685 -19.3069
      vertex 30 7.45933 -19.9476
      vertex 30 6.18408 -18.7251
    endloop
  endfacet
  facet normal 1 0 0
    outer loop
      vertex 30 7.36841 -20.2017
      vertex 30 5.65685 -19.3069
      vertex 30 7.30284 -20.4635
    endloop
  endfacet
  facet normal 1 0 0
    outer loop
      vertex 30 7.45933 -19.9476
      vertex 30 5.65685 -19.3069
      vertex 30 7.36841 -20.2017
    endloop
  endfacet
  facet normal 2.11995e-18 0.803289 -0.595589
    outer loop
      vertex 30 21.6381 -36.8064
      vertex 22 21.9888 -36.3334
      vertex 30 21.9888 -36.3334
    endloop
  endfacet
  facet normal 2.11995e-18 0.803289 -0.595589
    outer loop
      vertex 22 21.9888 -36.3334
      vertex 30 21.6381 -36.8064
      vertex 22 21.6381 -36.8064
    endloop
  endfacet
  facet normal 0 -0.0490821 -0.998795
    outer loop
      vertex 22 -17.5881 -38.9711
      vertex 30 -17 -39
      vertex 30 -17.5881 -38.9711
    endloop
  endfacet
  facet normal -0 -0.0490821 -0.998795
    outer loop
      vertex 30 -17 -39
      vertex 22 -17.5881 -38.9711
      vertex 22 -17 -39
    endloop
  endfacet
  facet normal -0 0.595589 0.803289
    outer loop
      vertex 22 20.8064 37.6381
      vertex 30 20.3334 37.9888
      vertex 30 20.8064 37.6381
    endloop
  endfacet
  facet normal 0 0.595589 0.803289
    outer loop
      vertex 30 20.3334 37.9888
      vertex 22 20.8064 37.6381
      vertex 22 20.3334 37.9888
    endloop
  endfacet
  facet normal 0 0.146746 -0.989174
    outer loop
      vertex 22 17.5881 -38.9711
      vertex 30 18.1705 -38.8847
      vertex 30 17.5881 -38.9711
    endloop
  endfacet
  facet normal 0 0.146746 -0.989174
    outer loop
      vertex 30 18.1705 -38.8847
      vertex 22 17.5881 -38.9711
      vertex 22 18.1705 -38.8847
    endloop
  endfacet
  facet normal 2.23996e-18 -0.740823 0.6717
    outer loop
      vertex 22 -21.6381 36.8064
      vertex 30 -21.2426 37.2426
      vertex 22 -21.2426 37.2426
    endloop
  endfacet
  facet normal 2.23996e-18 -0.740823 0.6717
    outer loop
      vertex 30 -21.2426 37.2426
      vertex 22 -21.6381 36.8064
      vertex 30 -21.6381 36.8064
    endloop
  endfacet
  facet normal 1.33097e-18 -0.903962 -0.427612
    outer loop
      vertex 22 -22.2915 -35.8284
      vertex 30 -22.5433 -35.2961
      vertex 22 -22.5433 -35.2961
    endloop
  endfacet
  facet normal 1.33097e-18 -0.903962 -0.427612
    outer loop
      vertex 30 -22.5433 -35.2961
      vertex 22 -22.2915 -35.8284
      vertex 30 -22.2915 -35.8284
    endloop
  endfacet
  facet normal -2.11995e-18 0.803289 0.595589
    outer loop
      vertex 30 21.9888 36.3334
      vertex 22 21.6381 36.8064
      vertex 30 21.6381 36.8064
    endloop
  endfacet
  facet normal -2.11995e-18 0.803289 0.595589
    outer loop
      vertex 22 21.6381 36.8064
      vertex 30 21.9888 36.3334
      vertex 22 21.9888 36.3334
    endloop
  endfacet
  facet normal 1.33097e-18 0.903962 0.427612
    outer loop
      vertex 30 22.5433 35.2961
      vertex 22 22.2915 35.8284
      vertex 30 22.2915 35.8284
    endloop
  endfacet
  facet normal 1.33097e-18 0.903962 0.427612
    outer loop
      vertex 22 22.2915 35.8284
      vertex 30 22.5433 35.2961
      vertex 22 22.5433 35.2961
    endloop
  endfacet
  facet normal -2.11995e-18 -0.803289 -0.595589
    outer loop
      vertex 22 -21.6381 -36.8064
      vertex 30 -21.9888 -36.3334
      vertex 22 -21.9888 -36.3334
    endloop
  endfacet
  facet normal -2.11995e-18 -0.803289 -0.595589
    outer loop
      vertex 30 -21.9888 -36.3334
      vertex 22 -21.6381 -36.8064
      vertex 30 -21.6381 -36.8064
    endloop
  endfacet
  facet normal 6.36564e-19 -0.970023 -0.243015
    outer loop
      vertex 22 -22.7416 -34.7417
      vertex 30 -22.8847 -34.1705
      vertex 22 -22.8847 -34.1705
    endloop
  endfacet
  facet normal 6.36564e-19 -0.970023 -0.243015
    outer loop
      vertex 30 -22.8847 -34.1705
      vertex 22 -22.7416 -34.7417
      vertex 30 -22.7416 -34.7417
    endloop
  endfacet
  facet normal 2.11995e-18 -0.803289 0.595589
    outer loop
      vertex 22 -21.9888 36.3334
      vertex 30 -21.6381 36.8064
      vertex 22 -21.6381 36.8064
    endloop
  endfacet
  facet normal 2.11995e-18 -0.803289 0.595589
    outer loop
      vertex 30 -21.6381 36.8064
      vertex 22 -21.9888 36.3334
      vertex 30 -21.9888 36.3334
    endloop
  endfacet
  facet normal 0 0.6717 -0.740823
    outer loop
      vertex 22 20.8064 -37.6381
      vertex 30 21.2426 -37.2426
      vertex 30 20.8064 -37.6381
    endloop
  endfacet
  facet normal 0 0.6717 -0.740823
    outer loop
      vertex 30 21.2426 -37.2426
      vertex 22 20.8064 -37.6381
      vertex 22 21.2426 -37.2426
    endloop
  endfacet
  facet normal -3.15367e-19 0.94158 0.336788
    outer loop
      vertex 30 22.7416 34.7417
      vertex 22 22.5433 35.2961
      vertex 30 22.5433 35.2961
    endloop
  endfacet
  facet normal -3.15367e-19 0.94158 0.336788
    outer loop
      vertex 22 22.5433 35.2961
      vertex 30 22.7416 34.7417
      vertex 22 22.7416 34.7417
    endloop
  endfacet
  facet normal 0 -0.336788 0.94158
    outer loop
      vertex 22 -18.7417 38.7416
      vertex 30 -19.2961 38.5433
      vertex 30 -18.7417 38.7416
    endloop
  endfacet
  facet normal 0 -0.336788 0.94158
    outer loop
      vertex 30 -19.2961 38.5433
      vertex 22 -18.7417 38.7416
      vertex 22 -19.2961 38.5433
    endloop
  endfacet
  facet normal 0 -0.6717 -0.740823
    outer loop
      vertex 22 -21.2426 -37.2426
      vertex 30 -20.8064 -37.6381
      vertex 30 -21.2426 -37.2426
    endloop
  endfacet
  facet normal -0 -0.6717 -0.740823
    outer loop
      vertex 30 -20.8064 -37.6381
      vertex 22 -21.2426 -37.2426
      vertex 22 -20.8064 -37.6381
    endloop
  endfacet
  facet normal 0 1 -0
    outer loop
      vertex 30 23 -33
      vertex 22 23 33
      vertex 30 23 33
    endloop
  endfacet
  facet normal 0 1 0
    outer loop
      vertex 22 23 33
      vertex 30 23 -33
      vertex 22 23 -33
    endloop
  endfacet
  facet normal 0 -0.146746 -0.989174
    outer loop
      vertex 22 -18.1705 -38.8847
      vertex 30 -17.5881 -38.9711
      vertex 30 -18.1705 -38.8847
    endloop
  endfacet
  facet normal -0 -0.146746 -0.989174
    outer loop
      vertex 30 -17.5881 -38.9711
      vertex 22 -18.1705 -38.8847
      vertex 22 -17.5881 -38.9711
    endloop
  endfacet
  facet normal -0 0.427612 0.903962
    outer loop
      vertex 22 19.8284 38.2915
      vertex 30 19.2961 38.5433
      vertex 30 19.8284 38.2915
    endloop
  endfacet
  facet normal 0 0.427612 0.903962
    outer loop
      vertex 30 19.2961 38.5433
      vertex 22 19.8284 38.2915
      vertex 22 19.2961 38.5433
    endloop
  endfacet
  facet normal -3.15367e-19 -0.94158 -0.336788
    outer loop
      vertex 22 -22.5433 -35.2961
      vertex 30 -22.7416 -34.7417
      vertex 22 -22.7416 -34.7417
    endloop
  endfacet
  facet normal -3.15367e-19 -0.94158 -0.336788
    outer loop
      vertex 30 -22.7416 -34.7417
      vertex 22 -22.5433 -35.2961
      vertex 30 -22.5433 -35.2961
    endloop
  endfacet
  facet normal 0 -0.595589 -0.803289
    outer loop
      vertex 22 -20.8064 -37.6381
      vertex 30 -20.3334 -37.9888
      vertex 30 -20.8064 -37.6381
    endloop
  endfacet
  facet normal -0 -0.595589 -0.803289
    outer loop
      vertex 30 -20.3334 -37.9888
      vertex 22 -20.8064 -37.6381
      vertex 22 -20.3334 -37.9888
    endloop
  endfacet
  facet normal -3.31876e-20 -0.857718 -0.514121
    outer loop
      vertex 22 -21.9888 -36.3334
      vertex 30 -22.2915 -35.8284
      vertex 22 -22.2915 -35.8284
    endloop
  endfacet
  facet normal -3.31876e-20 -0.857718 -0.514121
    outer loop
      vertex 30 -22.2915 -35.8284
      vertex 22 -21.9888 -36.3334
      vertex 30 -21.9888 -36.3334
    endloop
  endfacet
  facet normal 0 -0.336788 -0.94158
    outer loop
      vertex 22 -19.2961 -38.5433
      vertex 30 -18.7417 -38.7416
      vertex 30 -19.2961 -38.5433
    endloop
  endfacet
  facet normal -0 -0.336788 -0.94158
    outer loop
      vertex 30 -18.7417 -38.7416
      vertex 22 -19.2961 -38.5433
      vertex 22 -18.7417 -38.7416
    endloop
  endfacet
  facet normal 1.59969e-20 0.998795 -0.0490821
    outer loop
      vertex 30 22.9711 -33.5881
      vertex 22 23 -33
      vertex 30 23 -33
    endloop
  endfacet
  facet normal 1.59969e-20 0.998795 -0.0490821
    outer loop
      vertex 22 23 -33
      vertex 30 22.9711 -33.5881
      vertex 22 22.9711 -33.5881
    endloop
  endfacet
  facet normal 3.31876e-20 -0.857718 0.514121
    outer loop
      vertex 22 -22.2915 35.8284
      vertex 30 -21.9888 36.3334
      vertex 22 -21.9888 36.3334
    endloop
  endfacet
  facet normal 3.31876e-20 -0.857718 0.514121
    outer loop
      vertex 30 -21.9888 36.3334
      vertex 22 -22.2915 35.8284
      vertex 30 -22.2915 35.8284
    endloop
  endfacet
  facet normal 0 0.243015 -0.970023
    outer loop
      vertex 22 18.1705 -38.8847
      vertex 30 18.7417 -38.7416
      vertex 30 18.1705 -38.8847
    endloop
  endfacet
  facet normal 0 0.243015 -0.970023
    outer loop
      vertex 30 18.7417 -38.7416
      vertex 22 18.1705 -38.8847
      vertex 22 18.7417 -38.7416
    endloop
  endfacet
  facet normal 6.22145e-19 0.989174 -0.146746
    outer loop
      vertex 30 22.8847 -34.1705
      vertex 22 22.9711 -33.5881
      vertex 30 22.9711 -33.5881
    endloop
  endfacet
  facet normal 6.22145e-19 0.989174 -0.146746
    outer loop
      vertex 22 22.9711 -33.5881
      vertex 30 22.8847 -34.1705
      vertex 22 22.8847 -34.1705
    endloop
  endfacet
  facet normal 0 -0.6717 0.740823
    outer loop
      vertex 22 -20.8064 37.6381
      vertex 30 -21.2426 37.2426
      vertex 30 -20.8064 37.6381
    endloop
  endfacet
  facet normal 0 -0.6717 0.740823
    outer loop
      vertex 30 -21.2426 37.2426
      vertex 22 -20.8064 37.6381
      vertex 22 -21.2426 37.2426
    endloop
  endfacet
  facet normal -6.22145e-19 0.989174 0.146746
    outer loop
      vertex 30 22.9711 33.5881
      vertex 22 22.8847 34.1705
      vertex 30 22.8847 34.1705
    endloop
  endfacet
  facet normal -6.22145e-19 0.989174 0.146746
    outer loop
      vertex 22 22.8847 34.1705
      vertex 30 22.9711 33.5881
      vertex 22 22.9711 33.5881
    endloop
  endfacet
  facet normal 2.23996e-18 0.740823 -0.6717
    outer loop
      vertex 30 21.2426 -37.2426
      vertex 22 21.6381 -36.8064
      vertex 30 21.6381 -36.8064
    endloop
  endfacet
  facet normal 2.23996e-18 0.740823 -0.6717
    outer loop
      vertex 22 21.6381 -36.8064
      vertex 30 21.2426 -37.2426
      vertex 22 21.2426 -37.2426
    endloop
  endfacet
  facet normal -6.36564e-19 -0.970023 0.243015
    outer loop
      vertex 22 -22.8847 34.1705
      vertex 30 -22.7416 34.7417
      vertex 22 -22.7416 34.7417
    endloop
  endfacet
  facet normal -6.36564e-19 -0.970023 0.243015
    outer loop
      vertex 30 -22.7416 34.7417
      vertex 22 -22.8847 34.1705
      vertex 30 -22.8847 34.1705
    endloop
  endfacet
  facet normal 6.22145e-19 -0.989174 0.146746
    outer loop
      vertex 22 -22.9711 33.5881
      vertex 30 -22.8847 34.1705
      vertex 22 -22.8847 34.1705
    endloop
  endfacet
  facet normal 6.22145e-19 -0.989174 0.146746
    outer loop
      vertex 30 -22.8847 34.1705
      vertex 22 -22.9711 33.5881
      vertex 30 -22.9711 33.5881
    endloop
  endfacet
  facet normal 6.36564e-19 0.970023 0.243015
    outer loop
      vertex 30 22.8847 34.1705
      vertex 22 22.7416 34.7417
      vertex 30 22.7416 34.7417
    endloop
  endfacet
  facet normal 6.36564e-19 0.970023 0.243015
    outer loop
      vertex 22 22.7416 34.7417
      vertex 30 22.8847 34.1705
      vertex 22 22.8847 34.1705
    endloop
  endfacet
  facet normal -3.31876e-20 0.857718 0.514121
    outer loop
      vertex 30 22.2915 35.8284
      vertex 22 21.9888 36.3334
      vertex 30 21.9888 36.3334
    endloop
  endfacet
  facet normal -3.31876e-20 0.857718 0.514121
    outer loop
      vertex 22 21.9888 36.3334
      vertex 30 22.2915 35.8284
      vertex 22 22.2915 35.8284
    endloop
  endfacet
  facet normal -1.33097e-18 -0.903962 0.427612
    outer loop
      vertex 22 -22.5433 35.2961
      vertex 30 -22.2915 35.8284
      vertex 22 -22.2915 35.8284
    endloop
  endfacet
  facet normal -1.33097e-18 -0.903962 0.427612
    outer loop
      vertex 30 -22.2915 35.8284
      vertex 22 -22.5433 35.2961
      vertex 30 -22.5433 35.2961
    endloop
  endfacet
  facet normal -6.36564e-19 0.970023 -0.243015
    outer loop
      vertex 30 22.7416 -34.7417
      vertex 22 22.8847 -34.1705
      vertex 30 22.8847 -34.1705
    endloop
  endfacet
  facet normal -6.36564e-19 0.970023 -0.243015
    outer loop
      vertex 22 22.8847 -34.1705
      vertex 30 22.7416 -34.7417
      vertex 22 22.7416 -34.7417
    endloop
  endfacet
  facet normal 0 0.595589 -0.803289
    outer loop
      vertex 22 20.3334 -37.9888
      vertex 30 20.8064 -37.6381
      vertex 30 20.3334 -37.9888
    endloop
  endfacet
  facet normal 0 0.595589 -0.803289
    outer loop
      vertex 30 20.8064 -37.6381
      vertex 22 20.3334 -37.9888
      vertex 22 20.8064 -37.6381
    endloop
  endfacet
  facet normal 0 0.336788 -0.94158
    outer loop
      vertex 22 18.7417 -38.7416
      vertex 30 19.2961 -38.5433
      vertex 30 18.7417 -38.7416
    endloop
  endfacet
  facet normal 0 0.336788 -0.94158
    outer loop
      vertex 30 19.2961 -38.5433
      vertex 22 18.7417 -38.7416
      vertex 22 19.2961 -38.5433
    endloop
  endfacet
  facet normal -0 0.6717 0.740823
    outer loop
      vertex 22 21.2426 37.2426
      vertex 30 20.8064 37.6381
      vertex 30 21.2426 37.2426
    endloop
  endfacet
  facet normal 0 0.6717 0.740823
    outer loop
      vertex 30 20.8064 37.6381
      vertex 22 21.2426 37.2426
      vertex 22 20.8064 37.6381
    endloop
  endfacet
  facet normal 3.15367e-19 0.94158 -0.336788
    outer loop
      vertex 30 22.5433 -35.2961
      vertex 22 22.7416 -34.7417
      vertex 30 22.7416 -34.7417
    endloop
  endfacet
  facet normal 3.15367e-19 0.94158 -0.336788
    outer loop
      vertex 22 22.7416 -34.7417
      vertex 30 22.5433 -35.2961
      vertex 22 22.5433 -35.2961
    endloop
  endfacet
  facet normal 0 0.514121 -0.857718
    outer loop
      vertex 22 19.8284 -38.2915
      vertex 30 20.3334 -37.9888
      vertex 30 19.8284 -38.2915
    endloop
  endfacet
  facet normal 0 0.514121 -0.857718
    outer loop
      vertex 30 20.3334 -37.9888
      vertex 22 19.8284 -38.2915
      vertex 22 20.3334 -37.9888
    endloop
  endfacet
  facet normal 0 0.427612 -0.903962
    outer loop
      vertex 22 19.2961 -38.5433
      vertex 30 19.8284 -38.2915
      vertex 30 19.2961 -38.5433
    endloop
  endfacet
  facet normal 0 0.427612 -0.903962
    outer loop
      vertex 30 19.8284 -38.2915
      vertex 22 19.2961 -38.5433
      vertex 22 19.8284 -38.2915
    endloop
  endfacet
  facet normal -2.23996e-18 0.740823 0.6717
    outer loop
      vertex 30 21.6381 36.8064
      vertex 22 21.2426 37.2426
      vertex 30 21.2426 37.2426
    endloop
  endfacet
  facet normal -2.23996e-18 0.740823 0.6717
    outer loop
      vertex 22 21.2426 37.2426
      vertex 30 21.6381 36.8064
      vertex 22 21.6381 36.8064
    endloop
  endfacet
  facet normal -0 0.514121 0.857718
    outer loop
      vertex 22 20.3334 37.9888
      vertex 30 19.8284 38.2915
      vertex 30 20.3334 37.9888
    endloop
  endfacet
  facet normal 0 0.514121 0.857718
    outer loop
      vertex 30 19.8284 38.2915
      vertex 22 20.3334 37.9888
      vertex 22 19.8284 38.2915
    endloop
  endfacet
  facet normal -0 0.243015 0.970023
    outer loop
      vertex 22 18.7417 38.7416
      vertex 30 18.1705 38.8847
      vertex 30 18.7417 38.7416
    endloop
  endfacet
  facet normal 0 0.243015 0.970023
    outer loop
      vertex 30 18.1705 38.8847
      vertex 22 18.7417 38.7416
      vertex 22 18.1705 38.8847
    endloop
  endfacet
  facet normal 3.15367e-19 -0.94158 0.336788
    outer loop
      vertex 22 -22.7416 34.7417
      vertex 30 -22.5433 35.2961
      vertex 22 -22.5433 35.2961
    endloop
  endfacet
  facet normal 3.15367e-19 -0.94158 0.336788
    outer loop
      vertex 30 -22.5433 35.2961
      vertex 22 -22.7416 34.7417
      vertex 30 -22.7416 34.7417
    endloop
  endfacet
  facet normal -0 0.336788 0.94158
    outer loop
      vertex 22 19.2961 38.5433
      vertex 30 18.7417 38.7416
      vertex 30 19.2961 38.5433
    endloop
  endfacet
  facet normal 0 0.336788 0.94158
    outer loop
      vertex 30 18.7417 38.7416
      vertex 22 19.2961 38.5433
      vertex 22 18.7417 38.7416
    endloop
  endfacet
  facet normal 0 0 1
    outer loop
      vertex 30 17 39
      vertex 26.9593 2.5 39
      vertex 30 -17 39
    endloop
  endfacet
  facet normal 0 0 1
    outer loop
      vertex 30 17 39
      vertex 25.05 2.5 39
      vertex 26.9593 2.5 39
    endloop
  endfacet
  facet normal 0 0 1
    outer loop
      vertex 25.05 2.5 39
      vertex 22 17 39
      vertex 25.05 -2.5 39
    endloop
  endfacet
  facet normal -0 0 1
    outer loop
      vertex 22 17 39
      vertex 25.05 2.5 39
      vertex 30 17 39
    endloop
  endfacet
  facet normal -0 0 1
    outer loop
      vertex 26.9593 -2.5 39
      vertex 30 -17 39
      vertex 26.9593 2.5 39
    endloop
  endfacet
  facet normal -0 0 1
    outer loop
      vertex 25.05 -2.5 39
      vertex 30 -17 39
      vertex 26.9593 -2.5 39
    endloop
  endfacet
  facet normal 0 0 1
    outer loop
      vertex 25.05 -2.5 39
      vertex 22 -17 39
      vertex 30 -17 39
    endloop
  endfacet
  facet normal 0 0 1
    outer loop
      vertex 22 -17 39
      vertex 25.05 -2.5 39
      vertex 22 17 39
    endloop
  endfacet
  facet normal 1.59969e-20 -0.998795 0.0490821
    outer loop
      vertex 22 -23 33
      vertex 30 -22.9711 33.5881
      vertex 22 -22.9711 33.5881
    endloop
  endfacet
  facet normal 1.59969e-20 -0.998795 0.0490821
    outer loop
      vertex 30 -22.9711 33.5881
      vertex 22 -23 33
      vertex 30 -23 33
    endloop
  endfacet
  facet normal -1.59969e-20 -0.998795 -0.0490821
    outer loop
      vertex 22 -22.9711 -33.5881
      vertex 30 -23 -33
      vertex 22 -23 -33
    endloop
  endfacet
  facet normal -1.59969e-20 -0.998795 -0.0490821
    outer loop
      vertex 30 -23 -33
      vertex 22 -22.9711 -33.5881
      vertex 30 -22.9711 -33.5881
    endloop
  endfacet
  facet normal 0 -0.595589 0.803289
    outer loop
      vertex 22 -20.3334 37.9888
      vertex 30 -20.8064 37.6381
      vertex 30 -20.3334 37.9888
    endloop
  endfacet
  facet normal 0 -0.595589 0.803289
    outer loop
      vertex 30 -20.8064 37.6381
      vertex 22 -20.3334 37.9888
      vertex 22 -20.8064 37.6381
    endloop
  endfacet
  facet normal 0 -0.427612 0.903962
    outer loop
      vertex 22 -19.2961 38.5433
      vertex 30 -19.8284 38.2915
      vertex 30 -19.2961 38.5433
    endloop
  endfacet
  facet normal 0 -0.427612 0.903962
    outer loop
      vertex 30 -19.8284 38.2915
      vertex 22 -19.2961 38.5433
      vertex 22 -19.8284 38.2915
    endloop
  endfacet
  facet normal 0 -0.243015 0.970023
    outer loop
      vertex 22 -18.1705 38.8847
      vertex 30 -18.7417 38.7416
      vertex 30 -18.1705 38.8847
    endloop
  endfacet
  facet normal 0 -0.243015 0.970023
    outer loop
      vertex 30 -18.7417 38.7416
      vertex 22 -18.1705 38.8847
      vertex 22 -18.7417 38.7416
    endloop
  endfacet
  facet normal -1 -0 0
    outer loop
      vertex 22 -12.75 21
      vertex 22 -14.585 20
      vertex 22 -12.75 29
    endloop
  endfacet
  facet normal -1 -0 0
    outer loop
      vertex 22 -12.7368 20.7305
      vertex 22 -14.585 20
      vertex 22 -12.75 21
    endloop
  endfacet
  facet normal -1 -0 0
    outer loop
      vertex 22 -12.6972 20.4635
      vertex 22 -14.585 20
      vertex 22 -12.7368 20.7305
    endloop
  endfacet
  facet normal -1 -0 0
    outer loop
      vertex 22 -12.6316 20.2017
      vertex 22 -14.585 20
      vertex 22 -12.6972 20.4635
    endloop
  endfacet
  facet normal -1 0 0
    outer loop
      vertex 22 -14.585 20
      vertex 22 -12.6316 20.2017
      vertex 22 -12.5594 20
    endloop
  endfacet
  facet normal -1 0 0
    outer loop
      vertex 22 4.44456 20.3018
      vertex 22 7.25 21
      vertex 22 4.85143 20
    endloop
  endfacet
  facet normal -1 -0 0
    outer loop
      vertex 22 7.26324 20.7305
      vertex 22 4.85143 20
      vertex 22 7.25 21
    endloop
  endfacet
  facet normal -1 -0 0
    outer loop
      vertex 22 7.30284 20.4635
      vertex 22 4.85143 20
      vertex 22 7.26324 20.7305
    endloop
  endfacet
  facet normal -1 -0 0
    outer loop
      vertex 22 7.36841 20.2017
      vertex 22 4.85143 20
      vertex 22 7.30284 20.4635
    endloop
  endfacet
  facet normal -1 0 0
    outer loop
      vertex 22 4.85143 20
      vertex 22 7.36841 20.2017
      vertex 22 7.44059 20
    endloop
  endfacet
  facet normal -1 0 0
    outer loop
      vertex 22 14.585 20
      vertex 22 12.7368 20.7305
      vertex 22 12.75 21
    endloop
  endfacet
  facet normal -1 0 0
    outer loop
      vertex 22 14.585 20
      vertex 22 12.6972 20.4635
      vertex 22 12.7368 20.7305
    endloop
  endfacet
  facet normal -1 0 0
    outer loop
      vertex 22 14.585 20
      vertex 22 12.6316 20.2017
      vertex 22 12.6972 20.4635
    endloop
  endfacet
  facet normal -1 0 -0
    outer loop
      vertex 22 12.6316 20.2017
      vertex 22 14.585 20
      vertex 22 12.5594 20
    endloop
  endfacet
  facet normal -1 0 0
    outer loop
      vertex 22 12.4253 -30.2963
      vertex 22 23 -33
      vertex 22 22.9711 -33.5881
    endloop
  endfacet
  facet normal -1 0 0
    outer loop
      vertex 22 23 -33
      vertex 22 14.585 -20
      vertex 22 23 33
    endloop
  endfacet
  facet normal -1 0 0
    outer loop
      vertex 22 12.4253 -30.2963
      vertex 22 22.9711 -33.5881
      vertex 22 22.8847 -34.1705
    endloop
  endfacet
  facet normal -1 0 0
    outer loop
      vertex 22 14.585 20
      vertex 22 23 33
      vertex 22 14.585 -20
    endloop
  endfacet
  facet normal -1 0 0
    outer loop
      vertex 22 12.4253 -30.2963
      vertex 22 22.8847 -34.1705
      vertex 22 22.7416 -34.7417
    endloop
  endfacet
  facet normal -1 0 0
    outer loop
      vertex 22 12.75 29
      vertex 22 23 33
      vertex 22 14.585 20
    endloop
  endfacet
  facet normal -1 0 0
    outer loop
      vertex 22 12.4253 -30.2963
      vertex 22 22.7416 -34.7417
      vertex 22 22.5433 -35.2961
    endloop
  endfacet
  facet normal -1 0 0
    outer loop
      vertex 22 12.7368 29.2695
      vertex 22 23 33
      vertex 22 12.75 29
    endloop
  endfacet
  facet normal -1 0 0
    outer loop
      vertex 22 12.4253 -30.2963
      vertex 22 22.5433 -35.2961
      vertex 22 22.2915 -35.8284
    endloop
  endfacet
  facet normal -1 0 0
    outer loop
      vertex 22 12.6972 29.5365
      vertex 22 23 33
      vertex 22 12.7368 29.2695
    endloop
  endfacet
  facet normal -1 0 0
    outer loop
      vertex 22 12.4253 -30.2963
      vertex 22 22.2915 -35.8284
      vertex 22 21.9888 -36.3334
    endloop
  endfacet
  facet normal -1 0 0
    outer loop
      vertex 22 12.6316 29.7983
      vertex 22 23 33
      vertex 22 12.6972 29.5365
    endloop
  endfacet
  facet normal -1 0 0
    outer loop
      vertex 22 12.4253 -30.2963
      vertex 22 21.9888 -36.3334
      vertex 22 21.6381 -36.8064
    endloop
  endfacet
  facet normal -1 0 0
    outer loop
      vertex 22 12.5407 30.0524
      vertex 22 23 33
      vertex 22 12.6316 29.7983
    endloop
  endfacet
  facet normal -1 0 0
    outer loop
      vertex 22 12.4253 -30.2963
      vertex 22 21.6381 -36.8064
      vertex 22 21.2426 -37.2426
    endloop
  endfacet
  facet normal -1 0 0
    outer loop
      vertex 22 12.4253 30.2963
      vertex 22 23 33
      vertex 22 12.5407 30.0524
    endloop
  endfacet
  facet normal -1 0 0
    outer loop
      vertex 22 12.4253 -30.2963
      vertex 22 21.2426 -37.2426
      vertex 22 20.8064 -37.6381
    endloop
  endfacet
  facet normal -1 -0 0
    outer loop
      vertex 22 23 33
      vertex 22 12.4253 30.2963
      vertex 22 22.9711 33.5881
    endloop
  endfacet
  facet normal -1 0 0
    outer loop
      vertex 22 12.4253 -30.2963
      vertex 22 20.8064 -37.6381
      vertex 22 20.3334 -37.9888
    endloop
  endfacet
  facet normal -1 -0 0
    outer loop
      vertex 22 22.9711 33.5881
      vertex 22 12.4253 30.2963
      vertex 22 22.8847 34.1705
    endloop
  endfacet
  facet normal -1 0 0
    outer loop
      vertex 22 12.4253 -30.2963
      vertex 22 20.3334 -37.9888
      vertex 22 19.8284 -38.2915
    endloop
  endfacet
  facet normal -1 -0 0
    outer loop
      vertex 22 22.8847 34.1705
      vertex 22 12.4253 30.2963
      vertex 22 22.7416 34.7417
    endloop
  endfacet
  facet normal -1 0 0
    outer loop
      vertex 22 12.4253 -30.2963
      vertex 22 19.8284 -38.2915
      vertex 22 19.2961 -38.5433
    endloop
  endfacet
  facet normal -1 -0 0
    outer loop
      vertex 22 22.7416 34.7417
      vertex 22 12.4253 30.2963
      vertex 22 22.5433 35.2961
    endloop
  endfacet
  facet normal -1 0 0
    outer loop
      vertex 22 12.2865 -30.5278
      vertex 22 19.2961 -38.5433
      vertex 22 18.7417 -38.7416
    endloop
  endfacet
  facet normal -1 -0 0
    outer loop
      vertex 22 22.5433 35.2961
      vertex 22 12.4253 30.2963
      vertex 22 22.2915 35.8284
    endloop
  endfacet
  facet normal -1 0 0
    outer loop
      vertex 22 12.2865 -30.5278
      vertex 22 18.7417 -38.7416
      vertex 22 18.1705 -38.8847
    endloop
  endfacet
  facet normal -1 -0 0
    outer loop
      vertex 22 22.2915 35.8284
      vertex 22 12.4253 30.2963
      vertex 22 21.9888 36.3334
    endloop
  endfacet
  facet normal -1 0 0
    outer loop
      vertex 22 12.2865 -30.5278
      vertex 22 18.1705 -38.8847
      vertex 22 17.5881 -38.9711
    endloop
  endfacet
  facet normal -1 -0 0
    outer loop
      vertex 22 21.9888 36.3334
      vertex 22 12.4253 30.2963
      vertex 22 21.6381 36.8064
    endloop
  endfacet
  facet normal -1 0 0
    outer loop
      vertex 22 12.2865 -30.5278
      vertex 22 17.5881 -38.9711
      vertex 22 17 -39
    endloop
  endfacet
  facet normal -1 -0 0
    outer loop
      vertex 22 21.6381 36.8064
      vertex 22 12.4253 30.2963
      vertex 22 21.2426 37.2426
    endloop
  endfacet
  facet normal -1 -0 0
    outer loop
      vertex 22 21.2426 37.2426
      vertex 22 12.4253 30.2963
      vertex 22 20.8064 37.6381
    endloop
  endfacet
  facet normal -1 0 0
    outer loop
      vertex 22 23 -33
      vertex 22 12.75 -29
      vertex 22 14.585 -20
    endloop
  endfacet
  facet normal -1 0 0
    outer loop
      vertex 22 23 -33
      vertex 22 12.7368 -29.2695
      vertex 22 12.75 -29
    endloop
  endfacet
  facet normal -1 0 0
    outer loop
      vertex 22 23 -33
      vertex 22 12.6972 -29.5365
      vertex 22 12.7368 -29.2695
    endloop
  endfacet
  facet normal -1 0 0
    outer loop
      vertex 22 23 -33
      vertex 22 12.6316 -29.7983
      vertex 22 12.6972 -29.5365
    endloop
  endfacet
  facet normal -1 0 0
    outer loop
      vertex 22 23 -33
      vertex 22 12.5407 -30.0524
      vertex 22 12.6316 -29.7983
    endloop
  endfacet
  facet normal -1 0 0
    outer loop
      vertex 22 23 -33
      vertex 22 12.4253 -30.2963
      vertex 22 12.5407 -30.0524
    endloop
  endfacet
  facet normal -1 0 0
    outer loop
      vertex 22 19.2961 -38.5433
      vertex 22 12.2865 -30.5278
      vertex 22 12.4253 -30.2963
    endloop
  endfacet
  facet normal -1 0 0
    outer loop
      vertex 22 17 -39
      vertex 22 12.1258 -30.7446
      vertex 22 12.2865 -30.5278
    endloop
  endfacet
  facet normal -1 0 0
    outer loop
      vertex 22 17 -39
      vertex 22 11.9445 -30.9445
      vertex 22 12.1258 -30.7446
    endloop
  endfacet
  facet normal -1 0 0
    outer loop
      vertex 22 17 -39
      vertex 22 11.7446 -31.1258
      vertex 22 11.9445 -30.9445
    endloop
  endfacet
  facet normal -1 0 0
    outer loop
      vertex 22 17 -39
      vertex 22 11.5278 -31.2865
      vertex 22 11.7446 -31.1258
    endloop
  endfacet
  facet normal -1 0 0
    outer loop
      vertex 22 17 -39
      vertex 22 11.2963 -31.4253
      vertex 22 11.5278 -31.2865
    endloop
  endfacet
  facet normal -1 0 0
    outer loop
      vertex 22 17 -39
      vertex 22 11.0524 -31.5407
      vertex 22 11.2963 -31.4253
    endloop
  endfacet
  facet normal -1 0 0
    outer loop
      vertex 22 17 -39
      vertex 22 10.7983 -31.6316
      vertex 22 11.0524 -31.5407
    endloop
  endfacet
  facet normal -1 0 0
    outer loop
      vertex 22 17 -39
      vertex 22 10.5365 -31.6972
      vertex 22 10.7983 -31.6316
    endloop
  endfacet
  facet normal -1 0 0
    outer loop
      vertex 22 17 -39
      vertex 22 10.2695 -31.7368
      vertex 22 10.5365 -31.6972
    endloop
  endfacet
  facet normal -1 0 0
    outer loop
      vertex 22 17 -39
      vertex 22 10 -31.75
      vertex 22 10.2695 -31.7368
    endloop
  endfacet
  facet normal -1 0 0
    outer loop
      vertex 22 17 -39
      vertex 22 9.73045 -31.7368
      vertex 22 10 -31.75
    endloop
  endfacet
  facet normal -1 0 0
    outer loop
      vertex 22 17 -39
      vertex 22 9.4635 -31.6972
      vertex 22 9.73045 -31.7368
    endloop
  endfacet
  facet normal -1 0 0
    outer loop
      vertex 22 17 -39
      vertex 22 9.20172 -31.6316
      vertex 22 9.4635 -31.6972
    endloop
  endfacet
  facet normal -1 0 0
    outer loop
      vertex 22 17 -39
      vertex 22 8.94762 -31.5407
      vertex 22 9.20172 -31.6316
    endloop
  endfacet
  facet normal -1 0 0
    outer loop
      vertex 22 17 -39
      vertex 22 8.70366 -31.4253
      vertex 22 8.94762 -31.5407
    endloop
  endfacet
  facet normal -1 0 0
    outer loop
      vertex 22 -8.70366 -31.4253
      vertex 22 8.70366 -31.4253
      vertex 22 17 -39
    endloop
  endfacet
  facet normal -1 0 0
    outer loop
      vertex 22 8.70366 -31.4253
      vertex 22 -8.70366 -31.4253
      vertex 22 8.47218 -31.2865
    endloop
  endfacet
  facet normal -1 0 0
    outer loop
      vertex 22 3.06147 -21.041
      vertex 22 7.25 -21
      vertex 22 7.25 -29
    endloop
  endfacet
  facet normal -1 0 0
    outer loop
      vertex 22 -7.25 -29
      vertex 22 7.25 -29
      vertex 22 7.26324 -29.2695
    endloop
  endfacet
  facet normal -1 0 0
    outer loop
      vertex 22 -7.26324 -29.2695
      vertex 22 7.26324 -29.2695
      vertex 22 7.30284 -29.5365
    endloop
  endfacet
  facet normal -1 0 0
    outer loop
      vertex 22 -7.30284 -29.5365
      vertex 22 7.30284 -29.5365
      vertex 22 7.36841 -29.7983
    endloop
  endfacet
  facet normal -1 0 0
    outer loop
      vertex 22 7.25 -21
      vertex 22 4.44456 -20.3018
      vertex 22 4.85143 -20
    endloop
  endfacet
  facet normal -1 0 0
    outer loop
      vertex 22 7.25 -21
      vertex 22 3.77117 -20.7054
      vertex 22 4.44456 -20.3018
    endloop
  endfacet
  facet normal -1 0 0
    outer loop
      vertex 22 -7.36841 -29.7983
      vertex 22 7.36841 -29.7983
      vertex 22 7.45933 -30.0524
    endloop
  endfacet
  facet normal -1 -0 0
    outer loop
      vertex 22 7.25 -21
      vertex 22 3.06147 -21.041
      vertex 22 3.77117 -20.7054
    endloop
  endfacet
  facet normal -1 0 0
    outer loop
      vertex 22 -7.45933 -30.0524
      vertex 22 7.45933 -30.0524
      vertex 22 7.57472 -30.2963
    endloop
  endfacet
  facet normal -1 0 0
    outer loop
      vertex 22 7.25 -29
      vertex 22 2.32228 -21.3055
      vertex 22 3.06147 -21.041
    endloop
  endfacet
  facet normal -1 0 0
    outer loop
      vertex 22 7.25 -29
      vertex 22 1.56072 -21.4963
      vertex 22 2.32228 -21.3055
    endloop
  endfacet
  facet normal -1 0 0
    outer loop
      vertex 22 -7.57472 -30.2963
      vertex 22 7.57472 -30.2963
      vertex 22 7.71346 -30.5278
    endloop
  endfacet
  facet normal -1 0 0
    outer loop
      vertex 22 7.25 -29
      vertex 22 0.784137 -21.6115
      vertex 22 1.56072 -21.4963
    endloop
  endfacet
  facet normal -1 0 0
    outer loop
      vertex 22 -7.71346 -30.5278
      vertex 22 7.71346 -30.5278
      vertex 22 7.87422 -30.7446
    endloop
  endfacet
  facet normal -1 0 0
    outer loop
      vertex 22 7.25 -29
      vertex 22 0 -21.65
      vertex 22 0.784137 -21.6115
    endloop
  endfacet
  facet normal -1 0 0
    outer loop
      vertex 22 7.25 -29
      vertex 22 -7.25 -29
      vertex 22 0 -21.65
    endloop
  endfacet
  facet normal -1 0 0
    outer loop
      vertex 22 -7.87422 -30.7446
      vertex 22 7.87422 -30.7446
      vertex 22 8.05546 -30.9445
    endloop
  endfacet
  facet normal -1 -0 0
    outer loop
      vertex 22 0 -21.65
      vertex 22 -7.25 -29
      vertex 22 -0.784137 -21.6115
    endloop
  endfacet
  facet normal -1 -0 0
    outer loop
      vertex 22 -0.784137 -21.6115
      vertex 22 -7.25 -29
      vertex 22 -1.56072 -21.4963
    endloop
  endfacet
  facet normal -1 -0 0
    outer loop
      vertex 22 -1.56072 -21.4963
      vertex 22 -7.25 -29
      vertex 22 -2.32228 -21.3055
    endloop
  endfacet
  facet normal -1 0 0
    outer loop
      vertex 22 -8.05546 -30.9445
      vertex 22 8.05546 -30.9445
      vertex 22 8.25542 -31.1258
    endloop
  endfacet
  facet normal -1 0 -0
    outer loop
      vertex 22 -8.47218 -31.2865
      vertex 22 8.47218 -31.2865
      vertex 22 -8.70366 -31.4253
    endloop
  endfacet
  facet normal -1 0 0
    outer loop
      vertex 22 7.26324 -29.2695
      vertex 22 -7.26324 -29.2695
      vertex 22 -7.25 -29
    endloop
  endfacet
  facet normal -1 0 0
    outer loop
      vertex 22 -7.25 -21
      vertex 22 -3.06147 -21.041
      vertex 22 -7.25 -29
    endloop
  endfacet
  facet normal -1 0 0
    outer loop
      vertex 22 -3.06147 -21.041
      vertex 22 -7.25 -21
      vertex 22 -3.77117 -20.7054
    endloop
  endfacet
  facet normal -1 -0 0
    outer loop
      vertex 22 -3.77117 -20.7054
      vertex 22 -7.25 -21
      vertex 22 -4.44456 -20.3018
    endloop
  endfacet
  facet normal -1 -0 0
    outer loop
      vertex 22 -2.32228 -21.3055
      vertex 22 -7.25 -29
      vertex 22 -3.06147 -21.041
    endloop
  endfacet
  facet normal -1 0 0
    outer loop
      vertex 22 7.30284 -29.5365
      vertex 22 -7.30284 -29.5365
      vertex 22 -7.26324 -29.2695
    endloop
  endfacet
  facet normal -1 0 0
    outer loop
      vertex 22 7.36841 -29.7983
      vertex 22 -7.36841 -29.7983
      vertex 22 -7.30284 -29.5365
    endloop
  endfacet
  facet normal -1 0 0
    outer loop
      vertex 22 7.45933 -30.0524
      vertex 22 -7.45933 -30.0524
      vertex 22 -7.36841 -29.7983
    endloop
  endfacet
  facet normal -1 0 0
    outer loop
      vertex 22 7.57472 -30.2963
      vertex 22 -7.57472 -30.2963
      vertex 22 -7.45933 -30.0524
    endloop
  endfacet
  facet normal -1 0 0
    outer loop
      vertex 22 7.71346 -30.5278
      vertex 22 -7.71346 -30.5278
      vertex 22 -7.57472 -30.2963
    endloop
  endfacet
  facet normal -1 0 0
    outer loop
      vertex 22 7.87422 -30.7446
      vertex 22 -7.87422 -30.7446
      vertex 22 -7.71346 -30.5278
    endloop
  endfacet
  facet normal -1 0 0
    outer loop
      vertex 22 8.05546 -30.9445
      vertex 22 -8.05546 -30.9445
      vertex 22 -7.87422 -30.7446
    endloop
  endfacet
  facet normal -1 0 0
    outer loop
      vertex 22 8.25542 -31.1258
      vertex 22 -8.25542 -31.1258
      vertex 22 -8.05546 -30.9445
    endloop
  endfacet
  facet normal -1 -0 0
    outer loop
      vertex 22 8.25542 -31.1258
      vertex 22 -8.47218 -31.2865
      vertex 22 -8.25542 -31.1258
    endloop
  endfacet
  facet normal -1 0 0
    outer loop
      vertex 22 8.47218 -31.2865
      vertex 22 -8.47218 -31.2865
      vertex 22 8.25542 -31.1258
    endloop
  endfacet
  facet normal -1 0 0
    outer loop
      vertex 22 -17 -39
      vertex 22 -8.70366 -31.4253
      vertex 22 17 -39
    endloop
  endfacet
  facet normal -1 0 0
    outer loop
      vertex 22 -8.70366 -31.4253
      vertex 22 -17 -39
      vertex 22 -8.94762 -31.5407
    endloop
  endfacet
  facet normal -1 0 0
    outer loop
      vertex 22 -8.94762 -31.5407
      vertex 22 -17 -39
      vertex 22 -9.20172 -31.6316
    endloop
  endfacet
  facet normal -1 0 0
    outer loop
      vertex 22 -9.20172 -31.6316
      vertex 22 -17 -39
      vertex 22 -9.4635 -31.6972
    endloop
  endfacet
  facet normal -1 0 0
    outer loop
      vertex 22 -9.4635 -31.6972
      vertex 22 -17 -39
      vertex 22 -9.73045 -31.7368
    endloop
  endfacet
  facet normal -1 0 0
    outer loop
      vertex 22 -9.73045 -31.7368
      vertex 22 -17 -39
      vertex 22 -10 -31.75
    endloop
  endfacet
  facet normal -1 -0 0
    outer loop
      vertex 22 -10 -31.75
      vertex 22 -17 -39
      vertex 22 -10.2695 -31.7368
    endloop
  endfacet
  facet normal -1 -0 0
    outer loop
      vertex 22 -10.2695 -31.7368
      vertex 22 -17 -39
      vertex 22 -10.5365 -31.6972
    endloop
  endfacet
  facet normal -1 0 0
    outer loop
      vertex 22 -12.75 -29
      vertex 22 -14.585 -20
      vertex 22 -12.75 -21
    endloop
  endfacet
  facet normal -1 0 0
    outer loop
      vertex 22 -23 -33
      vertex 22 -12.75 -29
      vertex 22 -12.7368 -29.2695
    endloop
  endfacet
  facet normal -1 0 0
    outer loop
      vertex 22 -23 -33
      vertex 22 -12.7368 -29.2695
      vertex 22 -12.6972 -29.5365
    endloop
  endfacet
  facet normal -1 -0 0
    outer loop
      vertex 22 -12.75 -29
      vertex 22 -23 -33
      vertex 22 -14.585 -20
    endloop
  endfacet
  facet normal -1 -0 0
    outer loop
      vertex 22 -12.6316 -29.7983
      vertex 22 -23 -33
      vertex 22 -12.6972 -29.5365
    endloop
  endfacet
  facet normal -1 -0 0
    outer loop
      vertex 22 -12.5407 -30.0524
      vertex 22 -23 -33
      vertex 22 -12.6316 -29.7983
    endloop
  endfacet
  facet normal -1 -0 0
    outer loop
      vertex 22 -12.4253 -30.2963
      vertex 22 -23 -33
      vertex 22 -12.5407 -30.0524
    endloop
  endfacet
  facet normal -1 0 0
    outer loop
      vertex 22 -23 -33
      vertex 22 -12.4253 -30.2963
      vertex 22 -17 -39
    endloop
  endfacet
  facet normal -1 -0 0
    outer loop
      vertex 22 -12.2865 -30.5278
      vertex 22 -17 -39
      vertex 22 -12.4253 -30.2963
    endloop
  endfacet
  facet normal -1 -0 0
    outer loop
      vertex 22 -12.1258 -30.7446
      vertex 22 -17 -39
      vertex 22 -12.2865 -30.5278
    endloop
  endfacet
  facet normal -1 -0 0
    outer loop
      vertex 22 -11.9445 -30.9445
      vertex 22 -17 -39
      vertex 22 -12.1258 -30.7446
    endloop
  endfacet
  facet normal -1 -0 0
    outer loop
      vertex 22 -11.7446 -31.1258
      vertex 22 -17 -39
      vertex 22 -11.9445 -30.9445
    endloop
  endfacet
  facet normal -1 -0 0
    outer loop
      vertex 22 -11.5278 -31.2865
      vertex 22 -17 -39
      vertex 22 -11.7446 -31.1258
    endloop
  endfacet
  facet normal -1 -0 0
    outer loop
      vertex 22 -11.2963 -31.4253
      vertex 22 -17 -39
      vertex 22 -11.5278 -31.2865
    endloop
  endfacet
  facet normal -1 -0 0
    outer loop
      vertex 22 -11.0524 -31.5407
      vertex 22 -17 -39
      vertex 22 -11.2963 -31.4253
    endloop
  endfacet
  facet normal -1 -0 0
    outer loop
      vertex 22 -10.7983 -31.6316
      vertex 22 -17 -39
      vertex 22 -11.0524 -31.5407
    endloop
  endfacet
  facet normal -1 -0 0
    outer loop
      vertex 22 -10.5365 -31.6972
      vertex 22 -17 -39
      vertex 22 -10.7983 -31.6316
    endloop
  endfacet
  facet normal -1 -0 0
    outer loop
      vertex 22 20.8064 37.6381
      vertex 22 12.4253 30.2963
      vertex 22 20.3334 37.9888
    endloop
  endfacet
  facet normal -1 0 0
    outer loop
      vertex 22 12.75 29
      vertex 22 14.585 20
      vertex 22 12.75 21
    endloop
  endfacet
  facet normal -1 -0 0
    outer loop
      vertex 22 20.3334 37.9888
      vertex 22 12.4253 30.2963
      vertex 22 19.8284 38.2915
    endloop
  endfacet
  facet normal -1 -0 0
    outer loop
      vertex 22 19.8284 38.2915
      vertex 22 12.4253 30.2963
      vertex 22 19.2961 38.5433
    endloop
  endfacet
  facet normal -1 0 0
    outer loop
      vertex 22 12.2865 30.5278
      vertex 22 19.2961 38.5433
      vertex 22 12.4253 30.2963
    endloop
  endfacet
  facet normal -1 -0 0
    outer loop
      vertex 22 19.2961 38.5433
      vertex 22 12.2865 30.5278
      vertex 22 18.7417 38.7416
    endloop
  endfacet
  facet normal -1 -0 0
    outer loop
      vertex 22 18.7417 38.7416
      vertex 22 12.2865 30.5278
      vertex 22 18.1705 38.8847
    endloop
  endfacet
  facet normal -1 -0 0
    outer loop
      vertex 22 18.1705 38.8847
      vertex 22 12.2865 30.5278
      vertex 22 17.5881 38.9711
    endloop
  endfacet
  facet normal -1 -0 0
    outer loop
      vertex 22 17.5881 38.9711
      vertex 22 12.2865 30.5278
      vertex 22 17 39
    endloop
  endfacet
  facet normal -1 0 0
    outer loop
      vertex 22 12.1258 30.7446
      vertex 22 17 39
      vertex 22 12.2865 30.5278
    endloop
  endfacet
  facet normal -1 0 0
    outer loop
      vertex 22 11.9445 30.9445
      vertex 22 17 39
      vertex 22 12.1258 30.7446
    endloop
  endfacet
  facet normal -1 0 0
    outer loop
      vertex 22 11.7446 31.1258
      vertex 22 17 39
      vertex 22 11.9445 30.9445
    endloop
  endfacet
  facet normal -1 0 0
    outer loop
      vertex 22 11.5278 31.2865
      vertex 22 17 39
      vertex 22 11.7446 31.1258
    endloop
  endfacet
  facet normal -1 0 0
    outer loop
      vertex 22 11.2963 31.4253
      vertex 22 17 39
      vertex 22 11.5278 31.2865
    endloop
  endfacet
  facet normal -1 0 0
    outer loop
      vertex 22 11.0524 31.5407
      vertex 22 17 39
      vertex 22 11.2963 31.4253
    endloop
  endfacet
  facet normal -1 0 0
    outer loop
      vertex 22 10.7983 31.6316
      vertex 22 17 39
      vertex 22 11.0524 31.5407
    endloop
  endfacet
  facet normal -1 0 0
    outer loop
      vertex 22 10.5365 31.6972
      vertex 22 17 39
      vertex 22 10.7983 31.6316
    endloop
  endfacet
  facet normal -1 0 0
    outer loop
      vertex 22 10.2695 31.7368
      vertex 22 17 39
      vertex 22 10.5365 31.6972
    endloop
  endfacet
  facet normal -1 0 0
    outer loop
      vertex 22 10 31.75
      vertex 22 17 39
      vertex 22 10.2695 31.7368
    endloop
  endfacet
  facet normal -1 0 0
    outer loop
      vertex 22 9.73045 31.7368
      vertex 22 17 39
      vertex 22 10 31.75
    endloop
  endfacet
  facet normal -1 0 0
    outer loop
      vertex 22 9.4635 31.6972
      vertex 22 17 39
      vertex 22 9.73045 31.7368
    endloop
  endfacet
  facet normal -1 0 0
    outer loop
      vertex 22 9.20172 31.6316
      vertex 22 17 39
      vertex 22 9.4635 31.6972
    endloop
  endfacet
  facet normal -1 0 0
    outer loop
      vertex 22 8.94762 31.5407
      vertex 22 17 39
      vertex 22 9.20172 31.6316
    endloop
  endfacet
  facet normal -1 0 0
    outer loop
      vertex 22 8.70366 31.4253
      vertex 22 17 39
      vertex 22 8.94762 31.5407
    endloop
  endfacet
  facet normal -1 0 0
    outer loop
      vertex 22 -8.70366 31.4253
      vertex 22 8.70366 31.4253
      vertex 22 8.47218 31.2865
    endloop
  endfacet
  facet normal -1 0 0
    outer loop
      vertex 22 -8.47218 31.2865
      vertex 22 8.47218 31.2865
      vertex 22 8.25542 31.1258
    endloop
  endfacet
  facet normal -1 0 0
    outer loop
      vertex 22 3.77117 20.7054
      vertex 22 7.25 21
      vertex 22 4.44456 20.3018
    endloop
  endfacet
  facet normal -1 0 0
    outer loop
      vertex 22 3.06147 21.041
      vertex 22 7.25 21
      vertex 22 3.77117 20.7054
    endloop
  endfacet
  facet normal -1 0 0
    outer loop
      vertex 22 7.25 21
      vertex 22 3.06147 21.041
      vertex 22 7.25 29
    endloop
  endfacet
  facet normal -1 0 0
    outer loop
      vertex 22 2.32228 21.3055
      vertex 22 7.25 29
      vertex 22 3.06147 21.041
    endloop
  endfacet
  facet normal -1 0 0
    outer loop
      vertex 22 1.56072 21.4963
      vertex 22 7.25 29
      vertex 22 2.32228 21.3055
    endloop
  endfacet
  facet normal -1 0 0
    outer loop
      vertex 22 0.784137 21.6115
      vertex 22 7.25 29
      vertex 22 1.56072 21.4963
    endloop
  endfacet
  facet normal -1 0 0
    outer loop
      vertex 22 0 21.65
      vertex 22 7.25 29
      vertex 22 0.784137 21.6115
    endloop
  endfacet
  facet normal -1 0 0
    outer loop
      vertex 22 -7.25 29
      vertex 22 7.25 29
      vertex 22 0 21.65
    endloop
  endfacet
  facet normal -1 0 0
    outer loop
      vertex 22 7.25 29
      vertex 22 -7.25 29
      vertex 22 7.26324 29.2695
    endloop
  endfacet
  facet normal -1 0 0
    outer loop
      vertex 22 -7.26324 29.2695
      vertex 22 7.26324 29.2695
      vertex 22 -7.25 29
    endloop
  endfacet
  facet normal -1 0 0
    outer loop
      vertex 22 7.26324 29.2695
      vertex 22 -7.26324 29.2695
      vertex 22 7.30284 29.5365
    endloop
  endfacet
  facet normal -1 0 0
    outer loop
      vertex 22 -7.30284 29.5365
      vertex 22 7.30284 29.5365
      vertex 22 -7.26324 29.2695
    endloop
  endfacet
  facet normal -1 0 0
    outer loop
      vertex 22 7.30284 29.5365
      vertex 22 -7.30284 29.5365
      vertex 22 7.36841 29.7983
    endloop
  endfacet
  facet normal -1 0 0
    outer loop
      vertex 22 -7.36841 29.7983
      vertex 22 7.36841 29.7983
      vertex 22 -7.30284 29.5365
    endloop
  endfacet
  facet normal -1 0 0
    outer loop
      vertex 22 -7.25 29
      vertex 22 0 21.65
      vertex 22 -0.784137 21.6115
    endloop
  endfacet
  facet normal -1 0 0
    outer loop
      vertex 22 7.36841 29.7983
      vertex 22 -7.36841 29.7983
      vertex 22 7.45933 30.0524
    endloop
  endfacet
  facet normal -1 0 0
    outer loop
      vertex 22 -7.25 29
      vertex 22 -0.784137 21.6115
      vertex 22 -1.56072 21.4963
    endloop
  endfacet
  facet normal -1 0 0
    outer loop
      vertex 22 -7.25 29
      vertex 22 -1.56072 21.4963
      vertex 22 -2.32228 21.3055
    endloop
  endfacet
  facet normal -1 0 0
    outer loop
      vertex 22 -7.25 29
      vertex 22 -2.32228 21.3055
      vertex 22 -3.06147 21.041
    endloop
  endfacet
  facet normal -1 0 0
    outer loop
      vertex 22 -7.45933 30.0524
      vertex 22 7.45933 30.0524
      vertex 22 -7.36841 29.7983
    endloop
  endfacet
  facet normal -1 0 0
    outer loop
      vertex 22 7.45933 30.0524
      vertex 22 -7.45933 30.0524
      vertex 22 7.57472 30.2963
    endloop
  endfacet
  facet normal -1 0 0
    outer loop
      vertex 22 -7.25 21
      vertex 22 -3.06147 21.041
      vertex 22 -3.77117 20.7054
    endloop
  endfacet
  facet normal -1 0 0
    outer loop
      vertex 22 -7.25 21
      vertex 22 -3.77117 20.7054
      vertex 22 -4.44456 20.3018
    endloop
  endfacet
  facet normal -1 0 0
    outer loop
      vertex 22 -7.25 21
      vertex 22 -4.44456 20.3018
      vertex 22 -4.85143 20
    endloop
  endfacet
  facet normal -1 -0 0
    outer loop
      vertex 22 -3.06147 21.041
      vertex 22 -7.25 21
      vertex 22 -7.25 29
    endloop
  endfacet
  facet normal -1 0 0
    outer loop
      vertex 22 -7.57472 30.2963
      vertex 22 7.57472 30.2963
      vertex 22 -7.45933 30.0524
    endloop
  endfacet
  facet normal -1 0 0
    outer loop
      vertex 22 7.57472 30.2963
      vertex 22 -7.57472 30.2963
      vertex 22 7.71346 30.5278
    endloop
  endfacet
  facet normal -1 0 0
    outer loop
      vertex 22 -7.71346 30.5278
      vertex 22 7.71346 30.5278
      vertex 22 -7.57472 30.2963
    endloop
  endfacet
  facet normal -1 0 0
    outer loop
      vertex 22 7.71346 30.5278
      vertex 22 -7.71346 30.5278
      vertex 22 7.87422 30.7446
    endloop
  endfacet
  facet normal -1 0 0
    outer loop
      vertex 22 -7.87422 30.7446
      vertex 22 7.87422 30.7446
      vertex 22 -7.71346 30.5278
    endloop
  endfacet
  facet normal -1 0 0
    outer loop
      vertex 22 7.87422 30.7446
      vertex 22 -7.87422 30.7446
      vertex 22 8.05546 30.9445
    endloop
  endfacet
  facet normal -1 0 0
    outer loop
      vertex 22 -8.05546 30.9445
      vertex 22 8.05546 30.9445
      vertex 22 -7.87422 30.7446
    endloop
  endfacet
  facet normal -1 0 0
    outer loop
      vertex 22 8.05546 30.9445
      vertex 22 -8.05546 30.9445
      vertex 22 8.25542 31.1258
    endloop
  endfacet
  facet normal -1 0 0
    outer loop
      vertex 22 -8.25542 31.1258
      vertex 22 8.25542 31.1258
      vertex 22 -8.05546 30.9445
    endloop
  endfacet
  facet normal -1 0 0
    outer loop
      vertex 22 -8.47218 31.2865
      vertex 22 8.25542 31.1258
      vertex 22 -8.25542 31.1258
    endloop
  endfacet
  facet normal -1 0 0
    outer loop
      vertex 22 8.47218 31.2865
      vertex 22 -8.47218 31.2865
      vertex 22 -8.70366 31.4253
    endloop
  endfacet
  facet normal -1 0 0
    outer loop
      vertex 22 8.70366 31.4253
      vertex 22 -8.70366 31.4253
      vertex 22 17 39
    endloop
  endfacet
  facet normal -1 0 0
    outer loop
      vertex 22 -17 39
      vertex 22 -8.70366 31.4253
      vertex 22 -8.94762 31.5407
    endloop
  endfacet
  facet normal -1 0 0
    outer loop
      vertex 22 -17 39
      vertex 22 -8.94762 31.5407
      vertex 22 -9.20172 31.6316
    endloop
  endfacet
  facet normal -1 0 0
    outer loop
      vertex 22 -17 39
      vertex 22 -9.20172 31.6316
      vertex 22 -9.4635 31.6972
    endloop
  endfacet
  facet normal -1 0 0
    outer loop
      vertex 22 -17 39
      vertex 22 -9.4635 31.6972
      vertex 22 -9.73045 31.7368
    endloop
  endfacet
  facet normal -1 0 0
    outer loop
      vertex 22 -17 39
      vertex 22 -9.73045 31.7368
      vertex 22 -10 31.75
    endloop
  endfacet
  facet normal -1 0 0
    outer loop
      vertex 22 -17 39
      vertex 22 -10 31.75
      vertex 22 -10.2695 31.7368
    endloop
  endfacet
  facet normal -1 0 0
    outer loop
      vertex 22 -17 39
      vertex 22 -10.2695 31.7368
      vertex 22 -10.5365 31.6972
    endloop
  endfacet
  facet normal -1 0 0
    outer loop
      vertex 22 -17 39
      vertex 22 -10.5365 31.6972
      vertex 22 -10.7983 31.6316
    endloop
  endfacet
  facet normal -1 0 0
    outer loop
      vertex 22 -23 33
      vertex 22 -12.75 29
      vertex 22 -14.585 20
    endloop
  endfacet
  facet normal -1 0 0
    outer loop
      vertex 22 -12.75 29
      vertex 22 -23 33
      vertex 22 -12.7368 29.2695
    endloop
  endfacet
  facet normal -1 0 0
    outer loop
      vertex 22 -8.70366 31.4253
      vertex 22 -17 39
      vertex 22 17 39
    endloop
  endfacet
  facet normal -1 0 0
    outer loop
      vertex 22 -11.0524 31.5407
      vertex 22 -17 39
      vertex 22 -10.7983 31.6316
    endloop
  endfacet
  facet normal -1 0 0
    outer loop
      vertex 22 -11.2963 31.4253
      vertex 22 -17 39
      vertex 22 -11.0524 31.5407
    endloop
  endfacet
  facet normal -1 0 0
    outer loop
      vertex 22 -11.5278 31.2865
      vertex 22 -17 39
      vertex 22 -11.2963 31.4253
    endloop
  endfacet
  facet normal -1 0 0
    outer loop
      vertex 22 -11.7446 31.1258
      vertex 22 -17 39
      vertex 22 -11.5278 31.2865
    endloop
  endfacet
  facet normal -1 0 0
    outer loop
      vertex 22 -11.9445 30.9445
      vertex 22 -17 39
      vertex 22 -11.7446 31.1258
    endloop
  endfacet
  facet normal -1 0 0
    outer loop
      vertex 22 -12.1258 30.7446
      vertex 22 -17 39
      vertex 22 -11.9445 30.9445
    endloop
  endfacet
  facet normal -1 0 0
    outer loop
      vertex 22 -12.2865 30.5278
      vertex 22 -17 39
      vertex 22 -12.1258 30.7446
    endloop
  endfacet
  facet normal -1 0 0
    outer loop
      vertex 22 -19.2961 38.5433
      vertex 22 -12.2865 30.5278
      vertex 22 -12.4253 30.2963
    endloop
  endfacet
  facet normal -1 0 0
    outer loop
      vertex 22 -23 33
      vertex 22 -12.4253 30.2963
      vertex 22 -12.5407 30.0524
    endloop
  endfacet
  facet normal -1 0 0
    outer loop
      vertex 22 -23 33
      vertex 22 -12.5407 30.0524
      vertex 22 -12.6316 29.7983
    endloop
  endfacet
  facet normal -1 0 0
    outer loop
      vertex 22 -23 33
      vertex 22 -12.6316 29.7983
      vertex 22 -12.6972 29.5365
    endloop
  endfacet
  facet normal -1 0 0
    outer loop
      vertex 22 -12.7368 29.2695
      vertex 22 -23 33
      vertex 22 -12.6972 29.5365
    endloop
  endfacet
  facet normal -1 -0 0
    outer loop
      vertex 22 -14.585 -20
      vertex 22 -23 -33
      vertex 22 -14.585 20
    endloop
  endfacet
  facet normal -1 0 0
    outer loop
      vertex 22 -23 -33
      vertex 22 -17 -39
      vertex 22 -17.5881 -38.9711
    endloop
  endfacet
  facet normal -1 0 0
    outer loop
      vertex 22 -23 33
      vertex 22 -14.585 20
      vertex 22 -23 -33
    endloop
  endfacet
  facet normal -1 0 0
    outer loop
      vertex 22 -23 -33
      vertex 22 -17.5881 -38.9711
      vertex 22 -18.1705 -38.8847
    endloop
  endfacet
  facet normal -1 0 0
    outer loop
      vertex 22 -12.4253 30.2963
      vertex 22 -23 33
      vertex 22 -22.7416 34.7417
    endloop
  endfacet
  facet normal -1 0 0
    outer loop
      vertex 22 -23 -33
      vertex 22 -18.1705 -38.8847
      vertex 22 -18.7417 -38.7416
    endloop
  endfacet
  facet normal -1 0 0
    outer loop
      vertex 22 -12.2865 30.5278
      vertex 22 -17.5881 38.9711
      vertex 22 -17 39
    endloop
  endfacet
  facet normal -1 0 0
    outer loop
      vertex 22 -23 -33
      vertex 22 -18.7417 -38.7416
      vertex 22 -19.2961 -38.5433
    endloop
  endfacet
  facet normal -1 0 0
    outer loop
      vertex 22 -12.2865 30.5278
      vertex 22 -18.1705 38.8847
      vertex 22 -17.5881 38.9711
    endloop
  endfacet
  facet normal -1 0 0
    outer loop
      vertex 22 -23 -33
      vertex 22 -19.2961 -38.5433
      vertex 22 -19.8284 -38.2915
    endloop
  endfacet
  facet normal -1 0 0
    outer loop
      vertex 22 -12.2865 30.5278
      vertex 22 -18.7417 38.7416
      vertex 22 -18.1705 38.8847
    endloop
  endfacet
  facet normal -1 0 0
    outer loop
      vertex 22 -23 -33
      vertex 22 -19.8284 -38.2915
      vertex 22 -20.3334 -37.9888
    endloop
  endfacet
  facet normal -1 0 0
    outer loop
      vertex 22 -12.2865 30.5278
      vertex 22 -19.2961 38.5433
      vertex 22 -18.7417 38.7416
    endloop
  endfacet
  facet normal -1 0 0
    outer loop
      vertex 22 -23 -33
      vertex 22 -20.3334 -37.9888
      vertex 22 -20.8064 -37.6381
    endloop
  endfacet
  facet normal -1 0 0
    outer loop
      vertex 22 -12.4253 30.2963
      vertex 22 -19.8284 38.2915
      vertex 22 -19.2961 38.5433
    endloop
  endfacet
  facet normal -1 0 0
    outer loop
      vertex 22 -23 -33
      vertex 22 -20.8064 -37.6381
      vertex 22 -21.2426 -37.2426
    endloop
  endfacet
  facet normal -1 0 0
    outer loop
      vertex 22 -12.4253 30.2963
      vertex 22 -20.3334 37.9888
      vertex 22 -19.8284 38.2915
    endloop
  endfacet
  facet normal -1 0 0
    outer loop
      vertex 22 -23 -33
      vertex 22 -21.2426 -37.2426
      vertex 22 -21.6381 -36.8064
    endloop
  endfacet
  facet normal -1 0 0
    outer loop
      vertex 22 -12.4253 30.2963
      vertex 22 -20.8064 37.6381
      vertex 22 -20.3334 37.9888
    endloop
  endfacet
  facet normal -1 0 0
    outer loop
      vertex 22 -23 -33
      vertex 22 -21.6381 -36.8064
      vertex 22 -21.9888 -36.3334
    endloop
  endfacet
  facet normal -1 0 0
    outer loop
      vertex 22 -12.4253 30.2963
      vertex 22 -21.2426 37.2426
      vertex 22 -20.8064 37.6381
    endloop
  endfacet
  facet normal -1 0 0
    outer loop
      vertex 22 -23 -33
      vertex 22 -21.9888 -36.3334
      vertex 22 -22.2915 -35.8284
    endloop
  endfacet
  facet normal -1 0 0
    outer loop
      vertex 22 -12.4253 30.2963
      vertex 22 -21.6381 36.8064
      vertex 22 -21.2426 37.2426
    endloop
  endfacet
  facet normal -1 0 0
    outer loop
      vertex 22 -23 -33
      vertex 22 -22.2915 -35.8284
      vertex 22 -22.5433 -35.2961
    endloop
  endfacet
  facet normal -1 0 0
    outer loop
      vertex 22 -12.4253 30.2963
      vertex 22 -21.9888 36.3334
      vertex 22 -21.6381 36.8064
    endloop
  endfacet
  facet normal -1 0 0
    outer loop
      vertex 22 -23 -33
      vertex 22 -22.5433 -35.2961
      vertex 22 -22.7416 -34.7417
    endloop
  endfacet
  facet normal -1 0 0
    outer loop
      vertex 22 -12.4253 30.2963
      vertex 22 -22.2915 35.8284
      vertex 22 -21.9888 36.3334
    endloop
  endfacet
  facet normal -1 0 0
    outer loop
      vertex 22 -23 -33
      vertex 22 -22.7416 -34.7417
      vertex 22 -22.8847 -34.1705
    endloop
  endfacet
  facet normal -1 0 0
    outer loop
      vertex 22 -12.4253 30.2963
      vertex 22 -22.5433 35.2961
      vertex 22 -22.2915 35.8284
    endloop
  endfacet
  facet normal -1 0 0
    outer loop
      vertex 22 -23 -33
      vertex 22 -22.8847 -34.1705
      vertex 22 -22.9711 -33.5881
    endloop
  endfacet
  facet normal -1 0 0
    outer loop
      vertex 22 -12.4253 30.2963
      vertex 22 -22.7416 34.7417
      vertex 22 -22.5433 35.2961
    endloop
  endfacet
  facet normal -1 0 0
    outer loop
      vertex 22 -22.7416 34.7417
      vertex 22 -23 33
      vertex 22 -22.8847 34.1705
    endloop
  endfacet
  facet normal -1 0 0
    outer loop
      vertex 22 -22.8847 34.1705
      vertex 22 -23 33
      vertex 22 -22.9711 33.5881
    endloop
  endfacet
  facet normal -1 0 0
    outer loop
      vertex 22 12.75 -21
      vertex 22 14.585 -20
      vertex 22 12.75 -29
    endloop
  endfacet
  facet normal -1 0 0
    outer loop
      vertex 22 12.7368 -20.7305
      vertex 22 14.585 -20
      vertex 22 12.75 -21
    endloop
  endfacet
  facet normal -1 0 0
    outer loop
      vertex 22 12.6972 -20.4635
      vertex 22 14.585 -20
      vertex 22 12.7368 -20.7305
    endloop
  endfacet
  facet normal -1 0 0
    outer loop
      vertex 22 12.6316 -20.2017
      vertex 22 14.585 -20
      vertex 22 12.6972 -20.4635
    endloop
  endfacet
  facet normal -1 -0 0
    outer loop
      vertex 22 14.585 -20
      vertex 22 12.6316 -20.2017
      vertex 22 12.5594 -20
    endloop
  endfacet
  facet normal -1 0 0
    outer loop
      vertex 22 7.36841 -20.2017
      vertex 22 4.85143 -20
      vertex 22 7.44059 -20
    endloop
  endfacet
  facet normal -1 0 0
    outer loop
      vertex 22 7.30284 -20.4635
      vertex 22 4.85143 -20
      vertex 22 7.36841 -20.2017
    endloop
  endfacet
  facet normal -1 0 0
    outer loop
      vertex 22 7.26324 -20.7305
      vertex 22 4.85143 -20
      vertex 22 7.30284 -20.4635
    endloop
  endfacet
  facet normal -1 0 0
    outer loop
      vertex 22 4.85143 -20
      vertex 22 7.26324 -20.7305
      vertex 22 7.25 -21
    endloop
  endfacet
  facet normal -1 0 0
    outer loop
      vertex 22 -4.85143 20
      vertex 22 -7.26324 20.7305
      vertex 22 -7.25 21
    endloop
  endfacet
  facet normal -1 0 0
    outer loop
      vertex 22 -4.85143 20
      vertex 22 -7.30284 20.4635
      vertex 22 -7.26324 20.7305
    endloop
  endfacet
  facet normal -1 0 0
    outer loop
      vertex 22 -4.85143 20
      vertex 22 -7.36841 20.2017
      vertex 22 -7.30284 20.4635
    endloop
  endfacet
  facet normal -1 0 -0
    outer loop
      vertex 22 -7.36841 20.2017
      vertex 22 -4.85143 20
      vertex 22 -7.44059 20
    endloop
  endfacet
  facet normal -1 -0 0
    outer loop
      vertex 22 -4.44456 -20.3018
      vertex 22 -7.25 -21
      vertex 22 -4.85143 -20
    endloop
  endfacet
  facet normal -1 0 0
    outer loop
      vertex 22 -7.26324 -20.7305
      vertex 22 -4.85143 -20
      vertex 22 -7.25 -21
    endloop
  endfacet
  facet normal -1 0 0
    outer loop
      vertex 22 -7.30284 -20.4635
      vertex 22 -4.85143 -20
      vertex 22 -7.26324 -20.7305
    endloop
  endfacet
  facet normal -1 0 0
    outer loop
      vertex 22 -7.36841 -20.2017
      vertex 22 -4.85143 -20
      vertex 22 -7.30284 -20.4635
    endloop
  endfacet
  facet normal -1 -0 0
    outer loop
      vertex 22 -4.85143 -20
      vertex 22 -7.36841 -20.2017
      vertex 22 -7.44059 -20
    endloop
  endfacet
  facet normal -1 0 0
    outer loop
      vertex 22 -12.6316 -20.2017
      vertex 22 -14.585 -20
      vertex 22 -12.5594 -20
    endloop
  endfacet
  facet normal -1 0 0
    outer loop
      vertex 22 -12.6972 -20.4635
      vertex 22 -14.585 -20
      vertex 22 -12.6316 -20.2017
    endloop
  endfacet
  facet normal -1 0 0
    outer loop
      vertex 22 -12.7368 -20.7305
      vertex 22 -14.585 -20
      vertex 22 -12.6972 -20.4635
    endloop
  endfacet
  facet normal -1 0 0
    outer loop
      vertex 22 -14.585 -20
      vertex 22 -12.7368 -20.7305
      vertex 22 -12.75 -21
    endloop
  endfacet
  facet normal -0 0.903986 0.427562
    outer loop
      vertex 25.4156 -7.05537 -17.4212
      vertex 30 -7.39104 -16.7115
      vertex 30 -7.05537 -17.4212
    endloop
  endfacet
  facet normal 0 0.903986 0.427562
    outer loop
      vertex 30 -7.39104 -16.7115
      vertex 25.4156 -7.05537 -17.4212
      vertex 25.3315 -7.39104 -16.7115
    endloop
  endfacet
  facet normal 3.44245e-19 0.857734 -0.514093
    outer loop
      vertex 30 -7.05537 17.4212
      vertex 25.5167 -6.65176 18.0946
      vertex 30 -6.65176 18.0946
    endloop
  endfacet
  facet normal 3.36654e-19 0.857734 -0.514093
    outer loop
      vertex 25.5167 -6.65176 18.0946
      vertex 30 -7.05537 17.4212
      vertex 25.4156 -7.05537 17.4212
    endloop
  endfacet
  facet normal 0 0.0490395 -0.998797
    outer loop
      vertex 29.4185 -0.784137 21.6115
      vertex 30 0 21.65
      vertex 30 -0.784137 21.6115
    endloop
  endfacet
  facet normal 0 0.0490395 -0.998797
    outer loop
      vertex 30 0 21.65
      vertex 29.4185 -0.784137 21.6115
      vertex 29.4131 0 21.65
    endloop
  endfacet
  facet normal 0 0.0490395 -0.998797
    outer loop
      vertex 22 -0.784137 21.6115
      vertex 25.05 0 21.65
      vertex 25.05 -0.784137 21.6115
    endloop
  endfacet
  facet normal 0 0.0490395 -0.998797
    outer loop
      vertex 25.05 0 21.65
      vertex 22 -0.784137 21.6115
      vertex 22 0 21.65
    endloop
  endfacet
  facet normal -0 -0.741004 -0.671501
    outer loop
      vertex 30 6.18408 18.7251
      vertex 25.7659 5.65685 19.3069
      vertex 25.6338 6.18408 18.7251
    endloop
  endfacet
  facet normal 0 -0.741004 -0.671501
    outer loop
      vertex 25.7659 5.65685 19.3069
      vertex 30 6.18408 18.7251
      vertex 30 5.65685 19.3069
    endloop
  endfacet
  facet normal 4.12762e-19 0.998795 -0.0490672
    outer loop
      vertex 30 -8 13.65
      vertex 25.1566 -7.96148 14.4341
      vertex 30 -7.96148 14.4341
    endloop
  endfacet
  facet normal 4.11589e-19 0.998795 -0.0490672
    outer loop
      vertex 25.1566 -7.96148 14.4341
      vertex 30 -8 13.65
      vertex 25.1428 -8 13.65
    endloop
  endfacet
  facet normal 0 -0.671543 -0.740965
    outer loop
      vertex 25.9039 5.07515 19.8341
      vertex 30 5.65685 19.3069
      vertex 30 5.07515 19.8341
    endloop
  endfacet
  facet normal 2.51554e-05 -0.671641 -0.740877
    outer loop
      vertex 25.8927 5.15038 19.7659
      vertex 30 5.65685 19.3069
      vertex 25.9039 5.07515 19.8341
    endloop
  endfacet
  facet normal -0 -0.671529 -0.740979
    outer loop
      vertex 30 5.65685 19.3069
      vertex 25.8927 5.15038 19.7659
      vertex 25.7659 5.65685 19.3069
    endloop
  endfacet
  facet normal 0 -0.0490395 0.998797
    outer loop
      vertex 22 0.784137 -21.6115
      vertex 30 0 -21.65
      vertex 30 0.784137 -21.6115
    endloop
  endfacet
  facet normal 0 -0.0490395 0.998797
    outer loop
      vertex 30 0 -21.65
      vertex 22 0.784137 -21.6115
      vertex 22 0 -21.65
    endloop
  endfacet
  facet normal -1.50088e-18 -0.989176 0.146733
    outer loop
      vertex 25.1978 7.84628 -15.2107
      vertex 30 7.96148 -14.4341
      vertex 25.1566 7.96148 -14.4341
    endloop
  endfacet
  facet normal -1.51375e-18 -0.989176 0.146733
    outer loop
      vertex 30 7.96148 -14.4341
      vertex 25.1978 7.84628 -15.2107
      vertex 30 7.84628 -15.2107
    endloop
  endfacet
  facet normal 0 -1 0
    outer loop
      vertex 25.1428 8 -13.65
      vertex 30 8 13.65
      vertex 25.1428 8 13.65
    endloop
  endfacet
  facet normal 0 -1 -0
    outer loop
      vertex 30 8 13.65
      vertex 25.1428 8 -13.65
      vertex 30 8 -13.65
    endloop
  endfacet
  facet normal 0 1 -0
    outer loop
      vertex 30 -8 -13.65
      vertex 25.1428 -8 13.65
      vertex 30 -8 13.65
    endloop
  endfacet
  facet normal 0 1 0
    outer loop
      vertex 25.1428 -8 13.65
      vertex 30 -8 -13.65
      vertex 25.1428 -8 -13.65
    endloop
  endfacet
  facet normal 4.11589e-19 -0.998795 0.0490672
    outer loop
      vertex 25.1566 7.96148 -14.4341
      vertex 30 8 -13.65
      vertex 25.1428 8 -13.65
    endloop
  endfacet
  facet normal 4.12762e-19 -0.998795 0.0490672
    outer loop
      vertex 30 8 -13.65
      vertex 25.1566 7.96148 -14.4341
      vertex 30 7.96148 -14.4341
    endloop
  endfacet
  facet normal 0 -0.336905 0.941539
    outer loop
      vertex 22 3.06147 -21.041
      vertex 30 2.32228 -21.3055
      vertex 30 3.06147 -21.041
    endloop
  endfacet
  facet normal 0 -0.336905 0.941539
    outer loop
      vertex 30 2.32228 -21.3055
      vertex 22 3.06147 -21.041
      vertex 22 2.32228 -21.3055
    endloop
  endfacet
  facet normal 4.85155e-18 -0.741004 0.671501
    outer loop
      vertex 25.7659 5.65685 -19.3069
      vertex 30 6.18408 -18.7251
      vertex 25.6338 6.18408 -18.7251
    endloop
  endfacet
  facet normal 5.00291e-18 -0.741004 0.671501
    outer loop
      vertex 30 6.18408 -18.7251
      vertex 25.7659 5.65685 -19.3069
      vertex 30 5.65685 -19.3069
    endloop
  endfacet
  facet normal 5.94489e-06 0.595718 -0.803194
    outer loop
      vertex 30 -5.07515 19.8341
      vertex 25.9371 -4.85143 20
      vertex 30 -4.44456 20.3018
    endloop
  endfacet
  facet normal -1.74456e-18 0.595648 -0.803245
    outer loop
      vertex 25.9371 -4.85143 20
      vertex 30 -5.07515 19.8341
      vertex 25.9039 -5.07515 19.8341
    endloop
  endfacet
  facet normal -2.21653e-18 0.595756 -0.803165
    outer loop
      vertex 22 -4.44456 20.3018
      vertex 25.9371 -4.85143 20
      vertex 22 -4.85143 20
    endloop
  endfacet
  facet normal -1.09084e-18 0.595756 -0.803165
    outer loop
      vertex 25.9371 -4.85143 20
      vertex 22 -4.44456 20.3018
      vertex 30 -4.44456 20.3018
    endloop
  endfacet
  facet normal -0 -0.941548 -0.336879
    outer loop
      vertex 30 7.65552 15.9723
      vertex 25.3315 7.39104 16.7115
      vertex 25.2652 7.65552 15.9723
    endloop
  endfacet
  facet normal 0 -0.941548 -0.336879
    outer loop
      vertex 25.3315 7.39104 16.7115
      vertex 30 7.65552 15.9723
      vertex 30 7.39104 16.7115
    endloop
  endfacet
  facet normal -3.25868e-18 -0.941548 0.336879
    outer loop
      vertex 25.3315 7.39104 -16.7115
      vertex 30 7.65552 -15.9723
      vertex 25.2652 7.65552 -15.9723
    endloop
  endfacet
  facet normal -3.30496e-18 -0.941548 0.336879
    outer loop
      vertex 30 7.65552 -15.9723
      vertex 25.3315 7.39104 -16.7115
      vertex 30 7.39104 -16.7115
    endloop
  endfacet
  facet normal -0 0.741004 0.671501
    outer loop
      vertex 25.7659 -5.65685 -19.3069
      vertex 30 -6.18408 -18.7251
      vertex 30 -5.65685 -19.3069
    endloop
  endfacet
  facet normal 0 0.741004 0.671501
    outer loop
      vertex 30 -6.18408 -18.7251
      vertex 25.7659 -5.65685 -19.3069
      vertex 25.6338 -6.18408 -18.7251
    endloop
  endfacet
  facet normal -0 0.941548 0.336879
    outer loop
      vertex 25.3315 -7.39104 -16.7115
      vertex 30 -7.65552 -15.9723
      vertex 30 -7.39104 -16.7115
    endloop
  endfacet
  facet normal 0 0.941548 0.336879
    outer loop
      vertex 30 -7.65552 -15.9723
      vertex 25.3315 -7.39104 -16.7115
      vertex 25.2652 -7.65552 -15.9723
    endloop
  endfacet
  facet normal -1.18781e-19 -0.969963 -0.243251
    outer loop
      vertex 25.2632 7.66352 15.9404
      vertex 30 7.65552 15.9723
      vertex 25.2652 7.65552 15.9723
    endloop
  endfacet
  facet normal -0 -0.970038 -0.242955
    outer loop
      vertex 30 7.84628 15.2107
      vertex 25.2632 7.66352 15.9404
      vertex 25.1978 7.84628 15.2107
    endloop
  endfacet
  facet normal -2.03174e-06 -0.970035 -0.242967
    outer loop
      vertex 25.2632 7.66352 15.9404
      vertex 30 7.84628 15.2107
      vertex 30 7.65552 15.9723
    endloop
  endfacet
  facet normal 0 -0.514089 0.857737
    outer loop
      vertex 22 4.44456 -20.3018
      vertex 30 3.77117 -20.7054
      vertex 30 4.44456 -20.3018
    endloop
  endfacet
  facet normal 0 -0.514089 0.857737
    outer loop
      vertex 30 3.77117 -20.7054
      vertex 22 4.44456 -20.3018
      vertex 22 3.77117 -20.7054
    endloop
  endfacet
  facet normal -0 0.671543 0.740965
    outer loop
      vertex 25.9039 -5.07515 -19.8341
      vertex 30 -5.65685 -19.3069
      vertex 30 -5.07515 -19.8341
    endloop
  endfacet
  facet normal 2.51554e-05 0.671641 0.740877
    outer loop
      vertex 25.8927 -5.15038 -19.7659
      vertex 30 -5.65685 -19.3069
      vertex 25.9039 -5.07515 -19.8341
    endloop
  endfacet
  facet normal 0 0.671529 0.740979
    outer loop
      vertex 30 -5.65685 -19.3069
      vertex 25.8927 -5.15038 -19.7659
      vertex 25.7659 -5.65685 -19.3069
    endloop
  endfacet
  facet normal -3.30496e-18 0.941548 -0.336879
    outer loop
      vertex 30 -7.65552 15.9723
      vertex 25.3315 -7.39104 16.7115
      vertex 30 -7.39104 16.7115
    endloop
  endfacet
  facet normal -3.25868e-18 0.941548 -0.336879
    outer loop
      vertex 25.3315 -7.39104 16.7115
      vertex 30 -7.65552 15.9723
      vertex 25.2652 -7.65552 15.9723
    endloop
  endfacet
  facet normal -0 -0.989176 -0.146733
    outer loop
      vertex 30 7.96148 14.4341
      vertex 25.1978 7.84628 15.2107
      vertex 25.1566 7.96148 14.4341
    endloop
  endfacet
  facet normal 0 -0.989176 -0.146733
    outer loop
      vertex 25.1978 7.84628 15.2107
      vertex 30 7.96148 14.4341
      vertex 30 7.84628 15.2107
    endloop
  endfacet
  facet normal 0 0.243027 -0.970019
    outer loop
      vertex 29.4618 -2.32228 21.3055
      vertex 30 -1.56072 21.4963
      vertex 30 -2.32228 21.3055
    endloop
  endfacet
  facet normal 0 0.243027 -0.970019
    outer loop
      vertex 30 -1.56072 21.4963
      vertex 29.4618 -2.32228 21.3055
      vertex 29.4348 -1.56072 21.4963
    endloop
  endfacet
  facet normal 0 0.243027 -0.970019
    outer loop
      vertex 22 -2.32228 21.3055
      vertex 25.05 -1.56072 21.4963
      vertex 25.05 -2.32228 21.3055
    endloop
  endfacet
  facet normal 0 0.243027 -0.970019
    outer loop
      vertex 25.05 -1.56072 21.4963
      vertex 22 -2.32228 21.3055
      vertex 22 -1.56072 21.4963
    endloop
  endfacet
  facet normal 5.00291e-18 0.741004 -0.671501
    outer loop
      vertex 30 -6.18408 18.7251
      vertex 25.7659 -5.65685 19.3069
      vertex 30 -5.65685 19.3069
    endloop
  endfacet
  facet normal 4.85155e-18 0.741004 -0.671501
    outer loop
      vertex 25.7659 -5.65685 19.3069
      vertex 30 -6.18408 18.7251
      vertex 25.6338 -6.18408 18.7251
    endloop
  endfacet
  facet normal -0 -0.903986 -0.427562
    outer loop
      vertex 30 7.39104 16.7115
      vertex 25.4156 7.05537 17.4212
      vertex 25.3315 7.39104 16.7115
    endloop
  endfacet
  facet normal 0 -0.903986 -0.427562
    outer loop
      vertex 25.4156 7.05537 17.4212
      vertex 30 7.39104 16.7115
      vertex 30 7.05537 17.4212
    endloop
  endfacet
  facet normal -0 0.243027 0.970019
    outer loop
      vertex 22 -1.56072 -21.4963
      vertex 30 -2.32228 -21.3055
      vertex 30 -1.56072 -21.4963
    endloop
  endfacet
  facet normal 0 0.243027 0.970019
    outer loop
      vertex 30 -2.32228 -21.3055
      vertex 22 -1.56072 -21.4963
      vertex 22 -2.32228 -21.3055
    endloop
  endfacet
  facet normal 2.83324e-18 -0.0490395 -0.998797
    outer loop
      vertex 30 0 21.65
      vertex 29.4185 0.784137 21.6115
      vertex 30 0.784137 21.6115
    endloop
  endfacet
  facet normal 2.80717e-18 -0.0490395 -0.998797
    outer loop
      vertex 29.4185 0.784137 21.6115
      vertex 30 0 21.65
      vertex 29.4131 0 21.65
    endloop
  endfacet
  facet normal 0 -0.0490395 -0.998797
    outer loop
      vertex 22 0 21.65
      vertex 25.05 0.784137 21.6115
      vertex 25.05 0 21.65
    endloop
  endfacet
  facet normal -0 -0.0490395 -0.998797
    outer loop
      vertex 25.05 0.784137 21.6115
      vertex 22 0 21.65
      vertex 22 0.784137 21.6115
    endloop
  endfacet
  facet normal -0 0.998795 0.0490672
    outer loop
      vertex 25.1566 -7.96148 -14.4341
      vertex 30 -8 -13.65
      vertex 30 -7.96148 -14.4341
    endloop
  endfacet
  facet normal 0 0.998795 0.0490672
    outer loop
      vertex 30 -8 -13.65
      vertex 25.1566 -7.96148 -14.4341
      vertex 25.1428 -8 -13.65
    endloop
  endfacet
  facet normal 1.41827e-18 -0.903986 0.427562
    outer loop
      vertex 25.4156 7.05537 -17.4212
      vertex 30 7.39104 -16.7115
      vertex 25.3315 7.39104 -16.7115
    endloop
  endfacet
  facet normal 1.44429e-18 -0.903986 0.427562
    outer loop
      vertex 30 7.39104 -16.7115
      vertex 25.4156 7.05537 -17.4212
      vertex 30 7.05537 -17.4212
    endloop
  endfacet
  facet normal -1.14972e-17 -0.243027 -0.970019
    outer loop
      vertex 30 1.56072 21.4963
      vertex 29.4618 2.32228 21.3055
      vertex 30 2.32228 21.3055
    endloop
  endfacet
  facet normal -1.0948e-17 -0.243027 -0.970019
    outer loop
      vertex 29.4618 2.32228 21.3055
      vertex 30 1.56072 21.4963
      vertex 29.4348 1.56072 21.4963
    endloop
  endfacet
  facet normal 0 -0.243027 -0.970019
    outer loop
      vertex 22 1.56072 21.4963
      vertex 25.05 2.32228 21.3055
      vertex 25.05 1.56072 21.4963
    endloop
  endfacet
  facet normal -0 -0.243027 -0.970019
    outer loop
      vertex 25.05 2.32228 21.3055
      vertex 22 1.56072 21.4963
      vertex 22 2.32228 21.3055
    endloop
  endfacet
  facet normal 1.44429e-18 0.903986 -0.427562
    outer loop
      vertex 30 -7.39104 16.7115
      vertex 25.4156 -7.05537 17.4212
      vertex 30 -7.05537 17.4212
    endloop
  endfacet
  facet normal 1.41827e-18 0.903986 -0.427562
    outer loop
      vertex 25.4156 -7.05537 17.4212
      vertex 30 -7.39104 16.7115
      vertex 25.3315 -7.39104 16.7115
    endloop
  endfacet
  facet normal 0 -0.427489 0.90402
    outer loop
      vertex 22 3.77117 -20.7054
      vertex 30 3.06147 -21.041
      vertex 30 3.77117 -20.7054
    endloop
  endfacet
  facet normal 0 -0.427489 0.90402
    outer loop
      vertex 30 3.06147 -21.041
      vertex 22 3.77117 -20.7054
      vertex 22 3.06147 -21.041
    endloop
  endfacet
  facet normal -0 0.857734 0.514093
    outer loop
      vertex 25.5167 -6.65176 -18.0946
      vertex 30 -7.05537 -17.4212
      vertex 30 -6.65176 -18.0946
    endloop
  endfacet
  facet normal 0 0.857734 0.514093
    outer loop
      vertex 30 -7.05537 -17.4212
      vertex 25.5167 -6.65176 -18.0946
      vertex 25.4156 -7.05537 -17.4212
    endloop
  endfacet
  facet normal 1.3344e-05 0.336905 -0.941539
    outer loop
      vertex 30 -3.06147 21.041
      vertex 29.4708 -2.5 21.2419
      vertex 30 -2.32228 21.3055
    endloop
  endfacet
  facet normal 2.00004e-18 0.336894 -0.941543
    outer loop
      vertex 30 -3.06147 21.041
      vertex 25.05 -2.5 21.2419
      vertex 29.4708 -2.5 21.2419
    endloop
  endfacet
  facet normal 0 0.336894 -0.941543
    outer loop
      vertex 22 -3.06147 21.041
      vertex 25.05 -2.5 21.2419
      vertex 30 -3.06147 21.041
    endloop
  endfacet
  facet normal -2.31529e-06 0.336905 -0.941539
    outer loop
      vertex 22 -2.32228 21.3055
      vertex 25.05 -2.5 21.2419
      vertex 22 -3.06147 21.041
    endloop
  endfacet
  facet normal 4.40058e-19 0.33694 -0.941526
    outer loop
      vertex 25.05 -2.5 21.2419
      vertex 22 -2.32228 21.3055
      vertex 25.05 -2.32228 21.3055
    endloop
  endfacet
  facet normal 0 0.33694 -0.941526
    outer loop
      vertex 30 -2.32228 21.3055
      vertex 29.4708 -2.5 21.2419
      vertex 29.4618 -2.32228 21.3055
    endloop
  endfacet
  facet normal -4.335e-18 -0.803165 0.595756
    outer loop
      vertex 25.6338 6.18408 -18.7251
      vertex 30 6.65176 -18.0946
      vertex 25.5167 6.65176 -18.0946
    endloop
  endfacet
  facet normal -4.45126e-18 -0.803165 0.595756
    outer loop
      vertex 30 6.65176 -18.0946
      vertex 25.6338 6.18408 -18.7251
      vertex 30 6.18408 -18.7251
    endloop
  endfacet
  facet normal -0 0.989176 0.146733
    outer loop
      vertex 25.1978 -7.84628 -15.2107
      vertex 30 -7.96148 -14.4341
      vertex 30 -7.84628 -15.2107
    endloop
  endfacet
  facet normal 0 0.989176 0.146733
    outer loop
      vertex 30 -7.96148 -14.4341
      vertex 25.1978 -7.84628 -15.2107
      vertex 25.1566 -7.96148 -14.4341
    endloop
  endfacet
  facet normal -0 -0.998795 -0.0490672
    outer loop
      vertex 30 8 13.65
      vertex 25.1566 7.96148 14.4341
      vertex 25.1428 8 13.65
    endloop
  endfacet
  facet normal 0 -0.998795 -0.0490672
    outer loop
      vertex 25.1566 7.96148 14.4341
      vertex 30 8 13.65
      vertex 30 7.96148 14.4341
    endloop
  endfacet
  facet normal 0 0.970038 0.242955
    outer loop
      vertex 30 -7.84628 -15.2107
      vertex 25.2632 -7.66352 -15.9404
      vertex 25.1978 -7.84628 -15.2107
    endloop
  endfacet
  facet normal -2.03174e-06 0.970035 0.242967
    outer loop
      vertex 30 -7.65552 -15.9723
      vertex 25.2632 -7.66352 -15.9404
      vertex 30 -7.84628 -15.2107
    endloop
  endfacet
  facet normal -1.18781e-19 0.969963 0.243251
    outer loop
      vertex 25.2632 -7.66352 -15.9404
      vertex 30 -7.65552 -15.9723
      vertex 25.2652 -7.65552 -15.9723
    endloop
  endfacet
  facet normal -0 0.336905 0.941539
    outer loop
      vertex 22 -2.32228 -21.3055
      vertex 30 -3.06147 -21.041
      vertex 30 -2.32228 -21.3055
    endloop
  endfacet
  facet normal 0 0.336905 0.941539
    outer loop
      vertex 30 -3.06147 -21.041
      vertex 22 -2.32228 -21.3055
      vertex 22 -3.06147 -21.041
    endloop
  endfacet
  facet normal -0 -0.857734 -0.514093
    outer loop
      vertex 30 7.05537 17.4212
      vertex 25.5167 6.65176 18.0946
      vertex 25.4156 7.05537 17.4212
    endloop
  endfacet
  facet normal 0 -0.857734 -0.514093
    outer loop
      vertex 25.5167 6.65176 18.0946
      vertex 30 7.05537 17.4212
      vertex 30 6.65176 18.0946
    endloop
  endfacet
  facet normal 5.75669e-18 -0.671543 0.740965
    outer loop
      vertex 30 5.65685 -19.3069
      vertex 25.9039 5.07515 -19.8341
      vertex 30 5.07515 -19.8341
    endloop
  endfacet
  facet normal 2.51554e-05 -0.671641 0.740877
    outer loop
      vertex 30 5.65685 -19.3069
      vertex 25.8927 5.15038 -19.7659
      vertex 25.9039 5.07515 -19.8341
    endloop
  endfacet
  facet normal 4.78291e-19 -0.671529 0.740979
    outer loop
      vertex 25.8927 5.15038 -19.7659
      vertex 30 5.65685 -19.3069
      vertex 25.7659 5.65685 -19.3069
    endloop
  endfacet
  facet normal 0 0.146736 -0.989176
    outer loop
      vertex 29.4348 -1.56072 21.4963
      vertex 30 -0.784137 21.6115
      vertex 30 -1.56072 21.4963
    endloop
  endfacet
  facet normal 0 0.146736 -0.989176
    outer loop
      vertex 30 -0.784137 21.6115
      vertex 29.4348 -1.56072 21.4963
      vertex 29.4185 -0.784137 21.6115
    endloop
  endfacet
  facet normal 0 0.146736 -0.989176
    outer loop
      vertex 22 -1.56072 21.4963
      vertex 25.05 -0.784137 21.6115
      vertex 25.05 -1.56072 21.4963
    endloop
  endfacet
  facet normal 0 0.146736 -0.989176
    outer loop
      vertex 25.05 -0.784137 21.6115
      vertex 22 -1.56072 21.4963
      vertex 22 -0.784137 21.6115
    endloop
  endfacet
  facet normal 3.36654e-19 -0.857734 0.514093
    outer loop
      vertex 25.5167 6.65176 -18.0946
      vertex 30 7.05537 -17.4212
      vertex 25.4156 7.05537 -17.4212
    endloop
  endfacet
  facet normal 3.44245e-19 -0.857734 0.514093
    outer loop
      vertex 30 7.05537 -17.4212
      vertex 25.5167 6.65176 -18.0946
      vertex 30 6.65176 -18.0946
    endloop
  endfacet
  facet normal -0 0.0490395 0.998797
    outer loop
      vertex 22 0 -21.65
      vertex 30 -0.784137 -21.6115
      vertex 30 0 -21.65
    endloop
  endfacet
  facet normal 0 0.0490395 0.998797
    outer loop
      vertex 30 -0.784137 -21.6115
      vertex 22 0 -21.65
      vertex 22 -0.784137 -21.6115
    endloop
  endfacet
  facet normal 9.93176e-18 -0.146736 -0.989176
    outer loop
      vertex 30 0.784137 21.6115
      vertex 29.4348 1.56072 21.4963
      vertex 30 1.56072 21.4963
    endloop
  endfacet
  facet normal 9.65336e-18 -0.146736 -0.989176
    outer loop
      vertex 29.4348 1.56072 21.4963
      vertex 30 0.784137 21.6115
      vertex 29.4185 0.784137 21.6115
    endloop
  endfacet
  facet normal 0 -0.146736 -0.989176
    outer loop
      vertex 22 0.784137 21.6115
      vertex 25.05 1.56072 21.4963
      vertex 25.05 0.784137 21.6115
    endloop
  endfacet
  facet normal -0 -0.146736 -0.989176
    outer loop
      vertex 25.05 1.56072 21.4963
      vertex 22 0.784137 21.6115
      vertex 22 1.56072 21.4963
    endloop
  endfacet
  facet normal -0 0.514089 0.857737
    outer loop
      vertex 22 -3.77117 -20.7054
      vertex 30 -4.44456 -20.3018
      vertex 30 -3.77117 -20.7054
    endloop
  endfacet
  facet normal 0 0.514089 0.857737
    outer loop
      vertex 30 -4.44456 -20.3018
      vertex 22 -3.77117 -20.7054
      vertex 22 -4.44456 -20.3018
    endloop
  endfacet
  facet normal 5.94489e-06 0.595718 0.803194
    outer loop
      vertex 30 -4.44456 -20.3018
      vertex 25.9371 -4.85143 -20
      vertex 30 -5.07515 -19.8341
    endloop
  endfacet
  facet normal -0 0.595756 0.803165
    outer loop
      vertex 22 -4.44456 -20.3018
      vertex 25.9371 -4.85143 -20
      vertex 30 -4.44456 -20.3018
    endloop
  endfacet
  facet normal 0 0.595756 0.803165
    outer loop
      vertex 25.9371 -4.85143 -20
      vertex 22 -4.44456 -20.3018
      vertex 22 -4.85143 -20
    endloop
  endfacet
  facet normal 0 0.595648 0.803245
    outer loop
      vertex 30 -5.07515 -19.8341
      vertex 25.9371 -4.85143 -20
      vertex 25.9039 -5.07515 -19.8341
    endloop
  endfacet
  facet normal -0 0.146736 0.989176
    outer loop
      vertex 22 -0.784137 -21.6115
      vertex 30 -1.56072 -21.4963
      vertex 30 -0.784137 -21.6115
    endloop
  endfacet
  facet normal 0 0.146736 0.989176
    outer loop
      vertex 30 -1.56072 -21.4963
      vertex 22 -0.784137 -21.6115
      vertex 22 -1.56072 -21.4963
    endloop
  endfacet
  facet normal 0 0.969963 -0.243251
    outer loop
      vertex 30 -7.65552 15.9723
      vertex 25.2632 -7.66352 15.9404
      vertex 25.2652 -7.65552 15.9723
    endloop
  endfacet
  facet normal -2.03174e-06 0.970035 -0.242967
    outer loop
      vertex 30 -7.84628 15.2107
      vertex 25.2632 -7.66352 15.9404
      vertex 30 -7.65552 15.9723
    endloop
  endfacet
  facet normal -3.579e-18 0.970038 -0.242955
    outer loop
      vertex 25.2632 -7.66352 15.9404
      vertex 30 -7.84628 15.2107
      vertex 25.1978 -7.84628 15.2107
    endloop
  endfacet
  facet normal -1.51375e-18 0.989176 -0.146733
    outer loop
      vertex 30 -7.96148 14.4341
      vertex 25.1978 -7.84628 15.2107
      vertex 30 -7.84628 15.2107
    endloop
  endfacet
  facet normal -1.50088e-18 0.989176 -0.146733
    outer loop
      vertex 25.1978 -7.84628 15.2107
      vertex 30 -7.96148 14.4341
      vertex 25.1566 -7.96148 14.4341
    endloop
  endfacet
  facet normal -0 -0.803165 -0.595756
    outer loop
      vertex 30 6.65176 18.0946
      vertex 25.6338 6.18408 18.7251
      vertex 25.5167 6.65176 18.0946
    endloop
  endfacet
  facet normal 0 -0.803165 -0.595756
    outer loop
      vertex 25.6338 6.18408 18.7251
      vertex 30 6.65176 18.0946
      vertex 30 6.18408 18.7251
    endloop
  endfacet
  facet normal 0 -0.427489 -0.90402
    outer loop
      vertex 22 3.06147 21.041
      vertex 30 3.77117 20.7054
      vertex 30 3.06147 21.041
    endloop
  endfacet
  facet normal -0 -0.427489 -0.90402
    outer loop
      vertex 30 3.77117 20.7054
      vertex 22 3.06147 21.041
      vertex 22 3.77117 20.7054
    endloop
  endfacet
  facet normal -0 0.427489 0.90402
    outer loop
      vertex 22 -3.06147 -21.041
      vertex 30 -3.77117 -20.7054
      vertex 30 -3.06147 -21.041
    endloop
  endfacet
  facet normal 0 0.427489 0.90402
    outer loop
      vertex 30 -3.77117 -20.7054
      vertex 22 -3.06147 -21.041
      vertex 22 -3.77117 -20.7054
    endloop
  endfacet
  facet normal 0 -0.146736 0.989176
    outer loop
      vertex 22 1.56072 -21.4963
      vertex 30 0.784137 -21.6115
      vertex 30 1.56072 -21.4963
    endloop
  endfacet
  facet normal 0 -0.146736 0.989176
    outer loop
      vertex 30 0.784137 -21.6115
      vertex 22 1.56072 -21.4963
      vertex 22 0.784137 -21.6115
    endloop
  endfacet
  facet normal 0 0.427489 -0.90402
    outer loop
      vertex 22 -3.77117 20.7054
      vertex 30 -3.06147 21.041
      vertex 30 -3.77117 20.7054
    endloop
  endfacet
  facet normal 0 0.427489 -0.90402
    outer loop
      vertex 30 -3.06147 21.041
      vertex 22 -3.77117 20.7054
      vertex 22 -3.06147 21.041
    endloop
  endfacet
  facet normal -0 0.803165 0.595756
    outer loop
      vertex 25.6338 -6.18408 -18.7251
      vertex 30 -6.65176 -18.0946
      vertex 30 -6.18408 -18.7251
    endloop
  endfacet
  facet normal 0 0.803165 0.595756
    outer loop
      vertex 30 -6.65176 -18.0946
      vertex 25.6338 -6.18408 -18.7251
      vertex 25.5167 -6.65176 -18.0946
    endloop
  endfacet
  facet normal 0 -0.514089 -0.857737
    outer loop
      vertex 22 3.77117 20.7054
      vertex 30 4.44456 20.3018
      vertex 30 3.77117 20.7054
    endloop
  endfacet
  facet normal -0 -0.514089 -0.857737
    outer loop
      vertex 30 4.44456 20.3018
      vertex 22 3.77117 20.7054
      vertex 22 4.44456 20.3018
    endloop
  endfacet
  facet normal 5.94489e-06 -0.595718 -0.803194
    outer loop
      vertex 30 4.44456 20.3018
      vertex 25.9371 4.85143 20
      vertex 30 5.07515 19.8341
    endloop
  endfacet
  facet normal 0 -0.595756 -0.803165
    outer loop
      vertex 22 4.44456 20.3018
      vertex 25.9371 4.85143 20
      vertex 30 4.44456 20.3018
    endloop
  endfacet
  facet normal -0 -0.595756 -0.803165
    outer loop
      vertex 25.9371 4.85143 20
      vertex 22 4.44456 20.3018
      vertex 22 4.85143 20
    endloop
  endfacet
  facet normal -0 -0.595648 -0.803245
    outer loop
      vertex 30 5.07515 19.8341
      vertex 25.9371 4.85143 20
      vertex 25.9039 5.07515 19.8341
    endloop
  endfacet
  facet normal -0 -0.33694 -0.941526
    outer loop
      vertex 25.05 2.32228 21.3055
      vertex 22 2.32228 21.3055
      vertex 25.05 2.5 21.2419
    endloop
  endfacet
  facet normal 1.3344e-05 -0.336905 -0.941539
    outer loop
      vertex 30 2.32228 21.3055
      vertex 29.4708 2.5 21.2419
      vertex 30 3.06147 21.041
    endloop
  endfacet
  facet normal -2.49383e-18 -0.33694 -0.941526
    outer loop
      vertex 29.4708 2.5 21.2419
      vertex 30 2.32228 21.3055
      vertex 29.4618 2.32228 21.3055
    endloop
  endfacet
  facet normal 0 -0.336894 -0.941543
    outer loop
      vertex 25.05 2.5 21.2419
      vertex 30 3.06147 21.041
      vertex 29.4708 2.5 21.2419
    endloop
  endfacet
  facet normal -2.31529e-06 -0.336905 -0.941539
    outer loop
      vertex 22 3.06147 21.041
      vertex 25.05 2.5 21.2419
      vertex 22 2.32228 21.3055
    endloop
  endfacet
  facet normal -1.10522e-18 -0.336894 -0.941543
    outer loop
      vertex 25.05 2.5 21.2419
      vertex 22 3.06147 21.041
      vertex 30 3.06147 21.041
    endloop
  endfacet
  facet normal 5.75669e-18 0.671543 -0.740965
    outer loop
      vertex 30 -5.65685 19.3069
      vertex 25.9039 -5.07515 19.8341
      vertex 30 -5.07515 19.8341
    endloop
  endfacet
  facet normal 2.51554e-05 0.671641 -0.740877
    outer loop
      vertex 30 -5.65685 19.3069
      vertex 25.8927 -5.15038 19.7659
      vertex 25.9039 -5.07515 19.8341
    endloop
  endfacet
  facet normal 4.78291e-19 0.671529 -0.740979
    outer loop
      vertex 25.8927 -5.15038 19.7659
      vertex 30 -5.65685 19.3069
      vertex 25.7659 -5.65685 19.3069
    endloop
  endfacet
  facet normal 0 -0.243027 0.970019
    outer loop
      vertex 22 2.32228 -21.3055
      vertex 30 1.56072 -21.4963
      vertex 30 2.32228 -21.3055
    endloop
  endfacet
  facet normal 0 -0.243027 0.970019
    outer loop
      vertex 30 1.56072 -21.4963
      vertex 22 2.32228 -21.3055
      vertex 22 1.56072 -21.4963
    endloop
  endfacet
  facet normal -4.45126e-18 0.803165 -0.595756
    outer loop
      vertex 30 -6.65176 18.0946
      vertex 25.6338 -6.18408 18.7251
      vertex 30 -6.18408 18.7251
    endloop
  endfacet
  facet normal -4.335e-18 0.803165 -0.595756
    outer loop
      vertex 25.6338 -6.18408 18.7251
      vertex 30 -6.65176 18.0946
      vertex 25.5167 -6.65176 18.0946
    endloop
  endfacet
  facet normal 0 0.514089 -0.857737
    outer loop
      vertex 22 -4.44456 20.3018
      vertex 30 -3.77117 20.7054
      vertex 30 -4.44456 20.3018
    endloop
  endfacet
  facet normal 0 0.514089 -0.857737
    outer loop
      vertex 30 -3.77117 20.7054
      vertex 22 -4.44456 20.3018
      vertex 22 -3.77117 20.7054
    endloop
  endfacet
  facet normal 5.94489e-06 -0.595718 0.803194
    outer loop
      vertex 30 5.07515 -19.8341
      vertex 25.9371 4.85143 -20
      vertex 30 4.44456 -20.3018
    endloop
  endfacet
  facet normal -1.74456e-18 -0.595648 0.803245
    outer loop
      vertex 25.9371 4.85143 -20
      vertex 30 5.07515 -19.8341
      vertex 25.9039 5.07515 -19.8341
    endloop
  endfacet
  facet normal -2.21653e-18 -0.595756 0.803165
    outer loop
      vertex 22 4.44456 -20.3018
      vertex 25.9371 4.85143 -20
      vertex 22 4.85143 -20
    endloop
  endfacet
  facet normal -1.09084e-18 -0.595756 0.803165
    outer loop
      vertex 25.9371 4.85143 -20
      vertex 22 4.44456 -20.3018
      vertex 30 4.44456 -20.3018
    endloop
  endfacet
  facet normal -3.579e-18 -0.970038 0.242955
    outer loop
      vertex 25.2632 7.66352 -15.9404
      vertex 30 7.84628 -15.2107
      vertex 25.1978 7.84628 -15.2107
    endloop
  endfacet
  facet normal 0 -0.969963 0.243251
    outer loop
      vertex 30 7.65552 -15.9723
      vertex 25.2632 7.66352 -15.9404
      vertex 25.2652 7.65552 -15.9723
    endloop
  endfacet
  facet normal -2.03174e-06 -0.970035 0.242967
    outer loop
      vertex 25.2632 7.66352 -15.9404
      vertex 30 7.65552 -15.9723
      vertex 30 7.84628 -15.2107
    endloop
  endfacet
  facet normal 0 1 0
    outer loop
      vertex 30 2.5 -17.5
      vertex 29.5 2.5 -17.5
      vertex 29.5 2.5 -13.9647
    endloop
  endfacet
  facet normal 0 -1 0
    outer loop
      vertex 29.5 -2.5 -13.9647
      vertex 29.5 -2.5 -17.5
      vertex 30 -2.5 -17.5
    endloop
  endfacet
  facet normal 0.990146 -0 0.140037
    outer loop
      vertex 29.5 -2.5 -13.9647
      vertex 30 2.5 -17.5
      vertex 29.5 2.5 -13.9647
    endloop
  endfacet
  facet normal 0.990146 0 0.140037
    outer loop
      vertex 30 2.5 -17.5
      vertex 29.5 -2.5 -13.9647
      vertex 30 -2.5 -17.5
    endloop
  endfacet
  facet normal 0 0 -1
    outer loop
      vertex 29.5 -2.5 -17.5
      vertex 30 2.5 -17.5
      vertex 30 -2.5 -17.5
    endloop
  endfacet
  facet normal -0 0 -1
    outer loop
      vertex 30 2.5 -17.5
      vertex 29.5 -2.5 -17.5
      vertex 29.5 2.5 -17.5
    endloop
  endfacet
  facet normal 0 1 0
    outer loop
      vertex 26.9593 2.5 39
      vertex 25.05 2.5 39
      vertex 25.05 2.5 52.5
    endloop
  endfacet
  facet normal 0 1 0
    outer loop
      vertex 25.05 2.5 20
      vertex 29.4708 2.5 21.2419
      vertex 29.5 2.5 20
    endloop
  endfacet
  facet normal 0 1 0
    outer loop
      vertex 30 2.5 17.5
      vertex 29.5 2.5 20
      vertex 29.4708 2.5 21.2419
    endloop
  endfacet
  facet normal 0 1 0
    outer loop
      vertex 29.5 2.5 20
      vertex 30 2.5 17.5
      vertex 29.5 2.5 17.5
    endloop
  endfacet
  facet normal 0 1 0
    outer loop
      vertex 29.4708 2.5 21.2419
      vertex 25.05 2.5 20
      vertex 25.05 2.5 21.2419
    endloop
  endfacet
  facet normal 0 -1 0
    outer loop
      vertex 25.05 -2.5 20
      vertex 29.4708 -2.5 21.2419
      vertex 25.05 -2.5 21.2419
    endloop
  endfacet
  facet normal 0 -1 0
    outer loop
      vertex 29.5 -2.5 20
      vertex 29.4708 -2.5 21.2419
      vertex 25.05 -2.5 20
    endloop
  endfacet
  facet normal 0 -1 0
    outer loop
      vertex 29.5 -2.5 20
      vertex 30 -2.5 17.5
      vertex 29.4708 -2.5 21.2419
    endloop
  endfacet
  facet normal 0 -1 0
    outer loop
      vertex 30 -2.5 17.5
      vertex 29.5 -2.5 20
      vertex 29.5 -2.5 17.5
    endloop
  endfacet
  facet normal 0 -1 0
    outer loop
      vertex 25.05 -2.5 52.5
      vertex 25.05 -2.5 39
      vertex 26.9593 -2.5 39
    endloop
  endfacet
  facet normal 0.990146 -0 0.140036
    outer loop
      vertex 25.05 -2.5 52.5
      vertex 26.9593 2.5 39
      vertex 25.05 2.5 52.5
    endloop
  endfacet
  facet normal 0.990146 0 0.140036
    outer loop
      vertex 26.9593 2.5 39
      vertex 25.05 -2.5 52.5
      vertex 26.9593 -2.5 39
    endloop
  endfacet
  facet normal 0.990147 -2.97486e-05 0.140032
    outer loop
      vertex 29.4618 2.32228 21.3055
      vertex 30 2.5 17.5
      vertex 29.4708 2.5 21.2419
    endloop
  endfacet
  facet normal 0.990147 -2.07211e-05 0.140032
    outer loop
      vertex 29.4348 1.56072 21.4963
      vertex 30 2.5 17.5
      vertex 29.4618 2.32228 21.3055
    endloop
  endfacet
  facet normal 0.990147 -9.47088e-06 0.140035
    outer loop
      vertex 29.4185 0.784137 21.6115
      vertex 30 2.5 17.5
      vertex 29.4348 1.56072 21.4963
    endloop
  endfacet
  facet normal 0.990143 5.82092e-05 0.140063
    outer loop
      vertex 29.4131 0 21.65
      vertex 30 2.5 17.5
      vertex 29.4185 0.784137 21.6115
    endloop
  endfacet
  facet normal 0.990143 -5.82092e-05 0.140063
    outer loop
      vertex 30 -2.5 17.5
      vertex 29.4131 0 21.65
      vertex 29.4185 -0.784137 21.6115
    endloop
  endfacet
  facet normal 0.990147 9.47088e-06 0.140035
    outer loop
      vertex 30 -2.5 17.5
      vertex 29.4185 -0.784137 21.6115
      vertex 29.4348 -1.56072 21.4963
    endloop
  endfacet
  facet normal 0.990147 2.07211e-05 0.140032
    outer loop
      vertex 30 -2.5 17.5
      vertex 29.4348 -1.56072 21.4963
      vertex 29.4618 -2.32228 21.3055
    endloop
  endfacet
  facet normal 0.990147 2.97486e-05 0.140032
    outer loop
      vertex 30 -2.5 17.5
      vertex 29.4618 -2.32228 21.3055
      vertex 29.4708 -2.5 21.2419
    endloop
  endfacet
  facet normal 0.990147 1.6546e-18 0.140028
    outer loop
      vertex 29.4131 0 21.65
      vertex 30 -2.5 17.5
      vertex 30 2.5 17.5
    endloop
  endfacet
  facet normal 0 0 -1
    outer loop
      vertex 29.5 -2.5 17.5
      vertex 30 2.5 17.5
      vertex 30 -2.5 17.5
    endloop
  endfacet
  facet normal -0 0 -1
    outer loop
      vertex 30 2.5 17.5
      vertex 29.5 -2.5 17.5
      vertex 29.5 2.5 17.5
    endloop
  endfacet
  facet normal -1 0 0
    outer loop
      vertex 25.05 -2.5 39
      vertex 25.05 2.5 52.5
      vertex 25.05 2.5 39
    endloop
  endfacet
  facet normal -1 -0 0
    outer loop
      vertex 25.05 2.5 52.5
      vertex 25.05 -2.5 39
      vertex 25.05 -2.5 52.5
    endloop
  endfacet
  facet normal -1 0 0
    outer loop
      vertex 25.05 2.5 20
      vertex 25.05 2.32228 21.3055
      vertex 25.05 2.5 21.2419
    endloop
  endfacet
  facet normal -1 0 0
    outer loop
      vertex 25.05 2.5 20
      vertex 25.05 1.56072 21.4963
      vertex 25.05 2.32228 21.3055
    endloop
  endfacet
  facet normal -1 0 0
    outer loop
      vertex 25.05 2.5 20
      vertex 25.05 0.784137 21.6115
      vertex 25.05 1.56072 21.4963
    endloop
  endfacet
  facet normal -1 0 0
    outer loop
      vertex 25.05 2.5 20
      vertex 25.05 0 21.65
      vertex 25.05 0.784137 21.6115
    endloop
  endfacet
  facet normal -1 0 0
    outer loop
      vertex 25.05 -2.5 20
      vertex 25.05 0 21.65
      vertex 25.05 2.5 20
    endloop
  endfacet
  facet normal -1 0 0
    outer loop
      vertex 25.05 0 21.65
      vertex 25.05 -2.5 20
      vertex 25.05 -0.784137 21.6115
    endloop
  endfacet
  facet normal -1 0 0
    outer loop
      vertex 25.05 -0.784137 21.6115
      vertex 25.05 -2.5 20
      vertex 25.05 -1.56072 21.4963
    endloop
  endfacet
  facet normal -1 0 0
    outer loop
      vertex 25.05 -1.56072 21.4963
      vertex 25.05 -2.5 20
      vertex 25.05 -2.32228 21.3055
    endloop
  endfacet
  facet normal -1 0 0
    outer loop
      vertex 25.05 -2.32228 21.3055
      vertex 25.05 -2.5 20
      vertex 25.05 -2.5 21.2419
    endloop
  endfacet
  facet normal 1 -0 0
    outer loop
      vertex 29.5 -4 20
      vertex 29.5 -2.5 17.5
      vertex 29.5 -2.5 20
    endloop
  endfacet
  facet normal 1 0 0
    outer loop
      vertex 29.5 -2.5 17.5
      vertex 29.5 -4 20
      vertex 29.5 -2.5 -13.9647
    endloop
  endfacet
  facet normal 1 0 0
    outer loop
      vertex 29.5 -4 -20
      vertex 29.5 -2.5 -13.9647
      vertex 29.5 -4 20
    endloop
  endfacet
  facet normal 1 -0 0
    outer loop
      vertex 29.5 -2.5 17.5
      vertex 29.5 2.5 -13.9647
      vertex 29.5 2.5 17.5
    endloop
  endfacet
  facet normal 1 0 0
    outer loop
      vertex 29.5 2.5 -13.9647
      vertex 29.5 -2.5 17.5
      vertex 29.5 -2.5 -13.9647
    endloop
  endfacet
  facet normal 1 0 0
    outer loop
      vertex 29.5 2.5 17.5
      vertex 29.5 4 20
      vertex 29.5 2.5 20
    endloop
  endfacet
  facet normal 1 0 0
    outer loop
      vertex 29.5 2.5 -13.9647
      vertex 29.5 4 20
      vertex 29.5 2.5 17.5
    endloop
  endfacet
  facet normal 1 0 0
    outer loop
      vertex 29.5 4 20
      vertex 29.5 2.5 -13.9647
      vertex 29.5 4 -20
    endloop
  endfacet
  facet normal 1 -0 0
    outer loop
      vertex 29.5 2.5 -17.5
      vertex 29.5 4 -20
      vertex 29.5 2.5 -13.9647
    endloop
  endfacet
  facet normal 1 -0 0
    outer loop
      vertex 29.5 -2.5 -17.5
      vertex 29.5 4 -20
      vertex 29.5 2.5 -17.5
    endloop
  endfacet
  facet normal 1 0 0
    outer loop
      vertex 29.5 -2.5 -17.5
      vertex 29.5 -4 -20
      vertex 29.5 4 -20
    endloop
  endfacet
  facet normal 1 0 0
    outer loop
      vertex 29.5 -2.5 -13.9647
      vertex 29.5 -4 -20
      vertex 29.5 -2.5 -17.5
    endloop
  endfacet
  facet normal 0 1 -0
    outer loop
      vertex 29.5 4 -20
      vertex 26.0634 4 20
      vertex 29.5 4 20
    endloop
  endfacet
  facet normal 0 1 0
    outer loop
      vertex 26.0634 4 20
      vertex 29.5 4 -20
      vertex 26.0634 4 -20
    endloop
  endfacet
  facet normal 0 -1 0
    outer loop
      vertex 26.0634 -4 -20
      vertex 29.5 -4 20
      vertex 26.0634 -4 20
    endloop
  endfacet
  facet normal 0 -1 -0
    outer loop
      vertex 29.5 -4 20
      vertex 26.0634 -4 -20
      vertex 29.5 -4 -20
    endloop
  endfacet
endsolid OpenSCAD_Model
