solid OpenSCAD_Model
  facet normal -0.998803 -0.0489209 6.53747e-20
    outer loop
      vertex -27.25 -17 0
      vertex -27.2632 -16.7305 6
      vertex -27.2632 -16.7305 0
    endloop
  endfacet
  facet normal -0.998803 -0.0489209 6.53747e-20
    outer loop
      vertex -27.2632 -16.7305 6
      vertex -27.25 -17 0
      vertex -27.25 -17 6
    endloop
  endfacet
  facet normal -0.514223 0.857656 0
    outer loop
      vertex -28.4722 -19.2865 0
      vertex -28.7037 -19.4253 6
      vertex -28.4722 -19.2865 6
    endloop
  endfacet
  facet normal -0.514223 0.857656 0
    outer loop
      vertex -28.7037 -19.4253 6
      vertex -28.4722 -19.2865 0
      vertex -28.7037 -19.4253 0
    endloop
  endfacet
  facet normal 0.427688 0.903926 -0
    outer loop
      vertex -37.0524 -19.5407 0
      vertex -37.2963 -19.4253 6
      vertex -37.0524 -19.5407 6
    endloop
  endfacet
  facet normal 0.427688 0.903926 0
    outer loop
      vertex -37.2963 -19.4253 6
      vertex -37.0524 -19.5407 0
      vertex -37.2963 -19.4253 0
    endloop
  endfacet
  facet normal 0.903926 0.427688 -7.82363e-19
    outer loop
      vertex -38.4253 -18.2963 6
      vertex -38.5407 -18.0524 0
      vertex -38.5407 -18.0524 6
    endloop
  endfacet
  facet normal 0.903926 0.427688 -7.82363e-19
    outer loop
      vertex -38.5407 -18.0524 0
      vertex -38.4253 -18.2963 6
      vertex -38.4253 -18.2963 0
    endloop
  endfacet
  facet normal 0.0489209 0.998803 -0
    outer loop
      vertex -36 -19.75 0
      vertex -36.2695 -19.7368 6
      vertex -36 -19.75 6
    endloop
  endfacet
  facet normal 0.0489209 0.998803 0
    outer loop
      vertex -36.2695 -19.7368 6
      vertex -36 -19.75 0
      vertex -36.2695 -19.7368 0
    endloop
  endfacet
  facet normal 0.970012 0.243059 -2.4768e-19
    outer loop
      vertex -38.6316 -17.7983 6
      vertex -38.6972 -17.5365 0
      vertex -38.6972 -17.5365 6
    endloop
  endfacet
  facet normal 0.970012 0.243059 -2.4768e-19
    outer loop
      vertex -38.6972 -17.5365 0
      vertex -38.6316 -17.7983 6
      vertex -38.6316 -17.7983 0
    endloop
  endfacet
  facet normal 0.98918 -0.14671 1.5497e-19
    outer loop
      vertex -38.7368 -16.7305 6
      vertex -38.6972 -16.4635 0
      vertex -38.6972 -16.4635 6
    endloop
  endfacet
  facet normal 0.98918 -0.14671 1.5497e-19
    outer loop
      vertex -38.6972 -16.4635 0
      vertex -38.7368 -16.7305 6
      vertex -38.7368 -16.7305 0
    endloop
  endfacet
  facet normal 0.336829 -0.941566 0
    outer loop
      vertex -37.0524 -14.4593 0
      vertex -36.7983 -14.3684 6
      vertex -37.0524 -14.4593 6
    endloop
  endfacet
  facet normal 0.336829 -0.941566 0
    outer loop
      vertex -36.7983 -14.3684 6
      vertex -37.0524 -14.4593 0
      vertex -36.7983 -14.3684 0
    endloop
  endfacet
  facet normal -0.671805 -0.740728 0
    outer loop
      vertex -28.2554 -14.8742 0
      vertex -28.0555 -15.0555 6
      vertex -28.2554 -14.8742 6
    endloop
  endfacet
  facet normal -0.671805 -0.740728 -0
    outer loop
      vertex -28.0555 -15.0555 6
      vertex -28.2554 -14.8742 0
      vertex -28.0555 -15.0555 0
    endloop
  endfacet
  facet normal 0.998803 0.0489209 -3.20256e-21
    outer loop
      vertex -38.7368 -17.2695 6
      vertex -38.75 -17 0
      vertex -38.75 -17 6
    endloop
  endfacet
  facet normal 0.998803 0.0489209 -3.20256e-21
    outer loop
      vertex -38.75 -17 0
      vertex -38.7368 -17.2695 6
      vertex -38.7368 -17.2695 0
    endloop
  endfacet
  facet normal 0.427688 -0.903926 0
    outer loop
      vertex -37.2963 -14.5747 0
      vertex -37.0524 -14.4593 6
      vertex -37.2963 -14.5747 6
    endloop
  endfacet
  facet normal 0.427688 -0.903926 0
    outer loop
      vertex -37.0524 -14.4593 6
      vertex -37.2963 -14.5747 0
      vertex -37.0524 -14.4593 0
    endloop
  endfacet
  facet normal -0.427688 -0.903926 0
    outer loop
      vertex -28.9476 -14.4593 0
      vertex -28.7037 -14.5747 6
      vertex -28.9476 -14.4593 6
    endloop
  endfacet
  facet normal -0.427688 -0.903926 -0
    outer loop
      vertex -28.7037 -14.5747 6
      vertex -28.9476 -14.4593 0
      vertex -28.7037 -14.5747 0
    endloop
  endfacet
  facet normal 0 1 -0
    outer loop
      vertex -34.5 -19.75 0
      vertex -36 -19.75 6
      vertex -34.5 -19.75 6
    endloop
  endfacet
  facet normal 0 1 0
    outer loop
      vertex -36 -19.75 6
      vertex -34.5 -19.75 0
      vertex -36 -19.75 0
    endloop
  endfacet
  facet normal -0.857656 -0.514223 3.25102e-19
    outer loop
      vertex -27.5747 -15.7037 0
      vertex -27.7135 -15.4722 6
      vertex -27.7135 -15.4722 0
    endloop
  endfacet
  facet normal -0.857656 -0.514223 3.25102e-19
    outer loop
      vertex -27.7135 -15.4722 6
      vertex -27.5747 -15.7037 0
      vertex -27.5747 -15.7037 6
    endloop
  endfacet
  facet normal -0.243059 -0.970012 0
    outer loop
      vertex -29.4635 -14.3028 0
      vertex -29.2017 -14.3684 6
      vertex -29.4635 -14.3028 6
    endloop
  endfacet
  facet normal -0.243059 -0.970012 -0
    outer loop
      vertex -29.2017 -14.3684 6
      vertex -29.4635 -14.3028 0
      vertex -29.2017 -14.3684 0
    endloop
  endfacet
  facet normal -0.243059 0.970012 0
    outer loop
      vertex -29.2017 -19.6316 0
      vertex -29.4635 -19.6972 6
      vertex -29.2017 -19.6316 6
    endloop
  endfacet
  facet normal -0.243059 0.970012 0
    outer loop
      vertex -29.4635 -19.6972 6
      vertex -29.2017 -19.6316 0
      vertex -29.4635 -19.6972 0
    endloop
  endfacet
  facet normal 0.803367 -0.595485 -7.91392e-19
    outer loop
      vertex -38.2865 -15.4722 6
      vertex -38.1258 -15.2554 0
      vertex -38.1258 -15.2554 6
    endloop
  endfacet
  facet normal 0.803367 -0.595485 -7.91392e-19
    outer loop
      vertex -38.1258 -15.2554 0
      vertex -38.2865 -15.4722 6
      vertex -38.2865 -15.4722 0
    endloop
  endfacet
  facet normal 0.941566 -0.336829 3.31961e-19
    outer loop
      vertex -38.6316 -16.2017 6
      vertex -38.5407 -15.9476 0
      vertex -38.5407 -15.9476 6
    endloop
  endfacet
  facet normal 0.941566 -0.336829 3.31961e-19
    outer loop
      vertex -38.5407 -15.9476 0
      vertex -38.6316 -16.2017 6
      vertex -38.6316 -16.2017 0
    endloop
  endfacet
  facet normal -0.595485 0.803367 0
    outer loop
      vertex -28.2554 -19.1258 0
      vertex -28.4722 -19.2865 6
      vertex -28.2554 -19.1258 6
    endloop
  endfacet
  facet normal -0.595485 0.803367 0
    outer loop
      vertex -28.4722 -19.2865 6
      vertex -28.2554 -19.1258 0
      vertex -28.4722 -19.2865 0
    endloop
  endfacet
  facet normal 0.0489209 -0.998803 0
    outer loop
      vertex -36.2695 -14.2632 0
      vertex -36 -14.25 6
      vertex -36.2695 -14.2632 6
    endloop
  endfacet
  facet normal 0.0489209 -0.998803 0
    outer loop
      vertex -36 -14.25 6
      vertex -36.2695 -14.2632 0
      vertex -36 -14.25 0
    endloop
  endfacet
  facet normal -0.740728 -0.671805 -2.3072e-19
    outer loop
      vertex -27.8742 -15.2554 0
      vertex -28.0555 -15.0555 6
      vertex -28.0555 -15.0555 0
    endloop
  endfacet
  facet normal -0.740728 -0.671805 -2.3072e-19
    outer loop
      vertex -28.0555 -15.0555 6
      vertex -27.8742 -15.2554 0
      vertex -27.8742 -15.2554 6
    endloop
  endfacet
  facet normal -0.146352 0.989233 0
    outer loop
      vertex -29.4635 -19.6972 0
      vertex -29.5 -19.7026 6
      vertex -29.4635 -19.6972 6
    endloop
  endfacet
  facet normal -0.146352 0.989233 0
    outer loop
      vertex -29.5 -19.7026 6
      vertex -29.4635 -19.6972 0
      vertex -29.5 -19.7026 0
    endloop
  endfacet
  facet normal 0.857656 0.514223 6.46036e-20
    outer loop
      vertex -38.2865 -18.5278 6
      vertex -38.4253 -18.2963 0
      vertex -38.4253 -18.2963 6
    endloop
  endfacet
  facet normal 0.857656 0.514223 6.46036e-20
    outer loop
      vertex -38.4253 -18.2963 0
      vertex -38.2865 -18.5278 6
      vertex -38.2865 -18.5278 0
    endloop
  endfacet
  facet normal -0.98918 0.14671 1.5497e-19
    outer loop
      vertex -27.3028 -17.5365 0
      vertex -27.2632 -17.2695 6
      vertex -27.2632 -17.2695 0
    endloop
  endfacet
  facet normal -0.98918 0.14671 1.5497e-19
    outer loop
      vertex -27.2632 -17.2695 6
      vertex -27.3028 -17.5365 0
      vertex -27.3028 -17.5365 6
    endloop
  endfacet
  facet normal -0.740728 0.671805 -5.16643e-19
    outer loop
      vertex -28.0555 -18.9445 0
      vertex -27.8742 -18.7446 6
      vertex -27.8742 -18.7446 0
    endloop
  endfacet
  facet normal -0.740728 0.671805 -5.16643e-19
    outer loop
      vertex -27.8742 -18.7446 6
      vertex -28.0555 -18.9445 0
      vertex -28.0555 -18.9445 6
    endloop
  endfacet
  facet normal -0.998803 0.0489209 -6.53747e-20
    outer loop
      vertex -27.2632 -17.2695 0
      vertex -27.25 -17 6
      vertex -27.25 -17 0
    endloop
  endfacet
  facet normal -0.998803 0.0489209 -6.53747e-20
    outer loop
      vertex -27.25 -17 6
      vertex -27.2632 -17.2695 0
      vertex -27.2632 -17.2695 6
    endloop
  endfacet
  facet normal 0.740728 0.671805 5.16643e-19
    outer loop
      vertex -37.9445 -18.9445 6
      vertex -38.1258 -18.7446 0
      vertex -38.1258 -18.7446 6
    endloop
  endfacet
  facet normal 0.740728 0.671805 5.16643e-19
    outer loop
      vertex -38.1258 -18.7446 0
      vertex -37.9445 -18.9445 6
      vertex -37.9445 -18.9445 0
    endloop
  endfacet
  facet normal 0.970012 -0.243059 2.4768e-19
    outer loop
      vertex -38.6972 -16.4635 6
      vertex -38.6316 -16.2017 0
      vertex -38.6316 -16.2017 6
    endloop
  endfacet
  facet normal 0.970012 -0.243059 2.4768e-19
    outer loop
      vertex -38.6316 -16.2017 0
      vertex -38.6972 -16.4635 6
      vertex -38.6972 -16.4635 0
    endloop
  endfacet
  facet normal 0.903926 -0.427688 7.82363e-19
    outer loop
      vertex -38.5407 -15.9476 6
      vertex -38.4253 -15.7037 0
      vertex -38.4253 -15.7037 6
    endloop
  endfacet
  facet normal 0.903926 -0.427688 7.82363e-19
    outer loop
      vertex -38.4253 -15.7037 0
      vertex -38.5407 -15.9476 6
      vertex -38.5407 -15.9476 0
    endloop
  endfacet
  facet normal -0.803367 0.595485 -1.38792e-18
    outer loop
      vertex -27.8742 -18.7446 0
      vertex -27.7135 -18.5278 6
      vertex -27.7135 -18.5278 0
    endloop
  endfacet
  facet normal -0.803367 0.595485 -1.38792e-18
    outer loop
      vertex -27.7135 -18.5278 6
      vertex -27.8742 -18.7446 0
      vertex -27.8742 -18.7446 6
    endloop
  endfacet
  facet normal 0.740728 -0.671805 2.3072e-19
    outer loop
      vertex -38.1258 -15.2554 6
      vertex -37.9445 -15.0555 0
      vertex -37.9445 -15.0555 6
    endloop
  endfacet
  facet normal 0.740728 -0.671805 2.3072e-19
    outer loop
      vertex -37.9445 -15.0555 0
      vertex -38.1258 -15.2554 6
      vertex -38.1258 -15.2554 0
    endloop
  endfacet
  facet normal -0.514223 -0.857656 0
    outer loop
      vertex -28.7037 -14.5747 0
      vertex -28.4722 -14.7135 6
      vertex -28.7037 -14.5747 6
    endloop
  endfacet
  facet normal -0.514223 -0.857656 -0
    outer loop
      vertex -28.4722 -14.7135 6
      vertex -28.7037 -14.5747 0
      vertex -28.4722 -14.7135 0
    endloop
  endfacet
  facet normal -0.857656 0.514223 1.95769e-18
    outer loop
      vertex -27.7135 -18.5278 0
      vertex -27.5747 -18.2963 6
      vertex -27.5747 -18.2963 0
    endloop
  endfacet
  facet normal -0.857656 0.514223 1.95769e-18
    outer loop
      vertex -27.5747 -18.2963 6
      vertex -27.7135 -18.5278 0
      vertex -27.7135 -18.5278 6
    endloop
  endfacet
  facet normal 0.595485 0.803367 -0
    outer loop
      vertex -37.5278 -19.2865 0
      vertex -37.7446 -19.1258 6
      vertex -37.5278 -19.2865 6
    endloop
  endfacet
  facet normal 0.595485 0.803367 0
    outer loop
      vertex -37.7446 -19.1258 6
      vertex -37.5278 -19.2865 0
      vertex -37.7446 -19.1258 0
    endloop
  endfacet
  facet normal 0.803367 0.595485 1.38792e-18
    outer loop
      vertex -38.1258 -18.7446 6
      vertex -38.2865 -18.5278 0
      vertex -38.2865 -18.5278 6
    endloop
  endfacet
  facet normal 0.803367 0.595485 1.38792e-18
    outer loop
      vertex -38.2865 -18.5278 0
      vertex -38.1258 -18.7446 6
      vertex -38.1258 -18.7446 0
    endloop
  endfacet
  facet normal -0.970012 -0.243059 -6.94259e-20
    outer loop
      vertex -27.3028 -16.4635 0
      vertex -27.3684 -16.2017 6
      vertex -27.3684 -16.2017 0
    endloop
  endfacet
  facet normal -0.970012 -0.243059 -6.94259e-20
    outer loop
      vertex -27.3684 -16.2017 6
      vertex -27.3028 -16.4635 0
      vertex -27.3028 -16.4635 6
    endloop
  endfacet
  facet normal 0.998803 -0.0489209 3.20256e-21
    outer loop
      vertex -38.75 -17 6
      vertex -38.7368 -16.7305 0
      vertex -38.7368 -16.7305 6
    endloop
  endfacet
  facet normal 0.998803 -0.0489209 3.20256e-21
    outer loop
      vertex -38.7368 -16.7305 0
      vertex -38.75 -17 6
      vertex -38.75 -17 0
    endloop
  endfacet
  facet normal 0.514223 -0.857656 0
    outer loop
      vertex -37.5278 -14.7135 0
      vertex -37.2963 -14.5747 6
      vertex -37.5278 -14.7135 6
    endloop
  endfacet
  facet normal 0.514223 -0.857656 0
    outer loop
      vertex -37.2963 -14.5747 6
      vertex -37.5278 -14.7135 0
      vertex -37.2963 -14.5747 0
    endloop
  endfacet
  facet normal 0.336829 0.941566 -0
    outer loop
      vertex -36.7983 -19.6316 0
      vertex -37.0524 -19.5407 6
      vertex -36.7983 -19.6316 6
    endloop
  endfacet
  facet normal 0.336829 0.941566 0
    outer loop
      vertex -37.0524 -19.5407 6
      vertex -36.7983 -19.6316 0
      vertex -37.0524 -19.5407 0
    endloop
  endfacet
  facet normal 0.941566 0.336829 8.26794e-19
    outer loop
      vertex -38.5407 -18.0524 6
      vertex -38.6316 -17.7983 0
      vertex -38.6316 -17.7983 6
    endloop
  endfacet
  facet normal 0.941566 0.336829 8.26794e-19
    outer loop
      vertex -38.6316 -17.7983 0
      vertex -38.5407 -18.0524 6
      vertex -38.5407 -18.0524 0
    endloop
  endfacet
  facet normal 0.514223 0.857656 -0
    outer loop
      vertex -37.2963 -19.4253 0
      vertex -37.5278 -19.2865 6
      vertex -37.2963 -19.4253 6
    endloop
  endfacet
  facet normal 0.514223 0.857656 0
    outer loop
      vertex -37.5278 -19.2865 6
      vertex -37.2963 -19.4253 0
      vertex -37.5278 -19.2865 0
    endloop
  endfacet
  facet normal 0.671805 -0.740728 0
    outer loop
      vertex -37.9445 -15.0555 0
      vertex -37.7446 -14.8742 6
      vertex -37.9445 -15.0555 6
    endloop
  endfacet
  facet normal 0.671805 -0.740728 0
    outer loop
      vertex -37.7446 -14.8742 6
      vertex -37.9445 -15.0555 0
      vertex -37.7446 -14.8742 0
    endloop
  endfacet
  facet normal -0.336829 0.941566 0
    outer loop
      vertex -28.9476 -19.5407 0
      vertex -29.2017 -19.6316 6
      vertex -28.9476 -19.5407 6
    endloop
  endfacet
  facet normal -0.336829 0.941566 0
    outer loop
      vertex -29.2017 -19.6316 6
      vertex -28.9476 -19.5407 0
      vertex -29.2017 -19.6316 0
    endloop
  endfacet
  facet normal -0.336829 -0.941566 0
    outer loop
      vertex -29.2017 -14.3684 0
      vertex -28.9476 -14.4593 6
      vertex -29.2017 -14.3684 6
    endloop
  endfacet
  facet normal -0.336829 -0.941566 -0
    outer loop
      vertex -28.9476 -14.4593 6
      vertex -29.2017 -14.3684 0
      vertex -28.9476 -14.4593 0
    endloop
  endfacet
  facet normal -0.903926 0.427688 7.82363e-19
    outer loop
      vertex -27.5747 -18.2963 0
      vertex -27.4593 -18.0524 6
      vertex -27.4593 -18.0524 0
    endloop
  endfacet
  facet normal -0.903926 0.427688 7.82363e-19
    outer loop
      vertex -27.4593 -18.0524 6
      vertex -27.5747 -18.2963 0
      vertex -27.5747 -18.2963 6
    endloop
  endfacet
  facet normal 0.14671 0.98918 -0
    outer loop
      vertex -36.2695 -19.7368 0
      vertex -36.5365 -19.6972 6
      vertex -36.2695 -19.7368 6
    endloop
  endfacet
  facet normal 0.14671 0.98918 0
    outer loop
      vertex -36.5365 -19.6972 6
      vertex -36.2695 -19.7368 0
      vertex -36.5365 -19.6972 0
    endloop
  endfacet
  facet normal 0.857656 -0.514223 1.93712e-18
    outer loop
      vertex -38.4253 -15.7037 6
      vertex -38.2865 -15.4722 0
      vertex -38.2865 -15.4722 6
    endloop
  endfacet
  facet normal 0.857656 -0.514223 1.93712e-18
    outer loop
      vertex -38.2865 -15.4722 0
      vertex -38.4253 -15.7037 6
      vertex -38.4253 -15.7037 0
    endloop
  endfacet
  facet normal -0.970012 0.243059 6.94259e-20
    outer loop
      vertex -27.3684 -17.7983 0
      vertex -27.3028 -17.5365 6
      vertex -27.3028 -17.5365 0
    endloop
  endfacet
  facet normal -0.970012 0.243059 6.94259e-20
    outer loop
      vertex -27.3028 -17.5365 6
      vertex -27.3684 -17.7983 0
      vertex -27.3684 -17.7983 6
    endloop
  endfacet
  facet normal -0.146352 -0.989233 0
    outer loop
      vertex -29.5 -14.2974 0
      vertex -29.4635 -14.3028 6
      vertex -29.5 -14.2974 6
    endloop
  endfacet
  facet normal -0.146352 -0.989233 -0
    outer loop
      vertex -29.4635 -14.3028 6
      vertex -29.5 -14.2974 0
      vertex -29.4635 -14.3028 0
    endloop
  endfacet
  facet normal 0.243059 0.970012 -0
    outer loop
      vertex -36.5365 -19.6972 0
      vertex -36.7983 -19.6316 6
      vertex -36.5365 -19.6972 6
    endloop
  endfacet
  facet normal 0.243059 0.970012 0
    outer loop
      vertex -36.7983 -19.6316 6
      vertex -36.5365 -19.6972 0
      vertex -36.7983 -19.6316 0
    endloop
  endfacet
  facet normal 0 -1 0
    outer loop
      vertex -36 -14.25 0
      vertex -34.5 -14.25 6
      vertex -36 -14.25 6
    endloop
  endfacet
  facet normal 0 -1 -0
    outer loop
      vertex -34.5 -14.25 6
      vertex -36 -14.25 0
      vertex -34.5 -14.25 0
    endloop
  endfacet
  facet normal 0.98918 0.14671 -1.5497e-19
    outer loop
      vertex -38.6972 -17.5365 6
      vertex -38.7368 -17.2695 0
      vertex -38.7368 -17.2695 6
    endloop
  endfacet
  facet normal 0.98918 0.14671 -1.5497e-19
    outer loop
      vertex -38.7368 -17.2695 0
      vertex -38.6972 -17.5365 6
      vertex -38.6972 -17.5365 0
    endloop
  endfacet
  facet normal 0.14671 -0.98918 0
    outer loop
      vertex -36.5365 -14.3028 0
      vertex -36.2695 -14.2632 6
      vertex -36.5365 -14.3028 6
    endloop
  endfacet
  facet normal 0.14671 -0.98918 0
    outer loop
      vertex -36.2695 -14.2632 6
      vertex -36.5365 -14.3028 0
      vertex -36.2695 -14.2632 0
    endloop
  endfacet
  facet normal -0.427688 0.903926 0
    outer loop
      vertex -28.7037 -19.4253 0
      vertex -28.9476 -19.5407 6
      vertex -28.7037 -19.4253 6
    endloop
  endfacet
  facet normal -0.427688 0.903926 0
    outer loop
      vertex -28.9476 -19.5407 6
      vertex -28.7037 -19.4253 0
      vertex -28.9476 -19.5407 0
    endloop
  endfacet
  facet normal 0.595485 -0.803367 0
    outer loop
      vertex -37.7446 -14.8742 0
      vertex -37.5278 -14.7135 6
      vertex -37.7446 -14.8742 6
    endloop
  endfacet
  facet normal 0.595485 -0.803367 0
    outer loop
      vertex -37.5278 -14.7135 6
      vertex -37.7446 -14.8742 0
      vertex -37.5278 -14.7135 0
    endloop
  endfacet
  facet normal -0.595485 -0.803367 0
    outer loop
      vertex -28.4722 -14.7135 0
      vertex -28.2554 -14.8742 6
      vertex -28.4722 -14.7135 6
    endloop
  endfacet
  facet normal -0.595485 -0.803367 -0
    outer loop
      vertex -28.2554 -14.8742 6
      vertex -28.4722 -14.7135 0
      vertex -28.2554 -14.8742 0
    endloop
  endfacet
  facet normal -0.903926 -0.427688 -7.82363e-19
    outer loop
      vertex -27.4593 -15.9476 0
      vertex -27.5747 -15.7037 6
      vertex -27.5747 -15.7037 0
    endloop
  endfacet
  facet normal -0.903926 -0.427688 -7.82363e-19
    outer loop
      vertex -27.5747 -15.7037 6
      vertex -27.4593 -15.9476 0
      vertex -27.4593 -15.9476 6
    endloop
  endfacet
  facet normal -0.671805 0.740728 0
    outer loop
      vertex -28.0555 -18.9445 0
      vertex -28.2554 -19.1258 6
      vertex -28.0555 -18.9445 6
    endloop
  endfacet
  facet normal -0.671805 0.740728 0
    outer loop
      vertex -28.2554 -19.1258 6
      vertex -28.0555 -18.9445 0
      vertex -28.2554 -19.1258 0
    endloop
  endfacet
  facet normal -0.941566 -0.336829 -3.31961e-19
    outer loop
      vertex -27.3684 -16.2017 0
      vertex -27.4593 -15.9476 6
      vertex -27.4593 -15.9476 0
    endloop
  endfacet
  facet normal -0.941566 -0.336829 -3.31961e-19
    outer loop
      vertex -27.4593 -15.9476 6
      vertex -27.3684 -16.2017 0
      vertex -27.3684 -16.2017 6
    endloop
  endfacet
  facet normal -0.941566 0.336829 -8.26794e-19
    outer loop
      vertex -27.4593 -18.0524 0
      vertex -27.3684 -17.7983 6
      vertex -27.3684 -17.7983 0
    endloop
  endfacet
  facet normal -0.941566 0.336829 -8.26794e-19
    outer loop
      vertex -27.3684 -17.7983 6
      vertex -27.4593 -18.0524 0
      vertex -27.4593 -18.0524 6
    endloop
  endfacet
  facet normal 0.243059 -0.970012 0
    outer loop
      vertex -36.7983 -14.3684 0
      vertex -36.5365 -14.3028 6
      vertex -36.7983 -14.3684 6
    endloop
  endfacet
  facet normal 0.243059 -0.970012 0
    outer loop
      vertex -36.5365 -14.3028 6
      vertex -36.7983 -14.3684 0
      vertex -36.5365 -14.3028 0
    endloop
  endfacet
  facet normal -0.98918 -0.14671 -1.5497e-19
    outer loop
      vertex -27.2632 -16.7305 0
      vertex -27.3028 -16.4635 6
      vertex -27.3028 -16.4635 0
    endloop
  endfacet
  facet normal -0.98918 -0.14671 -1.5497e-19
    outer loop
      vertex -27.3028 -16.4635 6
      vertex -27.2632 -16.7305 0
      vertex -27.2632 -16.7305 6
    endloop
  endfacet
  facet normal 0.671805 0.740728 -0
    outer loop
      vertex -37.7446 -19.1258 0
      vertex -37.9445 -18.9445 6
      vertex -37.7446 -19.1258 6
    endloop
  endfacet
  facet normal 0.671805 0.740728 0
    outer loop
      vertex -37.9445 -18.9445 6
      vertex -37.7446 -19.1258 0
      vertex -37.9445 -18.9445 0
    endloop
  endfacet
  facet normal -0.803367 -0.595485 7.91392e-19
    outer loop
      vertex -27.7135 -15.4722 0
      vertex -27.8742 -15.2554 6
      vertex -27.8742 -15.2554 0
    endloop
  endfacet
  facet normal -0.803367 -0.595485 7.91392e-19
    outer loop
      vertex -27.8742 -15.2554 6
      vertex -27.7135 -15.4722 0
      vertex -27.7135 -15.4722 6
    endloop
  endfacet
  facet normal -0.998803 -0.0489209 6.53747e-20
    outer loop
      vertex -27.25 17 0
      vertex -27.2632 17.2695 6
      vertex -27.2632 17.2695 0
    endloop
  endfacet
  facet normal -0.998803 -0.0489209 6.53747e-20
    outer loop
      vertex -27.2632 17.2695 6
      vertex -27.25 17 0
      vertex -27.25 17 6
    endloop
  endfacet
  facet normal -0.514223 0.857656 0
    outer loop
      vertex -28.4722 14.7135 0
      vertex -28.7037 14.5747 6
      vertex -28.4722 14.7135 6
    endloop
  endfacet
  facet normal -0.514223 0.857656 0
    outer loop
      vertex -28.7037 14.5747 6
      vertex -28.4722 14.7135 0
      vertex -28.7037 14.5747 0
    endloop
  endfacet
  facet normal 0.427688 0.903926 -0
    outer loop
      vertex -37.0524 14.4593 0
      vertex -37.2963 14.5747 6
      vertex -37.0524 14.4593 6
    endloop
  endfacet
  facet normal 0.427688 0.903926 0
    outer loop
      vertex -37.2963 14.5747 6
      vertex -37.0524 14.4593 0
      vertex -37.2963 14.5747 0
    endloop
  endfacet
  facet normal 0.903926 0.427688 -7.82363e-19
    outer loop
      vertex -38.4253 15.7037 6
      vertex -38.5407 15.9476 0
      vertex -38.5407 15.9476 6
    endloop
  endfacet
  facet normal 0.903926 0.427688 -7.82363e-19
    outer loop
      vertex -38.5407 15.9476 0
      vertex -38.4253 15.7037 6
      vertex -38.4253 15.7037 0
    endloop
  endfacet
  facet normal 0.0489209 0.998803 -0
    outer loop
      vertex -36 14.25 0
      vertex -36.2695 14.2632 6
      vertex -36 14.25 6
    endloop
  endfacet
  facet normal 0.0489209 0.998803 0
    outer loop
      vertex -36.2695 14.2632 6
      vertex -36 14.25 0
      vertex -36.2695 14.2632 0
    endloop
  endfacet
  facet normal 0.970012 0.243059 -2.4768e-19
    outer loop
      vertex -38.6316 16.2017 6
      vertex -38.6972 16.4635 0
      vertex -38.6972 16.4635 6
    endloop
  endfacet
  facet normal 0.970012 0.243059 -2.4768e-19
    outer loop
      vertex -38.6972 16.4635 0
      vertex -38.6316 16.2017 6
      vertex -38.6316 16.2017 0
    endloop
  endfacet
  facet normal 0.98918 -0.14671 1.5497e-19
    outer loop
      vertex -38.7368 17.2695 6
      vertex -38.6972 17.5365 0
      vertex -38.6972 17.5365 6
    endloop
  endfacet
  facet normal 0.98918 -0.14671 1.5497e-19
    outer loop
      vertex -38.6972 17.5365 0
      vertex -38.7368 17.2695 6
      vertex -38.7368 17.2695 0
    endloop
  endfacet
  facet normal 0.336829 -0.941566 0
    outer loop
      vertex -37.0524 19.5407 0
      vertex -36.7983 19.6316 6
      vertex -37.0524 19.5407 6
    endloop
  endfacet
  facet normal 0.336829 -0.941566 0
    outer loop
      vertex -36.7983 19.6316 6
      vertex -37.0524 19.5407 0
      vertex -36.7983 19.6316 0
    endloop
  endfacet
  facet normal -0.671805 -0.740728 0
    outer loop
      vertex -28.2554 19.1258 0
      vertex -28.0555 18.9445 6
      vertex -28.2554 19.1258 6
    endloop
  endfacet
  facet normal -0.671805 -0.740728 -0
    outer loop
      vertex -28.0555 18.9445 6
      vertex -28.2554 19.1258 0
      vertex -28.0555 18.9445 0
    endloop
  endfacet
  facet normal 0.998803 0.0489209 -3.20256e-21
    outer loop
      vertex -38.7368 16.7305 6
      vertex -38.75 17 0
      vertex -38.75 17 6
    endloop
  endfacet
  facet normal 0.998803 0.0489209 -3.20256e-21
    outer loop
      vertex -38.75 17 0
      vertex -38.7368 16.7305 6
      vertex -38.7368 16.7305 0
    endloop
  endfacet
  facet normal 0.427688 -0.903926 0
    outer loop
      vertex -37.2963 19.4253 0
      vertex -37.0524 19.5407 6
      vertex -37.2963 19.4253 6
    endloop
  endfacet
  facet normal 0.427688 -0.903926 0
    outer loop
      vertex -37.0524 19.5407 6
      vertex -37.2963 19.4253 0
      vertex -37.0524 19.5407 0
    endloop
  endfacet
  facet normal -0.427688 -0.903926 0
    outer loop
      vertex -28.9476 19.5407 0
      vertex -28.7037 19.4253 6
      vertex -28.9476 19.5407 6
    endloop
  endfacet
  facet normal -0.427688 -0.903926 -0
    outer loop
      vertex -28.7037 19.4253 6
      vertex -28.9476 19.5407 0
      vertex -28.7037 19.4253 0
    endloop
  endfacet
  facet normal 0 1 -0
    outer loop
      vertex -30 14.25 0
      vertex -32 14.25 6
      vertex -30 14.25 6
    endloop
  endfacet
  facet normal 0 1 0
    outer loop
      vertex -36 14.25 0
      vertex -32 14.25 6
      vertex -30 14.25 0
    endloop
  endfacet
  facet normal 0 1 0
    outer loop
      vertex -32 14.25 6
      vertex -36 14.25 0
      vertex -36 14.25 6
    endloop
  endfacet
  facet normal -0.857656 -0.514223 -1.95769e-18
    outer loop
      vertex -27.5747 18.2963 0
      vertex -27.7135 18.5278 6
      vertex -27.7135 18.5278 0
    endloop
  endfacet
  facet normal -0.857656 -0.514223 -1.95769e-18
    outer loop
      vertex -27.7135 18.5278 6
      vertex -27.5747 18.2963 0
      vertex -27.5747 18.2963 6
    endloop
  endfacet
  facet normal -0.243059 -0.970012 0
    outer loop
      vertex -29.4635 19.6972 0
      vertex -29.2017 19.6316 6
      vertex -29.4635 19.6972 6
    endloop
  endfacet
  facet normal -0.243059 -0.970012 -0
    outer loop
      vertex -29.2017 19.6316 6
      vertex -29.4635 19.6972 0
      vertex -29.2017 19.6316 0
    endloop
  endfacet
  facet normal -0.243059 0.970012 0
    outer loop
      vertex -29.2017 14.3684 0
      vertex -29.4635 14.3028 6
      vertex -29.2017 14.3684 6
    endloop
  endfacet
  facet normal -0.243059 0.970012 0
    outer loop
      vertex -29.4635 14.3028 6
      vertex -29.2017 14.3684 0
      vertex -29.4635 14.3028 0
    endloop
  endfacet
  facet normal 0.803367 -0.595485 -1.38792e-18
    outer loop
      vertex -38.2865 18.5278 6
      vertex -38.1258 18.7446 0
      vertex -38.1258 18.7446 6
    endloop
  endfacet
  facet normal 0.803367 -0.595485 -1.38792e-18
    outer loop
      vertex -38.1258 18.7446 0
      vertex -38.2865 18.5278 6
      vertex -38.2865 18.5278 0
    endloop
  endfacet
  facet normal 0.941566 -0.336829 -8.26794e-19
    outer loop
      vertex -38.6316 17.7983 6
      vertex -38.5407 18.0524 0
      vertex -38.5407 18.0524 6
    endloop
  endfacet
  facet normal 0.941566 -0.336829 -8.26794e-19
    outer loop
      vertex -38.5407 18.0524 0
      vertex -38.6316 17.7983 6
      vertex -38.6316 17.7983 0
    endloop
  endfacet
  facet normal -0.595485 0.803367 0
    outer loop
      vertex -28.2554 14.8742 0
      vertex -28.4722 14.7135 6
      vertex -28.2554 14.8742 6
    endloop
  endfacet
  facet normal -0.595485 0.803367 0
    outer loop
      vertex -28.4722 14.7135 6
      vertex -28.2554 14.8742 0
      vertex -28.4722 14.7135 0
    endloop
  endfacet
  facet normal -0.740728 -0.671805 5.16643e-19
    outer loop
      vertex -27.8742 18.7446 0
      vertex -28.0555 18.9445 6
      vertex -28.0555 18.9445 0
    endloop
  endfacet
  facet normal -0.740728 -0.671805 5.16643e-19
    outer loop
      vertex -28.0555 18.9445 6
      vertex -27.8742 18.7446 0
      vertex -27.8742 18.7446 6
    endloop
  endfacet
  facet normal -0.14671 0.98918 0
    outer loop
      vertex -29.4635 14.3028 0
      vertex -29.7305 14.2632 6
      vertex -29.4635 14.3028 6
    endloop
  endfacet
  facet normal -0.14671 0.98918 0
    outer loop
      vertex -29.7305 14.2632 6
      vertex -29.4635 14.3028 0
      vertex -29.7305 14.2632 0
    endloop
  endfacet
  facet normal 0.857656 0.514223 -1.93712e-18
    outer loop
      vertex -38.2865 15.4722 6
      vertex -38.4253 15.7037 0
      vertex -38.4253 15.7037 6
    endloop
  endfacet
  facet normal 0.857656 0.514223 -1.93712e-18
    outer loop
      vertex -38.4253 15.7037 0
      vertex -38.2865 15.4722 6
      vertex -38.2865 15.4722 0
    endloop
  endfacet
  facet normal 0.671805 0.740728 -0
    outer loop
      vertex -37.7446 14.8742 0
      vertex -37.9445 15.0555 6
      vertex -37.7446 14.8742 6
    endloop
  endfacet
  facet normal 0.671805 0.740728 0
    outer loop
      vertex -37.9445 15.0555 6
      vertex -37.7446 14.8742 0
      vertex -37.9445 15.0555 0
    endloop
  endfacet
  facet normal -0.98918 0.14671 1.5497e-19
    outer loop
      vertex -27.3028 16.4635 0
      vertex -27.2632 16.7305 6
      vertex -27.2632 16.7305 0
    endloop
  endfacet
  facet normal -0.98918 0.14671 1.5497e-19
    outer loop
      vertex -27.2632 16.7305 6
      vertex -27.3028 16.4635 0
      vertex -27.3028 16.4635 6
    endloop
  endfacet
  facet normal -0.740728 0.671805 2.3072e-19
    outer loop
      vertex -28.0555 15.0555 0
      vertex -27.8742 15.2554 6
      vertex -27.8742 15.2554 0
    endloop
  endfacet
  facet normal -0.740728 0.671805 2.3072e-19
    outer loop
      vertex -27.8742 15.2554 6
      vertex -28.0555 15.0555 0
      vertex -28.0555 15.0555 6
    endloop
  endfacet
  facet normal -0.998803 0.0489209 -6.53747e-20
    outer loop
      vertex -27.2632 16.7305 0
      vertex -27.25 17 6
      vertex -27.25 17 0
    endloop
  endfacet
  facet normal -0.998803 0.0489209 -6.53747e-20
    outer loop
      vertex -27.25 17 6
      vertex -27.2632 16.7305 0
      vertex -27.2632 16.7305 6
    endloop
  endfacet
  facet normal 0.740728 0.671805 -2.3072e-19
    outer loop
      vertex -37.9445 15.0555 6
      vertex -38.1258 15.2554 0
      vertex -38.1258 15.2554 6
    endloop
  endfacet
  facet normal 0.740728 0.671805 -2.3072e-19
    outer loop
      vertex -38.1258 15.2554 0
      vertex -37.9445 15.0555 6
      vertex -37.9445 15.0555 0
    endloop
  endfacet
  facet normal 0.970012 -0.243059 2.4768e-19
    outer loop
      vertex -38.6972 17.5365 6
      vertex -38.6316 17.7983 0
      vertex -38.6316 17.7983 6
    endloop
  endfacet
  facet normal 0.970012 -0.243059 2.4768e-19
    outer loop
      vertex -38.6316 17.7983 0
      vertex -38.6972 17.5365 6
      vertex -38.6972 17.5365 0
    endloop
  endfacet
  facet normal -0.0489209 0.998803 0
    outer loop
      vertex -29.7305 14.2632 0
      vertex -30 14.25 6
      vertex -29.7305 14.2632 6
    endloop
  endfacet
  facet normal -0.0489209 0.998803 0
    outer loop
      vertex -30 14.25 6
      vertex -29.7305 14.2632 0
      vertex -30 14.25 0
    endloop
  endfacet
  facet normal 0.903926 -0.427688 7.82363e-19
    outer loop
      vertex -38.5407 18.0524 6
      vertex -38.4253 18.2963 0
      vertex -38.4253 18.2963 6
    endloop
  endfacet
  facet normal 0.903926 -0.427688 7.82363e-19
    outer loop
      vertex -38.4253 18.2963 0
      vertex -38.5407 18.0524 6
      vertex -38.5407 18.0524 0
    endloop
  endfacet
  facet normal -0.803367 0.595485 -7.91392e-19
    outer loop
      vertex -27.8742 15.2554 0
      vertex -27.7135 15.4722 6
      vertex -27.7135 15.4722 0
    endloop
  endfacet
  facet normal -0.803367 0.595485 -7.91392e-19
    outer loop
      vertex -27.7135 15.4722 6
      vertex -27.8742 15.2554 0
      vertex -27.8742 15.2554 6
    endloop
  endfacet
  facet normal 0.740728 -0.671805 -5.16643e-19
    outer loop
      vertex -38.1258 18.7446 6
      vertex -37.9445 18.9445 0
      vertex -37.9445 18.9445 6
    endloop
  endfacet
  facet normal 0.740728 -0.671805 -5.16643e-19
    outer loop
      vertex -37.9445 18.9445 0
      vertex -38.1258 18.7446 6
      vertex -38.1258 18.7446 0
    endloop
  endfacet
  facet normal -0.514223 -0.857656 0
    outer loop
      vertex -28.7037 19.4253 0
      vertex -28.4722 19.2865 6
      vertex -28.7037 19.4253 6
    endloop
  endfacet
  facet normal -0.514223 -0.857656 -0
    outer loop
      vertex -28.4722 19.2865 6
      vertex -28.7037 19.4253 0
      vertex -28.4722 19.2865 0
    endloop
  endfacet
  facet normal -0.857656 0.514223 -3.25102e-19
    outer loop
      vertex -27.7135 15.4722 0
      vertex -27.5747 15.7037 6
      vertex -27.5747 15.7037 0
    endloop
  endfacet
  facet normal -0.857656 0.514223 -3.25102e-19
    outer loop
      vertex -27.5747 15.7037 6
      vertex -27.7135 15.4722 0
      vertex -27.7135 15.4722 6
    endloop
  endfacet
  facet normal 0.595485 0.803367 -0
    outer loop
      vertex -37.5278 14.7135 0
      vertex -37.7446 14.8742 6
      vertex -37.5278 14.7135 6
    endloop
  endfacet
  facet normal 0.595485 0.803367 0
    outer loop
      vertex -37.7446 14.8742 6
      vertex -37.5278 14.7135 0
      vertex -37.7446 14.8742 0
    endloop
  endfacet
  facet normal 0.803367 0.595485 7.91392e-19
    outer loop
      vertex -38.1258 15.2554 6
      vertex -38.2865 15.4722 0
      vertex -38.2865 15.4722 6
    endloop
  endfacet
  facet normal 0.803367 0.595485 7.91392e-19
    outer loop
      vertex -38.2865 15.4722 0
      vertex -38.1258 15.2554 6
      vertex -38.1258 15.2554 0
    endloop
  endfacet
  facet normal -0.970012 -0.243059 -6.94259e-20
    outer loop
      vertex -27.3028 17.5365 0
      vertex -27.3684 17.7983 6
      vertex -27.3684 17.7983 0
    endloop
  endfacet
  facet normal -0.970012 -0.243059 -6.94259e-20
    outer loop
      vertex -27.3684 17.7983 6
      vertex -27.3028 17.5365 0
      vertex -27.3028 17.5365 6
    endloop
  endfacet
  facet normal 0.998803 -0.0489209 3.20256e-21
    outer loop
      vertex -38.75 17 6
      vertex -38.7368 17.2695 0
      vertex -38.7368 17.2695 6
    endloop
  endfacet
  facet normal 0.998803 -0.0489209 3.20256e-21
    outer loop
      vertex -38.7368 17.2695 0
      vertex -38.75 17 6
      vertex -38.75 17 0
    endloop
  endfacet
  facet normal 0.514223 -0.857656 0
    outer loop
      vertex -37.5278 19.2865 0
      vertex -37.2963 19.4253 6
      vertex -37.5278 19.2865 6
    endloop
  endfacet
  facet normal 0.514223 -0.857656 0
    outer loop
      vertex -37.2963 19.4253 6
      vertex -37.5278 19.2865 0
      vertex -37.2963 19.4253 0
    endloop
  endfacet
  facet normal 0.941566 0.336829 -3.31961e-19
    outer loop
      vertex -38.5407 15.9476 6
      vertex -38.6316 16.2017 0
      vertex -38.6316 16.2017 6
    endloop
  endfacet
  facet normal 0.941566 0.336829 -3.31961e-19
    outer loop
      vertex -38.6316 16.2017 0
      vertex -38.5407 15.9476 6
      vertex -38.5407 15.9476 0
    endloop
  endfacet
  facet normal 0.514223 0.857656 -0
    outer loop
      vertex -37.2963 14.5747 0
      vertex -37.5278 14.7135 6
      vertex -37.2963 14.5747 6
    endloop
  endfacet
  facet normal 0.514223 0.857656 0
    outer loop
      vertex -37.5278 14.7135 6
      vertex -37.2963 14.5747 0
      vertex -37.5278 14.7135 0
    endloop
  endfacet
  facet normal 0.671805 -0.740728 0
    outer loop
      vertex -37.9445 18.9445 0
      vertex -37.7446 19.1258 6
      vertex -37.9445 18.9445 6
    endloop
  endfacet
  facet normal 0.671805 -0.740728 0
    outer loop
      vertex -37.7446 19.1258 6
      vertex -37.9445 18.9445 0
      vertex -37.7446 19.1258 0
    endloop
  endfacet
  facet normal -0.336829 0.941566 0
    outer loop
      vertex -28.9476 14.4593 0
      vertex -29.2017 14.3684 6
      vertex -28.9476 14.4593 6
    endloop
  endfacet
  facet normal -0.336829 0.941566 0
    outer loop
      vertex -29.2017 14.3684 6
      vertex -28.9476 14.4593 0
      vertex -29.2017 14.3684 0
    endloop
  endfacet
  facet normal -0.336829 -0.941566 0
    outer loop
      vertex -29.2017 19.6316 0
      vertex -28.9476 19.5407 6
      vertex -29.2017 19.6316 6
    endloop
  endfacet
  facet normal -0.336829 -0.941566 -0
    outer loop
      vertex -28.9476 19.5407 6
      vertex -29.2017 19.6316 0
      vertex -28.9476 19.5407 0
    endloop
  endfacet
  facet normal -0.903926 0.427688 7.82363e-19
    outer loop
      vertex -27.5747 15.7037 0
      vertex -27.4593 15.9476 6
      vertex -27.4593 15.9476 0
    endloop
  endfacet
  facet normal -0.903926 0.427688 7.82363e-19
    outer loop
      vertex -27.4593 15.9476 6
      vertex -27.5747 15.7037 0
      vertex -27.5747 15.7037 6
    endloop
  endfacet
  facet normal 0.14671 0.98918 -0
    outer loop
      vertex -36.2695 14.2632 0
      vertex -36.5365 14.3028 6
      vertex -36.2695 14.2632 6
    endloop
  endfacet
  facet normal 0.14671 0.98918 0
    outer loop
      vertex -36.5365 14.3028 6
      vertex -36.2695 14.2632 0
      vertex -36.5365 14.3028 0
    endloop
  endfacet
  facet normal 0.857656 -0.514223 -6.46036e-20
    outer loop
      vertex -38.4253 18.2963 6
      vertex -38.2865 18.5278 0
      vertex -38.2865 18.5278 6
    endloop
  endfacet
  facet normal 0.857656 -0.514223 -6.46036e-20
    outer loop
      vertex -38.2865 18.5278 0
      vertex -38.4253 18.2963 6
      vertex -38.4253 18.2963 0
    endloop
  endfacet
  facet normal -0.970012 0.243059 6.94259e-20
    outer loop
      vertex -27.3684 16.2017 0
      vertex -27.3028 16.4635 6
      vertex -27.3028 16.4635 0
    endloop
  endfacet
  facet normal -0.970012 0.243059 6.94259e-20
    outer loop
      vertex -27.3028 16.4635 6
      vertex -27.3684 16.2017 0
      vertex -27.3684 16.2017 6
    endloop
  endfacet
  facet normal -0.14671 -0.98918 0
    outer loop
      vertex -29.7305 19.7368 0
      vertex -29.4635 19.6972 6
      vertex -29.7305 19.7368 6
    endloop
  endfacet
  facet normal -0.14671 -0.98918 -0
    outer loop
      vertex -29.4635 19.6972 6
      vertex -29.7305 19.7368 0
      vertex -29.4635 19.6972 0
    endloop
  endfacet
  facet normal 0.336829 0.941566 -0
    outer loop
      vertex -36.7983 14.3684 0
      vertex -37.0524 14.4593 6
      vertex -36.7983 14.3684 6
    endloop
  endfacet
  facet normal 0.336829 0.941566 0
    outer loop
      vertex -37.0524 14.4593 6
      vertex -36.7983 14.3684 0
      vertex -37.0524 14.4593 0
    endloop
  endfacet
  facet normal 0.243059 0.970012 -0
    outer loop
      vertex -36.5365 14.3028 0
      vertex -36.7983 14.3684 6
      vertex -36.5365 14.3028 6
    endloop
  endfacet
  facet normal 0.243059 0.970012 0
    outer loop
      vertex -36.7983 14.3684 6
      vertex -36.5365 14.3028 0
      vertex -36.7983 14.3684 0
    endloop
  endfacet
  facet normal 0 -1 0
    outer loop
      vertex -36 19.75 0
      vertex -32 19.75 6
      vertex -36 19.75 6
    endloop
  endfacet
  facet normal 0 -1 0
    outer loop
      vertex -30 19.75 0
      vertex -32 19.75 6
      vertex -36 19.75 0
    endloop
  endfacet
  facet normal 0 -1 0
    outer loop
      vertex -32 19.75 6
      vertex -30 19.75 0
      vertex -30 19.75 6
    endloop
  endfacet
  facet normal 0.98918 0.14671 -1.5497e-19
    outer loop
      vertex -38.6972 16.4635 6
      vertex -38.7368 16.7305 0
      vertex -38.7368 16.7305 6
    endloop
  endfacet
  facet normal 0.98918 0.14671 -1.5497e-19
    outer loop
      vertex -38.7368 16.7305 0
      vertex -38.6972 16.4635 6
      vertex -38.6972 16.4635 0
    endloop
  endfacet
  facet normal -0.0489209 -0.998803 0
    outer loop
      vertex -30 19.75 0
      vertex -29.7305 19.7368 6
      vertex -30 19.75 6
    endloop
  endfacet
  facet normal -0.0489209 -0.998803 -0
    outer loop
      vertex -29.7305 19.7368 6
      vertex -30 19.75 0
      vertex -29.7305 19.7368 0
    endloop
  endfacet
  facet normal 0.14671 -0.98918 0
    outer loop
      vertex -36.5365 19.6972 0
      vertex -36.2695 19.7368 6
      vertex -36.5365 19.6972 6
    endloop
  endfacet
  facet normal 0.14671 -0.98918 0
    outer loop
      vertex -36.2695 19.7368 6
      vertex -36.5365 19.6972 0
      vertex -36.2695 19.7368 0
    endloop
  endfacet
  facet normal -0.427688 0.903926 0
    outer loop
      vertex -28.7037 14.5747 0
      vertex -28.9476 14.4593 6
      vertex -28.7037 14.5747 6
    endloop
  endfacet
  facet normal -0.427688 0.903926 0
    outer loop
      vertex -28.9476 14.4593 6
      vertex -28.7037 14.5747 0
      vertex -28.9476 14.4593 0
    endloop
  endfacet
  facet normal 0.0489209 -0.998803 0
    outer loop
      vertex -36.2695 19.7368 0
      vertex -36 19.75 6
      vertex -36.2695 19.7368 6
    endloop
  endfacet
  facet normal 0.0489209 -0.998803 0
    outer loop
      vertex -36 19.75 6
      vertex -36.2695 19.7368 0
      vertex -36 19.75 0
    endloop
  endfacet
  facet normal 0.243059 -0.970012 0
    outer loop
      vertex -36.7983 19.6316 0
      vertex -36.5365 19.6972 6
      vertex -36.7983 19.6316 6
    endloop
  endfacet
  facet normal 0.243059 -0.970012 0
    outer loop
      vertex -36.5365 19.6972 6
      vertex -36.7983 19.6316 0
      vertex -36.5365 19.6972 0
    endloop
  endfacet
  facet normal 0.595485 -0.803367 0
    outer loop
      vertex -37.7446 19.1258 0
      vertex -37.5278 19.2865 6
      vertex -37.7446 19.1258 6
    endloop
  endfacet
  facet normal 0.595485 -0.803367 0
    outer loop
      vertex -37.5278 19.2865 6
      vertex -37.7446 19.1258 0
      vertex -37.5278 19.2865 0
    endloop
  endfacet
  facet normal -0.595485 -0.803367 0
    outer loop
      vertex -28.4722 19.2865 0
      vertex -28.2554 19.1258 6
      vertex -28.4722 19.2865 6
    endloop
  endfacet
  facet normal -0.595485 -0.803367 -0
    outer loop
      vertex -28.2554 19.1258 6
      vertex -28.4722 19.2865 0
      vertex -28.2554 19.1258 0
    endloop
  endfacet
  facet normal -0.903926 -0.427688 -7.82363e-19
    outer loop
      vertex -27.4593 18.0524 0
      vertex -27.5747 18.2963 6
      vertex -27.5747 18.2963 0
    endloop
  endfacet
  facet normal -0.903926 -0.427688 -7.82363e-19
    outer loop
      vertex -27.5747 18.2963 6
      vertex -27.4593 18.0524 0
      vertex -27.4593 18.0524 6
    endloop
  endfacet
  facet normal -0.671805 0.740728 0
    outer loop
      vertex -28.0555 15.0555 0
      vertex -28.2554 14.8742 6
      vertex -28.0555 15.0555 6
    endloop
  endfacet
  facet normal -0.671805 0.740728 0
    outer loop
      vertex -28.2554 14.8742 6
      vertex -28.0555 15.0555 0
      vertex -28.2554 14.8742 0
    endloop
  endfacet
  facet normal -0.941566 -0.336829 8.26794e-19
    outer loop
      vertex -27.3684 17.7983 0
      vertex -27.4593 18.0524 6
      vertex -27.4593 18.0524 0
    endloop
  endfacet
  facet normal -0.941566 -0.336829 8.26794e-19
    outer loop
      vertex -27.4593 18.0524 6
      vertex -27.3684 17.7983 0
      vertex -27.3684 17.7983 6
    endloop
  endfacet
  facet normal -0.941566 0.336829 3.31961e-19
    outer loop
      vertex -27.4593 15.9476 0
      vertex -27.3684 16.2017 6
      vertex -27.3684 16.2017 0
    endloop
  endfacet
  facet normal -0.941566 0.336829 3.31961e-19
    outer loop
      vertex -27.3684 16.2017 6
      vertex -27.4593 15.9476 0
      vertex -27.4593 15.9476 6
    endloop
  endfacet
  facet normal -0.98918 -0.14671 -1.5497e-19
    outer loop
      vertex -27.2632 17.2695 0
      vertex -27.3028 17.5365 6
      vertex -27.3028 17.5365 0
    endloop
  endfacet
  facet normal -0.98918 -0.14671 -1.5497e-19
    outer loop
      vertex -27.3028 17.5365 6
      vertex -27.2632 17.2695 0
      vertex -27.2632 17.2695 6
    endloop
  endfacet
  facet normal -0.803367 -0.595485 1.38792e-18
    outer loop
      vertex -27.7135 18.5278 0
      vertex -27.8742 18.7446 6
      vertex -27.8742 18.7446 0
    endloop
  endfacet
  facet normal -0.803367 -0.595485 1.38792e-18
    outer loop
      vertex -27.8742 18.7446 6
      vertex -27.7135 18.5278 0
      vertex -27.7135 18.5278 6
    endloop
  endfacet
  facet normal 0.243059 -0.970012 0
    outer loop
      vertex 29.2017 -14.3684 0
      vertex 29.4635 -14.3028 6
      vertex 29.2017 -14.3684 6
    endloop
  endfacet
  facet normal 0.243059 -0.970012 0
    outer loop
      vertex 29.4635 -14.3028 6
      vertex 29.2017 -14.3684 0
      vertex 29.4635 -14.3028 0
    endloop
  endfacet
  facet normal 0.0489209 -0.998803 0
    outer loop
      vertex 29.7305 -14.2632 0
      vertex 30 -14.25 6
      vertex 29.7305 -14.2632 6
    endloop
  endfacet
  facet normal 0.0489209 -0.998803 0
    outer loop
      vertex 30 -14.25 6
      vertex 29.7305 -14.2632 0
      vertex 30 -14.25 0
    endloop
  endfacet
  facet normal 0.427688 0.903926 -0
    outer loop
      vertex 28.9476 -19.5407 0
      vertex 28.7037 -19.4253 6
      vertex 28.9476 -19.5407 6
    endloop
  endfacet
  facet normal 0.427688 0.903926 0
    outer loop
      vertex 28.7037 -19.4253 6
      vertex 28.9476 -19.5407 0
      vertex 28.7037 -19.4253 0
    endloop
  endfacet
  facet normal 0.0489209 0.998803 -0
    outer loop
      vertex 30 -19.75 0
      vertex 29.7305 -19.7368 6
      vertex 30 -19.75 6
    endloop
  endfacet
  facet normal 0.0489209 0.998803 0
    outer loop
      vertex 29.7305 -19.7368 6
      vertex 30 -19.75 0
      vertex 29.7305 -19.7368 0
    endloop
  endfacet
  facet normal 0.514223 -0.857656 0
    outer loop
      vertex 28.4722 -14.7135 0
      vertex 28.7037 -14.5747 6
      vertex 28.4722 -14.7135 6
    endloop
  endfacet
  facet normal 0.514223 -0.857656 0
    outer loop
      vertex 28.7037 -14.5747 6
      vertex 28.4722 -14.7135 0
      vertex 28.7037 -14.5747 0
    endloop
  endfacet
  facet normal 0.514223 0.857656 -0
    outer loop
      vertex 28.7037 -19.4253 0
      vertex 28.4722 -19.2865 6
      vertex 28.7037 -19.4253 6
    endloop
  endfacet
  facet normal 0.514223 0.857656 0
    outer loop
      vertex 28.4722 -19.2865 6
      vertex 28.7037 -19.4253 0
      vertex 28.4722 -19.2865 0
    endloop
  endfacet
  facet normal -0.970012 0.243059 2.4768e-19
    outer loop
      vertex 38.6316 -17.7983 0
      vertex 38.6972 -17.5365 6
      vertex 38.6972 -17.5365 0
    endloop
  endfacet
  facet normal -0.970012 0.243059 2.4768e-19
    outer loop
      vertex 38.6972 -17.5365 6
      vertex 38.6316 -17.7983 0
      vertex 38.6316 -17.7983 6
    endloop
  endfacet
  facet normal 0.595485 0.803367 -0
    outer loop
      vertex 28.4722 -19.2865 0
      vertex 28.2554 -19.1258 6
      vertex 28.4722 -19.2865 6
    endloop
  endfacet
  facet normal 0.595485 0.803367 0
    outer loop
      vertex 28.2554 -19.1258 6
      vertex 28.4722 -19.2865 0
      vertex 28.2554 -19.1258 0
    endloop
  endfacet
  facet normal 0.336829 0.941566 -0
    outer loop
      vertex 29.2017 -19.6316 0
      vertex 28.9476 -19.5407 6
      vertex 29.2017 -19.6316 6
    endloop
  endfacet
  facet normal 0.336829 0.941566 0
    outer loop
      vertex 28.9476 -19.5407 6
      vertex 29.2017 -19.6316 0
      vertex 28.9476 -19.5407 0
    endloop
  endfacet
  facet normal 0.903926 0.427688 -7.82363e-19
    outer loop
      vertex 27.5747 -18.2963 6
      vertex 27.4593 -18.0524 0
      vertex 27.4593 -18.0524 6
    endloop
  endfacet
  facet normal 0.903926 0.427688 -7.82363e-19
    outer loop
      vertex 27.4593 -18.0524 0
      vertex 27.5747 -18.2963 6
      vertex 27.5747 -18.2963 0
    endloop
  endfacet
  facet normal -0.671805 0.740728 0
    outer loop
      vertex 37.9445 -18.9445 0
      vertex 37.7446 -19.1258 6
      vertex 37.9445 -18.9445 6
    endloop
  endfacet
  facet normal -0.671805 0.740728 0
    outer loop
      vertex 37.7446 -19.1258 6
      vertex 37.9445 -18.9445 0
      vertex 37.7446 -19.1258 0
    endloop
  endfacet
  facet normal -0.857656 -0.514223 -1.93712e-18
    outer loop
      vertex 38.4253 -15.7037 0
      vertex 38.2865 -15.4722 6
      vertex 38.2865 -15.4722 0
    endloop
  endfacet
  facet normal -0.857656 -0.514223 -1.93712e-18
    outer loop
      vertex 38.2865 -15.4722 6
      vertex 38.4253 -15.7037 0
      vertex 38.4253 -15.7037 6
    endloop
  endfacet
  facet normal 0 1 -0
    outer loop
      vertex 36 -19.75 0
      vertex 30 -19.75 6
      vertex 36 -19.75 6
    endloop
  endfacet
  facet normal 0 1 0
    outer loop
      vertex 30 -19.75 6
      vertex 36 -19.75 0
      vertex 30 -19.75 0
    endloop
  endfacet
  facet normal 0.98918 0.14671 -1.5497e-19
    outer loop
      vertex 27.3028 -17.5365 6
      vertex 27.2632 -17.2695 0
      vertex 27.2632 -17.2695 6
    endloop
  endfacet
  facet normal 0.98918 0.14671 -1.5497e-19
    outer loop
      vertex 27.2632 -17.2695 0
      vertex 27.3028 -17.5365 6
      vertex 27.3028 -17.5365 0
    endloop
  endfacet
  facet normal 0.903926 -0.427688 7.82363e-19
    outer loop
      vertex 27.4593 -15.9476 6
      vertex 27.5747 -15.7037 0
      vertex 27.5747 -15.7037 6
    endloop
  endfacet
  facet normal 0.903926 -0.427688 7.82363e-19
    outer loop
      vertex 27.5747 -15.7037 0
      vertex 27.4593 -15.9476 6
      vertex 27.4593 -15.9476 0
    endloop
  endfacet
  facet normal 0.803367 -0.595485 -7.91392e-19
    outer loop
      vertex 27.7135 -15.4722 6
      vertex 27.8742 -15.2554 0
      vertex 27.8742 -15.2554 6
    endloop
  endfacet
  facet normal 0.803367 -0.595485 -7.91392e-19
    outer loop
      vertex 27.8742 -15.2554 0
      vertex 27.7135 -15.4722 6
      vertex 27.7135 -15.4722 0
    endloop
  endfacet
  facet normal -0.243059 0.970012 0
    outer loop
      vertex 36.7983 -19.6316 0
      vertex 36.5365 -19.6972 6
      vertex 36.7983 -19.6316 6
    endloop
  endfacet
  facet normal -0.243059 0.970012 0
    outer loop
      vertex 36.5365 -19.6972 6
      vertex 36.7983 -19.6316 0
      vertex 36.5365 -19.6972 0
    endloop
  endfacet
  facet normal 0.427688 -0.903926 0
    outer loop
      vertex 28.7037 -14.5747 0
      vertex 28.9476 -14.4593 6
      vertex 28.7037 -14.5747 6
    endloop
  endfacet
  facet normal 0.427688 -0.903926 0
    outer loop
      vertex 28.9476 -14.4593 6
      vertex 28.7037 -14.5747 0
      vertex 28.9476 -14.4593 0
    endloop
  endfacet
  facet normal 0.803367 0.595485 1.38792e-18
    outer loop
      vertex 27.8742 -18.7446 6
      vertex 27.7135 -18.5278 0
      vertex 27.7135 -18.5278 6
    endloop
  endfacet
  facet normal 0.803367 0.595485 1.38792e-18
    outer loop
      vertex 27.7135 -18.5278 0
      vertex 27.8742 -18.7446 6
      vertex 27.8742 -18.7446 0
    endloop
  endfacet
  facet normal 0.970012 -0.243059 6.94259e-20
    outer loop
      vertex 27.3028 -16.4635 6
      vertex 27.3684 -16.2017 0
      vertex 27.3684 -16.2017 6
    endloop
  endfacet
  facet normal 0.970012 -0.243059 6.94259e-20
    outer loop
      vertex 27.3684 -16.2017 0
      vertex 27.3028 -16.4635 6
      vertex 27.3028 -16.4635 0
    endloop
  endfacet
  facet normal -0.595485 0.803367 0
    outer loop
      vertex 37.7446 -19.1258 0
      vertex 37.5278 -19.2865 6
      vertex 37.7446 -19.1258 6
    endloop
  endfacet
  facet normal -0.595485 0.803367 0
    outer loop
      vertex 37.5278 -19.2865 6
      vertex 37.7446 -19.1258 0
      vertex 37.5278 -19.2865 0
    endloop
  endfacet
  facet normal 0.998803 0.0489209 6.53747e-20
    outer loop
      vertex 27.2632 -17.2695 6
      vertex 27.25 -17 0
      vertex 27.25 -17 6
    endloop
  endfacet
  facet normal 0.998803 0.0489209 6.53747e-20
    outer loop
      vertex 27.25 -17 0
      vertex 27.2632 -17.2695 6
      vertex 27.2632 -17.2695 0
    endloop
  endfacet
  facet normal -0.14671 0.98918 0
    outer loop
      vertex 36.5365 -19.6972 0
      vertex 36.2695 -19.7368 6
      vertex 36.5365 -19.6972 6
    endloop
  endfacet
  facet normal -0.14671 0.98918 0
    outer loop
      vertex 36.2695 -19.7368 6
      vertex 36.5365 -19.6972 0
      vertex 36.2695 -19.7368 0
    endloop
  endfacet
  facet normal -0.514223 0.857656 0
    outer loop
      vertex 37.5278 -19.2865 0
      vertex 37.2963 -19.4253 6
      vertex 37.5278 -19.2865 6
    endloop
  endfacet
  facet normal -0.514223 0.857656 0
    outer loop
      vertex 37.2963 -19.4253 6
      vertex 37.5278 -19.2865 0
      vertex 37.2963 -19.4253 0
    endloop
  endfacet
  facet normal -0.243059 -0.970012 0
    outer loop
      vertex 36.5365 -14.3028 0
      vertex 36.7983 -14.3684 6
      vertex 36.5365 -14.3028 6
    endloop
  endfacet
  facet normal -0.243059 -0.970012 -0
    outer loop
      vertex 36.7983 -14.3684 6
      vertex 36.5365 -14.3028 0
      vertex 36.7983 -14.3684 0
    endloop
  endfacet
  facet normal 0.970012 0.243059 -6.94259e-20
    outer loop
      vertex 27.3684 -17.7983 6
      vertex 27.3028 -17.5365 0
      vertex 27.3028 -17.5365 6
    endloop
  endfacet
  facet normal 0.970012 0.243059 -6.94259e-20
    outer loop
      vertex 27.3028 -17.5365 0
      vertex 27.3684 -17.7983 6
      vertex 27.3684 -17.7983 0
    endloop
  endfacet
  facet normal 0.671805 0.740728 -0
    outer loop
      vertex 28.2554 -19.1258 0
      vertex 28.0555 -18.9445 6
      vertex 28.2554 -19.1258 6
    endloop
  endfacet
  facet normal 0.671805 0.740728 0
    outer loop
      vertex 28.0555 -18.9445 6
      vertex 28.2554 -19.1258 0
      vertex 28.0555 -18.9445 0
    endloop
  endfacet
  facet normal -0.0489209 0.998803 0
    outer loop
      vertex 36.2695 -19.7368 0
      vertex 36 -19.75 6
      vertex 36.2695 -19.7368 6
    endloop
  endfacet
  facet normal -0.0489209 0.998803 0
    outer loop
      vertex 36 -19.75 6
      vertex 36.2695 -19.7368 0
      vertex 36 -19.75 0
    endloop
  endfacet
  facet normal -0.98918 -0.14671 -1.5497e-19
    outer loop
      vertex 38.7368 -16.7305 0
      vertex 38.6972 -16.4635 6
      vertex 38.6972 -16.4635 0
    endloop
  endfacet
  facet normal -0.98918 -0.14671 -1.5497e-19
    outer loop
      vertex 38.6972 -16.4635 6
      vertex 38.7368 -16.7305 0
      vertex 38.7368 -16.7305 6
    endloop
  endfacet
  facet normal -0.803367 0.595485 -1.38792e-18
    outer loop
      vertex 38.1258 -18.7446 0
      vertex 38.2865 -18.5278 6
      vertex 38.2865 -18.5278 0
    endloop
  endfacet
  facet normal -0.803367 0.595485 -1.38792e-18
    outer loop
      vertex 38.2865 -18.5278 6
      vertex 38.1258 -18.7446 0
      vertex 38.1258 -18.7446 6
    endloop
  endfacet
  facet normal 0.941566 0.336829 8.26794e-19
    outer loop
      vertex 27.4593 -18.0524 6
      vertex 27.3684 -17.7983 0
      vertex 27.3684 -17.7983 6
    endloop
  endfacet
  facet normal 0.941566 0.336829 8.26794e-19
    outer loop
      vertex 27.3684 -17.7983 0
      vertex 27.4593 -18.0524 6
      vertex 27.4593 -18.0524 0
    endloop
  endfacet
  facet normal -0.857656 0.514223 -6.46036e-20
    outer loop
      vertex 38.2865 -18.5278 0
      vertex 38.4253 -18.2963 6
      vertex 38.4253 -18.2963 0
    endloop
  endfacet
  facet normal -0.857656 0.514223 -6.46036e-20
    outer loop
      vertex 38.4253 -18.2963 6
      vertex 38.2865 -18.5278 0
      vertex 38.2865 -18.5278 6
    endloop
  endfacet
  facet normal 0.740728 -0.671805 2.3072e-19
    outer loop
      vertex 27.8742 -15.2554 6
      vertex 28.0555 -15.0555 0
      vertex 28.0555 -15.0555 6
    endloop
  endfacet
  facet normal 0.740728 -0.671805 2.3072e-19
    outer loop
      vertex 28.0555 -15.0555 0
      vertex 27.8742 -15.2554 6
      vertex 27.8742 -15.2554 0
    endloop
  endfacet
  facet normal 0.857656 0.514223 -1.95769e-18
    outer loop
      vertex 27.7135 -18.5278 6
      vertex 27.5747 -18.2963 0
      vertex 27.5747 -18.2963 6
    endloop
  endfacet
  facet normal 0.857656 0.514223 -1.95769e-18
    outer loop
      vertex 27.5747 -18.2963 0
      vertex 27.7135 -18.5278 6
      vertex 27.7135 -18.5278 0
    endloop
  endfacet
  facet normal -0.98918 0.14671 1.5497e-19
    outer loop
      vertex 38.6972 -17.5365 0
      vertex 38.7368 -17.2695 6
      vertex 38.7368 -17.2695 0
    endloop
  endfacet
  facet normal -0.98918 0.14671 1.5497e-19
    outer loop
      vertex 38.7368 -17.2695 6
      vertex 38.6972 -17.5365 0
      vertex 38.6972 -17.5365 6
    endloop
  endfacet
  facet normal 0.941566 -0.336829 3.31961e-19
    outer loop
      vertex 27.3684 -16.2017 6
      vertex 27.4593 -15.9476 0
      vertex 27.4593 -15.9476 6
    endloop
  endfacet
  facet normal 0.941566 -0.336829 3.31961e-19
    outer loop
      vertex 27.4593 -15.9476 0
      vertex 27.3684 -16.2017 6
      vertex 27.3684 -16.2017 0
    endloop
  endfacet
  facet normal -0.998803 0.0489209 3.20256e-21
    outer loop
      vertex 38.7368 -17.2695 0
      vertex 38.75 -17 6
      vertex 38.75 -17 0
    endloop
  endfacet
  facet normal -0.998803 0.0489209 3.20256e-21
    outer loop
      vertex 38.75 -17 6
      vertex 38.7368 -17.2695 0
      vertex 38.7368 -17.2695 6
    endloop
  endfacet
  facet normal 0.595485 -0.803367 0
    outer loop
      vertex 28.2554 -14.8742 0
      vertex 28.4722 -14.7135 6
      vertex 28.2554 -14.8742 6
    endloop
  endfacet
  facet normal 0.595485 -0.803367 0
    outer loop
      vertex 28.4722 -14.7135 6
      vertex 28.2554 -14.8742 0
      vertex 28.4722 -14.7135 0
    endloop
  endfacet
  facet normal -0.427688 -0.903926 0
    outer loop
      vertex 37.0524 -14.4593 0
      vertex 37.2963 -14.5747 6
      vertex 37.0524 -14.4593 6
    endloop
  endfacet
  facet normal -0.427688 -0.903926 -0
    outer loop
      vertex 37.2963 -14.5747 6
      vertex 37.0524 -14.4593 0
      vertex 37.2963 -14.5747 0
    endloop
  endfacet
  facet normal -0.336829 -0.941566 0
    outer loop
      vertex 36.7983 -14.3684 0
      vertex 37.0524 -14.4593 6
      vertex 36.7983 -14.3684 6
    endloop
  endfacet
  facet normal -0.336829 -0.941566 -0
    outer loop
      vertex 37.0524 -14.4593 6
      vertex 36.7983 -14.3684 0
      vertex 37.0524 -14.4593 0
    endloop
  endfacet
  facet normal 0.336829 -0.941566 0
    outer loop
      vertex 28.9476 -14.4593 0
      vertex 29.2017 -14.3684 6
      vertex 28.9476 -14.4593 6
    endloop
  endfacet
  facet normal 0.336829 -0.941566 0
    outer loop
      vertex 29.2017 -14.3684 6
      vertex 28.9476 -14.4593 0
      vertex 29.2017 -14.3684 0
    endloop
  endfacet
  facet normal 0.671805 -0.740728 0
    outer loop
      vertex 28.0555 -15.0555 0
      vertex 28.2554 -14.8742 6
      vertex 28.0555 -15.0555 6
    endloop
  endfacet
  facet normal 0.671805 -0.740728 0
    outer loop
      vertex 28.2554 -14.8742 6
      vertex 28.0555 -15.0555 0
      vertex 28.2554 -14.8742 0
    endloop
  endfacet
  facet normal -0.0489209 -0.998803 0
    outer loop
      vertex 36 -14.25 0
      vertex 36.2695 -14.2632 6
      vertex 36 -14.25 6
    endloop
  endfacet
  facet normal -0.0489209 -0.998803 -0
    outer loop
      vertex 36.2695 -14.2632 6
      vertex 36 -14.25 0
      vertex 36.2695 -14.2632 0
    endloop
  endfacet
  facet normal -0.427688 0.903926 0
    outer loop
      vertex 37.2963 -19.4253 0
      vertex 37.0524 -19.5407 6
      vertex 37.2963 -19.4253 6
    endloop
  endfacet
  facet normal -0.427688 0.903926 0
    outer loop
      vertex 37.0524 -19.5407 6
      vertex 37.2963 -19.4253 0
      vertex 37.0524 -19.5407 0
    endloop
  endfacet
  facet normal -0.514223 -0.857656 0
    outer loop
      vertex 37.2963 -14.5747 0
      vertex 37.5278 -14.7135 6
      vertex 37.2963 -14.5747 6
    endloop
  endfacet
  facet normal -0.514223 -0.857656 -0
    outer loop
      vertex 37.5278 -14.7135 6
      vertex 37.2963 -14.5747 0
      vertex 37.5278 -14.7135 0
    endloop
  endfacet
  facet normal -0.740728 0.671805 -5.16643e-19
    outer loop
      vertex 37.9445 -18.9445 0
      vertex 38.1258 -18.7446 6
      vertex 38.1258 -18.7446 0
    endloop
  endfacet
  facet normal -0.740728 0.671805 -5.16643e-19
    outer loop
      vertex 38.1258 -18.7446 6
      vertex 37.9445 -18.9445 0
      vertex 37.9445 -18.9445 6
    endloop
  endfacet
  facet normal -0.970012 -0.243059 -2.4768e-19
    outer loop
      vertex 38.6972 -16.4635 0
      vertex 38.6316 -16.2017 6
      vertex 38.6316 -16.2017 0
    endloop
  endfacet
  facet normal -0.970012 -0.243059 -2.4768e-19
    outer loop
      vertex 38.6316 -16.2017 6
      vertex 38.6972 -16.4635 0
      vertex 38.6972 -16.4635 6
    endloop
  endfacet
  facet normal -0.336829 0.941566 0
    outer loop
      vertex 37.0524 -19.5407 0
      vertex 36.7983 -19.6316 6
      vertex 37.0524 -19.5407 6
    endloop
  endfacet
  facet normal -0.336829 0.941566 0
    outer loop
      vertex 36.7983 -19.6316 6
      vertex 37.0524 -19.5407 0
      vertex 36.7983 -19.6316 0
    endloop
  endfacet
  facet normal -0.903926 0.427688 7.82363e-19
    outer loop
      vertex 38.4253 -18.2963 0
      vertex 38.5407 -18.0524 6
      vertex 38.5407 -18.0524 0
    endloop
  endfacet
  facet normal -0.903926 0.427688 7.82363e-19
    outer loop
      vertex 38.5407 -18.0524 6
      vertex 38.4253 -18.2963 0
      vertex 38.4253 -18.2963 6
    endloop
  endfacet
  facet normal 0.14671 0.98918 -0
    outer loop
      vertex 29.7305 -19.7368 0
      vertex 29.4635 -19.6972 6
      vertex 29.7305 -19.7368 6
    endloop
  endfacet
  facet normal 0.14671 0.98918 0
    outer loop
      vertex 29.4635 -19.6972 6
      vertex 29.7305 -19.7368 0
      vertex 29.4635 -19.6972 0
    endloop
  endfacet
  facet normal 0.98918 -0.14671 1.5497e-19
    outer loop
      vertex 27.2632 -16.7305 6
      vertex 27.3028 -16.4635 0
      vertex 27.3028 -16.4635 6
    endloop
  endfacet
  facet normal 0.98918 -0.14671 1.5497e-19
    outer loop
      vertex 27.3028 -16.4635 0
      vertex 27.2632 -16.7305 6
      vertex 27.2632 -16.7305 0
    endloop
  endfacet
  facet normal 0.243059 0.970012 -0
    outer loop
      vertex 29.4635 -19.6972 0
      vertex 29.2017 -19.6316 6
      vertex 29.4635 -19.6972 6
    endloop
  endfacet
  facet normal 0.243059 0.970012 0
    outer loop
      vertex 29.2017 -19.6316 6
      vertex 29.4635 -19.6972 0
      vertex 29.2017 -19.6316 0
    endloop
  endfacet
  facet normal 0 -1 0
    outer loop
      vertex 30 -14.25 0
      vertex 36 -14.25 6
      vertex 30 -14.25 6
    endloop
  endfacet
  facet normal 0 -1 -0
    outer loop
      vertex 36 -14.25 6
      vertex 30 -14.25 0
      vertex 36 -14.25 0
    endloop
  endfacet
  facet normal 0.998803 -0.0489209 -6.53747e-20
    outer loop
      vertex 27.25 -17 6
      vertex 27.2632 -16.7305 0
      vertex 27.2632 -16.7305 6
    endloop
  endfacet
  facet normal 0.998803 -0.0489209 -6.53747e-20
    outer loop
      vertex 27.2632 -16.7305 0
      vertex 27.25 -17 6
      vertex 27.25 -17 0
    endloop
  endfacet
  facet normal -0.14671 -0.98918 0
    outer loop
      vertex 36.2695 -14.2632 0
      vertex 36.5365 -14.3028 6
      vertex 36.2695 -14.2632 6
    endloop
  endfacet
  facet normal -0.14671 -0.98918 -0
    outer loop
      vertex 36.5365 -14.3028 6
      vertex 36.2695 -14.2632 0
      vertex 36.5365 -14.3028 0
    endloop
  endfacet
  facet normal 0.14671 -0.98918 0
    outer loop
      vertex 29.4635 -14.3028 0
      vertex 29.7305 -14.2632 6
      vertex 29.4635 -14.3028 6
    endloop
  endfacet
  facet normal 0.14671 -0.98918 0
    outer loop
      vertex 29.7305 -14.2632 6
      vertex 29.4635 -14.3028 0
      vertex 29.7305 -14.2632 0
    endloop
  endfacet
  facet normal -0.595485 -0.803367 0
    outer loop
      vertex 37.5278 -14.7135 0
      vertex 37.7446 -14.8742 6
      vertex 37.5278 -14.7135 6
    endloop
  endfacet
  facet normal -0.595485 -0.803367 -0
    outer loop
      vertex 37.7446 -14.8742 6
      vertex 37.5278 -14.7135 0
      vertex 37.7446 -14.8742 0
    endloop
  endfacet
  facet normal 0.740728 0.671805 5.16643e-19
    outer loop
      vertex 28.0555 -18.9445 6
      vertex 27.8742 -18.7446 0
      vertex 27.8742 -18.7446 6
    endloop
  endfacet
  facet normal 0.740728 0.671805 5.16643e-19
    outer loop
      vertex 27.8742 -18.7446 0
      vertex 28.0555 -18.9445 6
      vertex 28.0555 -18.9445 0
    endloop
  endfacet
  facet normal -0.671805 -0.740728 0
    outer loop
      vertex 37.7446 -14.8742 0
      vertex 37.9445 -15.0555 6
      vertex 37.7446 -14.8742 6
    endloop
  endfacet
  facet normal -0.671805 -0.740728 -0
    outer loop
      vertex 37.9445 -15.0555 6
      vertex 37.7446 -14.8742 0
      vertex 37.9445 -15.0555 0
    endloop
  endfacet
  facet normal -0.941566 -0.336829 -3.31961e-19
    outer loop
      vertex 38.6316 -16.2017 0
      vertex 38.5407 -15.9476 6
      vertex 38.5407 -15.9476 0
    endloop
  endfacet
  facet normal -0.941566 -0.336829 -3.31961e-19
    outer loop
      vertex 38.5407 -15.9476 6
      vertex 38.6316 -16.2017 0
      vertex 38.6316 -16.2017 6
    endloop
  endfacet
  facet normal -0.998803 -0.0489209 -3.20256e-21
    outer loop
      vertex 38.75 -17 0
      vertex 38.7368 -16.7305 6
      vertex 38.7368 -16.7305 0
    endloop
  endfacet
  facet normal -0.998803 -0.0489209 -3.20256e-21
    outer loop
      vertex 38.7368 -16.7305 6
      vertex 38.75 -17 0
      vertex 38.75 -17 6
    endloop
  endfacet
  facet normal 0.857656 -0.514223 -3.25102e-19
    outer loop
      vertex 27.5747 -15.7037 6
      vertex 27.7135 -15.4722 0
      vertex 27.7135 -15.4722 6
    endloop
  endfacet
  facet normal 0.857656 -0.514223 -3.25102e-19
    outer loop
      vertex 27.7135 -15.4722 0
      vertex 27.5747 -15.7037 6
      vertex 27.5747 -15.7037 0
    endloop
  endfacet
  facet normal -0.903926 -0.427688 -7.82363e-19
    outer loop
      vertex 38.5407 -15.9476 0
      vertex 38.4253 -15.7037 6
      vertex 38.4253 -15.7037 0
    endloop
  endfacet
  facet normal -0.903926 -0.427688 -7.82363e-19
    outer loop
      vertex 38.4253 -15.7037 6
      vertex 38.5407 -15.9476 0
      vertex 38.5407 -15.9476 6
    endloop
  endfacet
  facet normal -0.740728 -0.671805 -2.3072e-19
    outer loop
      vertex 38.1258 -15.2554 0
      vertex 37.9445 -15.0555 6
      vertex 37.9445 -15.0555 0
    endloop
  endfacet
  facet normal -0.740728 -0.671805 -2.3072e-19
    outer loop
      vertex 37.9445 -15.0555 6
      vertex 38.1258 -15.2554 0
      vertex 38.1258 -15.2554 6
    endloop
  endfacet
  facet normal -0.803367 -0.595485 7.91392e-19
    outer loop
      vertex 38.2865 -15.4722 0
      vertex 38.1258 -15.2554 6
      vertex 38.1258 -15.2554 0
    endloop
  endfacet
  facet normal -0.803367 -0.595485 7.91392e-19
    outer loop
      vertex 38.1258 -15.2554 6
      vertex 38.2865 -15.4722 0
      vertex 38.2865 -15.4722 6
    endloop
  endfacet
  facet normal -0.941566 0.336829 -8.26794e-19
    outer loop
      vertex 38.5407 -18.0524 0
      vertex 38.6316 -17.7983 6
      vertex 38.6316 -17.7983 0
    endloop
  endfacet
  facet normal -0.941566 0.336829 -8.26794e-19
    outer loop
      vertex 38.6316 -17.7983 6
      vertex 38.5407 -18.0524 0
      vertex 38.5407 -18.0524 6
    endloop
  endfacet
  facet normal 0.243059 -0.970012 0
    outer loop
      vertex 29.2017 19.6316 0
      vertex 29.4635 19.6972 6
      vertex 29.2017 19.6316 6
    endloop
  endfacet
  facet normal 0.243059 -0.970012 0
    outer loop
      vertex 29.4635 19.6972 6
      vertex 29.2017 19.6316 0
      vertex 29.4635 19.6972 0
    endloop
  endfacet
  facet normal 0.0489209 -0.998803 0
    outer loop
      vertex 29.7305 19.7368 0
      vertex 30 19.75 6
      vertex 29.7305 19.7368 6
    endloop
  endfacet
  facet normal 0.0489209 -0.998803 0
    outer loop
      vertex 30 19.75 6
      vertex 29.7305 19.7368 0
      vertex 30 19.75 0
    endloop
  endfacet
  facet normal 0.427688 0.903926 -0
    outer loop
      vertex 28.9476 14.4593 0
      vertex 28.7037 14.5747 6
      vertex 28.9476 14.4593 6
    endloop
  endfacet
  facet normal 0.427688 0.903926 0
    outer loop
      vertex 28.7037 14.5747 6
      vertex 28.9476 14.4593 0
      vertex 28.7037 14.5747 0
    endloop
  endfacet
  facet normal 0.0489209 0.998803 -0
    outer loop
      vertex 30 14.25 0
      vertex 29.7305 14.2632 6
      vertex 30 14.25 6
    endloop
  endfacet
  facet normal 0.0489209 0.998803 0
    outer loop
      vertex 29.7305 14.2632 6
      vertex 30 14.25 0
      vertex 29.7305 14.2632 0
    endloop
  endfacet
  facet normal 0.514223 -0.857656 0
    outer loop
      vertex 28.4722 19.2865 0
      vertex 28.7037 19.4253 6
      vertex 28.4722 19.2865 6
    endloop
  endfacet
  facet normal 0.514223 -0.857656 0
    outer loop
      vertex 28.7037 19.4253 6
      vertex 28.4722 19.2865 0
      vertex 28.7037 19.4253 0
    endloop
  endfacet
  facet normal 0.514223 0.857656 -0
    outer loop
      vertex 28.7037 14.5747 0
      vertex 28.4722 14.7135 6
      vertex 28.7037 14.5747 6
    endloop
  endfacet
  facet normal 0.514223 0.857656 0
    outer loop
      vertex 28.4722 14.7135 6
      vertex 28.7037 14.5747 0
      vertex 28.4722 14.7135 0
    endloop
  endfacet
  facet normal -0.970012 0.243059 2.4768e-19
    outer loop
      vertex 38.6316 16.2017 0
      vertex 38.6972 16.4635 6
      vertex 38.6972 16.4635 0
    endloop
  endfacet
  facet normal -0.970012 0.243059 2.4768e-19
    outer loop
      vertex 38.6972 16.4635 6
      vertex 38.6316 16.2017 0
      vertex 38.6316 16.2017 6
    endloop
  endfacet
  facet normal 0.595485 0.803367 -0
    outer loop
      vertex 28.4722 14.7135 0
      vertex 28.2554 14.8742 6
      vertex 28.4722 14.7135 6
    endloop
  endfacet
  facet normal 0.595485 0.803367 0
    outer loop
      vertex 28.2554 14.8742 6
      vertex 28.4722 14.7135 0
      vertex 28.2554 14.8742 0
    endloop
  endfacet
  facet normal 0.336829 0.941566 -0
    outer loop
      vertex 29.2017 14.3684 0
      vertex 28.9476 14.4593 6
      vertex 29.2017 14.3684 6
    endloop
  endfacet
  facet normal 0.336829 0.941566 0
    outer loop
      vertex 28.9476 14.4593 6
      vertex 29.2017 14.3684 0
      vertex 28.9476 14.4593 0
    endloop
  endfacet
  facet normal 0.903926 0.427688 -7.82363e-19
    outer loop
      vertex 27.5747 15.7037 6
      vertex 27.4593 15.9476 0
      vertex 27.4593 15.9476 6
    endloop
  endfacet
  facet normal 0.903926 0.427688 -7.82363e-19
    outer loop
      vertex 27.4593 15.9476 0
      vertex 27.5747 15.7037 6
      vertex 27.5747 15.7037 0
    endloop
  endfacet
  facet normal -0.671805 0.740728 0
    outer loop
      vertex 37.9445 15.0555 0
      vertex 37.7446 14.8742 6
      vertex 37.9445 15.0555 6
    endloop
  endfacet
  facet normal -0.671805 0.740728 0
    outer loop
      vertex 37.7446 14.8742 6
      vertex 37.9445 15.0555 0
      vertex 37.7446 14.8742 0
    endloop
  endfacet
  facet normal -0.857656 -0.514223 6.46036e-20
    outer loop
      vertex 38.4253 18.2963 0
      vertex 38.2865 18.5278 6
      vertex 38.2865 18.5278 0
    endloop
  endfacet
  facet normal -0.857656 -0.514223 6.46036e-20
    outer loop
      vertex 38.2865 18.5278 6
      vertex 38.4253 18.2963 0
      vertex 38.4253 18.2963 6
    endloop
  endfacet
  facet normal 0 1 -0
    outer loop
      vertex 36 14.25 0
      vertex 30 14.25 6
      vertex 36 14.25 6
    endloop
  endfacet
  facet normal 0 1 0
    outer loop
      vertex 30 14.25 6
      vertex 36 14.25 0
      vertex 30 14.25 0
    endloop
  endfacet
  facet normal 0.98918 0.14671 -1.5497e-19
    outer loop
      vertex 27.3028 16.4635 6
      vertex 27.2632 16.7305 0
      vertex 27.2632 16.7305 6
    endloop
  endfacet
  facet normal 0.98918 0.14671 -1.5497e-19
    outer loop
      vertex 27.2632 16.7305 0
      vertex 27.3028 16.4635 6
      vertex 27.3028 16.4635 0
    endloop
  endfacet
  facet normal 0.903926 -0.427688 7.82363e-19
    outer loop
      vertex 27.4593 18.0524 6
      vertex 27.5747 18.2963 0
      vertex 27.5747 18.2963 6
    endloop
  endfacet
  facet normal 0.903926 -0.427688 7.82363e-19
    outer loop
      vertex 27.5747 18.2963 0
      vertex 27.4593 18.0524 6
      vertex 27.4593 18.0524 0
    endloop
  endfacet
  facet normal 0.803367 -0.595485 -1.38792e-18
    outer loop
      vertex 27.7135 18.5278 6
      vertex 27.8742 18.7446 0
      vertex 27.8742 18.7446 6
    endloop
  endfacet
  facet normal 0.803367 -0.595485 -1.38792e-18
    outer loop
      vertex 27.8742 18.7446 0
      vertex 27.7135 18.5278 6
      vertex 27.7135 18.5278 0
    endloop
  endfacet
  facet normal -0.243059 0.970012 0
    outer loop
      vertex 36.7983 14.3684 0
      vertex 36.5365 14.3028 6
      vertex 36.7983 14.3684 6
    endloop
  endfacet
  facet normal -0.243059 0.970012 0
    outer loop
      vertex 36.5365 14.3028 6
      vertex 36.7983 14.3684 0
      vertex 36.5365 14.3028 0
    endloop
  endfacet
  facet normal 0.427688 -0.903926 0
    outer loop
      vertex 28.7037 19.4253 0
      vertex 28.9476 19.5407 6
      vertex 28.7037 19.4253 6
    endloop
  endfacet
  facet normal 0.427688 -0.903926 0
    outer loop
      vertex 28.9476 19.5407 6
      vertex 28.7037 19.4253 0
      vertex 28.9476 19.5407 0
    endloop
  endfacet
  facet normal 0.803367 0.595485 7.91392e-19
    outer loop
      vertex 27.8742 15.2554 6
      vertex 27.7135 15.4722 0
      vertex 27.7135 15.4722 6
    endloop
  endfacet
  facet normal 0.803367 0.595485 7.91392e-19
    outer loop
      vertex 27.7135 15.4722 0
      vertex 27.8742 15.2554 6
      vertex 27.8742 15.2554 0
    endloop
  endfacet
  facet normal 0.970012 -0.243059 6.94259e-20
    outer loop
      vertex 27.3028 17.5365 6
      vertex 27.3684 17.7983 0
      vertex 27.3684 17.7983 6
    endloop
  endfacet
  facet normal 0.970012 -0.243059 6.94259e-20
    outer loop
      vertex 27.3684 17.7983 0
      vertex 27.3028 17.5365 6
      vertex 27.3028 17.5365 0
    endloop
  endfacet
  facet normal -0.595485 0.803367 0
    outer loop
      vertex 37.7446 14.8742 0
      vertex 37.5278 14.7135 6
      vertex 37.7446 14.8742 6
    endloop
  endfacet
  facet normal -0.595485 0.803367 0
    outer loop
      vertex 37.5278 14.7135 6
      vertex 37.7446 14.8742 0
      vertex 37.5278 14.7135 0
    endloop
  endfacet
  facet normal 0.998803 0.0489209 6.53747e-20
    outer loop
      vertex 27.2632 16.7305 6
      vertex 27.25 17 0
      vertex 27.25 17 6
    endloop
  endfacet
  facet normal 0.998803 0.0489209 6.53747e-20
    outer loop
      vertex 27.25 17 0
      vertex 27.2632 16.7305 6
      vertex 27.2632 16.7305 0
    endloop
  endfacet
  facet normal -0.14671 0.98918 0
    outer loop
      vertex 36.5365 14.3028 0
      vertex 36.2695 14.2632 6
      vertex 36.5365 14.3028 6
    endloop
  endfacet
  facet normal -0.14671 0.98918 0
    outer loop
      vertex 36.2695 14.2632 6
      vertex 36.5365 14.3028 0
      vertex 36.2695 14.2632 0
    endloop
  endfacet
  facet normal -0.514223 0.857656 0
    outer loop
      vertex 37.5278 14.7135 0
      vertex 37.2963 14.5747 6
      vertex 37.5278 14.7135 6
    endloop
  endfacet
  facet normal -0.514223 0.857656 0
    outer loop
      vertex 37.2963 14.5747 6
      vertex 37.5278 14.7135 0
      vertex 37.2963 14.5747 0
    endloop
  endfacet
  facet normal -0.243059 -0.970012 0
    outer loop
      vertex 36.5365 19.6972 0
      vertex 36.7983 19.6316 6
      vertex 36.5365 19.6972 6
    endloop
  endfacet
  facet normal -0.243059 -0.970012 -0
    outer loop
      vertex 36.7983 19.6316 6
      vertex 36.5365 19.6972 0
      vertex 36.7983 19.6316 0
    endloop
  endfacet
  facet normal 0.970012 0.243059 -6.94259e-20
    outer loop
      vertex 27.3684 16.2017 6
      vertex 27.3028 16.4635 0
      vertex 27.3028 16.4635 6
    endloop
  endfacet
  facet normal 0.970012 0.243059 -6.94259e-20
    outer loop
      vertex 27.3028 16.4635 0
      vertex 27.3684 16.2017 6
      vertex 27.3684 16.2017 0
    endloop
  endfacet
  facet normal 0.671805 0.740728 -0
    outer loop
      vertex 28.2554 14.8742 0
      vertex 28.0555 15.0555 6
      vertex 28.2554 14.8742 6
    endloop
  endfacet
  facet normal 0.671805 0.740728 0
    outer loop
      vertex 28.0555 15.0555 6
      vertex 28.2554 14.8742 0
      vertex 28.0555 15.0555 0
    endloop
  endfacet
  facet normal -0.0489209 0.998803 0
    outer loop
      vertex 36.2695 14.2632 0
      vertex 36 14.25 6
      vertex 36.2695 14.2632 6
    endloop
  endfacet
  facet normal -0.0489209 0.998803 0
    outer loop
      vertex 36 14.25 6
      vertex 36.2695 14.2632 0
      vertex 36 14.25 0
    endloop
  endfacet
  facet normal -0.98918 -0.14671 -1.5497e-19
    outer loop
      vertex 38.7368 17.2695 0
      vertex 38.6972 17.5365 6
      vertex 38.6972 17.5365 0
    endloop
  endfacet
  facet normal -0.98918 -0.14671 -1.5497e-19
    outer loop
      vertex 38.6972 17.5365 6
      vertex 38.7368 17.2695 0
      vertex 38.7368 17.2695 6
    endloop
  endfacet
  facet normal -0.803367 0.595485 -7.91392e-19
    outer loop
      vertex 38.1258 15.2554 0
      vertex 38.2865 15.4722 6
      vertex 38.2865 15.4722 0
    endloop
  endfacet
  facet normal -0.803367 0.595485 -7.91392e-19
    outer loop
      vertex 38.2865 15.4722 6
      vertex 38.1258 15.2554 0
      vertex 38.1258 15.2554 6
    endloop
  endfacet
  facet normal 0.941566 0.336829 -3.31961e-19
    outer loop
      vertex 27.4593 15.9476 6
      vertex 27.3684 16.2017 0
      vertex 27.3684 16.2017 6
    endloop
  endfacet
  facet normal 0.941566 0.336829 -3.31961e-19
    outer loop
      vertex 27.3684 16.2017 0
      vertex 27.4593 15.9476 6
      vertex 27.4593 15.9476 0
    endloop
  endfacet
  facet normal -0.857656 0.514223 1.93712e-18
    outer loop
      vertex 38.2865 15.4722 0
      vertex 38.4253 15.7037 6
      vertex 38.4253 15.7037 0
    endloop
  endfacet
  facet normal -0.857656 0.514223 1.93712e-18
    outer loop
      vertex 38.4253 15.7037 6
      vertex 38.2865 15.4722 0
      vertex 38.2865 15.4722 6
    endloop
  endfacet
  facet normal 0.740728 -0.671805 -5.16643e-19
    outer loop
      vertex 27.8742 18.7446 6
      vertex 28.0555 18.9445 0
      vertex 28.0555 18.9445 6
    endloop
  endfacet
  facet normal 0.740728 -0.671805 -5.16643e-19
    outer loop
      vertex 28.0555 18.9445 0
      vertex 27.8742 18.7446 6
      vertex 27.8742 18.7446 0
    endloop
  endfacet
  facet normal 0.857656 0.514223 3.25102e-19
    outer loop
      vertex 27.7135 15.4722 6
      vertex 27.5747 15.7037 0
      vertex 27.5747 15.7037 6
    endloop
  endfacet
  facet normal 0.857656 0.514223 3.25102e-19
    outer loop
      vertex 27.5747 15.7037 0
      vertex 27.7135 15.4722 6
      vertex 27.7135 15.4722 0
    endloop
  endfacet
  facet normal -0.98918 0.14671 1.5497e-19
    outer loop
      vertex 38.6972 16.4635 0
      vertex 38.7368 16.7305 6
      vertex 38.7368 16.7305 0
    endloop
  endfacet
  facet normal -0.98918 0.14671 1.5497e-19
    outer loop
      vertex 38.7368 16.7305 6
      vertex 38.6972 16.4635 0
      vertex 38.6972 16.4635 6
    endloop
  endfacet
  facet normal 0.941566 -0.336829 -8.26794e-19
    outer loop
      vertex 27.3684 17.7983 6
      vertex 27.4593 18.0524 0
      vertex 27.4593 18.0524 6
    endloop
  endfacet
  facet normal 0.941566 -0.336829 -8.26794e-19
    outer loop
      vertex 27.4593 18.0524 0
      vertex 27.3684 17.7983 6
      vertex 27.3684 17.7983 0
    endloop
  endfacet
  facet normal -0.998803 0.0489209 3.20256e-21
    outer loop
      vertex 38.7368 16.7305 0
      vertex 38.75 17 6
      vertex 38.75 17 0
    endloop
  endfacet
  facet normal -0.998803 0.0489209 3.20256e-21
    outer loop
      vertex 38.75 17 6
      vertex 38.7368 16.7305 0
      vertex 38.7368 16.7305 6
    endloop
  endfacet
  facet normal -0.427688 -0.903926 0
    outer loop
      vertex 37.0524 19.5407 0
      vertex 37.2963 19.4253 6
      vertex 37.0524 19.5407 6
    endloop
  endfacet
  facet normal -0.427688 -0.903926 -0
    outer loop
      vertex 37.2963 19.4253 6
      vertex 37.0524 19.5407 0
      vertex 37.2963 19.4253 0
    endloop
  endfacet
  facet normal -0.336829 -0.941566 0
    outer loop
      vertex 36.7983 19.6316 0
      vertex 37.0524 19.5407 6
      vertex 36.7983 19.6316 6
    endloop
  endfacet
  facet normal -0.336829 -0.941566 -0
    outer loop
      vertex 37.0524 19.5407 6
      vertex 36.7983 19.6316 0
      vertex 37.0524 19.5407 0
    endloop
  endfacet
  facet normal 0.336829 -0.941566 0
    outer loop
      vertex 28.9476 19.5407 0
      vertex 29.2017 19.6316 6
      vertex 28.9476 19.5407 6
    endloop
  endfacet
  facet normal 0.336829 -0.941566 0
    outer loop
      vertex 29.2017 19.6316 6
      vertex 28.9476 19.5407 0
      vertex 29.2017 19.6316 0
    endloop
  endfacet
  facet normal 0.671805 -0.740728 0
    outer loop
      vertex 28.0555 18.9445 0
      vertex 28.2554 19.1258 6
      vertex 28.0555 18.9445 6
    endloop
  endfacet
  facet normal 0.671805 -0.740728 0
    outer loop
      vertex 28.2554 19.1258 6
      vertex 28.0555 18.9445 0
      vertex 28.2554 19.1258 0
    endloop
  endfacet
  facet normal -0.0489209 -0.998803 0
    outer loop
      vertex 36 19.75 0
      vertex 36.2695 19.7368 6
      vertex 36 19.75 6
    endloop
  endfacet
  facet normal -0.0489209 -0.998803 -0
    outer loop
      vertex 36.2695 19.7368 6
      vertex 36 19.75 0
      vertex 36.2695 19.7368 0
    endloop
  endfacet
  facet normal -0.427688 0.903926 0
    outer loop
      vertex 37.2963 14.5747 0
      vertex 37.0524 14.4593 6
      vertex 37.2963 14.5747 6
    endloop
  endfacet
  facet normal -0.427688 0.903926 0
    outer loop
      vertex 37.0524 14.4593 6
      vertex 37.2963 14.5747 0
      vertex 37.0524 14.4593 0
    endloop
  endfacet
  facet normal -0.514223 -0.857656 0
    outer loop
      vertex 37.2963 19.4253 0
      vertex 37.5278 19.2865 6
      vertex 37.2963 19.4253 6
    endloop
  endfacet
  facet normal -0.514223 -0.857656 -0
    outer loop
      vertex 37.5278 19.2865 6
      vertex 37.2963 19.4253 0
      vertex 37.5278 19.2865 0
    endloop
  endfacet
  facet normal -0.740728 0.671805 2.3072e-19
    outer loop
      vertex 37.9445 15.0555 0
      vertex 38.1258 15.2554 6
      vertex 38.1258 15.2554 0
    endloop
  endfacet
  facet normal -0.740728 0.671805 2.3072e-19
    outer loop
      vertex 38.1258 15.2554 6
      vertex 37.9445 15.0555 0
      vertex 37.9445 15.0555 6
    endloop
  endfacet
  facet normal -0.970012 -0.243059 -2.4768e-19
    outer loop
      vertex 38.6972 17.5365 0
      vertex 38.6316 17.7983 6
      vertex 38.6316 17.7983 0
    endloop
  endfacet
  facet normal -0.970012 -0.243059 -2.4768e-19
    outer loop
      vertex 38.6316 17.7983 6
      vertex 38.6972 17.5365 0
      vertex 38.6972 17.5365 6
    endloop
  endfacet
  facet normal -0.336829 0.941566 0
    outer loop
      vertex 37.0524 14.4593 0
      vertex 36.7983 14.3684 6
      vertex 37.0524 14.4593 6
    endloop
  endfacet
  facet normal -0.336829 0.941566 0
    outer loop
      vertex 36.7983 14.3684 6
      vertex 37.0524 14.4593 0
      vertex 36.7983 14.3684 0
    endloop
  endfacet
  facet normal -0.903926 0.427688 7.82363e-19
    outer loop
      vertex 38.4253 15.7037 0
      vertex 38.5407 15.9476 6
      vertex 38.5407 15.9476 0
    endloop
  endfacet
  facet normal -0.903926 0.427688 7.82363e-19
    outer loop
      vertex 38.5407 15.9476 6
      vertex 38.4253 15.7037 0
      vertex 38.4253 15.7037 6
    endloop
  endfacet
  facet normal 0.14671 0.98918 -0
    outer loop
      vertex 29.7305 14.2632 0
      vertex 29.4635 14.3028 6
      vertex 29.7305 14.2632 6
    endloop
  endfacet
  facet normal 0.14671 0.98918 0
    outer loop
      vertex 29.4635 14.3028 6
      vertex 29.7305 14.2632 0
      vertex 29.4635 14.3028 0
    endloop
  endfacet
  facet normal 0.98918 -0.14671 1.5497e-19
    outer loop
      vertex 27.2632 17.2695 6
      vertex 27.3028 17.5365 0
      vertex 27.3028 17.5365 6
    endloop
  endfacet
  facet normal 0.98918 -0.14671 1.5497e-19
    outer loop
      vertex 27.3028 17.5365 0
      vertex 27.2632 17.2695 6
      vertex 27.2632 17.2695 0
    endloop
  endfacet
  facet normal 0.243059 0.970012 -0
    outer loop
      vertex 29.4635 14.3028 0
      vertex 29.2017 14.3684 6
      vertex 29.4635 14.3028 6
    endloop
  endfacet
  facet normal 0.243059 0.970012 0
    outer loop
      vertex 29.2017 14.3684 6
      vertex 29.4635 14.3028 0
      vertex 29.2017 14.3684 0
    endloop
  endfacet
  facet normal 0 -1 0
    outer loop
      vertex 30 19.75 0
      vertex 36 19.75 6
      vertex 30 19.75 6
    endloop
  endfacet
  facet normal 0 -1 -0
    outer loop
      vertex 36 19.75 6
      vertex 30 19.75 0
      vertex 36 19.75 0
    endloop
  endfacet
  facet normal 0.998803 -0.0489209 -6.53747e-20
    outer loop
      vertex 27.25 17 6
      vertex 27.2632 17.2695 0
      vertex 27.2632 17.2695 6
    endloop
  endfacet
  facet normal 0.998803 -0.0489209 -6.53747e-20
    outer loop
      vertex 27.2632 17.2695 0
      vertex 27.25 17 6
      vertex 27.25 17 0
    endloop
  endfacet
  facet normal -0.14671 -0.98918 0
    outer loop
      vertex 36.2695 19.7368 0
      vertex 36.5365 19.6972 6
      vertex 36.2695 19.7368 6
    endloop
  endfacet
  facet normal -0.14671 -0.98918 -0
    outer loop
      vertex 36.5365 19.6972 6
      vertex 36.2695 19.7368 0
      vertex 36.5365 19.6972 0
    endloop
  endfacet
  facet normal 0.14671 -0.98918 0
    outer loop
      vertex 29.4635 19.6972 0
      vertex 29.7305 19.7368 6
      vertex 29.4635 19.6972 6
    endloop
  endfacet
  facet normal 0.14671 -0.98918 0
    outer loop
      vertex 29.7305 19.7368 6
      vertex 29.4635 19.6972 0
      vertex 29.7305 19.7368 0
    endloop
  endfacet
  facet normal -0.595485 -0.803367 0
    outer loop
      vertex 37.5278 19.2865 0
      vertex 37.7446 19.1258 6
      vertex 37.5278 19.2865 6
    endloop
  endfacet
  facet normal -0.595485 -0.803367 -0
    outer loop
      vertex 37.7446 19.1258 6
      vertex 37.5278 19.2865 0
      vertex 37.7446 19.1258 0
    endloop
  endfacet
  facet normal 0.740728 0.671805 -2.3072e-19
    outer loop
      vertex 28.0555 15.0555 6
      vertex 27.8742 15.2554 0
      vertex 27.8742 15.2554 6
    endloop
  endfacet
  facet normal 0.740728 0.671805 -2.3072e-19
    outer loop
      vertex 27.8742 15.2554 0
      vertex 28.0555 15.0555 6
      vertex 28.0555 15.0555 0
    endloop
  endfacet
  facet normal 0.595485 -0.803367 0
    outer loop
      vertex 28.2554 19.1258 0
      vertex 28.4722 19.2865 6
      vertex 28.2554 19.1258 6
    endloop
  endfacet
  facet normal 0.595485 -0.803367 0
    outer loop
      vertex 28.4722 19.2865 6
      vertex 28.2554 19.1258 0
      vertex 28.4722 19.2865 0
    endloop
  endfacet
  facet normal -0.671805 -0.740728 0
    outer loop
      vertex 37.7446 19.1258 0
      vertex 37.9445 18.9445 6
      vertex 37.7446 19.1258 6
    endloop
  endfacet
  facet normal -0.671805 -0.740728 -0
    outer loop
      vertex 37.9445 18.9445 6
      vertex 37.7446 19.1258 0
      vertex 37.9445 18.9445 0
    endloop
  endfacet
  facet normal -0.941566 -0.336829 8.26794e-19
    outer loop
      vertex 38.6316 17.7983 0
      vertex 38.5407 18.0524 6
      vertex 38.5407 18.0524 0
    endloop
  endfacet
  facet normal -0.941566 -0.336829 8.26794e-19
    outer loop
      vertex 38.5407 18.0524 6
      vertex 38.6316 17.7983 0
      vertex 38.6316 17.7983 6
    endloop
  endfacet
  facet normal -0.998803 -0.0489209 -3.20256e-21
    outer loop
      vertex 38.75 17 0
      vertex 38.7368 17.2695 6
      vertex 38.7368 17.2695 0
    endloop
  endfacet
  facet normal -0.998803 -0.0489209 -3.20256e-21
    outer loop
      vertex 38.7368 17.2695 6
      vertex 38.75 17 0
      vertex 38.75 17 6
    endloop
  endfacet
  facet normal 0.857656 -0.514223 1.95769e-18
    outer loop
      vertex 27.5747 18.2963 6
      vertex 27.7135 18.5278 0
      vertex 27.7135 18.5278 6
    endloop
  endfacet
  facet normal 0.857656 -0.514223 1.95769e-18
    outer loop
      vertex 27.7135 18.5278 0
      vertex 27.5747 18.2963 6
      vertex 27.5747 18.2963 0
    endloop
  endfacet
  facet normal -0.903926 -0.427688 -7.82363e-19
    outer loop
      vertex 38.5407 18.0524 0
      vertex 38.4253 18.2963 6
      vertex 38.4253 18.2963 0
    endloop
  endfacet
  facet normal -0.903926 -0.427688 -7.82363e-19
    outer loop
      vertex 38.4253 18.2963 6
      vertex 38.5407 18.0524 0
      vertex 38.5407 18.0524 6
    endloop
  endfacet
  facet normal -0.740728 -0.671805 5.16643e-19
    outer loop
      vertex 38.1258 18.7446 0
      vertex 37.9445 18.9445 6
      vertex 37.9445 18.9445 0
    endloop
  endfacet
  facet normal -0.740728 -0.671805 5.16643e-19
    outer loop
      vertex 37.9445 18.9445 6
      vertex 38.1258 18.7446 0
      vertex 38.1258 18.7446 6
    endloop
  endfacet
  facet normal -0.803367 -0.595485 1.38792e-18
    outer loop
      vertex 38.2865 18.5278 0
      vertex 38.1258 18.7446 6
      vertex 38.1258 18.7446 0
    endloop
  endfacet
  facet normal -0.803367 -0.595485 1.38792e-18
    outer loop
      vertex 38.1258 18.7446 6
      vertex 38.2865 18.5278 0
      vertex 38.2865 18.5278 6
    endloop
  endfacet
  facet normal -0.941566 0.336829 3.31961e-19
    outer loop
      vertex 38.5407 15.9476 0
      vertex 38.6316 16.2017 6
      vertex 38.6316 16.2017 0
    endloop
  endfacet
  facet normal -0.941566 0.336829 3.31961e-19
    outer loop
      vertex 38.6316 16.2017 6
      vertex 38.5407 15.9476 0
      vertex 38.5407 15.9476 6
    endloop
  endfacet
  facet normal 0.740823 0.6717 -2.34553e-18
    outer loop
      vertex 41.6381 23.8064 6
      vertex 41.2426 24.2426 0
      vertex 41.2426 24.2426 6
    endloop
  endfacet
  facet normal 0.740823 0.6717 -2.34553e-18
    outer loop
      vertex 41.2426 24.2426 0
      vertex 41.6381 23.8064 6
      vertex 41.6381 23.8064 0
    endloop
  endfacet
  facet normal -1 0 0
    outer loop
      vertex -43 -20 0
      vertex -43 20 6
      vertex -43 20 0
    endloop
  endfacet
  facet normal -1 -0 0
    outer loop
      vertex -43 20 6
      vertex -43 -20 0
      vertex -43 -20 6
    endloop
  endfacet
  facet normal 0.243015 -0.970023 0
    outer loop
      vertex 38.1705 -25.8847 0
      vertex 38.7417 -25.7416 6
      vertex 38.1705 -25.8847 6
    endloop
  endfacet
  facet normal 0.243015 -0.970023 0
    outer loop
      vertex 38.7417 -25.7416 6
      vertex 38.1705 -25.8847 0
      vertex 38.7417 -25.7416 0
    endloop
  endfacet
  facet normal -0.336759 -0.941591 0
    outer loop
      vertex -39.2961 -25.5433 0
      vertex -39 -25.6492 6
      vertex -39.2961 -25.5433 6
    endloop
  endfacet
  facet normal -0.336788 -0.94158 1.60497e-06
    outer loop
      vertex -38.7417 -25.7416 0
      vertex -39 -25.6492 6
      vertex -39.2961 -25.5433 0
    endloop
  endfacet
  facet normal -0.336821 -0.941569 -9.75699e-19
    outer loop
      vertex -39 -25.6492 6
      vertex -38.7417 -25.7416 0
      vertex -38.7417 -25.7416 6
    endloop
  endfacet
  facet normal 0.989174 0.146746 -4.58681e-19
    outer loop
      vertex 42.9711 20.5881 6
      vertex 42.8847 21.1705 0
      vertex 42.8847 21.1705 6
    endloop
  endfacet
  facet normal 0.989174 0.146746 -4.58681e-19
    outer loop
      vertex 42.8847 21.1705 0
      vertex 42.9711 20.5881 6
      vertex 42.9711 20.5881 0
    endloop
  endfacet
  facet normal 0.989174 -0.146746 4.58681e-19
    outer loop
      vertex 42.8847 -21.1705 6
      vertex 42.9711 -20.5881 0
      vertex 42.9711 -20.5881 6
    endloop
  endfacet
  facet normal 0.989174 -0.146746 4.58681e-19
    outer loop
      vertex 42.9711 -20.5881 0
      vertex 42.8847 -21.1705 6
      vertex 42.8847 -21.1705 0
    endloop
  endfacet
  facet normal -0.243015 0.970023 0
    outer loop
      vertex -38.1705 25.8847 0
      vertex -38.7417 25.7416 6
      vertex -38.1705 25.8847 6
    endloop
  endfacet
  facet normal -0.243015 0.970023 0
    outer loop
      vertex -38.7417 25.7416 6
      vertex -38.1705 25.8847 0
      vertex -38.7417 25.7416 0
    endloop
  endfacet
  facet normal 0.903962 -0.427612 -7.18806e-19
    outer loop
      vertex 42.2915 -22.8284 6
      vertex 42.5433 -22.2961 0
      vertex 42.5433 -22.2961 6
    endloop
  endfacet
  facet normal 0.903962 -0.427612 -7.18806e-19
    outer loop
      vertex 42.5433 -22.2961 0
      vertex 42.2915 -22.8284 6
      vertex 42.2915 -22.8284 0
    endloop
  endfacet
  facet normal 0.857718 -0.514121 1.07508e-18
    outer loop
      vertex 41.9888 -23.3334 6
      vertex 42.2915 -22.8284 0
      vertex 42.2915 -22.8284 6
    endloop
  endfacet
  facet normal 0.857718 -0.514121 1.07508e-18
    outer loop
      vertex 42.2915 -22.8284 0
      vertex 41.9888 -23.3334 6
      vertex 41.9888 -23.3334 0
    endloop
  endfacet
  facet normal -0.970023 -0.243015 -1.48286e-18
    outer loop
      vertex -42.7416 -21.7417 0
      vertex -42.8847 -21.1705 6
      vertex -42.8847 -21.1705 0
    endloop
  endfacet
  facet normal -0.970023 -0.243015 -1.48286e-18
    outer loop
      vertex -42.8847 -21.1705 6
      vertex -42.7416 -21.7417 0
      vertex -42.7416 -21.7417 6
    endloop
  endfacet
  facet normal -0.427612 0.903962 0
    outer loop
      vertex -39.2961 25.5433 0
      vertex -39.8284 25.2915 6
      vertex -39.2961 25.5433 6
    endloop
  endfacet
  facet normal -0.427612 0.903962 0
    outer loop
      vertex -39.8284 25.2915 6
      vertex -39.2961 25.5433 0
      vertex -39.8284 25.2915 0
    endloop
  endfacet
  facet normal 0.970023 -0.243015 1.48286e-18
    outer loop
      vertex 42.7416 -21.7417 6
      vertex 42.8847 -21.1705 0
      vertex 42.8847 -21.1705 6
    endloop
  endfacet
  facet normal 0.970023 -0.243015 1.48286e-18
    outer loop
      vertex 42.8847 -21.1705 0
      vertex 42.7416 -21.7417 6
      vertex 42.7416 -21.7417 0
    endloop
  endfacet
  facet normal 0 -1 0
    outer loop
      vertex -37 -26 6
      vertex -39 -26 64
      vertex -39 -26 6
    endloop
  endfacet
  facet normal 0 -1 0
    outer loop
      vertex -39 -26 64
      vertex -37 -26 6
      vertex -32 -26 64
    endloop
  endfacet
  facet normal 0 -1 0
    outer loop
      vertex -37 -26 6
      vertex -32 -26 6
      vertex -32 -26 64
    endloop
  endfacet
  facet normal 0 -1 0
    outer loop
      vertex -37 -26 0
      vertex -32 -26 6
      vertex -37 -26 6
    endloop
  endfacet
  facet normal 0 -1 0
    outer loop
      vertex 37 -26 0
      vertex -32 -26 6
      vertex -37 -26 0
    endloop
  endfacet
  facet normal 0 -1 0
    outer loop
      vertex -32 -26 6
      vertex 37 -26 0
      vertex 37 -26 6
    endloop
  endfacet
  facet normal 0.6717 0.740823 -0
    outer loop
      vertex 41.2426 24.2426 0
      vertex 40.8064 24.6381 6
      vertex 41.2426 24.2426 6
    endloop
  endfacet
  facet normal 0.6717 0.740823 0
    outer loop
      vertex 40.8064 24.6381 6
      vertex 41.2426 24.2426 0
      vertex 40.8064 24.6381 0
    endloop
  endfacet
  facet normal 0 1 -0
    outer loop
      vertex -34.5 26 0
      vertex -37 26 6
      vertex -34.5 26 6
    endloop
  endfacet
  facet normal 0 1 0
    outer loop
      vertex -37 26 6
      vertex -34.5 26 0
      vertex -37 26 0
    endloop
  endfacet
  facet normal 0 1 0
    outer loop
      vertex -34.5 26 6
      vertex -32 26 64
      vertex -32 26 6
    endloop
  endfacet
  facet normal 0 1 0
    outer loop
      vertex -32 26 64
      vertex -34.5 26 6
      vertex -39 26 64
    endloop
  endfacet
  facet normal 0 1 -0
    outer loop
      vertex -37 26 6
      vertex -39 26 64
      vertex -34.5 26 6
    endloop
  endfacet
  facet normal 0 1 0
    outer loop
      vertex -39 26 64
      vertex -37 26 6
      vertex -39 26 6
    endloop
  endfacet
  facet normal 0 1 -0
    outer loop
      vertex 37 26 0
      vertex -29.5 26 6
      vertex 37 26 6
    endloop
  endfacet
  facet normal 0 1 0
    outer loop
      vertex -29.5 26 6
      vertex 37 26 0
      vertex -29.5 26 0
    endloop
  endfacet
  facet normal 0.803289 -0.595589 -1.44714e-18
    outer loop
      vertex 41.6381 -23.8064 6
      vertex 41.9888 -23.3334 0
      vertex 41.9888 -23.3334 6
    endloop
  endfacet
  facet normal 0.803289 -0.595589 -1.44714e-18
    outer loop
      vertex 41.9888 -23.3334 0
      vertex 41.6381 -23.8064 6
      vertex 41.6381 -23.8064 0
    endloop
  endfacet
  facet normal -0.998795 -0.0490821 3.77776e-19
    outer loop
      vertex -42.9711 -20.5881 0
      vertex -43 -20 6
      vertex -43 -20 0
    endloop
  endfacet
  facet normal -0.998795 -0.0490821 3.77776e-19
    outer loop
      vertex -43 -20 6
      vertex -42.9711 -20.5881 0
      vertex -42.9711 -20.5881 6
    endloop
  endfacet
  facet normal 0.94158 -0.336788 1.63354e-18
    outer loop
      vertex 42.5433 -22.2961 6
      vertex 42.7416 -21.7417 0
      vertex 42.7416 -21.7417 6
    endloop
  endfacet
  facet normal 0.94158 -0.336788 1.63354e-18
    outer loop
      vertex 42.7416 -21.7417 0
      vertex 42.5433 -22.2961 6
      vertex 42.5433 -22.2961 0
    endloop
  endfacet
  facet normal 0.998795 -0.0490821 -3.77776e-19
    outer loop
      vertex 42.9711 -20.5881 6
      vertex 43 -20 0
      vertex 43 -20 6
    endloop
  endfacet
  facet normal 0.998795 -0.0490821 -3.77776e-19
    outer loop
      vertex 43 -20 0
      vertex 42.9711 -20.5881 6
      vertex 42.9711 -20.5881 0
    endloop
  endfacet
  facet normal 0.803289 0.595589 1.44714e-18
    outer loop
      vertex 41.9888 23.3334 6
      vertex 41.6381 23.8064 0
      vertex 41.6381 23.8064 6
    endloop
  endfacet
  facet normal 0.803289 0.595589 1.44714e-18
    outer loop
      vertex 41.6381 23.8064 0
      vertex 41.9888 23.3334 6
      vertex 41.9888 23.3334 0
    endloop
  endfacet
  facet normal -0 0 1
    outer loop
      vertex -39 -7.44059 6
      vertex -32 -12.5594 6
      vertex -32 -7.44059 6
    endloop
  endfacet
  facet normal 0 0 1
    outer loop
      vertex -32 -12.5594 6
      vertex -39 -7.44059 6
      vertex -39 -12.5594 6
    endloop
  endfacet
  facet normal -0 0 1
    outer loop
      vertex -39 12.5594 6
      vertex -32 7.44059 6
      vertex -32 12.5594 6
    endloop
  endfacet
  facet normal 0 0 1
    outer loop
      vertex -32 7.44059 6
      vertex -39 12.5594 6
      vertex -39 7.44059 6
    endloop
  endfacet
  facet normal 0 0 1
    outer loop
      vertex -30 19.75 6
      vertex -32 26 6
      vertex -32 19.75 6
    endloop
  endfacet
  facet normal -0 0 1
    outer loop
      vertex -43 20 6
      vertex -39 12.5594 6
      vertex -39 25.6492 6
    endloop
  endfacet
  facet normal 0 0 1
    outer loop
      vertex -39 12.5594 6
      vertex -43 20 6
      vertex -39 7.44059 6
    endloop
  endfacet
  facet normal 0 0 1
    outer loop
      vertex -39 7.44059 6
      vertex -43 20 6
      vertex -39 -7.44059 6
    endloop
  endfacet
  facet normal 0 0 1
    outer loop
      vertex -43 -20 6
      vertex -39 -7.44059 6
      vertex -43 20 6
    endloop
  endfacet
  facet normal 0 0 1
    outer loop
      vertex -39.8284 25.2915 6
      vertex -39 25.6492 6
      vertex -39.2961 25.5433 6
    endloop
  endfacet
  facet normal 0 0 1
    outer loop
      vertex -39 -7.44059 6
      vertex -43 -20 6
      vertex -39 -12.5594 6
    endloop
  endfacet
  facet normal 0 0 1
    outer loop
      vertex -39 25.6492 6
      vertex -39.8284 25.2915 6
      vertex -43 20 6
    endloop
  endfacet
  facet normal 0 0 1
    outer loop
      vertex -39 -12.5594 6
      vertex -43 -20 6
      vertex -39 -25.6492 6
    endloop
  endfacet
  facet normal 0 0 1
    outer loop
      vertex -43 20 6
      vertex -39.8284 25.2915 6
      vertex -40.3334 24.9888 6
    endloop
  endfacet
  facet normal -0 -0 1
    outer loop
      vertex -39.8284 -25.2915 6
      vertex -39 -25.6492 6
      vertex -43 -20 6
    endloop
  endfacet
  facet normal 0 0 1
    outer loop
      vertex -43 20 6
      vertex -40.3334 24.9888 6
      vertex -40.8064 24.6381 6
    endloop
  endfacet
  facet normal 0 0 1
    outer loop
      vertex -39 -25.6492 6
      vertex -39.8284 -25.2915 6
      vertex -39.2961 -25.5433 6
    endloop
  endfacet
  facet normal 0 0 1
    outer loop
      vertex -43 20 6
      vertex -40.8064 24.6381 6
      vertex -41.2426 24.2426 6
    endloop
  endfacet
  facet normal 0 0 1
    outer loop
      vertex -39.8284 -25.2915 6
      vertex -43 -20 6
      vertex -40.3334 -24.9888 6
    endloop
  endfacet
  facet normal 0 0 1
    outer loop
      vertex -43 20 6
      vertex -41.2426 24.2426 6
      vertex -41.6381 23.8064 6
    endloop
  endfacet
  facet normal 0 0 1
    outer loop
      vertex -40.3334 -24.9888 6
      vertex -43 -20 6
      vertex -40.8064 -24.6381 6
    endloop
  endfacet
  facet normal 0 0 1
    outer loop
      vertex -43 20 6
      vertex -41.6381 23.8064 6
      vertex -41.9888 23.3334 6
    endloop
  endfacet
  facet normal 0 0 1
    outer loop
      vertex -40.8064 -24.6381 6
      vertex -43 -20 6
      vertex -41.2426 -24.2426 6
    endloop
  endfacet
  facet normal 0 0 1
    outer loop
      vertex -43 20 6
      vertex -41.9888 23.3334 6
      vertex -42.2915 22.8284 6
    endloop
  endfacet
  facet normal 0 0 1
    outer loop
      vertex -41.2426 -24.2426 6
      vertex -43 -20 6
      vertex -41.6381 -23.8064 6
    endloop
  endfacet
  facet normal 0 0 1
    outer loop
      vertex -43 20 6
      vertex -42.2915 22.8284 6
      vertex -42.5433 22.2961 6
    endloop
  endfacet
  facet normal 0 0 1
    outer loop
      vertex -41.6381 -23.8064 6
      vertex -43 -20 6
      vertex -41.9888 -23.3334 6
    endloop
  endfacet
  facet normal 0 0 1
    outer loop
      vertex -43 20 6
      vertex -42.5433 22.2961 6
      vertex -42.7416 21.7417 6
    endloop
  endfacet
  facet normal 0 0 1
    outer loop
      vertex -41.9888 -23.3334 6
      vertex -43 -20 6
      vertex -42.2915 -22.8284 6
    endloop
  endfacet
  facet normal 0 0 1
    outer loop
      vertex -43 20 6
      vertex -42.7416 21.7417 6
      vertex -42.8847 21.1705 6
    endloop
  endfacet
  facet normal 0 0 1
    outer loop
      vertex -42.2915 -22.8284 6
      vertex -43 -20 6
      vertex -42.5433 -22.2961 6
    endloop
  endfacet
  facet normal 0 0 1
    outer loop
      vertex -43 20 6
      vertex -42.8847 21.1705 6
      vertex -42.9711 20.5881 6
    endloop
  endfacet
  facet normal 0 0 1
    outer loop
      vertex -42.5433 -22.2961 6
      vertex -43 -20 6
      vertex -42.7416 -21.7417 6
    endloop
  endfacet
  facet normal 0 0 1
    outer loop
      vertex -42.7416 -21.7417 6
      vertex -43 -20 6
      vertex -42.8847 -21.1705 6
    endloop
  endfacet
  facet normal 0 0 1
    outer loop
      vertex -42.8847 -21.1705 6
      vertex -43 -20 6
      vertex -42.9711 -20.5881 6
    endloop
  endfacet
  facet normal 0 0 1
    outer loop
      vertex -32 26 6
      vertex -29.5 26 6
      vertex -29.5 59.62 6
    endloop
  endfacet
  facet normal 0 -0 1
    outer loop
      vertex -30 19.75 6
      vertex -29.5 26 6
      vertex -32 26 6
    endloop
  endfacet
  facet normal 0 0 1
    outer loop
      vertex -29.5 26 6
      vertex -30 19.75 6
      vertex -29.7305 19.7368 6
    endloop
  endfacet
  facet normal -0 0 1
    outer loop
      vertex -34.5 59.62 6
      vertex -32 26 6
      vertex -29.5 59.62 6
    endloop
  endfacet
  facet normal 0 0 1
    outer loop
      vertex -32 26 6
      vertex -34.5 59.62 6
      vertex -34.5 26 6
    endloop
  endfacet
  facet normal 0 0 1
    outer loop
      vertex -27.4593 15.9476 6
      vertex 27.4593 15.9476 6
      vertex -27.3684 16.2017 6
    endloop
  endfacet
  facet normal 0 0 1
    outer loop
      vertex 27.5747 -15.7037 6
      vertex -27.2632 -16.7305 6
      vertex -27.25 -17 6
    endloop
  endfacet
  facet normal 0 0 1
    outer loop
      vertex 27.4593 15.9476 6
      vertex -27.4593 15.9476 6
      vertex 27.5747 15.7037 6
    endloop
  endfacet
  facet normal 0 0 1
    outer loop
      vertex 27.5747 -15.7037 6
      vertex -27.3028 -16.4635 6
      vertex -27.2632 -16.7305 6
    endloop
  endfacet
  facet normal 0 0 1
    outer loop
      vertex -27.5747 15.7037 6
      vertex 27.5747 15.7037 6
      vertex -27.4593 15.9476 6
    endloop
  endfacet
  facet normal 0 0 1
    outer loop
      vertex 27.5747 -15.7037 6
      vertex -27.3684 -16.2017 6
      vertex -27.3028 -16.4635 6
    endloop
  endfacet
  facet normal 0 0 1
    outer loop
      vertex 27.5747 15.7037 6
      vertex -27.5747 15.7037 6
      vertex 27.5747 -15.7037 6
    endloop
  endfacet
  facet normal 0 0 1
    outer loop
      vertex 27.5747 -15.7037 6
      vertex -27.4593 -15.9476 6
      vertex -27.3684 -16.2017 6
    endloop
  endfacet
  facet normal 0 0 1
    outer loop
      vertex -27.5747 -15.7037 6
      vertex 27.5747 -15.7037 6
      vertex -27.5747 15.7037 6
    endloop
  endfacet
  facet normal 0 0 1
    outer loop
      vertex 27.5747 -15.7037 6
      vertex -27.5747 -15.7037 6
      vertex -27.4593 -15.9476 6
    endloop
  endfacet
  facet normal -0 0 1
    outer loop
      vertex -27.7135 15.4722 6
      vertex -27.5747 -15.7037 6
      vertex -27.5747 15.7037 6
    endloop
  endfacet
  facet normal 0 0 1
    outer loop
      vertex -27.7135 15.4722 6
      vertex -27.7135 -15.4722 6
      vertex -27.5747 -15.7037 6
    endloop
  endfacet
  facet normal -0 0 1
    outer loop
      vertex -27.8742 15.2554 6
      vertex -27.7135 -15.4722 6
      vertex -27.7135 15.4722 6
    endloop
  endfacet
  facet normal 0 0 1
    outer loop
      vertex -27.8742 15.2554 6
      vertex -27.8742 -15.2554 6
      vertex -27.7135 -15.4722 6
    endloop
  endfacet
  facet normal 0 0 1
    outer loop
      vertex -32 7.44059 6
      vertex -27.8742 15.2554 6
      vertex -28.0555 15.0555 6
    endloop
  endfacet
  facet normal 0 0 1
    outer loop
      vertex -27.8742 15.2554 6
      vertex -32 7.44059 6
      vertex -27.8742 -15.2554 6
    endloop
  endfacet
  facet normal 0 0 1
    outer loop
      vertex -32 7.44059 6
      vertex -28.0555 15.0555 6
      vertex -28.2554 14.8742 6
    endloop
  endfacet
  facet normal -0 0 1
    outer loop
      vertex -32 -7.44059 6
      vertex -27.8742 -15.2554 6
      vertex -32 7.44059 6
    endloop
  endfacet
  facet normal 0 0 1
    outer loop
      vertex -32 7.44059 6
      vertex -28.2554 14.8742 6
      vertex -28.4722 14.7135 6
    endloop
  endfacet
  facet normal 0 0 1
    outer loop
      vertex -27.8742 -15.2554 6
      vertex -32 -7.44059 6
      vertex -28.0555 -15.0555 6
    endloop
  endfacet
  facet normal 0 0 1
    outer loop
      vertex -32 7.44059 6
      vertex -28.4722 14.7135 6
      vertex -28.7037 14.5747 6
    endloop
  endfacet
  facet normal 0 0 1
    outer loop
      vertex -28.0555 -15.0555 6
      vertex -32 -7.44059 6
      vertex -28.2554 -14.8742 6
    endloop
  endfacet
  facet normal 0 0 1
    outer loop
      vertex -32 7.44059 6
      vertex -28.7037 14.5747 6
      vertex -28.9476 14.4593 6
    endloop
  endfacet
  facet normal 0 0 1
    outer loop
      vertex -28.2554 -14.8742 6
      vertex -32 -7.44059 6
      vertex -28.4722 -14.7135 6
    endloop
  endfacet
  facet normal 0 0 1
    outer loop
      vertex -32 7.44059 6
      vertex -28.9476 14.4593 6
      vertex -29.2017 14.3684 6
    endloop
  endfacet
  facet normal 0 0 1
    outer loop
      vertex -28.4722 -14.7135 6
      vertex -32 -7.44059 6
      vertex -28.7037 -14.5747 6
    endloop
  endfacet
  facet normal 0 0 1
    outer loop
      vertex -32 7.44059 6
      vertex -29.2017 14.3684 6
      vertex -29.4635 14.3028 6
    endloop
  endfacet
  facet normal 0 0 1
    outer loop
      vertex -28.7037 -14.5747 6
      vertex -32 -7.44059 6
      vertex -28.9476 -14.4593 6
    endloop
  endfacet
  facet normal 0 0 1
    outer loop
      vertex -28.9476 -14.4593 6
      vertex -32 -7.44059 6
      vertex -29.2017 -14.3684 6
    endloop
  endfacet
  facet normal 0 0 1
    outer loop
      vertex -29.2017 -14.3684 6
      vertex -32 -7.44059 6
      vertex -29.4635 -14.3028 6
    endloop
  endfacet
  facet normal 0 0 1
    outer loop
      vertex -32 7.44059 6
      vertex -29.4635 14.3028 6
      vertex -29.7305 14.2632 6
    endloop
  endfacet
  facet normal 0 0 1
    outer loop
      vertex 38.6316 16.2017 6
      vertex 43 20 6
      vertex 38.6972 16.4635 6
    endloop
  endfacet
  facet normal 0 0 1
    outer loop
      vertex 43 -20 6
      vertex 38.7368 -16.7305 6
      vertex 38.75 -17 6
    endloop
  endfacet
  facet normal 0 0 1
    outer loop
      vertex 38.5407 15.9476 6
      vertex 43 20 6
      vertex 38.6316 16.2017 6
    endloop
  endfacet
  facet normal 0 0 1
    outer loop
      vertex 43 -20 6
      vertex 38.6972 -16.4635 6
      vertex 38.7368 -16.7305 6
    endloop
  endfacet
  facet normal 0 0 1
    outer loop
      vertex 38.4253 15.7037 6
      vertex 43 20 6
      vertex 38.5407 15.9476 6
    endloop
  endfacet
  facet normal 0 0 1
    outer loop
      vertex 43 -20 6
      vertex 38.6316 -16.2017 6
      vertex 38.6972 -16.4635 6
    endloop
  endfacet
  facet normal 0 0 1
    outer loop
      vertex 38.2865 15.4722 6
      vertex 43 20 6
      vertex 38.4253 15.7037 6
    endloop
  endfacet
  facet normal 0 0 1
    outer loop
      vertex 43 -20 6
      vertex 38.5407 -15.9476 6
      vertex 38.6316 -16.2017 6
    endloop
  endfacet
  facet normal 0 0 1
    outer loop
      vertex 38.1258 15.2554 6
      vertex 43 20 6
      vertex 38.2865 15.4722 6
    endloop
  endfacet
  facet normal 0 0 1
    outer loop
      vertex 43 -20 6
      vertex 38.4253 -15.7037 6
      vertex 38.5407 -15.9476 6
    endloop
  endfacet
  facet normal 0 0 1
    outer loop
      vertex 43 20 6
      vertex 38.1258 15.2554 6
      vertex 43 -20 6
    endloop
  endfacet
  facet normal 0 0 1
    outer loop
      vertex 43 -20 6
      vertex 38.2865 -15.4722 6
      vertex 38.4253 -15.7037 6
    endloop
  endfacet
  facet normal -0 0 1
    outer loop
      vertex 38.1258 -15.2554 6
      vertex 43 -20 6
      vertex 38.1258 15.2554 6
    endloop
  endfacet
  facet normal 0 0 1
    outer loop
      vertex 43 -20 6
      vertex 38.1258 -15.2554 6
      vertex 38.2865 -15.4722 6
    endloop
  endfacet
  facet normal -0 0 1
    outer loop
      vertex 37.9445 15.0555 6
      vertex 38.1258 -15.2554 6
      vertex 38.1258 15.2554 6
    endloop
  endfacet
  facet normal 0 0 1
    outer loop
      vertex 37.9445 15.0555 6
      vertex 37.9445 -15.0555 6
      vertex 38.1258 -15.2554 6
    endloop
  endfacet
  facet normal -0 0 1
    outer loop
      vertex 37.7446 14.8742 6
      vertex 37.9445 -15.0555 6
      vertex 37.9445 15.0555 6
    endloop
  endfacet
  facet normal 0 0 1
    outer loop
      vertex 37.7446 14.8742 6
      vertex 37.7446 -14.8742 6
      vertex 37.9445 -15.0555 6
    endloop
  endfacet
  facet normal -0 0 1
    outer loop
      vertex 37.5278 14.7135 6
      vertex 37.7446 -14.8742 6
      vertex 37.7446 14.8742 6
    endloop
  endfacet
  facet normal 0 0 1
    outer loop
      vertex 37.5278 14.7135 6
      vertex 37.5278 -14.7135 6
      vertex 37.7446 -14.8742 6
    endloop
  endfacet
  facet normal -0 0 1
    outer loop
      vertex 37.2963 14.5747 6
      vertex 37.5278 -14.7135 6
      vertex 37.5278 14.7135 6
    endloop
  endfacet
  facet normal 0 0 1
    outer loop
      vertex 37.2963 14.5747 6
      vertex 37.2963 -14.5747 6
      vertex 37.5278 -14.7135 6
    endloop
  endfacet
  facet normal -0 0 1
    outer loop
      vertex 37.0524 14.4593 6
      vertex 37.2963 -14.5747 6
      vertex 37.2963 14.5747 6
    endloop
  endfacet
  facet normal 0 0 1
    outer loop
      vertex 37.0524 14.4593 6
      vertex 37.0524 -14.4593 6
      vertex 37.2963 -14.5747 6
    endloop
  endfacet
  facet normal -0 0 1
    outer loop
      vertex 36.7983 14.3684 6
      vertex 37.0524 -14.4593 6
      vertex 37.0524 14.4593 6
    endloop
  endfacet
  facet normal 0 0 1
    outer loop
      vertex 36.7983 14.3684 6
      vertex 36.7983 -14.3684 6
      vertex 37.0524 -14.4593 6
    endloop
  endfacet
  facet normal -0 0 1
    outer loop
      vertex 36.5365 14.3028 6
      vertex 36.7983 -14.3684 6
      vertex 36.7983 14.3684 6
    endloop
  endfacet
  facet normal 0 0 1
    outer loop
      vertex 36.5365 14.3028 6
      vertex 36.5365 -14.3028 6
      vertex 36.7983 -14.3684 6
    endloop
  endfacet
  facet normal -0 0 1
    outer loop
      vertex 36.2695 14.2632 6
      vertex 36.5365 -14.3028 6
      vertex 36.5365 14.3028 6
    endloop
  endfacet
  facet normal 0 0 1
    outer loop
      vertex 36.2695 14.2632 6
      vertex 36.2695 -14.2632 6
      vertex 36.5365 -14.3028 6
    endloop
  endfacet
  facet normal -0 0 1
    outer loop
      vertex 36 14.25 6
      vertex 36.2695 -14.2632 6
      vertex 36.2695 14.2632 6
    endloop
  endfacet
  facet normal 0 0 1
    outer loop
      vertex 36 14.25 6
      vertex 36 -14.25 6
      vertex 36.2695 -14.2632 6
    endloop
  endfacet
  facet normal -0 0 1
    outer loop
      vertex 30 14.25 6
      vertex 36 -14.25 6
      vertex 36 14.25 6
    endloop
  endfacet
  facet normal 0 0 1
    outer loop
      vertex 30 14.25 6
      vertex 30 -14.25 6
      vertex 36 -14.25 6
    endloop
  endfacet
  facet normal 0 0 1
    outer loop
      vertex 29.7305 14.2632 6
      vertex 30 -14.25 6
      vertex 30 14.25 6
    endloop
  endfacet
  facet normal 0 0 1
    outer loop
      vertex 29.7305 14.2632 6
      vertex 29.7305 -14.2632 6
      vertex 30 -14.25 6
    endloop
  endfacet
  facet normal 0 0 1
    outer loop
      vertex 29.4635 14.3028 6
      vertex 29.7305 -14.2632 6
      vertex 29.7305 14.2632 6
    endloop
  endfacet
  facet normal 0 0 1
    outer loop
      vertex 29.4635 14.3028 6
      vertex 29.4635 -14.3028 6
      vertex 29.7305 -14.2632 6
    endloop
  endfacet
  facet normal 0 0 1
    outer loop
      vertex 29.2017 14.3684 6
      vertex 29.4635 -14.3028 6
      vertex 29.4635 14.3028 6
    endloop
  endfacet
  facet normal 0 0 1
    outer loop
      vertex 29.2017 14.3684 6
      vertex 29.2017 -14.3684 6
      vertex 29.4635 -14.3028 6
    endloop
  endfacet
  facet normal 0 0 1
    outer loop
      vertex 28.9476 14.4593 6
      vertex 29.2017 -14.3684 6
      vertex 29.2017 14.3684 6
    endloop
  endfacet
  facet normal 0 0 1
    outer loop
      vertex 28.9476 14.4593 6
      vertex 28.9476 -14.4593 6
      vertex 29.2017 -14.3684 6
    endloop
  endfacet
  facet normal 0 0 1
    outer loop
      vertex 28.7037 14.5747 6
      vertex 28.9476 -14.4593 6
      vertex 28.9476 14.4593 6
    endloop
  endfacet
  facet normal 0 0 1
    outer loop
      vertex 28.7037 14.5747 6
      vertex 28.7037 -14.5747 6
      vertex 28.9476 -14.4593 6
    endloop
  endfacet
  facet normal 0 0 1
    outer loop
      vertex 28.4722 14.7135 6
      vertex 28.7037 -14.5747 6
      vertex 28.7037 14.5747 6
    endloop
  endfacet
  facet normal 0 0 1
    outer loop
      vertex 28.4722 14.7135 6
      vertex 28.4722 -14.7135 6
      vertex 28.7037 -14.5747 6
    endloop
  endfacet
  facet normal 0 0 1
    outer loop
      vertex 28.2554 14.8742 6
      vertex 28.4722 -14.7135 6
      vertex 28.4722 14.7135 6
    endloop
  endfacet
  facet normal 0 0 1
    outer loop
      vertex 28.2554 14.8742 6
      vertex 28.2554 -14.8742 6
      vertex 28.4722 -14.7135 6
    endloop
  endfacet
  facet normal 0 0 1
    outer loop
      vertex 28.0555 15.0555 6
      vertex 28.2554 -14.8742 6
      vertex 28.2554 14.8742 6
    endloop
  endfacet
  facet normal 0 0 1
    outer loop
      vertex 28.0555 15.0555 6
      vertex 28.0555 -15.0555 6
      vertex 28.2554 -14.8742 6
    endloop
  endfacet
  facet normal 0 0 1
    outer loop
      vertex 27.8742 15.2554 6
      vertex 28.0555 -15.0555 6
      vertex 28.0555 15.0555 6
    endloop
  endfacet
  facet normal 0 0 1
    outer loop
      vertex 27.8742 15.2554 6
      vertex 27.8742 -15.2554 6
      vertex 28.0555 -15.0555 6
    endloop
  endfacet
  facet normal 0 0 1
    outer loop
      vertex 27.7135 15.4722 6
      vertex 27.8742 -15.2554 6
      vertex 27.8742 15.2554 6
    endloop
  endfacet
  facet normal 0 0 1
    outer loop
      vertex 27.7135 15.4722 6
      vertex 27.7135 -15.4722 6
      vertex 27.8742 -15.2554 6
    endloop
  endfacet
  facet normal 0 0 1
    outer loop
      vertex 27.5747 15.7037 6
      vertex 27.7135 -15.4722 6
      vertex 27.7135 15.4722 6
    endloop
  endfacet
  facet normal 0 0 1
    outer loop
      vertex 27.5747 15.7037 6
      vertex 27.5747 -15.7037 6
      vertex 27.7135 -15.4722 6
    endloop
  endfacet
  facet normal 0 0 1
    outer loop
      vertex 27.3028 16.4635 6
      vertex -27.3028 16.4635 6
      vertex 27.3684 16.2017 6
    endloop
  endfacet
  facet normal 0 0 1
    outer loop
      vertex -27.3684 16.2017 6
      vertex 27.3684 16.2017 6
      vertex -27.3028 16.4635 6
    endloop
  endfacet
  facet normal 0 0 1
    outer loop
      vertex -27.3028 16.4635 6
      vertex 27.3028 16.4635 6
      vertex -27.2632 16.7305 6
    endloop
  endfacet
  facet normal 0 0 1
    outer loop
      vertex 27.3684 16.2017 6
      vertex -27.3684 16.2017 6
      vertex 27.4593 15.9476 6
    endloop
  endfacet
  facet normal 0 0 1
    outer loop
      vertex 27.2632 16.7305 6
      vertex -27.2632 16.7305 6
      vertex 27.3028 16.4635 6
    endloop
  endfacet
  facet normal 0 0 1
    outer loop
      vertex 27.5747 -15.7037 6
      vertex -27.25 -17 6
      vertex 27.4593 -15.9476 6
    endloop
  endfacet
  facet normal 0 0 1
    outer loop
      vertex -27.2632 16.7305 6
      vertex 27.2632 16.7305 6
      vertex -27.25 17 6
    endloop
  endfacet
  facet normal 0 0 1
    outer loop
      vertex 27.4593 -15.9476 6
      vertex -27.25 -17 6
      vertex 27.3684 -16.2017 6
    endloop
  endfacet
  facet normal -0 0 1
    outer loop
      vertex -27.25 17 6
      vertex 27.2632 16.7305 6
      vertex 27.25 17 6
    endloop
  endfacet
  facet normal 0 0 1
    outer loop
      vertex 27.3684 -16.2017 6
      vertex -27.25 -17 6
      vertex 27.3028 -16.4635 6
    endloop
  endfacet
  facet normal 0 0 1
    outer loop
      vertex 38.2865 18.5278 6
      vertex 43 20 6
      vertex 42.9711 20.5881 6
    endloop
  endfacet
  facet normal 0 0 1
    outer loop
      vertex 38.7368 16.7305 6
      vertex 43 20 6
      vertex 38.75 17 6
    endloop
  endfacet
  facet normal 0 0 1
    outer loop
      vertex 38.1258 18.7446 6
      vertex 42.9711 20.5881 6
      vertex 42.8847 21.1705 6
    endloop
  endfacet
  facet normal 0 0 1
    outer loop
      vertex 38.6972 16.4635 6
      vertex 43 20 6
      vertex 38.7368 16.7305 6
    endloop
  endfacet
  facet normal 0 0 1
    outer loop
      vertex 37.9445 18.9445 6
      vertex 42.8847 21.1705 6
      vertex 42.7416 21.7417 6
    endloop
  endfacet
  facet normal -0 0 1
    outer loop
      vertex 38.7368 -17.2695 6
      vertex 43 -20 6
      vertex 38.75 -17 6
    endloop
  endfacet
  facet normal 0 0 1
    outer loop
      vertex 37.9445 18.9445 6
      vertex 42.7416 21.7417 6
      vertex 42.5433 22.2961 6
    endloop
  endfacet
  facet normal -0 0 1
    outer loop
      vertex 38.6972 -17.5365 6
      vertex 43 -20 6
      vertex 38.7368 -17.2695 6
    endloop
  endfacet
  facet normal 0 0 1
    outer loop
      vertex 37.7446 19.1258 6
      vertex 42.5433 22.2961 6
      vertex 42.2915 22.8284 6
    endloop
  endfacet
  facet normal -0 0 1
    outer loop
      vertex 38.6316 -17.7983 6
      vertex 43 -20 6
      vertex 38.6972 -17.5365 6
    endloop
  endfacet
  facet normal 0 0 1
    outer loop
      vertex 37.7446 19.1258 6
      vertex 42.2915 22.8284 6
      vertex 41.9888 23.3334 6
    endloop
  endfacet
  facet normal -0 0 1
    outer loop
      vertex 38.5407 -18.0524 6
      vertex 43 -20 6
      vertex 38.6316 -17.7983 6
    endloop
  endfacet
  facet normal 0 0 1
    outer loop
      vertex 37.5278 19.2865 6
      vertex 41.9888 23.3334 6
      vertex 41.6381 23.8064 6
    endloop
  endfacet
  facet normal -0 0 1
    outer loop
      vertex 38.4253 -18.2963 6
      vertex 43 -20 6
      vertex 38.5407 -18.0524 6
    endloop
  endfacet
  facet normal 0 0 1
    outer loop
      vertex 37.5278 19.2865 6
      vertex 41.6381 23.8064 6
      vertex 41.2426 24.2426 6
    endloop
  endfacet
  facet normal -0 0 1
    outer loop
      vertex 38.2865 -18.5278 6
      vertex 43 -20 6
      vertex 38.4253 -18.2963 6
    endloop
  endfacet
  facet normal 0 0 1
    outer loop
      vertex 37.2963 19.4253 6
      vertex 41.2426 24.2426 6
      vertex 40.8064 24.6381 6
    endloop
  endfacet
  facet normal 0 0 1
    outer loop
      vertex 43 -20 6
      vertex 38.2865 -18.5278 6
      vertex 42.9711 -20.5881 6
    endloop
  endfacet
  facet normal 0 0 1
    outer loop
      vertex 37.2963 19.4253 6
      vertex 40.8064 24.6381 6
      vertex 40.3334 24.9888 6
    endloop
  endfacet
  facet normal -0 0 1
    outer loop
      vertex 38.1258 -18.7446 6
      vertex 42.9711 -20.5881 6
      vertex 38.2865 -18.5278 6
    endloop
  endfacet
  facet normal 0 0 1
    outer loop
      vertex 37.0524 19.5407 6
      vertex 40.3334 24.9888 6
      vertex 39.8284 25.2915 6
    endloop
  endfacet
  facet normal 0 0 1
    outer loop
      vertex 42.9711 -20.5881 6
      vertex 38.1258 -18.7446 6
      vertex 42.8847 -21.1705 6
    endloop
  endfacet
  facet normal 0 0 1
    outer loop
      vertex 37.0524 19.5407 6
      vertex 39.8284 25.2915 6
      vertex 39.2961 25.5433 6
    endloop
  endfacet
  facet normal -0 0 1
    outer loop
      vertex 37.9445 -18.9445 6
      vertex 42.8847 -21.1705 6
      vertex 38.1258 -18.7446 6
    endloop
  endfacet
  facet normal 0 0 1
    outer loop
      vertex 42.8847 -21.1705 6
      vertex 37.9445 -18.9445 6
      vertex 42.7416 -21.7417 6
    endloop
  endfacet
  facet normal 0 0 1
    outer loop
      vertex 36.7983 19.6316 6
      vertex 39.2961 25.5433 6
      vertex 38.7417 25.7416 6
    endloop
  endfacet
  facet normal 0 0 1
    outer loop
      vertex 43 20 6
      vertex 38.7368 17.2695 6
      vertex 38.75 17 6
    endloop
  endfacet
  facet normal 0 0 1
    outer loop
      vertex 43 20 6
      vertex 38.6972 17.5365 6
      vertex 38.7368 17.2695 6
    endloop
  endfacet
  facet normal 0 0 1
    outer loop
      vertex 43 20 6
      vertex 38.6316 17.7983 6
      vertex 38.6972 17.5365 6
    endloop
  endfacet
  facet normal 0 0 1
    outer loop
      vertex 43 20 6
      vertex 38.5407 18.0524 6
      vertex 38.6316 17.7983 6
    endloop
  endfacet
  facet normal 0 0 1
    outer loop
      vertex 43 20 6
      vertex 38.4253 18.2963 6
      vertex 38.5407 18.0524 6
    endloop
  endfacet
  facet normal 0 0 1
    outer loop
      vertex 43 20 6
      vertex 38.2865 18.5278 6
      vertex 38.4253 18.2963 6
    endloop
  endfacet
  facet normal 0 0 1
    outer loop
      vertex 36.7983 19.6316 6
      vertex 38.7417 25.7416 6
      vertex 38.1705 25.8847 6
    endloop
  endfacet
  facet normal 0 0 1
    outer loop
      vertex 42.9711 20.5881 6
      vertex 38.1258 18.7446 6
      vertex 38.2865 18.5278 6
    endloop
  endfacet
  facet normal 0 0 1
    outer loop
      vertex 42.8847 21.1705 6
      vertex 37.9445 18.9445 6
      vertex 38.1258 18.7446 6
    endloop
  endfacet
  facet normal 0 0 1
    outer loop
      vertex 42.5433 22.2961 6
      vertex 37.7446 19.1258 6
      vertex 37.9445 18.9445 6
    endloop
  endfacet
  facet normal 0 0 1
    outer loop
      vertex 36.5365 19.6972 6
      vertex 38.1705 25.8847 6
      vertex 37.5881 25.9711 6
    endloop
  endfacet
  facet normal 0 0 1
    outer loop
      vertex 41.9888 23.3334 6
      vertex 37.5278 19.2865 6
      vertex 37.7446 19.1258 6
    endloop
  endfacet
  facet normal 0 0 1
    outer loop
      vertex 41.2426 24.2426 6
      vertex 37.2963 19.4253 6
      vertex 37.5278 19.2865 6
    endloop
  endfacet
  facet normal 0 0 1
    outer loop
      vertex 40.3334 24.9888 6
      vertex 37.0524 19.5407 6
      vertex 37.2963 19.4253 6
    endloop
  endfacet
  facet normal 0 0 1
    outer loop
      vertex 36.5365 19.6972 6
      vertex 37.5881 25.9711 6
      vertex 37 26 6
    endloop
  endfacet
  facet normal 0 0 1
    outer loop
      vertex 39.2961 25.5433 6
      vertex 36.7983 19.6316 6
      vertex 37.0524 19.5407 6
    endloop
  endfacet
  facet normal 0 0 1
    outer loop
      vertex 38.1705 25.8847 6
      vertex 36.5365 19.6972 6
      vertex 36.7983 19.6316 6
    endloop
  endfacet
  facet normal 0 0 1
    outer loop
      vertex 37 26 6
      vertex 36.2695 19.7368 6
      vertex 36.5365 19.6972 6
    endloop
  endfacet
  facet normal 0 0 1
    outer loop
      vertex 37 26 6
      vertex 36 19.75 6
      vertex 36.2695 19.7368 6
    endloop
  endfacet
  facet normal 0 0 1
    outer loop
      vertex 37 26 6
      vertex 30 19.75 6
      vertex 36 19.75 6
    endloop
  endfacet
  facet normal 0 0 1
    outer loop
      vertex 37 26 6
      vertex 29.7305 19.7368 6
      vertex 30 19.75 6
    endloop
  endfacet
  facet normal 0 0 1
    outer loop
      vertex 37 26 6
      vertex 29.4635 19.6972 6
      vertex 29.7305 19.7368 6
    endloop
  endfacet
  facet normal 0 0 1
    outer loop
      vertex 37 26 6
      vertex 29.2017 19.6316 6
      vertex 29.4635 19.6972 6
    endloop
  endfacet
  facet normal 0 0 1
    outer loop
      vertex 37 26 6
      vertex 28.9476 19.5407 6
      vertex 29.2017 19.6316 6
    endloop
  endfacet
  facet normal 0 0 1
    outer loop
      vertex 37 26 6
      vertex 28.7037 19.4253 6
      vertex 28.9476 19.5407 6
    endloop
  endfacet
  facet normal 0 0 1
    outer loop
      vertex 37 26 6
      vertex 28.4722 19.2865 6
      vertex 28.7037 19.4253 6
    endloop
  endfacet
  facet normal -0 0 1
    outer loop
      vertex -29.5 26 6
      vertex 28.4722 19.2865 6
      vertex 37 26 6
    endloop
  endfacet
  facet normal 0 0 1
    outer loop
      vertex 27.3028 -16.4635 6
      vertex -27.25 -17 6
      vertex 27.2632 -16.7305 6
    endloop
  endfacet
  facet normal 0 0 1
    outer loop
      vertex 27.2632 17.2695 6
      vertex -27.25 17 6
      vertex 27.25 17 6
    endloop
  endfacet
  facet normal 0 0 1
    outer loop
      vertex -27.2632 17.2695 6
      vertex 27.2632 17.2695 6
      vertex 27.3028 17.5365 6
    endloop
  endfacet
  facet normal 0 0 1
    outer loop
      vertex -27.3028 17.5365 6
      vertex 27.3028 17.5365 6
      vertex 27.3684 17.7983 6
    endloop
  endfacet
  facet normal 0 0 1
    outer loop
      vertex -27.3684 17.7983 6
      vertex 27.3684 17.7983 6
      vertex 27.4593 18.0524 6
    endloop
  endfacet
  facet normal 0 0 1
    outer loop
      vertex -29.5 26 6
      vertex 27.4593 18.0524 6
      vertex 27.5747 18.2963 6
    endloop
  endfacet
  facet normal 0 0 1
    outer loop
      vertex -29.5 26 6
      vertex 27.5747 18.2963 6
      vertex 27.7135 18.5278 6
    endloop
  endfacet
  facet normal 0 0 1
    outer loop
      vertex -29.5 26 6
      vertex 27.7135 18.5278 6
      vertex 27.8742 18.7446 6
    endloop
  endfacet
  facet normal 0 0 1
    outer loop
      vertex -29.5 26 6
      vertex 27.8742 18.7446 6
      vertex 28.0555 18.9445 6
    endloop
  endfacet
  facet normal 0 0 1
    outer loop
      vertex -29.5 26 6
      vertex 28.0555 18.9445 6
      vertex 28.2554 19.1258 6
    endloop
  endfacet
  facet normal 0 0 1
    outer loop
      vertex 28.4722 19.2865 6
      vertex -29.5 26 6
      vertex 28.2554 19.1258 6
    endloop
  endfacet
  facet normal 0 0 1
    outer loop
      vertex 27.2632 17.2695 6
      vertex -27.2632 17.2695 6
      vertex -27.25 17 6
    endloop
  endfacet
  facet normal 0 0 1
    outer loop
      vertex 27.3028 17.5365 6
      vertex -27.3028 17.5365 6
      vertex -27.2632 17.2695 6
    endloop
  endfacet
  facet normal 0 0 1
    outer loop
      vertex 27.3684 17.7983 6
      vertex -27.3684 17.7983 6
      vertex -27.3028 17.5365 6
    endloop
  endfacet
  facet normal 0 0 1
    outer loop
      vertex 27.4593 18.0524 6
      vertex -27.4593 18.0524 6
      vertex -27.3684 17.7983 6
    endloop
  endfacet
  facet normal 0 0 1
    outer loop
      vertex 27.4593 18.0524 6
      vertex -29.5 26 6
      vertex -27.4593 18.0524 6
    endloop
  endfacet
  facet normal 0 0 1
    outer loop
      vertex -27.4593 18.0524 6
      vertex -29.5 26 6
      vertex -27.5747 18.2963 6
    endloop
  endfacet
  facet normal 0 0 1
    outer loop
      vertex -27.5747 18.2963 6
      vertex -29.5 26 6
      vertex -27.7135 18.5278 6
    endloop
  endfacet
  facet normal 0 0 1
    outer loop
      vertex -27.7135 18.5278 6
      vertex -29.5 26 6
      vertex -27.8742 18.7446 6
    endloop
  endfacet
  facet normal 0 0 1
    outer loop
      vertex -27.8742 18.7446 6
      vertex -29.5 26 6
      vertex -28.0555 18.9445 6
    endloop
  endfacet
  facet normal 0 0 1
    outer loop
      vertex -28.0555 18.9445 6
      vertex -29.5 26 6
      vertex -28.2554 19.1258 6
    endloop
  endfacet
  facet normal 0 0 1
    outer loop
      vertex -28.2554 19.1258 6
      vertex -29.5 26 6
      vertex -28.4722 19.2865 6
    endloop
  endfacet
  facet normal 0 0 1
    outer loop
      vertex -28.4722 19.2865 6
      vertex -29.5 26 6
      vertex -28.7037 19.4253 6
    endloop
  endfacet
  facet normal 0 0 1
    outer loop
      vertex -28.7037 19.4253 6
      vertex -29.5 26 6
      vertex -28.9476 19.5407 6
    endloop
  endfacet
  facet normal 0 0 1
    outer loop
      vertex -28.9476 19.5407 6
      vertex -29.5 26 6
      vertex -29.2017 19.6316 6
    endloop
  endfacet
  facet normal 0 0 1
    outer loop
      vertex -29.2017 19.6316 6
      vertex -29.5 26 6
      vertex -29.4635 19.6972 6
    endloop
  endfacet
  facet normal 0 0 1
    outer loop
      vertex -29.4635 19.6972 6
      vertex -29.5 26 6
      vertex -29.7305 19.7368 6
    endloop
  endfacet
  facet normal 0 0 1
    outer loop
      vertex 42.7416 -21.7417 6
      vertex 37.9445 -18.9445 6
      vertex 42.5433 -22.2961 6
    endloop
  endfacet
  facet normal -0 0 1
    outer loop
      vertex 37.7446 -19.1258 6
      vertex 42.5433 -22.2961 6
      vertex 37.9445 -18.9445 6
    endloop
  endfacet
  facet normal 0 0 1
    outer loop
      vertex 42.5433 -22.2961 6
      vertex 37.7446 -19.1258 6
      vertex 42.2915 -22.8284 6
    endloop
  endfacet
  facet normal 0 0 1
    outer loop
      vertex 42.2915 -22.8284 6
      vertex 37.7446 -19.1258 6
      vertex 41.9888 -23.3334 6
    endloop
  endfacet
  facet normal -0 0 1
    outer loop
      vertex 37.5278 -19.2865 6
      vertex 41.9888 -23.3334 6
      vertex 37.7446 -19.1258 6
    endloop
  endfacet
  facet normal 0 0 1
    outer loop
      vertex 41.9888 -23.3334 6
      vertex 37.5278 -19.2865 6
      vertex 41.6381 -23.8064 6
    endloop
  endfacet
  facet normal 0 0 1
    outer loop
      vertex 41.6381 -23.8064 6
      vertex 37.5278 -19.2865 6
      vertex 41.2426 -24.2426 6
    endloop
  endfacet
  facet normal -0 0 1
    outer loop
      vertex 37.2963 -19.4253 6
      vertex 41.2426 -24.2426 6
      vertex 37.5278 -19.2865 6
    endloop
  endfacet
  facet normal 0 0 1
    outer loop
      vertex 41.2426 -24.2426 6
      vertex 37.2963 -19.4253 6
      vertex 40.8064 -24.6381 6
    endloop
  endfacet
  facet normal 0 0 1
    outer loop
      vertex 40.8064 -24.6381 6
      vertex 37.2963 -19.4253 6
      vertex 40.3334 -24.9888 6
    endloop
  endfacet
  facet normal -0 0 1
    outer loop
      vertex 37.0524 -19.5407 6
      vertex 40.3334 -24.9888 6
      vertex 37.2963 -19.4253 6
    endloop
  endfacet
  facet normal 0 0 1
    outer loop
      vertex 40.3334 -24.9888 6
      vertex 37.0524 -19.5407 6
      vertex 39.8284 -25.2915 6
    endloop
  endfacet
  facet normal 0 0 1
    outer loop
      vertex 39.8284 -25.2915 6
      vertex 37.0524 -19.5407 6
      vertex 39.2961 -25.5433 6
    endloop
  endfacet
  facet normal -0 0 1
    outer loop
      vertex 36.7983 -19.6316 6
      vertex 39.2961 -25.5433 6
      vertex 37.0524 -19.5407 6
    endloop
  endfacet
  facet normal 0 0 1
    outer loop
      vertex 39.2961 -25.5433 6
      vertex 36.7983 -19.6316 6
      vertex 38.7417 -25.7416 6
    endloop
  endfacet
  facet normal 0 0 1
    outer loop
      vertex 38.7417 -25.7416 6
      vertex 36.7983 -19.6316 6
      vertex 38.1705 -25.8847 6
    endloop
  endfacet
  facet normal -0 0 1
    outer loop
      vertex 36.5365 -19.6972 6
      vertex 38.1705 -25.8847 6
      vertex 36.7983 -19.6316 6
    endloop
  endfacet
  facet normal 0 0 1
    outer loop
      vertex 38.1705 -25.8847 6
      vertex 36.5365 -19.6972 6
      vertex 37.5881 -25.9711 6
    endloop
  endfacet
  facet normal 0 0 1
    outer loop
      vertex 37.5881 -25.9711 6
      vertex 36.5365 -19.6972 6
      vertex 37 -26 6
    endloop
  endfacet
  facet normal -0 0 1
    outer loop
      vertex 36.2695 -19.7368 6
      vertex 37 -26 6
      vertex 36.5365 -19.6972 6
    endloop
  endfacet
  facet normal -0 0 1
    outer loop
      vertex 36 -19.75 6
      vertex 37 -26 6
      vertex 36.2695 -19.7368 6
    endloop
  endfacet
  facet normal -0 0 1
    outer loop
      vertex 30 -19.75 6
      vertex 37 -26 6
      vertex 36 -19.75 6
    endloop
  endfacet
  facet normal 0 0 1
    outer loop
      vertex 29.7305 -19.7368 6
      vertex 37 -26 6
      vertex 30 -19.75 6
    endloop
  endfacet
  facet normal 0 0 1
    outer loop
      vertex 29.4635 -19.6972 6
      vertex 37 -26 6
      vertex 29.7305 -19.7368 6
    endloop
  endfacet
  facet normal 0 0 1
    outer loop
      vertex 29.2017 -19.6316 6
      vertex 37 -26 6
      vertex 29.4635 -19.6972 6
    endloop
  endfacet
  facet normal 0 0 1
    outer loop
      vertex 28.9476 -19.5407 6
      vertex 37 -26 6
      vertex 29.2017 -19.6316 6
    endloop
  endfacet
  facet normal 0 0 1
    outer loop
      vertex 28.7037 -19.4253 6
      vertex 37 -26 6
      vertex 28.9476 -19.5407 6
    endloop
  endfacet
  facet normal 0 0 1
    outer loop
      vertex 28.4722 -19.2865 6
      vertex 37 -26 6
      vertex 28.7037 -19.4253 6
    endloop
  endfacet
  facet normal 0 0 1
    outer loop
      vertex -32 -26 6
      vertex 28.4722 -19.2865 6
      vertex 28.2554 -19.1258 6
    endloop
  endfacet
  facet normal 0 0 1
    outer loop
      vertex 27.2632 -16.7305 6
      vertex -27.25 -17 6
      vertex 27.25 -17 6
    endloop
  endfacet
  facet normal 0 0 1
    outer loop
      vertex 27.25 -17 6
      vertex -27.25 -17 6
      vertex 27.2632 -17.2695 6
    endloop
  endfacet
  facet normal 0 0 1
    outer loop
      vertex -27.2632 -17.2695 6
      vertex 27.2632 -17.2695 6
      vertex -27.25 -17 6
    endloop
  endfacet
  facet normal 0 0 1
    outer loop
      vertex 27.2632 -17.2695 6
      vertex -27.2632 -17.2695 6
      vertex 27.3028 -17.5365 6
    endloop
  endfacet
  facet normal 0 0 1
    outer loop
      vertex -27.3028 -17.5365 6
      vertex 27.3028 -17.5365 6
      vertex -27.2632 -17.2695 6
    endloop
  endfacet
  facet normal 0 0 1
    outer loop
      vertex 27.3028 -17.5365 6
      vertex -27.3028 -17.5365 6
      vertex 27.3684 -17.7983 6
    endloop
  endfacet
  facet normal 0 0 1
    outer loop
      vertex -27.3684 -17.7983 6
      vertex 27.3684 -17.7983 6
      vertex -27.3028 -17.5365 6
    endloop
  endfacet
  facet normal 0 0 1
    outer loop
      vertex 27.3684 -17.7983 6
      vertex -27.3684 -17.7983 6
      vertex 27.4593 -18.0524 6
    endloop
  endfacet
  facet normal 0 0 1
    outer loop
      vertex -27.4593 -18.0524 6
      vertex 27.4593 -18.0524 6
      vertex -27.3684 -17.7983 6
    endloop
  endfacet
  facet normal 0 0 1
    outer loop
      vertex 27.4593 -18.0524 6
      vertex -27.4593 -18.0524 6
      vertex 27.5747 -18.2963 6
    endloop
  endfacet
  facet normal 0 0 1
    outer loop
      vertex -27.5747 -18.2963 6
      vertex 27.5747 -18.2963 6
      vertex -27.4593 -18.0524 6
    endloop
  endfacet
  facet normal 0 0 1
    outer loop
      vertex 27.5747 -18.2963 6
      vertex -27.5747 -18.2963 6
      vertex 27.7135 -18.5278 6
    endloop
  endfacet
  facet normal 0 0 1
    outer loop
      vertex -27.7135 -18.5278 6
      vertex 27.7135 -18.5278 6
      vertex -27.5747 -18.2963 6
    endloop
  endfacet
  facet normal 0 0 1
    outer loop
      vertex 27.7135 -18.5278 6
      vertex -27.7135 -18.5278 6
      vertex 27.8742 -18.7446 6
    endloop
  endfacet
  facet normal 0 0 1
    outer loop
      vertex -27.8742 -18.7446 6
      vertex 27.8742 -18.7446 6
      vertex -27.7135 -18.5278 6
    endloop
  endfacet
  facet normal 0 0 1
    outer loop
      vertex -32 -26 6
      vertex 27.8742 -18.7446 6
      vertex -27.8742 -18.7446 6
    endloop
  endfacet
  facet normal 0 0 1
    outer loop
      vertex 27.8742 -18.7446 6
      vertex -32 -26 6
      vertex 28.0555 -18.9445 6
    endloop
  endfacet
  facet normal 0 0 1
    outer loop
      vertex 28.0555 -18.9445 6
      vertex -32 -26 6
      vertex 28.2554 -19.1258 6
    endloop
  endfacet
  facet normal 0 0 1
    outer loop
      vertex -32 -26 6
      vertex -27.8742 -18.7446 6
      vertex -28.0555 -18.9445 6
    endloop
  endfacet
  facet normal 0 0 1
    outer loop
      vertex -32 -26 6
      vertex -28.0555 -18.9445 6
      vertex -28.2554 -19.1258 6
    endloop
  endfacet
  facet normal 0 0 1
    outer loop
      vertex -32 -26 6
      vertex -28.2554 -19.1258 6
      vertex -28.4722 -19.2865 6
    endloop
  endfacet
  facet normal 0 0 1
    outer loop
      vertex -32 -26 6
      vertex -28.4722 -19.2865 6
      vertex -28.7037 -19.4253 6
    endloop
  endfacet
  facet normal 0 0 1
    outer loop
      vertex -32 -26 6
      vertex -28.7037 -19.4253 6
      vertex -28.9476 -19.5407 6
    endloop
  endfacet
  facet normal 0 0 1
    outer loop
      vertex -32 -26 6
      vertex -28.9476 -19.5407 6
      vertex -29.2017 -19.6316 6
    endloop
  endfacet
  facet normal 0 0 1
    outer loop
      vertex -32 -26 6
      vertex -29.2017 -19.6316 6
      vertex -29.4635 -19.6972 6
    endloop
  endfacet
  facet normal 0 0 1
    outer loop
      vertex -32 -26 6
      vertex -29.4635 -19.6972 6
      vertex -29.5 -19.7026 6
    endloop
  endfacet
  facet normal 0 0 1
    outer loop
      vertex -32 12.5594 6
      vertex -29.7305 14.2632 6
      vertex -30 14.25 6
    endloop
  endfacet
  facet normal 0 0 1
    outer loop
      vertex -32 12.5594 6
      vertex -30 14.25 6
      vertex -32 14.25 6
    endloop
  endfacet
  facet normal 0 0 1
    outer loop
      vertex -29.7305 14.2632 6
      vertex -32 12.5594 6
      vertex -32 7.44059 6
    endloop
  endfacet
  facet normal -0 0 1
    outer loop
      vertex -32 -12.5594 6
      vertex -29.4635 -14.3028 6
      vertex -32 -7.44059 6
    endloop
  endfacet
  facet normal 0 0 1
    outer loop
      vertex -29.4635 -14.3028 6
      vertex -32 -12.5594 6
      vertex -29.5 -14.2974 6
    endloop
  endfacet
  facet normal 0 0 1
    outer loop
      vertex -29.5 -14.2974 6
      vertex -32 -12.5594 6
      vertex -29.5 -19.7026 6
    endloop
  endfacet
  facet normal 0 0 1
    outer loop
      vertex 28.4722 -19.2865 6
      vertex -32 -26 6
      vertex 37 -26 6
    endloop
  endfacet
  facet normal 0 0 1
    outer loop
      vertex -32 -26 6
      vertex -29.5 -19.7026 6
      vertex -32 -12.5594 6
    endloop
  endfacet
  facet normal 0 0 -1
    outer loop
      vertex -39 -26 6
      vertex -37.5881 -25.9711 6
      vertex -37 -26 6
    endloop
  endfacet
  facet normal 0 0 -1
    outer loop
      vertex -39 -26 6
      vertex -38.1705 -25.8847 6
      vertex -37.5881 -25.9711 6
    endloop
  endfacet
  facet normal 0 0 -1
    outer loop
      vertex -39 -26 6
      vertex -38.7417 -25.7416 6
      vertex -38.1705 -25.8847 6
    endloop
  endfacet
  facet normal -0 0 -1
    outer loop
      vertex -38.7417 -25.7416 6
      vertex -39 -26 6
      vertex -39 -25.6492 6
    endloop
  endfacet
  facet normal 0 0 -1
    outer loop
      vertex -37.5881 25.9711 6
      vertex -39 26 6
      vertex -37 26 6
    endloop
  endfacet
  facet normal 0 0 -1
    outer loop
      vertex -38.1705 25.8847 6
      vertex -39 26 6
      vertex -37.5881 25.9711 6
    endloop
  endfacet
  facet normal 0 0 -1
    outer loop
      vertex -38.7417 25.7416 6
      vertex -39 26 6
      vertex -38.1705 25.8847 6
    endloop
  endfacet
  facet normal 0 0 -1
    outer loop
      vertex -39 26 6
      vertex -38.7417 25.7416 6
      vertex -39 25.6492 6
    endloop
  endfacet
  facet normal 0 0 -1
    outer loop
      vertex -36 -19.75 6
      vertex -34.5 -14.25 6
      vertex -34.5 -19.75 6
    endloop
  endfacet
  facet normal 0 0 -1
    outer loop
      vertex -36 -19.75 6
      vertex -36 -14.25 6
      vertex -34.5 -14.25 6
    endloop
  endfacet
  facet normal 0 0 -1
    outer loop
      vertex -36.2695 -19.7368 6
      vertex -36 -14.25 6
      vertex -36 -19.75 6
    endloop
  endfacet
  facet normal 0 0 -1
    outer loop
      vertex -36.2695 -19.7368 6
      vertex -36.2695 -14.2632 6
      vertex -36 -14.25 6
    endloop
  endfacet
  facet normal 0 0 -1
    outer loop
      vertex -36.5365 -19.6972 6
      vertex -36.2695 -14.2632 6
      vertex -36.2695 -19.7368 6
    endloop
  endfacet
  facet normal 0 0 -1
    outer loop
      vertex -36.5365 -19.6972 6
      vertex -36.5365 -14.3028 6
      vertex -36.2695 -14.2632 6
    endloop
  endfacet
  facet normal 0 0 -1
    outer loop
      vertex -36.7983 -19.6316 6
      vertex -36.5365 -14.3028 6
      vertex -36.5365 -19.6972 6
    endloop
  endfacet
  facet normal 0 0 -1
    outer loop
      vertex -36.7983 -19.6316 6
      vertex -36.7983 -14.3684 6
      vertex -36.5365 -14.3028 6
    endloop
  endfacet
  facet normal 0 0 -1
    outer loop
      vertex -37.0524 -19.5407 6
      vertex -36.7983 -14.3684 6
      vertex -36.7983 -19.6316 6
    endloop
  endfacet
  facet normal 0 0 -1
    outer loop
      vertex -37.0524 -19.5407 6
      vertex -37.0524 -14.4593 6
      vertex -36.7983 -14.3684 6
    endloop
  endfacet
  facet normal 0 0 -1
    outer loop
      vertex -37.2963 -19.4253 6
      vertex -37.0524 -14.4593 6
      vertex -37.0524 -19.5407 6
    endloop
  endfacet
  facet normal 0 0 -1
    outer loop
      vertex -37.2963 -19.4253 6
      vertex -37.2963 -14.5747 6
      vertex -37.0524 -14.4593 6
    endloop
  endfacet
  facet normal 0 0 -1
    outer loop
      vertex -37.5278 -19.2865 6
      vertex -37.2963 -14.5747 6
      vertex -37.2963 -19.4253 6
    endloop
  endfacet
  facet normal 0 0 -1
    outer loop
      vertex -37.5278 -19.2865 6
      vertex -37.5278 -14.7135 6
      vertex -37.2963 -14.5747 6
    endloop
  endfacet
  facet normal 0 0 -1
    outer loop
      vertex -37.7446 -19.1258 6
      vertex -37.5278 -14.7135 6
      vertex -37.5278 -19.2865 6
    endloop
  endfacet
  facet normal 0 0 -1
    outer loop
      vertex -37.7446 -19.1258 6
      vertex -37.7446 -14.8742 6
      vertex -37.5278 -14.7135 6
    endloop
  endfacet
  facet normal 0 0 -1
    outer loop
      vertex -37.9445 -18.9445 6
      vertex -37.7446 -14.8742 6
      vertex -37.7446 -19.1258 6
    endloop
  endfacet
  facet normal 0 0 -1
    outer loop
      vertex -37.9445 -18.9445 6
      vertex -37.9445 -15.0555 6
      vertex -37.7446 -14.8742 6
    endloop
  endfacet
  facet normal 0 0 -1
    outer loop
      vertex -38.1258 -18.7446 6
      vertex -37.9445 -15.0555 6
      vertex -37.9445 -18.9445 6
    endloop
  endfacet
  facet normal 0 0 -1
    outer loop
      vertex -38.1258 -18.7446 6
      vertex -38.1258 -15.2554 6
      vertex -37.9445 -15.0555 6
    endloop
  endfacet
  facet normal 0 0 -1
    outer loop
      vertex -38.2865 -18.5278 6
      vertex -38.1258 -15.2554 6
      vertex -38.1258 -18.7446 6
    endloop
  endfacet
  facet normal 0 0 -1
    outer loop
      vertex -38.2865 -18.5278 6
      vertex -38.2865 -15.4722 6
      vertex -38.1258 -15.2554 6
    endloop
  endfacet
  facet normal 0 0 -1
    outer loop
      vertex -38.4253 -18.2963 6
      vertex -38.2865 -15.4722 6
      vertex -38.2865 -18.5278 6
    endloop
  endfacet
  facet normal 0 0 -1
    outer loop
      vertex -38.4253 -18.2963 6
      vertex -38.4253 -15.7037 6
      vertex -38.2865 -15.4722 6
    endloop
  endfacet
  facet normal 0 0 -1
    outer loop
      vertex -38.5407 -18.0524 6
      vertex -38.4253 -15.7037 6
      vertex -38.4253 -18.2963 6
    endloop
  endfacet
  facet normal 0 0 -1
    outer loop
      vertex -38.5407 -18.0524 6
      vertex -38.5407 -15.9476 6
      vertex -38.4253 -15.7037 6
    endloop
  endfacet
  facet normal 0 0 -1
    outer loop
      vertex -38.6316 -17.7983 6
      vertex -38.5407 -15.9476 6
      vertex -38.5407 -18.0524 6
    endloop
  endfacet
  facet normal 0 0 -1
    outer loop
      vertex -38.6316 -17.7983 6
      vertex -38.6316 -16.2017 6
      vertex -38.5407 -15.9476 6
    endloop
  endfacet
  facet normal 0 0 -1
    outer loop
      vertex -38.6972 -17.5365 6
      vertex -38.6316 -16.2017 6
      vertex -38.6316 -17.7983 6
    endloop
  endfacet
  facet normal 0 0 -1
    outer loop
      vertex -38.6972 -17.5365 6
      vertex -38.6972 -16.4635 6
      vertex -38.6316 -16.2017 6
    endloop
  endfacet
  facet normal 0 0 -1
    outer loop
      vertex -38.7368 -17.2695 6
      vertex -38.6972 -16.4635 6
      vertex -38.6972 -17.5365 6
    endloop
  endfacet
  facet normal 0 0 -1
    outer loop
      vertex -38.7368 -17.2695 6
      vertex -38.7368 -16.7305 6
      vertex -38.6972 -16.4635 6
    endloop
  endfacet
  facet normal 0 -0 -1
    outer loop
      vertex -38.7368 -16.7305 6
      vertex -38.7368 -17.2695 6
      vertex -38.75 -17 6
    endloop
  endfacet
  facet normal 0 0 -1
    outer loop
      vertex -36 14.25 6
      vertex -32 19.75 6
      vertex -32 14.25 6
    endloop
  endfacet
  facet normal 0 0 -1
    outer loop
      vertex -36 14.25 6
      vertex -36 19.75 6
      vertex -32 19.75 6
    endloop
  endfacet
  facet normal 0 0 -1
    outer loop
      vertex -36.2695 14.2632 6
      vertex -36 19.75 6
      vertex -36 14.25 6
    endloop
  endfacet
  facet normal 0 0 -1
    outer loop
      vertex -36.2695 14.2632 6
      vertex -36.2695 19.7368 6
      vertex -36 19.75 6
    endloop
  endfacet
  facet normal 0 0 -1
    outer loop
      vertex -36.5365 14.3028 6
      vertex -36.2695 19.7368 6
      vertex -36.2695 14.2632 6
    endloop
  endfacet
  facet normal 0 0 -1
    outer loop
      vertex -36.5365 14.3028 6
      vertex -36.5365 19.6972 6
      vertex -36.2695 19.7368 6
    endloop
  endfacet
  facet normal 0 0 -1
    outer loop
      vertex -36.7983 14.3684 6
      vertex -36.5365 19.6972 6
      vertex -36.5365 14.3028 6
    endloop
  endfacet
  facet normal 0 0 -1
    outer loop
      vertex -36.7983 14.3684 6
      vertex -36.7983 19.6316 6
      vertex -36.5365 19.6972 6
    endloop
  endfacet
  facet normal 0 0 -1
    outer loop
      vertex -37.0524 14.4593 6
      vertex -36.7983 19.6316 6
      vertex -36.7983 14.3684 6
    endloop
  endfacet
  facet normal 0 0 -1
    outer loop
      vertex -37.0524 14.4593 6
      vertex -37.0524 19.5407 6
      vertex -36.7983 19.6316 6
    endloop
  endfacet
  facet normal 0 0 -1
    outer loop
      vertex -37.2963 14.5747 6
      vertex -37.0524 19.5407 6
      vertex -37.0524 14.4593 6
    endloop
  endfacet
  facet normal 0 0 -1
    outer loop
      vertex -37.2963 14.5747 6
      vertex -37.2963 19.4253 6
      vertex -37.0524 19.5407 6
    endloop
  endfacet
  facet normal 0 0 -1
    outer loop
      vertex -37.5278 14.7135 6
      vertex -37.2963 19.4253 6
      vertex -37.2963 14.5747 6
    endloop
  endfacet
  facet normal 0 0 -1
    outer loop
      vertex -37.5278 14.7135 6
      vertex -37.5278 19.2865 6
      vertex -37.2963 19.4253 6
    endloop
  endfacet
  facet normal 0 0 -1
    outer loop
      vertex -37.7446 14.8742 6
      vertex -37.5278 19.2865 6
      vertex -37.5278 14.7135 6
    endloop
  endfacet
  facet normal 0 0 -1
    outer loop
      vertex -37.7446 14.8742 6
      vertex -37.7446 19.1258 6
      vertex -37.5278 19.2865 6
    endloop
  endfacet
  facet normal 0 0 -1
    outer loop
      vertex -37.9445 15.0555 6
      vertex -37.7446 19.1258 6
      vertex -37.7446 14.8742 6
    endloop
  endfacet
  facet normal 0 0 -1
    outer loop
      vertex -37.9445 15.0555 6
      vertex -37.9445 18.9445 6
      vertex -37.7446 19.1258 6
    endloop
  endfacet
  facet normal 0 0 -1
    outer loop
      vertex -38.1258 15.2554 6
      vertex -37.9445 18.9445 6
      vertex -37.9445 15.0555 6
    endloop
  endfacet
  facet normal 0 0 -1
    outer loop
      vertex -38.1258 15.2554 6
      vertex -38.1258 18.7446 6
      vertex -37.9445 18.9445 6
    endloop
  endfacet
  facet normal 0 0 -1
    outer loop
      vertex -38.2865 15.4722 6
      vertex -38.1258 18.7446 6
      vertex -38.1258 15.2554 6
    endloop
  endfacet
  facet normal 0 0 -1
    outer loop
      vertex -38.2865 15.4722 6
      vertex -38.2865 18.5278 6
      vertex -38.1258 18.7446 6
    endloop
  endfacet
  facet normal 0 0 -1
    outer loop
      vertex -38.4253 15.7037 6
      vertex -38.2865 18.5278 6
      vertex -38.2865 15.4722 6
    endloop
  endfacet
  facet normal 0 0 -1
    outer loop
      vertex -38.4253 15.7037 6
      vertex -38.4253 18.2963 6
      vertex -38.2865 18.5278 6
    endloop
  endfacet
  facet normal 0 0 -1
    outer loop
      vertex -38.5407 15.9476 6
      vertex -38.4253 18.2963 6
      vertex -38.4253 15.7037 6
    endloop
  endfacet
  facet normal 0 0 -1
    outer loop
      vertex -38.5407 15.9476 6
      vertex -38.5407 18.0524 6
      vertex -38.4253 18.2963 6
    endloop
  endfacet
  facet normal 0 0 -1
    outer loop
      vertex -38.6316 16.2017 6
      vertex -38.5407 18.0524 6
      vertex -38.5407 15.9476 6
    endloop
  endfacet
  facet normal 0 0 -1
    outer loop
      vertex -38.6316 16.2017 6
      vertex -38.6316 17.7983 6
      vertex -38.5407 18.0524 6
    endloop
  endfacet
  facet normal 0 0 -1
    outer loop
      vertex -38.6972 16.4635 6
      vertex -38.6316 17.7983 6
      vertex -38.6316 16.2017 6
    endloop
  endfacet
  facet normal 0 0 -1
    outer loop
      vertex -38.6972 16.4635 6
      vertex -38.6972 17.5365 6
      vertex -38.6316 17.7983 6
    endloop
  endfacet
  facet normal 0 0 -1
    outer loop
      vertex -38.7368 16.7305 6
      vertex -38.6972 17.5365 6
      vertex -38.6972 16.4635 6
    endloop
  endfacet
  facet normal 0 0 -1
    outer loop
      vertex -38.7368 16.7305 6
      vertex -38.7368 17.2695 6
      vertex -38.6972 17.5365 6
    endloop
  endfacet
  facet normal 0 -0 -1
    outer loop
      vertex -38.7368 17.2695 6
      vertex -38.7368 16.7305 6
      vertex -38.75 17 6
    endloop
  endfacet
  facet normal 0.998795 0.0490821 3.77776e-19
    outer loop
      vertex 43 20 6
      vertex 42.9711 20.5881 0
      vertex 42.9711 20.5881 6
    endloop
  endfacet
  facet normal 0.998795 0.0490821 3.77776e-19
    outer loop
      vertex 42.9711 20.5881 0
      vertex 43 20 6
      vertex 43 20 0
    endloop
  endfacet
  facet normal -0.94158 0.336788 1.63354e-18
    outer loop
      vertex -42.7416 21.7417 0
      vertex -42.5433 22.2961 6
      vertex -42.5433 22.2961 0
    endloop
  endfacet
  facet normal -0.94158 0.336788 1.63354e-18
    outer loop
      vertex -42.5433 22.2961 6
      vertex -42.7416 21.7417 0
      vertex -42.7416 21.7417 6
    endloop
  endfacet
  facet normal 0.427612 -0.903962 0
    outer loop
      vertex 39.2961 -25.5433 0
      vertex 39.8284 -25.2915 6
      vertex 39.2961 -25.5433 6
    endloop
  endfacet
  facet normal 0.427612 -0.903962 0
    outer loop
      vertex 39.8284 -25.2915 6
      vertex 39.2961 -25.5433 0
      vertex 39.8284 -25.2915 0
    endloop
  endfacet
  facet normal -0.989174 -0.146746 -4.58681e-19
    outer loop
      vertex -42.8847 -21.1705 0
      vertex -42.9711 -20.5881 6
      vertex -42.9711 -20.5881 0
    endloop
  endfacet
  facet normal -0.989174 -0.146746 -4.58681e-19
    outer loop
      vertex -42.9711 -20.5881 6
      vertex -42.8847 -21.1705 0
      vertex -42.8847 -21.1705 6
    endloop
  endfacet
  facet normal 1 -0 0
    outer loop
      vertex 43 -20 6
      vertex 43 20 0
      vertex 43 20 6
    endloop
  endfacet
  facet normal 1 0 0
    outer loop
      vertex 43 20 0
      vertex 43 -20 6
      vertex 43 -20 0
    endloop
  endfacet
  facet normal -0.94158 -0.336788 -1.63354e-18
    outer loop
      vertex -42.5433 -22.2961 0
      vertex -42.7416 -21.7417 6
      vertex -42.7416 -21.7417 0
    endloop
  endfacet
  facet normal -0.94158 -0.336788 -1.63354e-18
    outer loop
      vertex -42.7416 -21.7417 6
      vertex -42.5433 -22.2961 0
      vertex -42.5433 -22.2961 6
    endloop
  endfacet
  facet normal -0.336821 0.941569 0
    outer loop
      vertex -38.7417 25.7416 0
      vertex -39 25.6492 6
      vertex -38.7417 25.7416 6
    endloop
  endfacet
  facet normal -0.336788 0.94158 1.60497e-06
    outer loop
      vertex -39.2961 25.5433 0
      vertex -39 25.6492 6
      vertex -38.7417 25.7416 0
    endloop
  endfacet
  facet normal -0.336759 0.941591 8.4531e-19
    outer loop
      vertex -39 25.6492 6
      vertex -39.2961 25.5433 0
      vertex -39.2961 25.5433 6
    endloop
  endfacet
  facet normal 0.336788 0.94158 -0
    outer loop
      vertex 39.2961 25.5433 0
      vertex 38.7417 25.7416 6
      vertex 39.2961 25.5433 6
    endloop
  endfacet
  facet normal 0.336788 0.94158 0
    outer loop
      vertex 38.7417 25.7416 6
      vertex 39.2961 25.5433 0
      vertex 38.7417 25.7416 0
    endloop
  endfacet
  facet normal 0.146746 0.989174 -0
    outer loop
      vertex 38.1705 25.8847 0
      vertex 37.5881 25.9711 6
      vertex 38.1705 25.8847 6
    endloop
  endfacet
  facet normal 0.146746 0.989174 0
    outer loop
      vertex 37.5881 25.9711 6
      vertex 38.1705 25.8847 0
      vertex 37.5881 25.9711 0
    endloop
  endfacet
  facet normal 0.740823 -0.6717 2.34553e-18
    outer loop
      vertex 41.2426 -24.2426 6
      vertex 41.6381 -23.8064 0
      vertex 41.6381 -23.8064 6
    endloop
  endfacet
  facet normal 0.740823 -0.6717 2.34553e-18
    outer loop
      vertex 41.6381 -23.8064 0
      vertex 41.2426 -24.2426 6
      vertex 41.2426 -24.2426 0
    endloop
  endfacet
  facet normal 0.336788 -0.94158 0
    outer loop
      vertex 38.7417 -25.7416 0
      vertex 39.2961 -25.5433 6
      vertex 38.7417 -25.7416 6
    endloop
  endfacet
  facet normal 0.336788 -0.94158 0
    outer loop
      vertex 39.2961 -25.5433 6
      vertex 38.7417 -25.7416 0
      vertex 39.2961 -25.5433 0
    endloop
  endfacet
  facet normal 0.514121 -0.857718 0
    outer loop
      vertex 39.8284 -25.2915 0
      vertex 40.3334 -24.9888 6
      vertex 39.8284 -25.2915 6
    endloop
  endfacet
  facet normal 0.514121 -0.857718 0
    outer loop
      vertex 40.3334 -24.9888 6
      vertex 39.8284 -25.2915 0
      vertex 40.3334 -24.9888 0
    endloop
  endfacet
  facet normal 0.595589 -0.803289 0
    outer loop
      vertex 40.3334 -24.9888 0
      vertex 40.8064 -24.6381 6
      vertex 40.3334 -24.9888 6
    endloop
  endfacet
  facet normal 0.595589 -0.803289 0
    outer loop
      vertex 40.8064 -24.6381 6
      vertex 40.3334 -24.9888 0
      vertex 40.8064 -24.6381 0
    endloop
  endfacet
  facet normal 0.970023 0.243015 -1.48286e-18
    outer loop
      vertex 42.8847 21.1705 6
      vertex 42.7416 21.7417 0
      vertex 42.7416 21.7417 6
    endloop
  endfacet
  facet normal 0.970023 0.243015 -1.48286e-18
    outer loop
      vertex 42.7416 21.7417 0
      vertex 42.8847 21.1705 6
      vertex 42.8847 21.1705 0
    endloop
  endfacet
  facet normal 0.94158 0.336788 -1.63354e-18
    outer loop
      vertex 42.7416 21.7417 6
      vertex 42.5433 22.2961 0
      vertex 42.5433 22.2961 6
    endloop
  endfacet
  facet normal 0.94158 0.336788 -1.63354e-18
    outer loop
      vertex 42.5433 22.2961 0
      vertex 42.7416 21.7417 6
      vertex 42.7416 21.7417 0
    endloop
  endfacet
  facet normal -0.6717 0.740823 0
    outer loop
      vertex -40.8064 24.6381 0
      vertex -41.2426 24.2426 6
      vertex -40.8064 24.6381 6
    endloop
  endfacet
  facet normal -0.6717 0.740823 0
    outer loop
      vertex -41.2426 24.2426 6
      vertex -40.8064 24.6381 0
      vertex -41.2426 24.2426 0
    endloop
  endfacet
  facet normal -0.903962 0.427612 -7.18806e-19
    outer loop
      vertex -42.5433 22.2961 0
      vertex -42.2915 22.8284 6
      vertex -42.2915 22.8284 0
    endloop
  endfacet
  facet normal -0.903962 0.427612 -7.18806e-19
    outer loop
      vertex -42.2915 22.8284 6
      vertex -42.5433 22.2961 0
      vertex -42.5433 22.2961 6
    endloop
  endfacet
  facet normal 0.6717 -0.740823 0
    outer loop
      vertex 40.8064 -24.6381 0
      vertex 41.2426 -24.2426 6
      vertex 40.8064 -24.6381 6
    endloop
  endfacet
  facet normal 0.6717 -0.740823 0
    outer loop
      vertex 41.2426 -24.2426 6
      vertex 40.8064 -24.6381 0
      vertex 41.2426 -24.2426 0
    endloop
  endfacet
  facet normal -0.146746 0.989174 0
    outer loop
      vertex -37.5881 25.9711 0
      vertex -38.1705 25.8847 6
      vertex -37.5881 25.9711 6
    endloop
  endfacet
  facet normal -0.146746 0.989174 0
    outer loop
      vertex -38.1705 25.8847 6
      vertex -37.5881 25.9711 0
      vertex -38.1705 25.8847 0
    endloop
  endfacet
  facet normal -0.514121 0.857718 0
    outer loop
      vertex -39.8284 25.2915 0
      vertex -40.3334 24.9888 6
      vertex -39.8284 25.2915 6
    endloop
  endfacet
  facet normal -0.514121 0.857718 0
    outer loop
      vertex -40.3334 24.9888 6
      vertex -39.8284 25.2915 0
      vertex -40.3334 24.9888 0
    endloop
  endfacet
  facet normal 0.0490821 -0.998795 0
    outer loop
      vertex 37 -26 0
      vertex 37.5881 -25.9711 6
      vertex 37 -26 6
    endloop
  endfacet
  facet normal 0.0490821 -0.998795 0
    outer loop
      vertex 37.5881 -25.9711 6
      vertex 37 -26 0
      vertex 37.5881 -25.9711 0
    endloop
  endfacet
  facet normal -0.0490821 0.998795 0
    outer loop
      vertex -37 26 0
      vertex -37.5881 25.9711 6
      vertex -37 26 6
    endloop
  endfacet
  facet normal -0.0490821 0.998795 0
    outer loop
      vertex -37.5881 25.9711 6
      vertex -37 26 0
      vertex -37.5881 25.9711 0
    endloop
  endfacet
  facet normal 0.903962 0.427612 7.18806e-19
    outer loop
      vertex 42.5433 22.2961 6
      vertex 42.2915 22.8284 0
      vertex 42.2915 22.8284 6
    endloop
  endfacet
  facet normal 0.903962 0.427612 7.18806e-19
    outer loop
      vertex 42.2915 22.8284 0
      vertex 42.5433 22.2961 6
      vertex 42.5433 22.2961 0
    endloop
  endfacet
  facet normal 0.146746 -0.989174 0
    outer loop
      vertex 37.5881 -25.9711 0
      vertex 38.1705 -25.8847 6
      vertex 37.5881 -25.9711 6
    endloop
  endfacet
  facet normal 0.146746 -0.989174 0
    outer loop
      vertex 38.1705 -25.8847 6
      vertex 37.5881 -25.9711 0
      vertex 38.1705 -25.8847 0
    endloop
  endfacet
  facet normal -0.146746 -0.989174 0
    outer loop
      vertex -38.1705 -25.8847 0
      vertex -37.5881 -25.9711 6
      vertex -38.1705 -25.8847 6
    endloop
  endfacet
  facet normal -0.146746 -0.989174 -0
    outer loop
      vertex -37.5881 -25.9711 6
      vertex -38.1705 -25.8847 0
      vertex -37.5881 -25.9711 0
    endloop
  endfacet
  facet normal 0 0 -1
    outer loop
      vertex -34.5 -14.25 0
      vertex -36 -14.25 0
      vertex -34.5 7.94931 0
    endloop
  endfacet
  facet normal 0 0 -1
    outer loop
      vertex -29.7305 19.7368 0
      vertex -29.5 23.5 0
      vertex -29.4635 19.6972 0
    endloop
  endfacet
  facet normal 0 0 -1
    outer loop
      vertex -30 19.75 0
      vertex -29.5 23.5 0
      vertex -29.7305 19.7368 0
    endloop
  endfacet
  facet normal 0 0 -1
    outer loop
      vertex -30 19.75 0
      vertex -34.5 23.5 0
      vertex -29.5 23.5 0
    endloop
  endfacet
  facet normal 0 0 -1
    outer loop
      vertex -36 19.75 0
      vertex -34.5 23.5 0
      vertex -30 19.75 0
    endloop
  endfacet
  facet normal 0 0 -1
    outer loop
      vertex -36.2695 19.7368 0
      vertex -34.5 23.5 0
      vertex -36 19.75 0
    endloop
  endfacet
  facet normal 0 0 -1
    outer loop
      vertex -36.5365 19.6972 0
      vertex -34.5 23.5 0
      vertex -36.2695 19.7368 0
    endloop
  endfacet
  facet normal 0 0 -1
    outer loop
      vertex -36.7983 19.6316 0
      vertex -34.5 23.5 0
      vertex -36.5365 19.6972 0
    endloop
  endfacet
  facet normal -0 0 -1
    outer loop
      vertex -34.5 23.5 0
      vertex -36.7983 19.6316 0
      vertex -38.1705 25.8847 0
    endloop
  endfacet
  facet normal 0 0 -1
    outer loop
      vertex -34.5 23.5 0
      vertex -37 26 0
      vertex -34.5 26 0
    endloop
  endfacet
  facet normal 0 0 -1
    outer loop
      vertex -39.2961 25.5433 0
      vertex -36.7983 19.6316 0
      vertex -37.0524 19.5407 0
    endloop
  endfacet
  facet normal 0 0 -1
    outer loop
      vertex -40.3334 24.9888 0
      vertex -37.0524 19.5407 0
      vertex -37.2963 19.4253 0
    endloop
  endfacet
  facet normal 0 0 -1
    outer loop
      vertex -41.2426 24.2426 0
      vertex -37.2963 19.4253 0
      vertex -37.5278 19.2865 0
    endloop
  endfacet
  facet normal 0 0 -1
    outer loop
      vertex -34.5 23.5 0
      vertex -37.5881 25.9711 0
      vertex -37 26 0
    endloop
  endfacet
  facet normal 0 0 -1
    outer loop
      vertex -41.9888 23.3334 0
      vertex -37.5278 19.2865 0
      vertex -37.7446 19.1258 0
    endloop
  endfacet
  facet normal 0 0 -1
    outer loop
      vertex -42.5433 22.2961 0
      vertex -37.7446 19.1258 0
      vertex -37.9445 18.9445 0
    endloop
  endfacet
  facet normal 0 0 -1
    outer loop
      vertex -42.8847 21.1705 0
      vertex -37.9445 18.9445 0
      vertex -38.1258 18.7446 0
    endloop
  endfacet
  facet normal 0 0 -1
    outer loop
      vertex -34.5 23.5 0
      vertex -38.1705 25.8847 0
      vertex -37.5881 25.9711 0
    endloop
  endfacet
  facet normal 0 0 -1
    outer loop
      vertex -42.9711 20.5881 0
      vertex -38.1258 18.7446 0
      vertex -38.2865 18.5278 0
    endloop
  endfacet
  facet normal 0 0 -1
    outer loop
      vertex -43 20 0
      vertex -38.2865 18.5278 0
      vertex -38.4253 18.2963 0
    endloop
  endfacet
  facet normal 0 0 -1
    outer loop
      vertex -43 20 0
      vertex -38.4253 18.2963 0
      vertex -38.5407 18.0524 0
    endloop
  endfacet
  facet normal 0 0 -1
    outer loop
      vertex -43 20 0
      vertex -38.5407 18.0524 0
      vertex -38.6316 17.7983 0
    endloop
  endfacet
  facet normal 0 0 -1
    outer loop
      vertex -43 20 0
      vertex -38.6316 17.7983 0
      vertex -38.6972 17.5365 0
    endloop
  endfacet
  facet normal 0 0 -1
    outer loop
      vertex -43 20 0
      vertex -38.6972 17.5365 0
      vertex -38.7368 17.2695 0
    endloop
  endfacet
  facet normal 0 0 -1
    outer loop
      vertex -36.7983 19.6316 0
      vertex -38.7417 25.7416 0
      vertex -38.1705 25.8847 0
    endloop
  endfacet
  facet normal 0 0 -1
    outer loop
      vertex -43 20 0
      vertex -38.7368 17.2695 0
      vertex -38.75 17 0
    endloop
  endfacet
  facet normal 0 0 -1
    outer loop
      vertex -38.6972 16.4635 0
      vertex -43 20 0
      vertex -38.7368 16.7305 0
    endloop
  endfacet
  facet normal 0 0 -1
    outer loop
      vertex -38.7368 16.7305 0
      vertex -43 20 0
      vertex -38.75 17 0
    endloop
  endfacet
  facet normal 0 0 -1
    outer loop
      vertex -43 -20 0
      vertex -39.2961 -25.5433 0
      vertex -39.8284 -25.2915 0
    endloop
  endfacet
  facet normal 0 0 -1
    outer loop
      vertex -38.2865 18.5278 0
      vertex -43 20 0
      vertex -42.9711 20.5881 0
    endloop
  endfacet
  facet normal 0 0 -1
    outer loop
      vertex -43 -20 0
      vertex -39.8284 -25.2915 0
      vertex -40.3334 -24.9888 0
    endloop
  endfacet
  facet normal 0 0 -1
    outer loop
      vertex -36.7983 19.6316 0
      vertex -39.2961 25.5433 0
      vertex -38.7417 25.7416 0
    endloop
  endfacet
  facet normal 0 0 -1
    outer loop
      vertex -43 -20 0
      vertex -40.3334 -24.9888 0
      vertex -40.8064 -24.6381 0
    endloop
  endfacet
  facet normal 0 0 -1
    outer loop
      vertex -37.0524 19.5407 0
      vertex -39.8284 25.2915 0
      vertex -39.2961 25.5433 0
    endloop
  endfacet
  facet normal 0 0 -1
    outer loop
      vertex -43 -20 0
      vertex -40.8064 -24.6381 0
      vertex -41.2426 -24.2426 0
    endloop
  endfacet
  facet normal 0 0 -1
    outer loop
      vertex -37.0524 19.5407 0
      vertex -40.3334 24.9888 0
      vertex -39.8284 25.2915 0
    endloop
  endfacet
  facet normal 0 0 -1
    outer loop
      vertex -43 -20 0
      vertex -41.2426 -24.2426 0
      vertex -41.6381 -23.8064 0
    endloop
  endfacet
  facet normal 0 0 -1
    outer loop
      vertex -37.2963 19.4253 0
      vertex -40.8064 24.6381 0
      vertex -40.3334 24.9888 0
    endloop
  endfacet
  facet normal 0 0 -1
    outer loop
      vertex -43 -20 0
      vertex -41.6381 -23.8064 0
      vertex -41.9888 -23.3334 0
    endloop
  endfacet
  facet normal 0 0 -1
    outer loop
      vertex -37.2963 19.4253 0
      vertex -41.2426 24.2426 0
      vertex -40.8064 24.6381 0
    endloop
  endfacet
  facet normal 0 0 -1
    outer loop
      vertex -43 -20 0
      vertex -41.9888 -23.3334 0
      vertex -42.2915 -22.8284 0
    endloop
  endfacet
  facet normal 0 0 -1
    outer loop
      vertex -37.5278 19.2865 0
      vertex -41.6381 23.8064 0
      vertex -41.2426 24.2426 0
    endloop
  endfacet
  facet normal 0 0 -1
    outer loop
      vertex -43 -20 0
      vertex -42.2915 -22.8284 0
      vertex -42.5433 -22.2961 0
    endloop
  endfacet
  facet normal 0 0 -1
    outer loop
      vertex -37.5278 19.2865 0
      vertex -41.9888 23.3334 0
      vertex -41.6381 23.8064 0
    endloop
  endfacet
  facet normal 0 0 -1
    outer loop
      vertex -43 -20 0
      vertex -42.5433 -22.2961 0
      vertex -42.7416 -21.7417 0
    endloop
  endfacet
  facet normal 0 0 -1
    outer loop
      vertex -37.7446 19.1258 0
      vertex -42.2915 22.8284 0
      vertex -41.9888 23.3334 0
    endloop
  endfacet
  facet normal 0 0 -1
    outer loop
      vertex -43 -20 0
      vertex -42.7416 -21.7417 0
      vertex -42.8847 -21.1705 0
    endloop
  endfacet
  facet normal 0 0 -1
    outer loop
      vertex -37.7446 19.1258 0
      vertex -42.5433 22.2961 0
      vertex -42.2915 22.8284 0
    endloop
  endfacet
  facet normal 0 0 -1
    outer loop
      vertex -43 -20 0
      vertex -42.8847 -21.1705 0
      vertex -42.9711 -20.5881 0
    endloop
  endfacet
  facet normal 0 0 -1
    outer loop
      vertex -37.9445 18.9445 0
      vertex -42.7416 21.7417 0
      vertex -42.5433 22.2961 0
    endloop
  endfacet
  facet normal 0 0 -1
    outer loop
      vertex -37.9445 18.9445 0
      vertex -42.8847 21.1705 0
      vertex -42.7416 21.7417 0
    endloop
  endfacet
  facet normal 0 0 -1
    outer loop
      vertex -38.1258 18.7446 0
      vertex -42.9711 20.5881 0
      vertex -42.8847 21.1705 0
    endloop
  endfacet
  facet normal 0 0 -1
    outer loop
      vertex -27.4593 -15.9476 0
      vertex 27.4593 -15.9476 0
      vertex -27.3684 -16.2017 0
    endloop
  endfacet
  facet normal 0 0 -1
    outer loop
      vertex 27.5747 15.7037 0
      vertex -27.2632 16.7305 0
      vertex -27.25 17 0
    endloop
  endfacet
  facet normal 0 0 -1
    outer loop
      vertex 27.4593 -15.9476 0
      vertex -27.4593 -15.9476 0
      vertex 27.5747 -15.7037 0
    endloop
  endfacet
  facet normal 0 0 -1
    outer loop
      vertex 27.5747 15.7037 0
      vertex -27.3028 16.4635 0
      vertex -27.2632 16.7305 0
    endloop
  endfacet
  facet normal 0 0 -1
    outer loop
      vertex -27.5747 -15.7037 0
      vertex 27.5747 -15.7037 0
      vertex -27.4593 -15.9476 0
    endloop
  endfacet
  facet normal 0 0 -1
    outer loop
      vertex 27.5747 15.7037 0
      vertex -27.3684 16.2017 0
      vertex -27.3028 16.4635 0
    endloop
  endfacet
  facet normal 0 0 -1
    outer loop
      vertex -29.5 7.94931 0
      vertex 27.5747 -15.7037 0
      vertex -27.5747 -15.7037 0
    endloop
  endfacet
  facet normal 0 0 -1
    outer loop
      vertex 27.5747 15.7037 0
      vertex -27.4593 15.9476 0
      vertex -27.3684 16.2017 0
    endloop
  endfacet
  facet normal 0 0 -1
    outer loop
      vertex 27.5747 -15.7037 0
      vertex -29.5 7.94931 0
      vertex 27.5747 15.7037 0
    endloop
  endfacet
  facet normal -0 0 -1
    outer loop
      vertex 27.5747 15.7037 0
      vertex -29.5 7.94931 0
      vertex -27.4593 15.9476 0
    endloop
  endfacet
  facet normal 0 0 -1
    outer loop
      vertex -29.5 7.94931 0
      vertex -27.5747 -15.7037 0
      vertex -27.7135 -15.4722 0
    endloop
  endfacet
  facet normal 0 0 -1
    outer loop
      vertex -27.4593 15.9476 0
      vertex -29.5 7.94931 0
      vertex -27.5747 15.7037 0
    endloop
  endfacet
  facet normal 0 0 -1
    outer loop
      vertex -29.5 7.94931 0
      vertex -27.7135 -15.4722 0
      vertex -27.8742 -15.2554 0
    endloop
  endfacet
  facet normal 0 0 -1
    outer loop
      vertex -27.5747 15.7037 0
      vertex -29.5 7.94931 0
      vertex -27.7135 15.4722 0
    endloop
  endfacet
  facet normal 0 0 -1
    outer loop
      vertex -29.5 7.94931 0
      vertex -27.8742 -15.2554 0
      vertex -28.0555 -15.0555 0
    endloop
  endfacet
  facet normal 0 0 -1
    outer loop
      vertex -27.7135 15.4722 0
      vertex -29.5 7.94931 0
      vertex -27.8742 15.2554 0
    endloop
  endfacet
  facet normal 0 0 -1
    outer loop
      vertex -29.5 7.94931 0
      vertex -28.0555 -15.0555 0
      vertex -28.2554 -14.8742 0
    endloop
  endfacet
  facet normal 0 0 -1
    outer loop
      vertex -27.8742 15.2554 0
      vertex -29.5 7.94931 0
      vertex -28.0555 15.0555 0
    endloop
  endfacet
  facet normal 0 0 -1
    outer loop
      vertex -29.5 7.94931 0
      vertex -28.2554 -14.8742 0
      vertex -28.4722 -14.7135 0
    endloop
  endfacet
  facet normal 0 0 -1
    outer loop
      vertex -28.0555 15.0555 0
      vertex -29.5 7.94931 0
      vertex -28.2554 14.8742 0
    endloop
  endfacet
  facet normal 0 0 -1
    outer loop
      vertex -29.5 7.94931 0
      vertex -28.4722 -14.7135 0
      vertex -28.7037 -14.5747 0
    endloop
  endfacet
  facet normal 0 0 -1
    outer loop
      vertex -28.2554 14.8742 0
      vertex -29.5 7.94931 0
      vertex -28.4722 14.7135 0
    endloop
  endfacet
  facet normal 0 0 -1
    outer loop
      vertex -29.5 7.94931 0
      vertex -28.7037 -14.5747 0
      vertex -28.9476 -14.4593 0
    endloop
  endfacet
  facet normal 0 0 -1
    outer loop
      vertex -28.4722 14.7135 0
      vertex -29.5 7.94931 0
      vertex -28.7037 14.5747 0
    endloop
  endfacet
  facet normal 0 0 -1
    outer loop
      vertex -29.5 7.94931 0
      vertex -28.9476 -14.4593 0
      vertex -29.2017 -14.3684 0
    endloop
  endfacet
  facet normal 0 0 -1
    outer loop
      vertex -28.7037 14.5747 0
      vertex -29.5 7.94931 0
      vertex -28.9476 14.4593 0
    endloop
  endfacet
  facet normal 0 0 -1
    outer loop
      vertex -29.5 7.94931 0
      vertex -29.2017 -14.3684 0
      vertex -29.4635 -14.3028 0
    endloop
  endfacet
  facet normal 0 0 -1
    outer loop
      vertex -28.9476 14.4593 0
      vertex -29.5 7.94931 0
      vertex -29.2017 14.3684 0
    endloop
  endfacet
  facet normal 0 0 -1
    outer loop
      vertex -29.5 7.94931 0
      vertex -29.4635 -14.3028 0
      vertex -29.5 -14.2974 0
    endloop
  endfacet
  facet normal 0 0 -1
    outer loop
      vertex -29.2017 14.3684 0
      vertex -29.5 7.94931 0
      vertex -29.4635 14.3028 0
    endloop
  endfacet
  facet normal 0 0 -1
    outer loop
      vertex -29.5 7.94931 0
      vertex -29.7305 14.2632 0
      vertex -29.4635 14.3028 0
    endloop
  endfacet
  facet normal 0 0 -1
    outer loop
      vertex -29.5 7.94931 0
      vertex -30 14.25 0
      vertex -29.7305 14.2632 0
    endloop
  endfacet
  facet normal 0 0 -1
    outer loop
      vertex -34.5 7.94931 0
      vertex -30 14.25 0
      vertex -29.5 7.94931 0
    endloop
  endfacet
  facet normal 0 0 -1
    outer loop
      vertex -34.5 7.94931 0
      vertex -36 14.25 0
      vertex -30 14.25 0
    endloop
  endfacet
  facet normal 0 0 -1
    outer loop
      vertex -36.2695 -14.2632 0
      vertex -34.5 7.94931 0
      vertex -36 -14.25 0
    endloop
  endfacet
  facet normal 0 0 -1
    outer loop
      vertex -36.5365 -14.3028 0
      vertex -34.5 7.94931 0
      vertex -36.2695 -14.2632 0
    endloop
  endfacet
  facet normal 0 0 -1
    outer loop
      vertex -34.5 7.94931 0
      vertex -36.2695 14.2632 0
      vertex -36 14.25 0
    endloop
  endfacet
  facet normal 0 0 -1
    outer loop
      vertex -36.7983 -14.3684 0
      vertex -34.5 7.94931 0
      vertex -36.5365 -14.3028 0
    endloop
  endfacet
  facet normal 0 0 -1
    outer loop
      vertex -34.5 7.94931 0
      vertex -36.5365 14.3028 0
      vertex -36.2695 14.2632 0
    endloop
  endfacet
  facet normal 0 0 -1
    outer loop
      vertex -37.0524 -14.4593 0
      vertex -34.5 7.94931 0
      vertex -36.7983 -14.3684 0
    endloop
  endfacet
  facet normal 0 0 -1
    outer loop
      vertex -34.5 7.94931 0
      vertex -36.7983 14.3684 0
      vertex -36.5365 14.3028 0
    endloop
  endfacet
  facet normal 0 0 -1
    outer loop
      vertex -37.2963 -14.5747 0
      vertex -34.5 7.94931 0
      vertex -37.0524 -14.4593 0
    endloop
  endfacet
  facet normal 0 0 -1
    outer loop
      vertex -34.5 7.94931 0
      vertex -37.0524 14.4593 0
      vertex -36.7983 14.3684 0
    endloop
  endfacet
  facet normal 0 0 -1
    outer loop
      vertex -37.5278 -14.7135 0
      vertex -34.5 7.94931 0
      vertex -37.2963 -14.5747 0
    endloop
  endfacet
  facet normal 0 0 -1
    outer loop
      vertex -34.5 7.94931 0
      vertex -37.2963 14.5747 0
      vertex -37.0524 14.4593 0
    endloop
  endfacet
  facet normal 0 0 -1
    outer loop
      vertex -37.7446 -14.8742 0
      vertex -34.5 7.94931 0
      vertex -37.5278 -14.7135 0
    endloop
  endfacet
  facet normal 0 0 -1
    outer loop
      vertex -34.5 7.94931 0
      vertex -37.5278 14.7135 0
      vertex -37.2963 14.5747 0
    endloop
  endfacet
  facet normal 0 0 -1
    outer loop
      vertex -37.9445 -15.0555 0
      vertex -34.5 7.94931 0
      vertex -37.7446 -14.8742 0
    endloop
  endfacet
  facet normal 0 0 -1
    outer loop
      vertex -34.5 7.94931 0
      vertex -37.7446 14.8742 0
      vertex -37.5278 14.7135 0
    endloop
  endfacet
  facet normal 0 0 -1
    outer loop
      vertex -38.1258 -15.2554 0
      vertex -34.5 7.94931 0
      vertex -37.9445 -15.0555 0
    endloop
  endfacet
  facet normal 0 0 -1
    outer loop
      vertex -34.5 7.94931 0
      vertex -37.9445 15.0555 0
      vertex -37.7446 14.8742 0
    endloop
  endfacet
  facet normal 0 0 -1
    outer loop
      vertex -43 -20 0
      vertex -38.1258 -15.2554 0
      vertex -38.2865 -15.4722 0
    endloop
  endfacet
  facet normal 0 0 -1
    outer loop
      vertex -34.5 7.94931 0
      vertex -38.1258 15.2554 0
      vertex -37.9445 15.0555 0
    endloop
  endfacet
  facet normal -0 0 -1
    outer loop
      vertex -38.1258 -15.2554 0
      vertex -43 -20 0
      vertex -34.5 7.94931 0
    endloop
  endfacet
  facet normal 0 0 -1
    outer loop
      vertex -43 20 0
      vertex -38.1258 15.2554 0
      vertex -34.5 7.94931 0
    endloop
  endfacet
  facet normal 0 0 -1
    outer loop
      vertex -43 -20 0
      vertex -38.2865 -15.4722 0
      vertex -38.4253 -15.7037 0
    endloop
  endfacet
  facet normal 0 0 -1
    outer loop
      vertex -43 20 0
      vertex -34.5 7.94931 0
      vertex -43 -20 0
    endloop
  endfacet
  facet normal 0 0 -1
    outer loop
      vertex -43 -20 0
      vertex -38.4253 -15.7037 0
      vertex -38.5407 -15.9476 0
    endloop
  endfacet
  facet normal 0 0 -1
    outer loop
      vertex -38.1258 15.2554 0
      vertex -43 20 0
      vertex -38.2865 15.4722 0
    endloop
  endfacet
  facet normal 0 0 -1
    outer loop
      vertex -43 -20 0
      vertex -38.5407 -15.9476 0
      vertex -38.6316 -16.2017 0
    endloop
  endfacet
  facet normal 0 0 -1
    outer loop
      vertex -38.2865 15.4722 0
      vertex -43 20 0
      vertex -38.4253 15.7037 0
    endloop
  endfacet
  facet normal 0 0 -1
    outer loop
      vertex -43 -20 0
      vertex -38.6316 -16.2017 0
      vertex -38.6972 -16.4635 0
    endloop
  endfacet
  facet normal 0 0 -1
    outer loop
      vertex -38.4253 15.7037 0
      vertex -43 20 0
      vertex -38.5407 15.9476 0
    endloop
  endfacet
  facet normal 0 0 -1
    outer loop
      vertex -43 -20 0
      vertex -38.6972 -16.4635 0
      vertex -38.7368 -16.7305 0
    endloop
  endfacet
  facet normal 0 0 -1
    outer loop
      vertex -38.5407 15.9476 0
      vertex -43 20 0
      vertex -38.6316 16.2017 0
    endloop
  endfacet
  facet normal 0 0 -1
    outer loop
      vertex -43 -20 0
      vertex -38.7368 -16.7305 0
      vertex -38.75 -17 0
    endloop
  endfacet
  facet normal 0 0 -1
    outer loop
      vertex -38.6316 16.2017 0
      vertex -43 20 0
      vertex -38.6972 16.4635 0
    endloop
  endfacet
  facet normal 0 0 -1
    outer loop
      vertex 38.6316 -16.2017 0
      vertex 43 -20 0
      vertex 38.6972 -16.4635 0
    endloop
  endfacet
  facet normal 0 0 -1
    outer loop
      vertex 43 20 0
      vertex 38.7368 16.7305 0
      vertex 38.75 17 0
    endloop
  endfacet
  facet normal 0 0 -1
    outer loop
      vertex 38.5407 -15.9476 0
      vertex 43 -20 0
      vertex 38.6316 -16.2017 0
    endloop
  endfacet
  facet normal 0 0 -1
    outer loop
      vertex 43 20 0
      vertex 38.6972 16.4635 0
      vertex 38.7368 16.7305 0
    endloop
  endfacet
  facet normal 0 0 -1
    outer loop
      vertex 38.4253 -15.7037 0
      vertex 43 -20 0
      vertex 38.5407 -15.9476 0
    endloop
  endfacet
  facet normal 0 0 -1
    outer loop
      vertex 43 20 0
      vertex 38.6316 16.2017 0
      vertex 38.6972 16.4635 0
    endloop
  endfacet
  facet normal 0 0 -1
    outer loop
      vertex 38.2865 -15.4722 0
      vertex 43 -20 0
      vertex 38.4253 -15.7037 0
    endloop
  endfacet
  facet normal 0 0 -1
    outer loop
      vertex 43 20 0
      vertex 38.5407 15.9476 0
      vertex 38.6316 16.2017 0
    endloop
  endfacet
  facet normal 0 0 -1
    outer loop
      vertex 38.1258 -15.2554 0
      vertex 43 -20 0
      vertex 38.2865 -15.4722 0
    endloop
  endfacet
  facet normal 0 0 -1
    outer loop
      vertex 43 20 0
      vertex 38.4253 15.7037 0
      vertex 38.5407 15.9476 0
    endloop
  endfacet
  facet normal 0 0 -1
    outer loop
      vertex 43 -20 0
      vertex 38.1258 -15.2554 0
      vertex 43 20 0
    endloop
  endfacet
  facet normal 0 0 -1
    outer loop
      vertex 43 20 0
      vertex 38.2865 15.4722 0
      vertex 38.4253 15.7037 0
    endloop
  endfacet
  facet normal 0 0 -1
    outer loop
      vertex 38.1258 15.2554 0
      vertex 43 20 0
      vertex 38.1258 -15.2554 0
    endloop
  endfacet
  facet normal 0 0 -1
    outer loop
      vertex 43 20 0
      vertex 38.1258 15.2554 0
      vertex 38.2865 15.4722 0
    endloop
  endfacet
  facet normal 0 0 -1
    outer loop
      vertex 37.9445 -15.0555 0
      vertex 38.1258 15.2554 0
      vertex 38.1258 -15.2554 0
    endloop
  endfacet
  facet normal 0 0 -1
    outer loop
      vertex 37.9445 -15.0555 0
      vertex 37.9445 15.0555 0
      vertex 38.1258 15.2554 0
    endloop
  endfacet
  facet normal 0 0 -1
    outer loop
      vertex 37.7446 -14.8742 0
      vertex 37.9445 15.0555 0
      vertex 37.9445 -15.0555 0
    endloop
  endfacet
  facet normal 0 0 -1
    outer loop
      vertex 37.7446 -14.8742 0
      vertex 37.7446 14.8742 0
      vertex 37.9445 15.0555 0
    endloop
  endfacet
  facet normal 0 0 -1
    outer loop
      vertex 37.5278 -14.7135 0
      vertex 37.7446 14.8742 0
      vertex 37.7446 -14.8742 0
    endloop
  endfacet
  facet normal 0 0 -1
    outer loop
      vertex 37.5278 -14.7135 0
      vertex 37.5278 14.7135 0
      vertex 37.7446 14.8742 0
    endloop
  endfacet
  facet normal 0 0 -1
    outer loop
      vertex 37.2963 -14.5747 0
      vertex 37.5278 14.7135 0
      vertex 37.5278 -14.7135 0
    endloop
  endfacet
  facet normal 0 0 -1
    outer loop
      vertex 37.2963 -14.5747 0
      vertex 37.2963 14.5747 0
      vertex 37.5278 14.7135 0
    endloop
  endfacet
  facet normal 0 0 -1
    outer loop
      vertex 37.0524 -14.4593 0
      vertex 37.2963 14.5747 0
      vertex 37.2963 -14.5747 0
    endloop
  endfacet
  facet normal 0 0 -1
    outer loop
      vertex 37.0524 -14.4593 0
      vertex 37.0524 14.4593 0
      vertex 37.2963 14.5747 0
    endloop
  endfacet
  facet normal 0 0 -1
    outer loop
      vertex 36.7983 -14.3684 0
      vertex 37.0524 14.4593 0
      vertex 37.0524 -14.4593 0
    endloop
  endfacet
  facet normal 0 0 -1
    outer loop
      vertex 36.7983 -14.3684 0
      vertex 36.7983 14.3684 0
      vertex 37.0524 14.4593 0
    endloop
  endfacet
  facet normal 0 0 -1
    outer loop
      vertex 36.5365 -14.3028 0
      vertex 36.7983 14.3684 0
      vertex 36.7983 -14.3684 0
    endloop
  endfacet
  facet normal 0 0 -1
    outer loop
      vertex 36.5365 -14.3028 0
      vertex 36.5365 14.3028 0
      vertex 36.7983 14.3684 0
    endloop
  endfacet
  facet normal 0 0 -1
    outer loop
      vertex 36.2695 -14.2632 0
      vertex 36.5365 14.3028 0
      vertex 36.5365 -14.3028 0
    endloop
  endfacet
  facet normal 0 0 -1
    outer loop
      vertex 36.2695 -14.2632 0
      vertex 36.2695 14.2632 0
      vertex 36.5365 14.3028 0
    endloop
  endfacet
  facet normal 0 0 -1
    outer loop
      vertex 36 -14.25 0
      vertex 36.2695 14.2632 0
      vertex 36.2695 -14.2632 0
    endloop
  endfacet
  facet normal 0 0 -1
    outer loop
      vertex 36 -14.25 0
      vertex 36 14.25 0
      vertex 36.2695 14.2632 0
    endloop
  endfacet
  facet normal 0 0 -1
    outer loop
      vertex 30 -14.25 0
      vertex 36 14.25 0
      vertex 36 -14.25 0
    endloop
  endfacet
  facet normal 0 0 -1
    outer loop
      vertex 30 -14.25 0
      vertex 30 14.25 0
      vertex 36 14.25 0
    endloop
  endfacet
  facet normal 0 0 -1
    outer loop
      vertex 29.7305 -14.2632 0
      vertex 30 14.25 0
      vertex 30 -14.25 0
    endloop
  endfacet
  facet normal 0 0 -1
    outer loop
      vertex 29.7305 -14.2632 0
      vertex 29.7305 14.2632 0
      vertex 30 14.25 0
    endloop
  endfacet
  facet normal 0 0 -1
    outer loop
      vertex 29.4635 -14.3028 0
      vertex 29.7305 14.2632 0
      vertex 29.7305 -14.2632 0
    endloop
  endfacet
  facet normal 0 0 -1
    outer loop
      vertex 29.4635 -14.3028 0
      vertex 29.4635 14.3028 0
      vertex 29.7305 14.2632 0
    endloop
  endfacet
  facet normal 0 0 -1
    outer loop
      vertex 29.2017 -14.3684 0
      vertex 29.4635 14.3028 0
      vertex 29.4635 -14.3028 0
    endloop
  endfacet
  facet normal 0 0 -1
    outer loop
      vertex 29.2017 -14.3684 0
      vertex 29.2017 14.3684 0
      vertex 29.4635 14.3028 0
    endloop
  endfacet
  facet normal 0 0 -1
    outer loop
      vertex 28.9476 -14.4593 0
      vertex 29.2017 14.3684 0
      vertex 29.2017 -14.3684 0
    endloop
  endfacet
  facet normal 0 0 -1
    outer loop
      vertex 28.9476 -14.4593 0
      vertex 28.9476 14.4593 0
      vertex 29.2017 14.3684 0
    endloop
  endfacet
  facet normal 0 0 -1
    outer loop
      vertex 28.7037 -14.5747 0
      vertex 28.9476 14.4593 0
      vertex 28.9476 -14.4593 0
    endloop
  endfacet
  facet normal 0 0 -1
    outer loop
      vertex 28.7037 -14.5747 0
      vertex 28.7037 14.5747 0
      vertex 28.9476 14.4593 0
    endloop
  endfacet
  facet normal 0 0 -1
    outer loop
      vertex 28.4722 -14.7135 0
      vertex 28.7037 14.5747 0
      vertex 28.7037 -14.5747 0
    endloop
  endfacet
  facet normal 0 0 -1
    outer loop
      vertex 28.4722 -14.7135 0
      vertex 28.4722 14.7135 0
      vertex 28.7037 14.5747 0
    endloop
  endfacet
  facet normal 0 0 -1
    outer loop
      vertex 28.2554 -14.8742 0
      vertex 28.4722 14.7135 0
      vertex 28.4722 -14.7135 0
    endloop
  endfacet
  facet normal 0 0 -1
    outer loop
      vertex 28.2554 -14.8742 0
      vertex 28.2554 14.8742 0
      vertex 28.4722 14.7135 0
    endloop
  endfacet
  facet normal 0 0 -1
    outer loop
      vertex 28.0555 -15.0555 0
      vertex 28.2554 14.8742 0
      vertex 28.2554 -14.8742 0
    endloop
  endfacet
  facet normal 0 0 -1
    outer loop
      vertex 28.0555 -15.0555 0
      vertex 28.0555 15.0555 0
      vertex 28.2554 14.8742 0
    endloop
  endfacet
  facet normal 0 0 -1
    outer loop
      vertex 27.8742 -15.2554 0
      vertex 28.0555 15.0555 0
      vertex 28.0555 -15.0555 0
    endloop
  endfacet
  facet normal 0 0 -1
    outer loop
      vertex 27.8742 -15.2554 0
      vertex 27.8742 15.2554 0
      vertex 28.0555 15.0555 0
    endloop
  endfacet
  facet normal 0 0 -1
    outer loop
      vertex 27.7135 -15.4722 0
      vertex 27.8742 15.2554 0
      vertex 27.8742 -15.2554 0
    endloop
  endfacet
  facet normal 0 0 -1
    outer loop
      vertex 27.7135 -15.4722 0
      vertex 27.7135 15.4722 0
      vertex 27.8742 15.2554 0
    endloop
  endfacet
  facet normal 0 0 -1
    outer loop
      vertex 27.5747 -15.7037 0
      vertex 27.7135 15.4722 0
      vertex 27.7135 -15.4722 0
    endloop
  endfacet
  facet normal 0 0 -1
    outer loop
      vertex 27.5747 -15.7037 0
      vertex 27.5747 15.7037 0
      vertex 27.7135 15.4722 0
    endloop
  endfacet
  facet normal 0 0 -1
    outer loop
      vertex 27.3028 -16.4635 0
      vertex -27.3028 -16.4635 0
      vertex 27.3684 -16.2017 0
    endloop
  endfacet
  facet normal 0 0 -1
    outer loop
      vertex -27.3684 -16.2017 0
      vertex 27.3684 -16.2017 0
      vertex -27.3028 -16.4635 0
    endloop
  endfacet
  facet normal 0 0 -1
    outer loop
      vertex -27.3028 -16.4635 0
      vertex 27.3028 -16.4635 0
      vertex -27.2632 -16.7305 0
    endloop
  endfacet
  facet normal 0 0 -1
    outer loop
      vertex 27.3684 -16.2017 0
      vertex -27.3684 -16.2017 0
      vertex 27.4593 -15.9476 0
    endloop
  endfacet
  facet normal 0 0 -1
    outer loop
      vertex 27.2632 -16.7305 0
      vertex -27.2632 -16.7305 0
      vertex 27.3028 -16.4635 0
    endloop
  endfacet
  facet normal 0 0 -1
    outer loop
      vertex 27.5747 15.7037 0
      vertex -27.25 17 0
      vertex 27.4593 15.9476 0
    endloop
  endfacet
  facet normal 0 0 -1
    outer loop
      vertex -27.2632 -16.7305 0
      vertex 27.2632 -16.7305 0
      vertex -27.25 -17 0
    endloop
  endfacet
  facet normal 0 0 -1
    outer loop
      vertex 27.4593 15.9476 0
      vertex -27.25 17 0
      vertex 27.3684 16.2017 0
    endloop
  endfacet
  facet normal 0 0 -1
    outer loop
      vertex -27.25 -17 0
      vertex 27.2632 -16.7305 0
      vertex 27.25 -17 0
    endloop
  endfacet
  facet normal 0 0 -1
    outer loop
      vertex 27.3684 16.2017 0
      vertex -27.25 17 0
      vertex 27.3028 16.4635 0
    endloop
  endfacet
  facet normal 0 0 -1
    outer loop
      vertex 38.2865 -18.5278 0
      vertex 43 -20 0
      vertex 42.9711 -20.5881 0
    endloop
  endfacet
  facet normal 0 0 -1
    outer loop
      vertex 38.7368 -16.7305 0
      vertex 43 -20 0
      vertex 38.75 -17 0
    endloop
  endfacet
  facet normal 0 0 -1
    outer loop
      vertex 38.1258 -18.7446 0
      vertex 42.9711 -20.5881 0
      vertex 42.8847 -21.1705 0
    endloop
  endfacet
  facet normal 0 0 -1
    outer loop
      vertex 38.6972 -16.4635 0
      vertex 43 -20 0
      vertex 38.7368 -16.7305 0
    endloop
  endfacet
  facet normal 0 0 -1
    outer loop
      vertex 37.9445 -18.9445 0
      vertex 42.8847 -21.1705 0
      vertex 42.7416 -21.7417 0
    endloop
  endfacet
  facet normal 0 0 -1
    outer loop
      vertex 38.7368 17.2695 0
      vertex 43 20 0
      vertex 38.75 17 0
    endloop
  endfacet
  facet normal 0 0 -1
    outer loop
      vertex 37.9445 -18.9445 0
      vertex 42.7416 -21.7417 0
      vertex 42.5433 -22.2961 0
    endloop
  endfacet
  facet normal 0 0 -1
    outer loop
      vertex 38.6972 17.5365 0
      vertex 43 20 0
      vertex 38.7368 17.2695 0
    endloop
  endfacet
  facet normal 0 0 -1
    outer loop
      vertex 37.7446 -19.1258 0
      vertex 42.5433 -22.2961 0
      vertex 42.2915 -22.8284 0
    endloop
  endfacet
  facet normal 0 0 -1
    outer loop
      vertex 38.6316 17.7983 0
      vertex 43 20 0
      vertex 38.6972 17.5365 0
    endloop
  endfacet
  facet normal 0 0 -1
    outer loop
      vertex 37.7446 -19.1258 0
      vertex 42.2915 -22.8284 0
      vertex 41.9888 -23.3334 0
    endloop
  endfacet
  facet normal 0 0 -1
    outer loop
      vertex 38.5407 18.0524 0
      vertex 43 20 0
      vertex 38.6316 17.7983 0
    endloop
  endfacet
  facet normal 0 0 -1
    outer loop
      vertex 37.5278 -19.2865 0
      vertex 41.9888 -23.3334 0
      vertex 41.6381 -23.8064 0
    endloop
  endfacet
  facet normal 0 0 -1
    outer loop
      vertex 38.4253 18.2963 0
      vertex 43 20 0
      vertex 38.5407 18.0524 0
    endloop
  endfacet
  facet normal 0 0 -1
    outer loop
      vertex 37.5278 -19.2865 0
      vertex 41.6381 -23.8064 0
      vertex 41.2426 -24.2426 0
    endloop
  endfacet
  facet normal 0 0 -1
    outer loop
      vertex 38.2865 18.5278 0
      vertex 43 20 0
      vertex 38.4253 18.2963 0
    endloop
  endfacet
  facet normal 0 0 -1
    outer loop
      vertex 37.2963 -19.4253 0
      vertex 41.2426 -24.2426 0
      vertex 40.8064 -24.6381 0
    endloop
  endfacet
  facet normal -0 0 -1
    outer loop
      vertex 43 20 0
      vertex 38.2865 18.5278 0
      vertex 42.9711 20.5881 0
    endloop
  endfacet
  facet normal 0 0 -1
    outer loop
      vertex 37.2963 -19.4253 0
      vertex 40.8064 -24.6381 0
      vertex 40.3334 -24.9888 0
    endloop
  endfacet
  facet normal 0 0 -1
    outer loop
      vertex 38.1258 18.7446 0
      vertex 42.9711 20.5881 0
      vertex 38.2865 18.5278 0
    endloop
  endfacet
  facet normal 0 0 -1
    outer loop
      vertex 37.0524 -19.5407 0
      vertex 40.3334 -24.9888 0
      vertex 39.8284 -25.2915 0
    endloop
  endfacet
  facet normal -0 0 -1
    outer loop
      vertex 42.9711 20.5881 0
      vertex 38.1258 18.7446 0
      vertex 42.8847 21.1705 0
    endloop
  endfacet
  facet normal 0 0 -1
    outer loop
      vertex 37.0524 -19.5407 0
      vertex 39.8284 -25.2915 0
      vertex 39.2961 -25.5433 0
    endloop
  endfacet
  facet normal 0 0 -1
    outer loop
      vertex 37.9445 18.9445 0
      vertex 42.8847 21.1705 0
      vertex 38.1258 18.7446 0
    endloop
  endfacet
  facet normal -0 0 -1
    outer loop
      vertex 42.8847 21.1705 0
      vertex 37.9445 18.9445 0
      vertex 42.7416 21.7417 0
    endloop
  endfacet
  facet normal 0 0 -1
    outer loop
      vertex 36.7983 -19.6316 0
      vertex 39.2961 -25.5433 0
      vertex 38.7417 -25.7416 0
    endloop
  endfacet
  facet normal 0 0 -1
    outer loop
      vertex 43 -20 0
      vertex 38.7368 -17.2695 0
      vertex 38.75 -17 0
    endloop
  endfacet
  facet normal 0 0 -1
    outer loop
      vertex 43 -20 0
      vertex 38.6972 -17.5365 0
      vertex 38.7368 -17.2695 0
    endloop
  endfacet
  facet normal 0 0 -1
    outer loop
      vertex 43 -20 0
      vertex 38.6316 -17.7983 0
      vertex 38.6972 -17.5365 0
    endloop
  endfacet
  facet normal 0 0 -1
    outer loop
      vertex 43 -20 0
      vertex 38.5407 -18.0524 0
      vertex 38.6316 -17.7983 0
    endloop
  endfacet
  facet normal 0 0 -1
    outer loop
      vertex 43 -20 0
      vertex 38.4253 -18.2963 0
      vertex 38.5407 -18.0524 0
    endloop
  endfacet
  facet normal 0 0 -1
    outer loop
      vertex 43 -20 0
      vertex 38.2865 -18.5278 0
      vertex 38.4253 -18.2963 0
    endloop
  endfacet
  facet normal 0 0 -1
    outer loop
      vertex 36.7983 -19.6316 0
      vertex 38.7417 -25.7416 0
      vertex 38.1705 -25.8847 0
    endloop
  endfacet
  facet normal 0 0 -1
    outer loop
      vertex 42.9711 -20.5881 0
      vertex 38.1258 -18.7446 0
      vertex 38.2865 -18.5278 0
    endloop
  endfacet
  facet normal 0 0 -1
    outer loop
      vertex 42.8847 -21.1705 0
      vertex 37.9445 -18.9445 0
      vertex 38.1258 -18.7446 0
    endloop
  endfacet
  facet normal 0 0 -1
    outer loop
      vertex 42.5433 -22.2961 0
      vertex 37.7446 -19.1258 0
      vertex 37.9445 -18.9445 0
    endloop
  endfacet
  facet normal 0 0 -1
    outer loop
      vertex 36.5365 -19.6972 0
      vertex 38.1705 -25.8847 0
      vertex 37.5881 -25.9711 0
    endloop
  endfacet
  facet normal 0 0 -1
    outer loop
      vertex 41.9888 -23.3334 0
      vertex 37.5278 -19.2865 0
      vertex 37.7446 -19.1258 0
    endloop
  endfacet
  facet normal 0 0 -1
    outer loop
      vertex 41.2426 -24.2426 0
      vertex 37.2963 -19.4253 0
      vertex 37.5278 -19.2865 0
    endloop
  endfacet
  facet normal 0 0 -1
    outer loop
      vertex 40.3334 -24.9888 0
      vertex 37.0524 -19.5407 0
      vertex 37.2963 -19.4253 0
    endloop
  endfacet
  facet normal 0 0 -1
    outer loop
      vertex 36.5365 -19.6972 0
      vertex 37.5881 -25.9711 0
      vertex 37 -26 0
    endloop
  endfacet
  facet normal 0 0 -1
    outer loop
      vertex 39.2961 -25.5433 0
      vertex 36.7983 -19.6316 0
      vertex 37.0524 -19.5407 0
    endloop
  endfacet
  facet normal 0 0 -1
    outer loop
      vertex 38.1705 -25.8847 0
      vertex 36.5365 -19.6972 0
      vertex 36.7983 -19.6316 0
    endloop
  endfacet
  facet normal 0 0 -1
    outer loop
      vertex 37 -26 0
      vertex 36.2695 -19.7368 0
      vertex 36.5365 -19.6972 0
    endloop
  endfacet
  facet normal 0 0 -1
    outer loop
      vertex 37 -26 0
      vertex 36 -19.75 0
      vertex 36.2695 -19.7368 0
    endloop
  endfacet
  facet normal 0 0 -1
    outer loop
      vertex 37 -26 0
      vertex 30 -19.75 0
      vertex 36 -19.75 0
    endloop
  endfacet
  facet normal 0 0 -1
    outer loop
      vertex 37 -26 0
      vertex 29.7305 -19.7368 0
      vertex 30 -19.75 0
    endloop
  endfacet
  facet normal 0 0 -1
    outer loop
      vertex 37 -26 0
      vertex 29.4635 -19.6972 0
      vertex 29.7305 -19.7368 0
    endloop
  endfacet
  facet normal 0 0 -1
    outer loop
      vertex 37 -26 0
      vertex 29.2017 -19.6316 0
      vertex 29.4635 -19.6972 0
    endloop
  endfacet
  facet normal 0 0 -1
    outer loop
      vertex 37 -26 0
      vertex 28.9476 -19.5407 0
      vertex 29.2017 -19.6316 0
    endloop
  endfacet
  facet normal 0 0 -1
    outer loop
      vertex 37 -26 0
      vertex 28.7037 -19.4253 0
      vertex 28.9476 -19.5407 0
    endloop
  endfacet
  facet normal 0 0 -1
    outer loop
      vertex 37 -26 0
      vertex 28.4722 -19.2865 0
      vertex 28.7037 -19.4253 0
    endloop
  endfacet
  facet normal 0 0 -1
    outer loop
      vertex -29.5 -23.5 0
      vertex 28.4722 -19.2865 0
      vertex 37 -26 0
    endloop
  endfacet
  facet normal 0 0 -1
    outer loop
      vertex 27.3028 16.4635 0
      vertex -27.25 17 0
      vertex 27.2632 16.7305 0
    endloop
  endfacet
  facet normal 0 0 -1
    outer loop
      vertex 27.2632 -17.2695 0
      vertex -27.25 -17 0
      vertex 27.25 -17 0
    endloop
  endfacet
  facet normal 0 0 -1
    outer loop
      vertex -27.2632 -17.2695 0
      vertex 27.2632 -17.2695 0
      vertex 27.3028 -17.5365 0
    endloop
  endfacet
  facet normal 0 0 -1
    outer loop
      vertex -27.3028 -17.5365 0
      vertex 27.3028 -17.5365 0
      vertex 27.3684 -17.7983 0
    endloop
  endfacet
  facet normal 0 0 -1
    outer loop
      vertex -27.3684 -17.7983 0
      vertex 27.3684 -17.7983 0
      vertex 27.4593 -18.0524 0
    endloop
  endfacet
  facet normal 0 0 -1
    outer loop
      vertex -27.4593 -18.0524 0
      vertex 27.4593 -18.0524 0
      vertex 27.5747 -18.2963 0
    endloop
  endfacet
  facet normal 0 0 -1
    outer loop
      vertex -29.5 -23.5 0
      vertex 27.5747 -18.2963 0
      vertex 27.7135 -18.5278 0
    endloop
  endfacet
  facet normal 0 0 -1
    outer loop
      vertex -29.5 -23.5 0
      vertex 27.7135 -18.5278 0
      vertex 27.8742 -18.7446 0
    endloop
  endfacet
  facet normal 0 0 -1
    outer loop
      vertex -29.5 -23.5 0
      vertex 27.8742 -18.7446 0
      vertex 28.0555 -18.9445 0
    endloop
  endfacet
  facet normal 0 0 -1
    outer loop
      vertex -29.5 -23.5 0
      vertex 28.0555 -18.9445 0
      vertex 28.2554 -19.1258 0
    endloop
  endfacet
  facet normal -0 0 -1
    outer loop
      vertex 28.4722 -19.2865 0
      vertex -29.5 -23.5 0
      vertex 28.2554 -19.1258 0
    endloop
  endfacet
  facet normal 0 0 -1
    outer loop
      vertex 27.2632 -17.2695 0
      vertex -27.2632 -17.2695 0
      vertex -27.25 -17 0
    endloop
  endfacet
  facet normal 0 0 -1
    outer loop
      vertex 27.3028 -17.5365 0
      vertex -27.3028 -17.5365 0
      vertex -27.2632 -17.2695 0
    endloop
  endfacet
  facet normal 0 0 -1
    outer loop
      vertex 27.3684 -17.7983 0
      vertex -27.3684 -17.7983 0
      vertex -27.3028 -17.5365 0
    endloop
  endfacet
  facet normal 0 0 -1
    outer loop
      vertex 27.4593 -18.0524 0
      vertex -27.4593 -18.0524 0
      vertex -27.3684 -17.7983 0
    endloop
  endfacet
  facet normal 0 0 -1
    outer loop
      vertex 27.5747 -18.2963 0
      vertex -27.5747 -18.2963 0
      vertex -27.4593 -18.0524 0
    endloop
  endfacet
  facet normal -0 0 -1
    outer loop
      vertex 27.5747 -18.2963 0
      vertex -29.5 -23.5 0
      vertex -27.5747 -18.2963 0
    endloop
  endfacet
  facet normal 0 0 -1
    outer loop
      vertex -27.5747 -18.2963 0
      vertex -29.5 -23.5 0
      vertex -27.7135 -18.5278 0
    endloop
  endfacet
  facet normal 0 0 -1
    outer loop
      vertex -27.7135 -18.5278 0
      vertex -29.5 -23.5 0
      vertex -27.8742 -18.7446 0
    endloop
  endfacet
  facet normal 0 0 -1
    outer loop
      vertex -27.8742 -18.7446 0
      vertex -29.5 -23.5 0
      vertex -28.0555 -18.9445 0
    endloop
  endfacet
  facet normal 0 0 -1
    outer loop
      vertex -28.0555 -18.9445 0
      vertex -29.5 -23.5 0
      vertex -28.2554 -19.1258 0
    endloop
  endfacet
  facet normal 0 0 -1
    outer loop
      vertex -28.2554 -19.1258 0
      vertex -29.5 -23.5 0
      vertex -28.4722 -19.2865 0
    endloop
  endfacet
  facet normal 0 0 -1
    outer loop
      vertex -28.4722 -19.2865 0
      vertex -29.5 -23.5 0
      vertex -28.7037 -19.4253 0
    endloop
  endfacet
  facet normal 0 0 -1
    outer loop
      vertex -28.7037 -19.4253 0
      vertex -29.5 -23.5 0
      vertex -28.9476 -19.5407 0
    endloop
  endfacet
  facet normal 0 0 -1
    outer loop
      vertex -28.9476 -19.5407 0
      vertex -29.5 -23.5 0
      vertex -29.2017 -19.6316 0
    endloop
  endfacet
  facet normal 0 0 -1
    outer loop
      vertex -29.2017 -19.6316 0
      vertex -29.5 -23.5 0
      vertex -29.4635 -19.6972 0
    endloop
  endfacet
  facet normal 0 0 -1
    outer loop
      vertex -37 -26 0
      vertex -29.5 -23.5 0
      vertex 37 -26 0
    endloop
  endfacet
  facet normal 0 0 -1
    outer loop
      vertex -34.5 -23.5 0
      vertex -36 -19.75 0
      vertex -34.5 -19.75 0
    endloop
  endfacet
  facet normal 0 0 -1
    outer loop
      vertex -34.5 -23.5 0
      vertex -36.2695 -19.7368 0
      vertex -36 -19.75 0
    endloop
  endfacet
  facet normal 0 0 -1
    outer loop
      vertex -34.5 -23.5 0
      vertex -36.5365 -19.6972 0
      vertex -36.2695 -19.7368 0
    endloop
  endfacet
  facet normal 0 0 -1
    outer loop
      vertex -34.5 -23.5 0
      vertex -36.7983 -19.6316 0
      vertex -36.5365 -19.6972 0
    endloop
  endfacet
  facet normal -0 0 -1
    outer loop
      vertex -29.5 -23.5 0
      vertex -37 -26 0
      vertex -34.5 -23.5 0
    endloop
  endfacet
  facet normal 0 0 -1
    outer loop
      vertex -37.5881 -25.9711 0
      vertex -34.5 -23.5 0
      vertex -37 -26 0
    endloop
  endfacet
  facet normal 0 0 -1
    outer loop
      vertex -38.1705 -25.8847 0
      vertex -34.5 -23.5 0
      vertex -37.5881 -25.9711 0
    endloop
  endfacet
  facet normal -0 0 -1
    outer loop
      vertex -34.5 -23.5 0
      vertex -38.1705 -25.8847 0
      vertex -36.7983 -19.6316 0
    endloop
  endfacet
  facet normal 0 0 -1
    outer loop
      vertex -38.7417 -25.7416 0
      vertex -36.7983 -19.6316 0
      vertex -38.1705 -25.8847 0
    endloop
  endfacet
  facet normal 0 0 -1
    outer loop
      vertex -39.2961 -25.5433 0
      vertex -36.7983 -19.6316 0
      vertex -38.7417 -25.7416 0
    endloop
  endfacet
  facet normal -0 0 -1
    outer loop
      vertex -36.7983 -19.6316 0
      vertex -39.2961 -25.5433 0
      vertex -37.0524 -19.5407 0
    endloop
  endfacet
  facet normal -0 0 -1
    outer loop
      vertex -37.0524 -19.5407 0
      vertex -39.2961 -25.5433 0
      vertex -37.2963 -19.4253 0
    endloop
  endfacet
  facet normal -0 0 -1
    outer loop
      vertex -37.2963 -19.4253 0
      vertex -39.2961 -25.5433 0
      vertex -37.5278 -19.2865 0
    endloop
  endfacet
  facet normal -0 0 -1
    outer loop
      vertex -37.5278 -19.2865 0
      vertex -39.2961 -25.5433 0
      vertex -37.7446 -19.1258 0
    endloop
  endfacet
  facet normal 0 0 -1
    outer loop
      vertex -43 -20 0
      vertex -37.7446 -19.1258 0
      vertex -39.2961 -25.5433 0
    endloop
  endfacet
  facet normal -0 0 -1
    outer loop
      vertex -37.7446 -19.1258 0
      vertex -43 -20 0
      vertex -37.9445 -18.9445 0
    endloop
  endfacet
  facet normal -0 0 -1
    outer loop
      vertex -37.9445 -18.9445 0
      vertex -43 -20 0
      vertex -38.1258 -18.7446 0
    endloop
  endfacet
  facet normal -0 0 -1
    outer loop
      vertex -38.1258 -18.7446 0
      vertex -43 -20 0
      vertex -38.2865 -18.5278 0
    endloop
  endfacet
  facet normal -0 0 -1
    outer loop
      vertex -38.2865 -18.5278 0
      vertex -43 -20 0
      vertex -38.4253 -18.2963 0
    endloop
  endfacet
  facet normal -0 0 -1
    outer loop
      vertex -38.4253 -18.2963 0
      vertex -43 -20 0
      vertex -38.5407 -18.0524 0
    endloop
  endfacet
  facet normal -0 0 -1
    outer loop
      vertex -38.5407 -18.0524 0
      vertex -43 -20 0
      vertex -38.6316 -17.7983 0
    endloop
  endfacet
  facet normal -0 0 -1
    outer loop
      vertex -38.6316 -17.7983 0
      vertex -43 -20 0
      vertex -38.6972 -17.5365 0
    endloop
  endfacet
  facet normal -0 0 -1
    outer loop
      vertex -38.7368 -17.2695 0
      vertex -43 -20 0
      vertex -38.75 -17 0
    endloop
  endfacet
  facet normal -0 0 -1
    outer loop
      vertex -38.6972 -17.5365 0
      vertex -43 -20 0
      vertex -38.7368 -17.2695 0
    endloop
  endfacet
  facet normal -0 0 -1
    outer loop
      vertex 42.7416 21.7417 0
      vertex 37.9445 18.9445 0
      vertex 42.5433 22.2961 0
    endloop
  endfacet
  facet normal 0 0 -1
    outer loop
      vertex 37.7446 19.1258 0
      vertex 42.5433 22.2961 0
      vertex 37.9445 18.9445 0
    endloop
  endfacet
  facet normal -0 0 -1
    outer loop
      vertex 42.5433 22.2961 0
      vertex 37.7446 19.1258 0
      vertex 42.2915 22.8284 0
    endloop
  endfacet
  facet normal -0 0 -1
    outer loop
      vertex 42.2915 22.8284 0
      vertex 37.7446 19.1258 0
      vertex 41.9888 23.3334 0
    endloop
  endfacet
  facet normal 0 0 -1
    outer loop
      vertex 37.5278 19.2865 0
      vertex 41.9888 23.3334 0
      vertex 37.7446 19.1258 0
    endloop
  endfacet
  facet normal -0 0 -1
    outer loop
      vertex 41.9888 23.3334 0
      vertex 37.5278 19.2865 0
      vertex 41.6381 23.8064 0
    endloop
  endfacet
  facet normal -0 0 -1
    outer loop
      vertex 41.6381 23.8064 0
      vertex 37.5278 19.2865 0
      vertex 41.2426 24.2426 0
    endloop
  endfacet
  facet normal 0 0 -1
    outer loop
      vertex 37.2963 19.4253 0
      vertex 41.2426 24.2426 0
      vertex 37.5278 19.2865 0
    endloop
  endfacet
  facet normal -0 0 -1
    outer loop
      vertex 41.2426 24.2426 0
      vertex 37.2963 19.4253 0
      vertex 40.8064 24.6381 0
    endloop
  endfacet
  facet normal -0 0 -1
    outer loop
      vertex 40.8064 24.6381 0
      vertex 37.2963 19.4253 0
      vertex 40.3334 24.9888 0
    endloop
  endfacet
  facet normal 0 0 -1
    outer loop
      vertex 37.0524 19.5407 0
      vertex 40.3334 24.9888 0
      vertex 37.2963 19.4253 0
    endloop
  endfacet
  facet normal -0 0 -1
    outer loop
      vertex 40.3334 24.9888 0
      vertex 37.0524 19.5407 0
      vertex 39.8284 25.2915 0
    endloop
  endfacet
  facet normal -0 0 -1
    outer loop
      vertex 39.8284 25.2915 0
      vertex 37.0524 19.5407 0
      vertex 39.2961 25.5433 0
    endloop
  endfacet
  facet normal 0 0 -1
    outer loop
      vertex 36.7983 19.6316 0
      vertex 39.2961 25.5433 0
      vertex 37.0524 19.5407 0
    endloop
  endfacet
  facet normal -0 0 -1
    outer loop
      vertex 39.2961 25.5433 0
      vertex 36.7983 19.6316 0
      vertex 38.7417 25.7416 0
    endloop
  endfacet
  facet normal -0 0 -1
    outer loop
      vertex 38.7417 25.7416 0
      vertex 36.7983 19.6316 0
      vertex 38.1705 25.8847 0
    endloop
  endfacet
  facet normal 0 0 -1
    outer loop
      vertex 36.5365 19.6972 0
      vertex 38.1705 25.8847 0
      vertex 36.7983 19.6316 0
    endloop
  endfacet
  facet normal -0 0 -1
    outer loop
      vertex 38.1705 25.8847 0
      vertex 36.5365 19.6972 0
      vertex 37.5881 25.9711 0
    endloop
  endfacet
  facet normal -0 0 -1
    outer loop
      vertex 37.5881 25.9711 0
      vertex 36.5365 19.6972 0
      vertex 37 26 0
    endloop
  endfacet
  facet normal 0 0 -1
    outer loop
      vertex 36.2695 19.7368 0
      vertex 37 26 0
      vertex 36.5365 19.6972 0
    endloop
  endfacet
  facet normal 0 0 -1
    outer loop
      vertex 36 19.75 0
      vertex 37 26 0
      vertex 36.2695 19.7368 0
    endloop
  endfacet
  facet normal 0 0 -1
    outer loop
      vertex 30 19.75 0
      vertex 37 26 0
      vertex 36 19.75 0
    endloop
  endfacet
  facet normal 0 0 -1
    outer loop
      vertex 29.7305 19.7368 0
      vertex 37 26 0
      vertex 30 19.75 0
    endloop
  endfacet
  facet normal 0 0 -1
    outer loop
      vertex 29.4635 19.6972 0
      vertex 37 26 0
      vertex 29.7305 19.7368 0
    endloop
  endfacet
  facet normal 0 0 -1
    outer loop
      vertex 29.2017 19.6316 0
      vertex 37 26 0
      vertex 29.4635 19.6972 0
    endloop
  endfacet
  facet normal 0 0 -1
    outer loop
      vertex 28.9476 19.5407 0
      vertex 37 26 0
      vertex 29.2017 19.6316 0
    endloop
  endfacet
  facet normal 0 0 -1
    outer loop
      vertex 28.7037 19.4253 0
      vertex 37 26 0
      vertex 28.9476 19.5407 0
    endloop
  endfacet
  facet normal 0 0 -1
    outer loop
      vertex 28.4722 19.2865 0
      vertex 37 26 0
      vertex 28.7037 19.4253 0
    endloop
  endfacet
  facet normal 0 0 -1
    outer loop
      vertex -29.5 26 0
      vertex 28.4722 19.2865 0
      vertex 28.2554 19.1258 0
    endloop
  endfacet
  facet normal 0 0 -1
    outer loop
      vertex 27.2632 16.7305 0
      vertex -27.25 17 0
      vertex 27.25 17 0
    endloop
  endfacet
  facet normal 0 0 -1
    outer loop
      vertex 27.25 17 0
      vertex -27.25 17 0
      vertex 27.2632 17.2695 0
    endloop
  endfacet
  facet normal 0 0 -1
    outer loop
      vertex -27.2632 17.2695 0
      vertex 27.2632 17.2695 0
      vertex -27.25 17 0
    endloop
  endfacet
  facet normal 0 0 -1
    outer loop
      vertex 27.2632 17.2695 0
      vertex -27.2632 17.2695 0
      vertex 27.3028 17.5365 0
    endloop
  endfacet
  facet normal 0 0 -1
    outer loop
      vertex -27.3028 17.5365 0
      vertex 27.3028 17.5365 0
      vertex -27.2632 17.2695 0
    endloop
  endfacet
  facet normal 0 0 -1
    outer loop
      vertex 27.3028 17.5365 0
      vertex -27.3028 17.5365 0
      vertex 27.3684 17.7983 0
    endloop
  endfacet
  facet normal 0 0 -1
    outer loop
      vertex -27.3684 17.7983 0
      vertex 27.3684 17.7983 0
      vertex -27.3028 17.5365 0
    endloop
  endfacet
  facet normal 0 0 -1
    outer loop
      vertex 27.3684 17.7983 0
      vertex -27.3684 17.7983 0
      vertex 27.4593 18.0524 0
    endloop
  endfacet
  facet normal 0 0 -1
    outer loop
      vertex -27.4593 18.0524 0
      vertex 27.4593 18.0524 0
      vertex -27.3684 17.7983 0
    endloop
  endfacet
  facet normal 0 0 -1
    outer loop
      vertex -29.5 26 0
      vertex 27.4593 18.0524 0
      vertex -27.4593 18.0524 0
    endloop
  endfacet
  facet normal 0 0 -1
    outer loop
      vertex 27.4593 18.0524 0
      vertex -29.5 26 0
      vertex 27.5747 18.2963 0
    endloop
  endfacet
  facet normal 0 0 -1
    outer loop
      vertex 27.5747 18.2963 0
      vertex -29.5 26 0
      vertex 27.7135 18.5278 0
    endloop
  endfacet
  facet normal 0 0 -1
    outer loop
      vertex 27.7135 18.5278 0
      vertex -29.5 26 0
      vertex 27.8742 18.7446 0
    endloop
  endfacet
  facet normal 0 0 -1
    outer loop
      vertex 27.8742 18.7446 0
      vertex -29.5 26 0
      vertex 28.0555 18.9445 0
    endloop
  endfacet
  facet normal 0 0 -1
    outer loop
      vertex 28.0555 18.9445 0
      vertex -29.5 26 0
      vertex 28.2554 19.1258 0
    endloop
  endfacet
  facet normal 0 0 -1
    outer loop
      vertex -29.5 26 0
      vertex -27.4593 18.0524 0
      vertex -27.5747 18.2963 0
    endloop
  endfacet
  facet normal 0 0 -1
    outer loop
      vertex -29.5 26 0
      vertex -27.5747 18.2963 0
      vertex -27.7135 18.5278 0
    endloop
  endfacet
  facet normal 0 0 -1
    outer loop
      vertex -29.5 23.5 0
      vertex -27.7135 18.5278 0
      vertex -27.8742 18.7446 0
    endloop
  endfacet
  facet normal 0 0 -1
    outer loop
      vertex -29.5 23.5 0
      vertex -27.8742 18.7446 0
      vertex -28.0555 18.9445 0
    endloop
  endfacet
  facet normal 0 0 -1
    outer loop
      vertex -29.5 23.5 0
      vertex -28.0555 18.9445 0
      vertex -28.2554 19.1258 0
    endloop
  endfacet
  facet normal 0 0 -1
    outer loop
      vertex -29.5 23.5 0
      vertex -28.2554 19.1258 0
      vertex -28.4722 19.2865 0
    endloop
  endfacet
  facet normal 0 0 -1
    outer loop
      vertex -29.5 23.5 0
      vertex -28.4722 19.2865 0
      vertex -28.7037 19.4253 0
    endloop
  endfacet
  facet normal 0 0 -1
    outer loop
      vertex -29.5 23.5 0
      vertex -28.7037 19.4253 0
      vertex -28.9476 19.5407 0
    endloop
  endfacet
  facet normal 0 0 -1
    outer loop
      vertex -29.5 23.5 0
      vertex -28.9476 19.5407 0
      vertex -29.2017 19.6316 0
    endloop
  endfacet
  facet normal 0 0 -1
    outer loop
      vertex -29.5 23.5 0
      vertex -29.2017 19.6316 0
      vertex -29.4635 19.6972 0
    endloop
  endfacet
  facet normal 0 0 -1
    outer loop
      vertex -27.7135 18.5278 0
      vertex -29.5 23.5 0
      vertex -29.5 26 0
    endloop
  endfacet
  facet normal 0 0 -1
    outer loop
      vertex 28.4722 19.2865 0
      vertex -29.5 26 0
      vertex 37 26 0
    endloop
  endfacet
  facet normal 0 0 -1
    outer loop
      vertex -29.4635 -19.6972 0
      vertex -29.5 -23.5 0
      vertex -29.5 -19.7026 0
    endloop
  endfacet
  facet normal -0.857718 -0.514121 -1.07508e-18
    outer loop
      vertex -41.9888 -23.3334 0
      vertex -42.2915 -22.8284 6
      vertex -42.2915 -22.8284 0
    endloop
  endfacet
  facet normal -0.857718 -0.514121 -1.07508e-18
    outer loop
      vertex -42.2915 -22.8284 6
      vertex -41.9888 -23.3334 0
      vertex -41.9888 -23.3334 6
    endloop
  endfacet
  facet normal 0.595589 0.803289 -0
    outer loop
      vertex 40.8064 24.6381 0
      vertex 40.3334 24.9888 6
      vertex 40.8064 24.6381 6
    endloop
  endfacet
  facet normal 0.595589 0.803289 0
    outer loop
      vertex 40.3334 24.9888 6
      vertex 40.8064 24.6381 0
      vertex 40.3334 24.9888 0
    endloop
  endfacet
  facet normal -0.998795 0.0490821 -3.77776e-19
    outer loop
      vertex -43 20 0
      vertex -42.9711 20.5881 6
      vertex -42.9711 20.5881 0
    endloop
  endfacet
  facet normal -0.998795 0.0490821 -3.77776e-19
    outer loop
      vertex -42.9711 20.5881 6
      vertex -43 20 0
      vertex -43 20 6
    endloop
  endfacet
  facet normal -0.803289 0.595589 -1.44714e-18
    outer loop
      vertex -41.9888 23.3334 0
      vertex -41.6381 23.8064 6
      vertex -41.6381 23.8064 0
    endloop
  endfacet
  facet normal -0.803289 0.595589 -1.44714e-18
    outer loop
      vertex -41.6381 23.8064 6
      vertex -41.9888 23.3334 0
      vertex -41.9888 23.3334 6
    endloop
  endfacet
  facet normal 0.0490821 0.998795 -0
    outer loop
      vertex 37.5881 25.9711 0
      vertex 37 26 6
      vertex 37.5881 25.9711 6
    endloop
  endfacet
  facet normal 0.0490821 0.998795 0
    outer loop
      vertex 37 26 6
      vertex 37.5881 25.9711 0
      vertex 37 26 0
    endloop
  endfacet
  facet normal 0.514121 0.857718 -0
    outer loop
      vertex 40.3334 24.9888 0
      vertex 39.8284 25.2915 6
      vertex 40.3334 24.9888 6
    endloop
  endfacet
  facet normal 0.514121 0.857718 0
    outer loop
      vertex 39.8284 25.2915 6
      vertex 40.3334 24.9888 0
      vertex 39.8284 25.2915 0
    endloop
  endfacet
  facet normal -0.857718 0.514121 1.07508e-18
    outer loop
      vertex -42.2915 22.8284 0
      vertex -41.9888 23.3334 6
      vertex -41.9888 23.3334 0
    endloop
  endfacet
  facet normal -0.857718 0.514121 1.07508e-18
    outer loop
      vertex -41.9888 23.3334 6
      vertex -42.2915 22.8284 0
      vertex -42.2915 22.8284 6
    endloop
  endfacet
  facet normal -0.243015 -0.970023 0
    outer loop
      vertex -38.7417 -25.7416 0
      vertex -38.1705 -25.8847 6
      vertex -38.7417 -25.7416 6
    endloop
  endfacet
  facet normal -0.243015 -0.970023 -0
    outer loop
      vertex -38.1705 -25.8847 6
      vertex -38.7417 -25.7416 0
      vertex -38.1705 -25.8847 0
    endloop
  endfacet
  facet normal 0.427612 0.903962 -0
    outer loop
      vertex 39.8284 25.2915 0
      vertex 39.2961 25.5433 6
      vertex 39.8284 25.2915 6
    endloop
  endfacet
  facet normal 0.427612 0.903962 0
    outer loop
      vertex 39.2961 25.5433 6
      vertex 39.8284 25.2915 0
      vertex 39.2961 25.5433 0
    endloop
  endfacet
  facet normal -0.0490821 -0.998795 0
    outer loop
      vertex -37.5881 -25.9711 0
      vertex -37 -26 6
      vertex -37.5881 -25.9711 6
    endloop
  endfacet
  facet normal -0.0490821 -0.998795 -0
    outer loop
      vertex -37 -26 6
      vertex -37.5881 -25.9711 0
      vertex -37 -26 0
    endloop
  endfacet
  facet normal -0.6717 -0.740823 0
    outer loop
      vertex -41.2426 -24.2426 0
      vertex -40.8064 -24.6381 6
      vertex -41.2426 -24.2426 6
    endloop
  endfacet
  facet normal -0.6717 -0.740823 -0
    outer loop
      vertex -40.8064 -24.6381 6
      vertex -41.2426 -24.2426 0
      vertex -40.8064 -24.6381 0
    endloop
  endfacet
  facet normal -0.803289 -0.595589 1.44714e-18
    outer loop
      vertex -41.6381 -23.8064 0
      vertex -41.9888 -23.3334 6
      vertex -41.9888 -23.3334 0
    endloop
  endfacet
  facet normal -0.803289 -0.595589 1.44714e-18
    outer loop
      vertex -41.9888 -23.3334 6
      vertex -41.6381 -23.8064 0
      vertex -41.6381 -23.8064 6
    endloop
  endfacet
  facet normal -0.427612 -0.903962 0
    outer loop
      vertex -39.8284 -25.2915 0
      vertex -39.2961 -25.5433 6
      vertex -39.8284 -25.2915 6
    endloop
  endfacet
  facet normal -0.427612 -0.903962 -0
    outer loop
      vertex -39.2961 -25.5433 6
      vertex -39.8284 -25.2915 0
      vertex -39.2961 -25.5433 0
    endloop
  endfacet
  facet normal -0.740823 -0.6717 -2.34553e-18
    outer loop
      vertex -41.2426 -24.2426 0
      vertex -41.6381 -23.8064 6
      vertex -41.6381 -23.8064 0
    endloop
  endfacet
  facet normal -0.740823 -0.6717 -2.34553e-18
    outer loop
      vertex -41.6381 -23.8064 6
      vertex -41.2426 -24.2426 0
      vertex -41.2426 -24.2426 6
    endloop
  endfacet
  facet normal -0.903962 -0.427612 7.18806e-19
    outer loop
      vertex -42.2915 -22.8284 0
      vertex -42.5433 -22.2961 6
      vertex -42.5433 -22.2961 0
    endloop
  endfacet
  facet normal -0.903962 -0.427612 7.18806e-19
    outer loop
      vertex -42.5433 -22.2961 6
      vertex -42.2915 -22.8284 0
      vertex -42.2915 -22.8284 6
    endloop
  endfacet
  facet normal -0.970023 0.243015 1.48286e-18
    outer loop
      vertex -42.8847 21.1705 0
      vertex -42.7416 21.7417 6
      vertex -42.7416 21.7417 0
    endloop
  endfacet
  facet normal -0.970023 0.243015 1.48286e-18
    outer loop
      vertex -42.7416 21.7417 6
      vertex -42.8847 21.1705 0
      vertex -42.8847 21.1705 6
    endloop
  endfacet
  facet normal -0.595589 -0.803289 0
    outer loop
      vertex -40.8064 -24.6381 0
      vertex -40.3334 -24.9888 6
      vertex -40.8064 -24.6381 6
    endloop
  endfacet
  facet normal -0.595589 -0.803289 -0
    outer loop
      vertex -40.3334 -24.9888 6
      vertex -40.8064 -24.6381 0
      vertex -40.3334 -24.9888 0
    endloop
  endfacet
  facet normal 0.243015 0.970023 -0
    outer loop
      vertex 38.7417 25.7416 0
      vertex 38.1705 25.8847 6
      vertex 38.7417 25.7416 6
    endloop
  endfacet
  facet normal 0.243015 0.970023 0
    outer loop
      vertex 38.1705 25.8847 6
      vertex 38.7417 25.7416 0
      vertex 38.1705 25.8847 0
    endloop
  endfacet
  facet normal -0.740823 0.6717 2.34553e-18
    outer loop
      vertex -41.6381 23.8064 0
      vertex -41.2426 24.2426 6
      vertex -41.2426 24.2426 0
    endloop
  endfacet
  facet normal -0.740823 0.6717 2.34553e-18
    outer loop
      vertex -41.2426 24.2426 6
      vertex -41.6381 23.8064 0
      vertex -41.6381 23.8064 6
    endloop
  endfacet
  facet normal -0.595589 0.803289 0
    outer loop
      vertex -40.3334 24.9888 0
      vertex -40.8064 24.6381 6
      vertex -40.3334 24.9888 6
    endloop
  endfacet
  facet normal -0.595589 0.803289 0
    outer loop
      vertex -40.8064 24.6381 6
      vertex -40.3334 24.9888 0
      vertex -40.8064 24.6381 0
    endloop
  endfacet
  facet normal 0.857718 0.514121 -1.07508e-18
    outer loop
      vertex 42.2915 22.8284 6
      vertex 41.9888 23.3334 0
      vertex 41.9888 23.3334 6
    endloop
  endfacet
  facet normal 0.857718 0.514121 -1.07508e-18
    outer loop
      vertex 41.9888 23.3334 0
      vertex 42.2915 22.8284 6
      vertex 42.2915 22.8284 0
    endloop
  endfacet
  facet normal -0.514121 -0.857718 0
    outer loop
      vertex -40.3334 -24.9888 0
      vertex -39.8284 -25.2915 6
      vertex -40.3334 -24.9888 6
    endloop
  endfacet
  facet normal -0.514121 -0.857718 -0
    outer loop
      vertex -39.8284 -25.2915 6
      vertex -40.3334 -24.9888 0
      vertex -39.8284 -25.2915 0
    endloop
  endfacet
  facet normal -0.989174 0.146746 4.58681e-19
    outer loop
      vertex -42.9711 20.5881 0
      vertex -42.8847 21.1705 6
      vertex -42.8847 21.1705 0
    endloop
  endfacet
  facet normal -0.989174 0.146746 4.58681e-19
    outer loop
      vertex -42.8847 21.1705 6
      vertex -42.9711 20.5881 0
      vertex -42.9711 20.5881 6
    endloop
  endfacet
  facet normal -2.66452e-20 0.998803 -0.0489209
    outer loop
      vertex -32 -12.75 13
      vertex -39 -12.7368 13.2695
      vertex -32 -12.7368 13.2695
    endloop
  endfacet
  facet normal -2.66452e-20 0.998803 -0.0489209
    outer loop
      vertex -39 -12.7368 13.2695
      vertex -32 -12.75 13
      vertex -39 -12.75 13
    endloop
  endfacet
  facet normal 0 0.243059 -0.970012
    outer loop
      vertex -39 -10.7983 15.6316
      vertex -32 -10.5365 15.6972
      vertex -32 -10.7983 15.6316
    endloop
  endfacet
  facet normal 0 0.243059 -0.970012
    outer loop
      vertex -32 -10.5365 15.6972
      vertex -39 -10.7983 15.6316
      vertex -39 -10.5365 15.6972
    endloop
  endfacet
  facet normal 1.16121e-18 0.803367 -0.595485
    outer loop
      vertex -32 -12.2865 14.5278
      vertex -39 -12.1258 14.7446
      vertex -32 -12.1258 14.7446
    endloop
  endfacet
  facet normal 1.16121e-18 0.803367 -0.595485
    outer loop
      vertex -39 -12.1258 14.7446
      vertex -32 -12.2865 14.5278
      vertex -39 -12.2865 14.5278
    endloop
  endfacet
  facet normal 0 1 -0
    outer loop
      vertex -32 -12.75 7
      vertex -39 -12.75 13
      vertex -32 -12.75 13
    endloop
  endfacet
  facet normal 0 1 0
    outer loop
      vertex -39 -12.75 13
      vertex -32 -12.75 7
      vertex -39 -12.75 7
    endloop
  endfacet
  facet normal 8.90071e-19 -0.903941 -0.427658
    outer loop
      vertex -39 -7.45933 14.0524
      vertex -32 -7.57472 14.2963
      vertex -39 -7.57472 14.2963
    endloop
  endfacet
  facet normal 8.90071e-19 -0.903941 -0.427658
    outer loop
      vertex -32 -7.57472 14.2963
      vertex -39 -7.45933 14.0524
      vertex -32 -7.45933 14.0524
    endloop
  endfacet
  facet normal 0 -0.146737 -0.989176
    outer loop
      vertex -39 -9.73045 15.7368
      vertex -32 -9.4635 15.6972
      vertex -32 -9.73045 15.7368
    endloop
  endfacet
  facet normal -0 -0.146737 -0.989176
    outer loop
      vertex -32 -9.4635 15.6972
      vertex -39 -9.73045 15.7368
      vertex -39 -9.4635 15.6972
    endloop
  endfacet
  facet normal 5.2104e-19 0.970007 0.243076
    outer loop
      vertex -32 -12.6316 6.20172
      vertex -39 -12.6972 6.4635
      vertex -32 -12.6972 6.4635
    endloop
  endfacet
  facet normal 5.2104e-19 0.970007 0.243076
    outer loop
      vertex -39 -12.6972 6.4635
      vertex -32 -12.6316 6.20172
      vertex -39 -12.6316 6.20172
    endloop
  endfacet
  facet normal 0 -1 0
    outer loop
      vertex -39 -7.25 7
      vertex -32 -7.25 13
      vertex -39 -7.25 13
    endloop
  endfacet
  facet normal 0 -1 -0
    outer loop
      vertex -32 -7.25 13
      vertex -39 -7.25 7
      vertex -32 -7.25 7
    endloop
  endfacet
  facet normal 0 -0.595555 -0.803314
    outer loop
      vertex -39 -8.47218 15.2865
      vertex -32 -8.25542 15.1258
      vertex -32 -8.47218 15.2865
    endloop
  endfacet
  facet normal -0 -0.595555 -0.803314
    outer loop
      vertex -32 -8.25542 15.1258
      vertex -39 -8.47218 15.2865
      vertex -39 -8.25542 15.1258
    endloop
  endfacet
  facet normal 0 -0.514256 -0.857637
    outer loop
      vertex -39 -8.70366 15.4253
      vertex -32 -8.47218 15.2865
      vertex -32 -8.70366 15.4253
    endloop
  endfacet
  facet normal -0 -0.514256 -0.857637
    outer loop
      vertex -32 -8.47218 15.2865
      vertex -39 -8.70366 15.4253
      vertex -39 -8.47218 15.2865
    endloop
  endfacet
  facet normal 0 -0.336829 -0.941566
    outer loop
      vertex -39 -9.20172 15.6316
      vertex -32 -8.94762 15.5407
      vertex -32 -9.20172 15.6316
    endloop
  endfacet
  facet normal -0 -0.336829 -0.941566
    outer loop
      vertex -32 -8.94762 15.5407
      vertex -39 -9.20172 15.6316
      vertex -39 -8.94762 15.5407
    endloop
  endfacet
  facet normal 1.32831e-19 0.98918 -0.14671
    outer loop
      vertex -32 -12.7368 13.2695
      vertex -39 -12.6972 13.5365
      vertex -32 -12.6972 13.5365
    endloop
  endfacet
  facet normal 1.32831e-19 0.98918 -0.14671
    outer loop
      vertex -39 -12.6972 13.5365
      vertex -32 -12.7368 13.2695
      vertex -39 -12.7368 13.2695
    endloop
  endfacet
  facet normal 0 0.336829 -0.941566
    outer loop
      vertex -39 -11.0524 15.5407
      vertex -32 -10.7983 15.6316
      vertex -32 -11.0524 15.5407
    endloop
  endfacet
  facet normal 0 0.336829 -0.941566
    outer loop
      vertex -32 -10.7983 15.6316
      vertex -39 -11.0524 15.5407
      vertex -39 -10.7983 15.6316
    endloop
  endfacet
  facet normal -2.74736e-19 0.989176 0.146737
    outer loop
      vertex -32 -12.6972 6.4635
      vertex -39 -12.7368 6.73045
      vertex -32 -12.7368 6.73045
    endloop
  endfacet
  facet normal -2.74736e-19 0.989176 0.146737
    outer loop
      vertex -39 -12.7368 6.73045
      vertex -32 -12.6972 6.4635
      vertex -39 -12.6972 6.4635
    endloop
  endfacet
  facet normal 0 0.514223 -0.857656
    outer loop
      vertex -39 -11.5278 15.2865
      vertex -32 -11.2963 15.4253
      vertex -32 -11.5278 15.2865
    endloop
  endfacet
  facet normal 0 0.514223 -0.857656
    outer loop
      vertex -32 -11.2963 15.4253
      vertex -39 -11.5278 15.2865
      vertex -39 -11.2963 15.4253
    endloop
  endfacet
  facet normal 0 0.0489209 -0.998803
    outer loop
      vertex -39 -10.2695 15.7368
      vertex -32 -10 15.75
      vertex -32 -10.2695 15.7368
    endloop
  endfacet
  facet normal 0 0.0489209 -0.998803
    outer loop
      vertex -32 -10 15.75
      vertex -39 -10.2695 15.7368
      vertex -39 -10 15.75
    endloop
  endfacet
  facet normal 0 -0.243076 -0.970007
    outer loop
      vertex -39 -9.4635 15.6972
      vertex -32 -9.20172 15.6316
      vertex -32 -9.4635 15.6972
    endloop
  endfacet
  facet normal -0 -0.243076 -0.970007
    outer loop
      vertex -32 -9.20172 15.6316
      vertex -39 -9.4635 15.6972
      vertex -39 -9.20172 15.6316
    endloop
  endfacet
  facet normal 8.96901e-19 0.903926 -0.427688
    outer loop
      vertex -32 -12.5407 14.0524
      vertex -39 -12.4253 14.2963
      vertex -32 -12.4253 14.2963
    endloop
  endfacet
  facet normal 8.96901e-19 0.903926 -0.427688
    outer loop
      vertex -39 -12.4253 14.2963
      vertex -32 -12.5407 14.0524
      vertex -39 -12.5407 14.0524
    endloop
  endfacet
  facet normal -3.81427e-19 -0.941539 0.336904
    outer loop
      vertex -39 -7.44059 6
      vertex -32 -7.36841 6.20172
      vertex -39 -7.36841 6.20172
    endloop
  endfacet
  facet normal -3.81427e-19 -0.941539 0.336904
    outer loop
      vertex -32 -7.36841 6.20172
      vertex -39 -7.44059 6
      vertex -32 -7.44059 6
    endloop
  endfacet
  facet normal -6.34406e-20 0.998803 0.0489119
    outer loop
      vertex -32 -12.7368 6.73045
      vertex -39 -12.75 7
      vertex -32 -12.75 7
    endloop
  endfacet
  facet normal -6.34406e-20 0.998803 0.0489119
    outer loop
      vertex -39 -12.75 7
      vertex -32 -12.7368 6.73045
      vertex -39 -12.7368 6.73045
    endloop
  endfacet
  facet normal 0 -0.427602 -0.903967
    outer loop
      vertex -39 -8.94762 15.5407
      vertex -32 -8.70366 15.4253
      vertex -32 -8.94762 15.5407
    endloop
  endfacet
  facet normal -0 -0.427602 -0.903967
    outer loop
      vertex -32 -8.70366 15.4253
      vertex -39 -8.94762 15.5407
      vertex -39 -8.70366 15.4253
    endloop
  endfacet
  facet normal 0 0.427688 -0.903926
    outer loop
      vertex -39 -11.2963 15.4253
      vertex -32 -11.0524 15.5407
      vertex -32 -11.2963 15.4253
    endloop
  endfacet
  facet normal 0 0.427688 -0.903926
    outer loop
      vertex -32 -11.0524 15.5407
      vertex -39 -11.2963 15.4253
      vertex -39 -11.0524 15.5407
    endloop
  endfacet
  facet normal 0 -0.671695 -0.740828
    outer loop
      vertex -39 -8.25542 15.1258
      vertex -32 -8.05546 14.9445
      vertex -32 -8.25542 15.1258
    endloop
  endfacet
  facet normal -0 -0.671695 -0.740828
    outer loop
      vertex -32 -8.05546 14.9445
      vertex -39 -8.25542 15.1258
      vertex -39 -8.05546 14.9445
    endloop
  endfacet
  facet normal -8.39794e-19 -0.970033 0.242972
    outer loop
      vertex -39 -7.36841 6.20172
      vertex -32 -7.30284 6.4635
      vertex -39 -7.30284 6.4635
    endloop
  endfacet
  facet normal -8.39794e-19 -0.970033 0.242972
    outer loop
      vertex -32 -7.30284 6.4635
      vertex -39 -7.36841 6.20172
      vertex -32 -7.36841 6.20172
    endloop
  endfacet
  facet normal 0 0.595485 -0.803367
    outer loop
      vertex -39 -11.7446 15.1258
      vertex -32 -11.5278 15.2865
      vertex -32 -11.7446 15.1258
    endloop
  endfacet
  facet normal 0 0.595485 -0.803367
    outer loop
      vertex -32 -11.5278 15.2865
      vertex -39 -11.7446 15.1258
      vertex -39 -11.5278 15.2865
    endloop
  endfacet
  facet normal 6.78363e-19 -0.857754 -0.51406
    outer loop
      vertex -39 -7.57472 14.2963
      vertex -32 -7.71346 14.5278
      vertex -39 -7.71346 14.5278
    endloop
  endfacet
  facet normal 6.78363e-19 -0.857754 -0.51406
    outer loop
      vertex -32 -7.71346 14.5278
      vertex -39 -7.57472 14.2963
      vertex -32 -7.57472 14.2963
    endloop
  endfacet
  facet normal 7.55516e-19 -0.970038 -0.242954
    outer loop
      vertex -39 -7.30284 13.5365
      vertex -32 -7.36841 13.7983
      vertex -39 -7.36841 13.7983
    endloop
  endfacet
  facet normal 7.55516e-19 -0.970038 -0.242954
    outer loop
      vertex -32 -7.36841 13.7983
      vertex -39 -7.30284 13.5365
      vertex -32 -7.30284 13.5365
    endloop
  endfacet
  facet normal 0 -0.0489119 -0.998803
    outer loop
      vertex -39 -10 15.75
      vertex -32 -9.73045 15.7368
      vertex -32 -10 15.75
    endloop
  endfacet
  facet normal -0 -0.0489119 -0.998803
    outer loop
      vertex -32 -9.73045 15.7368
      vertex -39 -10 15.75
      vertex -39 -9.73045 15.7368
    endloop
  endfacet
  facet normal -2.78659e-19 0.857656 -0.514223
    outer loop
      vertex -32 -12.4253 14.2963
      vertex -39 -12.2865 14.5278
      vertex -32 -12.2865 14.5278
    endloop
  endfacet
  facet normal -2.78659e-19 0.857656 -0.514223
    outer loop
      vertex -39 -12.2865 14.5278
      vertex -32 -12.4253 14.2963
      vertex -39 -12.4253 14.2963
    endloop
  endfacet
  facet normal 2.98421e-19 -0.740838 -0.671683
    outer loop
      vertex -39 -7.87422 14.7446
      vertex -32 -8.05546 14.9445
      vertex -39 -8.05546 14.9445
    endloop
  endfacet
  facet normal 2.98421e-19 -0.740838 -0.671683
    outer loop
      vertex -32 -8.05546 14.9445
      vertex -39 -7.87422 14.7446
      vertex -32 -7.87422 14.7446
    endloop
  endfacet
  facet normal 1.88807e-19 0.941509 0.336987
    outer loop
      vertex -32 -12.5594 6
      vertex -39 -12.6316 6.20172
      vertex -32 -12.6316 6.20172
    endloop
  endfacet
  facet normal 1.88807e-19 0.941509 0.336987
    outer loop
      vertex -39 -12.6316 6.20172
      vertex -32 -12.5594 6
      vertex -39 -12.5594 6
    endloop
  endfacet
  facet normal 2.74736e-19 -0.989176 0.146737
    outer loop
      vertex -39 -7.30284 6.4635
      vertex -32 -7.26324 6.73045
      vertex -39 -7.26324 6.73045
    endloop
  endfacet
  facet normal 2.74736e-19 -0.989176 0.146737
    outer loop
      vertex -32 -7.26324 6.73045
      vertex -39 -7.30284 6.4635
      vertex -32 -7.30284 6.4635
    endloop
  endfacet
  facet normal -1.9444e-19 0.941566 -0.336829
    outer loop
      vertex -32 -12.6316 13.7983
      vertex -39 -12.5407 14.0524
      vertex -32 -12.5407 14.0524
    endloop
  endfacet
  facet normal -1.9444e-19 0.941566 -0.336829
    outer loop
      vertex -39 -12.5407 14.0524
      vertex -32 -12.6316 13.7983
      vertex -39 -12.6316 13.7983
    endloop
  endfacet
  facet normal 8.17578e-19 0.970012 -0.243059
    outer loop
      vertex -32 -12.6972 13.5365
      vertex -39 -12.6316 13.7983
      vertex -32 -12.6316 13.7983
    endloop
  endfacet
  facet normal 8.17578e-19 0.970012 -0.243059
    outer loop
      vertex -39 -12.6316 13.7983
      vertex -32 -12.6972 13.5365
      vertex -39 -12.6972 13.5365
    endloop
  endfacet
  facet normal 0 0.14671 -0.98918
    outer loop
      vertex -39 -10.5365 15.6972
      vertex -32 -10.2695 15.7368
      vertex -32 -10.5365 15.6972
    endloop
  endfacet
  facet normal 0 0.14671 -0.98918
    outer loop
      vertex -32 -10.2695 15.7368
      vertex -39 -10.5365 15.6972
      vertex -39 -10.2695 15.7368
    endloop
  endfacet
  facet normal -7.28157e-19 -0.941542 -0.336895
    outer loop
      vertex -39 -7.36841 13.7983
      vertex -32 -7.45933 14.0524
      vertex -39 -7.45933 14.0524
    endloop
  endfacet
  facet normal -7.28157e-19 -0.941542 -0.336895
    outer loop
      vertex -32 -7.45933 14.0524
      vertex -39 -7.36841 13.7983
      vertex -32 -7.36841 13.7983
    endloop
  endfacet
  facet normal 3.98153e-20 -0.998796 0.0490598
    outer loop
      vertex -39 -7.26324 6.73045
      vertex -32 -7.25 7
      vertex -39 -7.25 7
    endloop
  endfacet
  facet normal 3.98153e-20 -0.998796 0.0490598
    outer loop
      vertex -32 -7.25 7
      vertex -39 -7.26324 6.73045
      vertex -32 -7.26324 6.73045
    endloop
  endfacet
  facet normal -1.32831e-19 -0.98918 -0.14671
    outer loop
      vertex -39 -7.26324 13.2695
      vertex -32 -7.30284 13.5365
      vertex -39 -7.30284 13.5365
    endloop
  endfacet
  facet normal -1.32831e-19 -0.98918 -0.14671
    outer loop
      vertex -32 -7.30284 13.5365
      vertex -39 -7.26324 13.2695
      vertex -32 -7.26324 13.2695
    endloop
  endfacet
  facet normal -9.55434e-20 -0.998795 -0.0490688
    outer loop
      vertex -39 -7.25 13
      vertex -32 -7.26324 13.2695
      vertex -39 -7.26324 13.2695
    endloop
  endfacet
  facet normal -9.55434e-20 -0.998795 -0.0490688
    outer loop
      vertex -32 -7.26324 13.2695
      vertex -39 -7.25 13
      vertex -32 -7.25 13
    endloop
  endfacet
  facet normal 1.51057e-18 -0.80326 -0.595628
    outer loop
      vertex -39 -7.71346 14.5278
      vertex -32 -7.87422 14.7446
      vertex -39 -7.87422 14.7446
    endloop
  endfacet
  facet normal 1.51057e-18 -0.80326 -0.595628
    outer loop
      vertex -32 -7.87422 14.7446
      vertex -39 -7.71346 14.5278
      vertex -32 -7.71346 14.5278
    endloop
  endfacet
  facet normal 1.9776e-19 0.740728 -0.671805
    outer loop
      vertex -32 -12.1258 14.7446
      vertex -39 -11.9445 14.9445
      vertex -32 -11.9445 14.9445
    endloop
  endfacet
  facet normal 1.9776e-19 0.740728 -0.671805
    outer loop
      vertex -39 -11.9445 14.9445
      vertex -32 -12.1258 14.7446
      vertex -39 -12.1258 14.7446
    endloop
  endfacet
  facet normal 0 0.671805 -0.740728
    outer loop
      vertex -39 -11.9445 14.9445
      vertex -32 -11.7446 15.1258
      vertex -32 -11.9445 14.9445
    endloop
  endfacet
  facet normal 0 0.671805 -0.740728
    outer loop
      vertex -32 -11.7446 15.1258
      vertex -39 -11.9445 14.9445
      vertex -39 -11.7446 15.1258
    endloop
  endfacet
  facet normal 0 -0.0489119 0.998803
    outer loop
      vertex -39 -9.73045 54.2632
      vertex -32 -10 54.25
      vertex -32 -9.73045 54.2632
    endloop
  endfacet
  facet normal 0 -0.0489119 0.998803
    outer loop
      vertex -32 -10 54.25
      vertex -39 -9.73045 54.2632
      vertex -39 -10 54.25
    endloop
  endfacet
  facet normal -1.4371e-18 0.857656 0.514223
    outer loop
      vertex -32 -12.2865 55.4722
      vertex -39 -12.4253 55.7037
      vertex -32 -12.4253 55.7037
    endloop
  endfacet
  facet normal -1.4371e-18 0.857656 0.514223
    outer loop
      vertex -39 -12.4253 55.7037
      vertex -32 -12.2865 55.4722
      vertex -39 -12.2865 55.4722
    endloop
  endfacet
  facet normal -2.66452e-20 0.998803 -0.0489209
    outer loop
      vertex -32 -12.75 63
      vertex -39 -12.7368 63.2695
      vertex -32 -12.7368 63.2695
    endloop
  endfacet
  facet normal -2.66452e-20 0.998803 -0.0489209
    outer loop
      vertex -39 -12.7368 63.2695
      vertex -32 -12.75 63
      vertex -39 -12.75 63
    endloop
  endfacet
  facet normal 1.61127e-19 -0.941528 -0.336934
    outer loop
      vertex -39 -7.36841 63.7983
      vertex -32 -7.44059 64
      vertex -39 -7.44059 64
    endloop
  endfacet
  facet normal 1.61127e-19 -0.941528 -0.336934
    outer loop
      vertex -32 -7.44059 64
      vertex -39 -7.36841 63.7983
      vertex -32 -7.36841 63.7983
    endloop
  endfacet
  facet normal 0 1 -0
    outer loop
      vertex -32 -12.75 57
      vertex -39 -12.75 63
      vertex -32 -12.75 63
    endloop
  endfacet
  facet normal 0 1 0
    outer loop
      vertex -39 -12.75 63
      vertex -32 -12.75 57
      vertex -39 -12.75 57
    endloop
  endfacet
  facet normal -5.97339e-19 -0.903941 0.427658
    outer loop
      vertex -39 -7.57472 55.7037
      vertex -32 -7.45933 55.9476
      vertex -39 -7.45933 55.9476
    endloop
  endfacet
  facet normal -5.97339e-19 -0.903941 0.427658
    outer loop
      vertex -32 -7.45933 55.9476
      vertex -39 -7.57472 55.7037
      vertex -32 -7.57472 55.7037
    endloop
  endfacet
  facet normal -5.95079e-20 0.970012 0.243059
    outer loop
      vertex -32 -12.6316 56.2017
      vertex -39 -12.6972 56.4635
      vertex -32 -12.6972 56.4635
    endloop
  endfacet
  facet normal -5.95079e-20 0.970012 0.243059
    outer loop
      vertex -39 -12.6972 56.4635
      vertex -32 -12.6316 56.2017
      vertex -39 -12.6316 56.2017
    endloop
  endfacet
  facet normal 0 -0.514256 0.857637
    outer loop
      vertex -39 -8.47218 54.7135
      vertex -32 -8.70366 54.5747
      vertex -32 -8.47218 54.7135
    endloop
  endfacet
  facet normal 0 -0.514256 0.857637
    outer loop
      vertex -32 -8.70366 54.5747
      vertex -39 -8.47218 54.7135
      vertex -39 -8.70366 54.5747
    endloop
  endfacet
  facet normal 0 -1 0
    outer loop
      vertex -39 -7.25 57
      vertex -32 -7.25 63
      vertex -39 -7.25 63
    endloop
  endfacet
  facet normal 0 -1 -0
    outer loop
      vertex -32 -7.25 63
      vertex -39 -7.25 57
      vertex -32 -7.25 57
    endloop
  endfacet
  facet normal -6.499e-19 0.803367 0.595485
    outer loop
      vertex -32 -12.1258 55.2554
      vertex -39 -12.2865 55.4722
      vertex -32 -12.2865 55.4722
    endloop
  endfacet
  facet normal -6.499e-19 0.803367 0.595485
    outer loop
      vertex -39 -12.2865 55.4722
      vertex -32 -12.1258 55.2554
      vertex -39 -12.1258 55.2554
    endloop
  endfacet
  facet normal 4.02853e-20 0.98918 -0.14671
    outer loop
      vertex -32 -12.7368 63.2695
      vertex -39 -12.6972 63.5365
      vertex -32 -12.6972 63.5365
    endloop
  endfacet
  facet normal 4.02853e-20 0.98918 -0.14671
    outer loop
      vertex -39 -12.6972 63.5365
      vertex -32 -12.7368 63.2695
      vertex -39 -12.7368 63.2695
    endloop
  endfacet
  facet normal -9.55434e-20 -0.998795 -0.0490688
    outer loop
      vertex -39 -7.25 63
      vertex -32 -7.26324 63.2695
      vertex -39 -7.26324 63.2695
    endloop
  endfacet
  facet normal -9.55434e-20 -0.998795 -0.0490688
    outer loop
      vertex -32 -7.26324 63.2695
      vertex -39 -7.25 63
      vertex -32 -7.25 63
    endloop
  endfacet
  facet normal 0 -0.671695 0.740828
    outer loop
      vertex -39 -8.05546 55.0555
      vertex -32 -8.25542 54.8742
      vertex -32 -8.05546 55.0555
    endloop
  endfacet
  facet normal 0 -0.671695 0.740828
    outer loop
      vertex -32 -8.25542 54.8742
      vertex -39 -8.05546 55.0555
      vertex -39 -8.25542 54.8742
    endloop
  endfacet
  facet normal -4.02853e-20 0.98918 0.14671
    outer loop
      vertex -32 -12.6972 56.4635
      vertex -39 -12.7368 56.7305
      vertex -32 -12.7368 56.7305
    endloop
  endfacet
  facet normal -4.02853e-20 0.98918 0.14671
    outer loop
      vertex -39 -12.7368 56.7305
      vertex -32 -12.6972 56.4635
      vertex -39 -12.6972 56.4635
    endloop
  endfacet
  facet normal -0 0.14671 0.98918
    outer loop
      vertex -39 -10.2695 54.2632
      vertex -32 -10.5365 54.3028
      vertex -32 -10.2695 54.2632
    endloop
  endfacet
  facet normal 0 0.14671 0.98918
    outer loop
      vertex -32 -10.5365 54.3028
      vertex -39 -10.2695 54.2632
      vertex -39 -10.5365 54.3028
    endloop
  endfacet
  facet normal -0 0.671805 0.740728
    outer loop
      vertex -39 -11.7446 54.8742
      vertex -32 -11.9445 55.0555
      vertex -32 -11.7446 54.8742
    endloop
  endfacet
  facet normal 0 0.671805 0.740728
    outer loop
      vertex -32 -11.9445 55.0555
      vertex -39 -11.7446 54.8742
      vertex -39 -11.9445 55.0555
    endloop
  endfacet
  facet normal -0 0.0489209 0.998803
    outer loop
      vertex -39 -10 54.25
      vertex -32 -10.2695 54.2632
      vertex -32 -10 54.25
    endloop
  endfacet
  facet normal 0 0.0489209 0.998803
    outer loop
      vertex -32 -10.2695 54.2632
      vertex -39 -10 54.25
      vertex -39 -10.2695 54.2632
    endloop
  endfacet
  facet normal 9.55434e-20 -0.998795 0.0490688
    outer loop
      vertex -39 -7.26324 56.7305
      vertex -32 -7.25 57
      vertex -39 -7.25 57
    endloop
  endfacet
  facet normal 9.55434e-20 -0.998795 0.0490688
    outer loop
      vertex -32 -7.25 57
      vertex -39 -7.26324 56.7305
      vertex -32 -7.26324 56.7305
    endloop
  endfacet
  facet normal 2.66452e-20 0.998803 0.0489209
    outer loop
      vertex -32 -12.7368 56.7305
      vertex -39 -12.75 57
      vertex -32 -12.75 57
    endloop
  endfacet
  facet normal 2.66452e-20 0.998803 0.0489209
    outer loop
      vertex -39 -12.75 57
      vertex -32 -12.7368 56.7305
      vertex -39 -12.7368 56.7305
    endloop
  endfacet
  facet normal -0 0.595485 0.803367
    outer loop
      vertex -39 -11.5278 54.7135
      vertex -32 -11.7446 54.8742
      vertex -32 -11.5278 54.7135
    endloop
  endfacet
  facet normal 0 0.595485 0.803367
    outer loop
      vertex -32 -11.7446 54.8742
      vertex -39 -11.5278 54.7135
      vertex -39 -11.7446 54.8742
    endloop
  endfacet
  facet normal 1.09401e-18 -0.857754 0.51406
    outer loop
      vertex -39 -7.71346 55.4722
      vertex -32 -7.57472 55.7037
      vertex -39 -7.57472 55.7037
    endloop
  endfacet
  facet normal 1.09401e-18 -0.857754 0.51406
    outer loop
      vertex -32 -7.57472 55.7037
      vertex -39 -7.71346 55.4722
      vertex -32 -7.71346 55.4722
    endloop
  endfacet
  facet normal -0 0.514223 0.857656
    outer loop
      vertex -39 -11.2963 54.5747
      vertex -32 -11.5278 54.7135
      vertex -32 -11.2963 54.5747
    endloop
  endfacet
  facet normal 0 0.514223 0.857656
    outer loop
      vertex -32 -11.5278 54.7135
      vertex -39 -11.2963 54.5747
      vertex -39 -11.5278 54.7135
    endloop
  endfacet
  facet normal 0 -0.243076 0.970007
    outer loop
      vertex -39 -9.20172 54.3684
      vertex -32 -9.4635 54.3028
      vertex -32 -9.20172 54.3684
    endloop
  endfacet
  facet normal 0 -0.243076 0.970007
    outer loop
      vertex -32 -9.4635 54.3028
      vertex -39 -9.20172 54.3684
      vertex -39 -9.4635 54.3028
    endloop
  endfacet
  facet normal 2.94645e-19 -0.970038 0.242954
    outer loop
      vertex -39 -7.36841 56.2017
      vertex -32 -7.30284 56.4635
      vertex -39 -7.30284 56.4635
    endloop
  endfacet
  facet normal 2.94645e-19 -0.970038 0.242954
    outer loop
      vertex -32 -7.30284 56.4635
      vertex -39 -7.36841 56.2017
      vertex -32 -7.36841 56.2017
    endloop
  endfacet
  facet normal 1.9444e-19 0.941566 0.336829
    outer loop
      vertex -32 -12.5407 55.9476
      vertex -39 -12.6316 56.2017
      vertex -32 -12.6316 56.2017
    endloop
  endfacet
  facet normal 1.9444e-19 0.941566 0.336829
    outer loop
      vertex -39 -12.6316 56.2017
      vertex -32 -12.5407 55.9476
      vertex -39 -12.5407 55.9476
    endloop
  endfacet
  facet normal 7.28157e-19 -0.941542 0.336895
    outer loop
      vertex -39 -7.45933 55.9476
      vertex -32 -7.36841 56.2017
      vertex -39 -7.36841 56.2017
    endloop
  endfacet
  facet normal 7.28157e-19 -0.941542 0.336895
    outer loop
      vertex -32 -7.36841 56.2017
      vertex -39 -7.45933 55.9476
      vertex -32 -7.45933 55.9476
    endloop
  endfacet
  facet normal -0 0.427688 0.903926
    outer loop
      vertex -39 -11.0524 54.4593
      vertex -32 -11.2963 54.5747
      vertex -32 -11.0524 54.4593
    endloop
  endfacet
  facet normal 0 0.427688 0.903926
    outer loop
      vertex -32 -11.2963 54.5747
      vertex -39 -11.0524 54.4593
      vertex -39 -11.2963 54.5747
    endloop
  endfacet
  facet normal -0 0.243059 0.970012
    outer loop
      vertex -39 -10.5365 54.3028
      vertex -32 -10.7983 54.3684
      vertex -32 -10.5365 54.3028
    endloop
  endfacet
  facet normal 0 0.243059 0.970012
    outer loop
      vertex -32 -10.7983 54.3684
      vertex -39 -10.5365 54.3028
      vertex -39 -10.7983 54.3684
    endloop
  endfacet
  facet normal 4.02853e-20 -0.98918 0.14671
    outer loop
      vertex -39 -7.30284 56.4635
      vertex -32 -7.26324 56.7305
      vertex -39 -7.26324 56.7305
    endloop
  endfacet
  facet normal 4.02853e-20 -0.98918 0.14671
    outer loop
      vertex -32 -7.26324 56.7305
      vertex -39 -7.30284 56.4635
      vertex -32 -7.30284 56.4635
    endloop
  endfacet
  facet normal 1.54501e-19 0.941499 -0.337016
    outer loop
      vertex -32 -12.6316 63.7983
      vertex -39 -12.5594 64
      vertex -32 -12.5594 64
    endloop
  endfacet
  facet normal 1.54501e-19 0.941499 -0.337016
    outer loop
      vertex -39 -12.5594 64
      vertex -32 -12.6316 63.7983
      vertex -39 -12.6316 63.7983
    endloop
  endfacet
  facet normal 5.95079e-20 0.970012 -0.243059
    outer loop
      vertex -32 -12.6972 63.5365
      vertex -39 -12.6316 63.7983
      vertex -32 -12.6316 63.7983
    endloop
  endfacet
  facet normal 5.95079e-20 0.970012 -0.243059
    outer loop
      vertex -39 -12.6316 63.7983
      vertex -32 -12.6972 63.5365
      vertex -39 -12.6972 63.5365
    endloop
  endfacet
  facet normal -2.98421e-19 -0.740838 0.671683
    outer loop
      vertex -39 -8.05546 55.0555
      vertex -32 -7.87422 55.2554
      vertex -39 -7.87422 55.2554
    endloop
  endfacet
  facet normal -2.98421e-19 -0.740838 0.671683
    outer loop
      vertex -32 -7.87422 55.2554
      vertex -39 -8.05546 55.0555
      vertex -32 -8.05546 55.0555
    endloop
  endfacet
  facet normal -4.02853e-20 -0.98918 -0.14671
    outer loop
      vertex -39 -7.26324 63.2695
      vertex -32 -7.30284 63.5365
      vertex -39 -7.30284 63.5365
    endloop
  endfacet
  facet normal -4.02853e-20 -0.98918 -0.14671
    outer loop
      vertex -32 -7.30284 63.5365
      vertex -39 -7.26324 63.2695
      vertex -32 -7.26324 63.2695
    endloop
  endfacet
  facet normal 6.28453e-19 0.903926 0.427688
    outer loop
      vertex -32 -12.4253 55.7037
      vertex -39 -12.5407 55.9476
      vertex -32 -12.5407 55.9476
    endloop
  endfacet
  facet normal 6.28453e-19 0.903926 0.427688
    outer loop
      vertex -39 -12.5407 55.9476
      vertex -32 -12.4253 55.7037
      vertex -39 -12.4253 55.7037
    endloop
  endfacet
  facet normal 1.5945e-18 -0.80326 0.595628
    outer loop
      vertex -39 -7.87422 55.2554
      vertex -32 -7.71346 55.4722
      vertex -39 -7.71346 55.4722
    endloop
  endfacet
  facet normal 1.5945e-18 -0.80326 0.595628
    outer loop
      vertex -32 -7.71346 55.4722
      vertex -39 -7.87422 55.2554
      vertex -32 -7.87422 55.2554
    endloop
  endfacet
  facet normal 0 -0.427602 0.903967
    outer loop
      vertex -39 -8.70366 54.5747
      vertex -32 -8.94762 54.4593
      vertex -32 -8.70366 54.5747
    endloop
  endfacet
  facet normal 0 -0.427602 0.903967
    outer loop
      vertex -32 -8.94762 54.4593
      vertex -39 -8.70366 54.5747
      vertex -39 -8.94762 54.4593
    endloop
  endfacet
  facet normal -1.9776e-19 0.740728 0.671805
    outer loop
      vertex -32 -11.9445 55.0555
      vertex -39 -12.1258 55.2554
      vertex -32 -12.1258 55.2554
    endloop
  endfacet
  facet normal -1.9776e-19 0.740728 0.671805
    outer loop
      vertex -39 -12.1258 55.2554
      vertex -32 -11.9445 55.0555
      vertex -39 -11.9445 55.0555
    endloop
  endfacet
  facet normal 0 -0.336829 0.941566
    outer loop
      vertex -39 -8.94762 54.4593
      vertex -32 -9.20172 54.3684
      vertex -32 -8.94762 54.4593
    endloop
  endfacet
  facet normal 0 -0.336829 0.941566
    outer loop
      vertex -32 -9.20172 54.3684
      vertex -39 -8.94762 54.4593
      vertex -39 -9.20172 54.3684
    endloop
  endfacet
  facet normal -0 0.336829 0.941566
    outer loop
      vertex -39 -10.7983 54.3684
      vertex -32 -11.0524 54.4593
      vertex -32 -10.7983 54.3684
    endloop
  endfacet
  facet normal 0 0.336829 0.941566
    outer loop
      vertex -32 -11.0524 54.4593
      vertex -39 -10.7983 54.3684
      vertex -39 -11.0524 54.4593
    endloop
  endfacet
  facet normal -2.94645e-19 -0.970038 -0.242954
    outer loop
      vertex -39 -7.30284 63.5365
      vertex -32 -7.36841 63.7983
      vertex -39 -7.36841 63.7983
    endloop
  endfacet
  facet normal -2.94645e-19 -0.970038 -0.242954
    outer loop
      vertex -32 -7.36841 63.7983
      vertex -39 -7.30284 63.5365
      vertex -32 -7.30284 63.5365
    endloop
  endfacet
  facet normal 0 -0.146737 0.989176
    outer loop
      vertex -39 -9.4635 54.3028
      vertex -32 -9.73045 54.2632
      vertex -32 -9.4635 54.3028
    endloop
  endfacet
  facet normal 0 -0.146737 0.989176
    outer loop
      vertex -32 -9.73045 54.2632
      vertex -39 -9.4635 54.3028
      vertex -39 -9.73045 54.2632
    endloop
  endfacet
  facet normal 0 -0.595555 0.803314
    outer loop
      vertex -39 -8.25542 54.8742
      vertex -32 -8.47218 54.7135
      vertex -32 -8.25542 54.8742
    endloop
  endfacet
  facet normal 0 -0.595555 0.803314
    outer loop
      vertex -32 -8.47218 54.7135
      vertex -39 -8.25542 54.8742
      vertex -39 -8.47218 54.7135
    endloop
  endfacet
  facet normal 9.55434e-20 0.998795 -0.0490688
    outer loop
      vertex -32 7.25 13
      vertex -39 7.26324 13.2695
      vertex -32 7.26324 13.2695
    endloop
  endfacet
  facet normal 9.55434e-20 0.998795 -0.0490688
    outer loop
      vertex -39 7.26324 13.2695
      vertex -32 7.25 13
      vertex -39 7.25 13
    endloop
  endfacet
  facet normal 0 0.243076 -0.970007
    outer loop
      vertex -39 9.20172 15.6316
      vertex -32 9.4635 15.6972
      vertex -32 9.20172 15.6316
    endloop
  endfacet
  facet normal 0 0.243076 -0.970007
    outer loop
      vertex -32 9.4635 15.6972
      vertex -39 9.20172 15.6316
      vertex -39 9.4635 15.6972
    endloop
  endfacet
  facet normal -1.51057e-18 0.80326 -0.595628
    outer loop
      vertex -32 7.71346 14.5278
      vertex -39 7.87422 14.7446
      vertex -32 7.87422 14.7446
    endloop
  endfacet
  facet normal -1.51057e-18 0.80326 -0.595628
    outer loop
      vertex -39 7.87422 14.7446
      vertex -32 7.71346 14.5278
      vertex -39 7.71346 14.5278
    endloop
  endfacet
  facet normal 0 1 -0
    outer loop
      vertex -32 7.25 7
      vertex -39 7.25 13
      vertex -32 7.25 13
    endloop
  endfacet
  facet normal 0 1 0
    outer loop
      vertex -39 7.25 13
      vertex -32 7.25 7
      vertex -39 7.25 7
    endloop
  endfacet
  facet normal -8.96901e-19 -0.903926 -0.427688
    outer loop
      vertex -39 12.5407 14.0524
      vertex -32 12.4253 14.2963
      vertex -39 12.4253 14.2963
    endloop
  endfacet
  facet normal -8.96901e-19 -0.903926 -0.427688
    outer loop
      vertex -32 12.4253 14.2963
      vertex -39 12.5407 14.0524
      vertex -32 12.5407 14.0524
    endloop
  endfacet
  facet normal 0 -0.14671 -0.98918
    outer loop
      vertex -39 10.2695 15.7368
      vertex -32 10.5365 15.6972
      vertex -32 10.2695 15.7368
    endloop
  endfacet
  facet normal -0 -0.14671 -0.98918
    outer loop
      vertex -32 10.5365 15.6972
      vertex -39 10.2695 15.7368
      vertex -39 10.5365 15.6972
    endloop
  endfacet
  facet normal 8.39794e-19 0.970033 0.242972
    outer loop
      vertex -32 7.36841 6.20172
      vertex -39 7.30284 6.4635
      vertex -32 7.30284 6.4635
    endloop
  endfacet
  facet normal 8.39794e-19 0.970033 0.242972
    outer loop
      vertex -39 7.30284 6.4635
      vertex -32 7.36841 6.20172
      vertex -39 7.36841 6.20172
    endloop
  endfacet
  facet normal 0 -1 0
    outer loop
      vertex -39 12.75 7
      vertex -32 12.75 13
      vertex -39 12.75 13
    endloop
  endfacet
  facet normal 0 -1 -0
    outer loop
      vertex -32 12.75 13
      vertex -39 12.75 7
      vertex -32 12.75 7
    endloop
  endfacet
  facet normal 0 -0.595485 -0.803367
    outer loop
      vertex -39 11.5278 15.2865
      vertex -32 11.7446 15.1258
      vertex -32 11.5278 15.2865
    endloop
  endfacet
  facet normal -0 -0.595485 -0.803367
    outer loop
      vertex -32 11.7446 15.1258
      vertex -39 11.5278 15.2865
      vertex -39 11.7446 15.1258
    endloop
  endfacet
  facet normal 0 -0.514223 -0.857656
    outer loop
      vertex -39 11.2963 15.4253
      vertex -32 11.5278 15.2865
      vertex -32 11.2963 15.4253
    endloop
  endfacet
  facet normal -0 -0.514223 -0.857656
    outer loop
      vertex -32 11.5278 15.2865
      vertex -39 11.2963 15.4253
      vertex -39 11.5278 15.2865
    endloop
  endfacet
  facet normal 0 -0.336829 -0.941566
    outer loop
      vertex -39 10.7983 15.6316
      vertex -32 11.0524 15.5407
      vertex -32 10.7983 15.6316
    endloop
  endfacet
  facet normal -0 -0.336829 -0.941566
    outer loop
      vertex -32 11.0524 15.5407
      vertex -39 10.7983 15.6316
      vertex -39 11.0524 15.5407
    endloop
  endfacet
  facet normal 1.32831e-19 0.98918 -0.14671
    outer loop
      vertex -32 7.26324 13.2695
      vertex -39 7.30284 13.5365
      vertex -32 7.30284 13.5365
    endloop
  endfacet
  facet normal 1.32831e-19 0.98918 -0.14671
    outer loop
      vertex -39 7.30284 13.5365
      vertex -32 7.26324 13.2695
      vertex -39 7.26324 13.2695
    endloop
  endfacet
  facet normal 0 0.336829 -0.941566
    outer loop
      vertex -39 8.94762 15.5407
      vertex -32 9.20172 15.6316
      vertex -32 8.94762 15.5407
    endloop
  endfacet
  facet normal 0 0.336829 -0.941566
    outer loop
      vertex -32 9.20172 15.6316
      vertex -39 8.94762 15.5407
      vertex -39 9.20172 15.6316
    endloop
  endfacet
  facet normal -2.74736e-19 0.989176 0.146737
    outer loop
      vertex -32 7.30284 6.4635
      vertex -39 7.26324 6.73045
      vertex -32 7.26324 6.73045
    endloop
  endfacet
  facet normal -2.74736e-19 0.989176 0.146737
    outer loop
      vertex -39 7.26324 6.73045
      vertex -32 7.30284 6.4635
      vertex -39 7.30284 6.4635
    endloop
  endfacet
  facet normal 0 0.514256 -0.857637
    outer loop
      vertex -39 8.47218 15.2865
      vertex -32 8.70366 15.4253
      vertex -32 8.47218 15.2865
    endloop
  endfacet
  facet normal 0 0.514256 -0.857637
    outer loop
      vertex -32 8.70366 15.4253
      vertex -39 8.47218 15.2865
      vertex -39 8.70366 15.4253
    endloop
  endfacet
  facet normal 0 0.0489119 -0.998803
    outer loop
      vertex -39 9.73045 15.7368
      vertex -32 10 15.75
      vertex -32 9.73045 15.7368
    endloop
  endfacet
  facet normal 0 0.0489119 -0.998803
    outer loop
      vertex -32 10 15.75
      vertex -39 9.73045 15.7368
      vertex -39 10 15.75
    endloop
  endfacet
  facet normal 0 -0.243059 -0.970012
    outer loop
      vertex -39 10.5365 15.6972
      vertex -32 10.7983 15.6316
      vertex -32 10.5365 15.6972
    endloop
  endfacet
  facet normal -0 -0.243059 -0.970012
    outer loop
      vertex -32 10.7983 15.6316
      vertex -39 10.5365 15.6972
      vertex -39 10.7983 15.6316
    endloop
  endfacet
  facet normal -8.90071e-19 0.903941 -0.427658
    outer loop
      vertex -32 7.45933 14.0524
      vertex -39 7.57472 14.2963
      vertex -32 7.57472 14.2963
    endloop
  endfacet
  facet normal -8.90071e-19 0.903941 -0.427658
    outer loop
      vertex -39 7.57472 14.2963
      vertex -32 7.45933 14.0524
      vertex -39 7.45933 14.0524
    endloop
  endfacet
  facet normal 6.34406e-20 -0.998803 0.0489119
    outer loop
      vertex -39 12.7368 6.73045
      vertex -32 12.75 7
      vertex -39 12.75 7
    endloop
  endfacet
  facet normal 6.34406e-20 -0.998803 0.0489119
    outer loop
      vertex -32 12.75 7
      vertex -39 12.7368 6.73045
      vertex -32 12.7368 6.73045
    endloop
  endfacet
  facet normal -1.88807e-19 -0.941509 0.336987
    outer loop
      vertex -39 12.5594 6
      vertex -32 12.6316 6.20172
      vertex -39 12.6316 6.20172
    endloop
  endfacet
  facet normal -1.88807e-19 -0.941509 0.336987
    outer loop
      vertex -32 12.6316 6.20172
      vertex -39 12.5594 6
      vertex -32 12.5594 6
    endloop
  endfacet
  facet normal -3.98153e-20 0.998796 0.0490598
    outer loop
      vertex -32 7.26324 6.73045
      vertex -39 7.25 7
      vertex -32 7.25 7
    endloop
  endfacet
  facet normal -3.98153e-20 0.998796 0.0490598
    outer loop
      vertex -39 7.25 7
      vertex -32 7.26324 6.73045
      vertex -39 7.26324 6.73045
    endloop
  endfacet
  facet normal 0 -0.427688 -0.903926
    outer loop
      vertex -39 11.0524 15.5407
      vertex -32 11.2963 15.4253
      vertex -32 11.0524 15.5407
    endloop
  endfacet
  facet normal -0 -0.427688 -0.903926
    outer loop
      vertex -32 11.2963 15.4253
      vertex -39 11.0524 15.5407
      vertex -39 11.2963 15.4253
    endloop
  endfacet
  facet normal 0 0.427602 -0.903967
    outer loop
      vertex -39 8.70366 15.4253
      vertex -32 8.94762 15.5407
      vertex -32 8.70366 15.4253
    endloop
  endfacet
  facet normal 0 0.427602 -0.903967
    outer loop
      vertex -32 8.94762 15.5407
      vertex -39 8.70366 15.4253
      vertex -39 8.94762 15.5407
    endloop
  endfacet
  facet normal 0 -0.671805 -0.740728
    outer loop
      vertex -39 11.7446 15.1258
      vertex -32 11.9445 14.9445
      vertex -32 11.7446 15.1258
    endloop
  endfacet
  facet normal -0 -0.671805 -0.740728
    outer loop
      vertex -32 11.9445 14.9445
      vertex -39 11.7446 15.1258
      vertex -39 11.9445 14.9445
    endloop
  endfacet
  facet normal -5.2104e-19 -0.970007 0.243076
    outer loop
      vertex -39 12.6316 6.20172
      vertex -32 12.6972 6.4635
      vertex -39 12.6972 6.4635
    endloop
  endfacet
  facet normal -5.2104e-19 -0.970007 0.243076
    outer loop
      vertex -32 12.6972 6.4635
      vertex -39 12.6316 6.20172
      vertex -32 12.6316 6.20172
    endloop
  endfacet
  facet normal 0 0.595555 -0.803314
    outer loop
      vertex -39 8.25542 15.1258
      vertex -32 8.47218 15.2865
      vertex -32 8.25542 15.1258
    endloop
  endfacet
  facet normal 0 0.595555 -0.803314
    outer loop
      vertex -32 8.47218 15.2865
      vertex -39 8.25542 15.1258
      vertex -39 8.47218 15.2865
    endloop
  endfacet
  facet normal 2.78659e-19 -0.857656 -0.514223
    outer loop
      vertex -39 12.4253 14.2963
      vertex -32 12.2865 14.5278
      vertex -39 12.2865 14.5278
    endloop
  endfacet
  facet normal 2.78659e-19 -0.857656 -0.514223
    outer loop
      vertex -32 12.2865 14.5278
      vertex -39 12.4253 14.2963
      vertex -32 12.4253 14.2963
    endloop
  endfacet
  facet normal -8.17578e-19 -0.970012 -0.243059
    outer loop
      vertex -39 12.6972 13.5365
      vertex -32 12.6316 13.7983
      vertex -39 12.6316 13.7983
    endloop
  endfacet
  facet normal -8.17578e-19 -0.970012 -0.243059
    outer loop
      vertex -32 12.6316 13.7983
      vertex -39 12.6972 13.5365
      vertex -32 12.6972 13.5365
    endloop
  endfacet
  facet normal 0 -0.0489209 -0.998803
    outer loop
      vertex -39 10 15.75
      vertex -32 10.2695 15.7368
      vertex -32 10 15.75
    endloop
  endfacet
  facet normal -0 -0.0489209 -0.998803
    outer loop
      vertex -32 10.2695 15.7368
      vertex -39 10 15.75
      vertex -39 10.2695 15.7368
    endloop
  endfacet
  facet normal -6.78363e-19 0.857754 -0.51406
    outer loop
      vertex -32 7.57472 14.2963
      vertex -39 7.71346 14.5278
      vertex -32 7.71346 14.5278
    endloop
  endfacet
  facet normal -6.78363e-19 0.857754 -0.51406
    outer loop
      vertex -39 7.71346 14.5278
      vertex -32 7.57472 14.2963
      vertex -39 7.57472 14.2963
    endloop
  endfacet
  facet normal -1.9776e-19 -0.740728 -0.671805
    outer loop
      vertex -39 12.1258 14.7446
      vertex -32 11.9445 14.9445
      vertex -39 11.9445 14.9445
    endloop
  endfacet
  facet normal -1.9776e-19 -0.740728 -0.671805
    outer loop
      vertex -32 11.9445 14.9445
      vertex -39 12.1258 14.7446
      vertex -32 12.1258 14.7446
    endloop
  endfacet
  facet normal 3.81427e-19 0.941539 0.336904
    outer loop
      vertex -32 7.44059 6
      vertex -39 7.36841 6.20172
      vertex -32 7.36841 6.20172
    endloop
  endfacet
  facet normal 3.81427e-19 0.941539 0.336904
    outer loop
      vertex -39 7.36841 6.20172
      vertex -32 7.44059 6
      vertex -39 7.44059 6
    endloop
  endfacet
  facet normal 2.74736e-19 -0.989176 0.146737
    outer loop
      vertex -39 12.6972 6.4635
      vertex -32 12.7368 6.73045
      vertex -39 12.7368 6.73045
    endloop
  endfacet
  facet normal 2.74736e-19 -0.989176 0.146737
    outer loop
      vertex -32 12.7368 6.73045
      vertex -39 12.6972 6.4635
      vertex -32 12.6972 6.4635
    endloop
  endfacet
  facet normal 7.28157e-19 0.941542 -0.336895
    outer loop
      vertex -32 7.36841 13.7983
      vertex -39 7.45933 14.0524
      vertex -32 7.45933 14.0524
    endloop
  endfacet
  facet normal 7.28157e-19 0.941542 -0.336895
    outer loop
      vertex -39 7.45933 14.0524
      vertex -32 7.36841 13.7983
      vertex -39 7.36841 13.7983
    endloop
  endfacet
  facet normal -7.55516e-19 0.970038 -0.242954
    outer loop
      vertex -32 7.30284 13.5365
      vertex -39 7.36841 13.7983
      vertex -32 7.36841 13.7983
    endloop
  endfacet
  facet normal -7.55516e-19 0.970038 -0.242954
    outer loop
      vertex -39 7.36841 13.7983
      vertex -32 7.30284 13.5365
      vertex -39 7.30284 13.5365
    endloop
  endfacet
  facet normal 0 0.146737 -0.989176
    outer loop
      vertex -39 9.4635 15.6972
      vertex -32 9.73045 15.7368
      vertex -32 9.4635 15.6972
    endloop
  endfacet
  facet normal 0 0.146737 -0.989176
    outer loop
      vertex -32 9.73045 15.7368
      vertex -39 9.4635 15.6972
      vertex -39 9.73045 15.7368
    endloop
  endfacet
  facet normal 1.9444e-19 -0.941566 -0.336829
    outer loop
      vertex -39 12.6316 13.7983
      vertex -32 12.5407 14.0524
      vertex -39 12.5407 14.0524
    endloop
  endfacet
  facet normal 1.9444e-19 -0.941566 -0.336829
    outer loop
      vertex -32 12.5407 14.0524
      vertex -39 12.6316 13.7983
      vertex -32 12.6316 13.7983
    endloop
  endfacet
  facet normal -1.32831e-19 -0.98918 -0.14671
    outer loop
      vertex -39 12.7368 13.2695
      vertex -32 12.6972 13.5365
      vertex -39 12.6972 13.5365
    endloop
  endfacet
  facet normal -1.32831e-19 -0.98918 -0.14671
    outer loop
      vertex -32 12.6972 13.5365
      vertex -39 12.7368 13.2695
      vertex -32 12.7368 13.2695
    endloop
  endfacet
  facet normal 2.66452e-20 -0.998803 -0.0489209
    outer loop
      vertex -39 12.75 13
      vertex -32 12.7368 13.2695
      vertex -39 12.7368 13.2695
    endloop
  endfacet
  facet normal 2.66452e-20 -0.998803 -0.0489209
    outer loop
      vertex -32 12.7368 13.2695
      vertex -39 12.75 13
      vertex -32 12.75 13
    endloop
  endfacet
  facet normal -1.16121e-18 -0.803367 -0.595485
    outer loop
      vertex -39 12.2865 14.5278
      vertex -32 12.1258 14.7446
      vertex -39 12.1258 14.7446
    endloop
  endfacet
  facet normal -1.16121e-18 -0.803367 -0.595485
    outer loop
      vertex -32 12.1258 14.7446
      vertex -39 12.2865 14.5278
      vertex -32 12.2865 14.5278
    endloop
  endfacet
  facet normal -2.98421e-19 0.740838 -0.671683
    outer loop
      vertex -32 7.87422 14.7446
      vertex -39 8.05546 14.9445
      vertex -32 8.05546 14.9445
    endloop
  endfacet
  facet normal -2.98421e-19 0.740838 -0.671683
    outer loop
      vertex -39 8.05546 14.9445
      vertex -32 7.87422 14.7446
      vertex -39 7.87422 14.7446
    endloop
  endfacet
  facet normal 0 0.671695 -0.740828
    outer loop
      vertex -39 8.05546 14.9445
      vertex -32 8.25542 15.1258
      vertex -32 8.05546 14.9445
    endloop
  endfacet
  facet normal 0 0.671695 -0.740828
    outer loop
      vertex -32 8.25542 15.1258
      vertex -39 8.05546 14.9445
      vertex -39 8.25542 15.1258
    endloop
  endfacet
  facet normal 0 -0.0489209 0.998803
    outer loop
      vertex -39 10.2695 54.2632
      vertex -32 10 54.25
      vertex -32 10.2695 54.2632
    endloop
  endfacet
  facet normal 0 -0.0489209 0.998803
    outer loop
      vertex -32 10 54.25
      vertex -39 10.2695 54.2632
      vertex -39 10 54.25
    endloop
  endfacet
  facet normal -1.09401e-18 0.857754 0.51406
    outer loop
      vertex -32 7.71346 55.4722
      vertex -39 7.57472 55.7037
      vertex -32 7.57472 55.7037
    endloop
  endfacet
  facet normal -1.09401e-18 0.857754 0.51406
    outer loop
      vertex -39 7.57472 55.7037
      vertex -32 7.71346 55.4722
      vertex -39 7.71346 55.4722
    endloop
  endfacet
  facet normal 9.55434e-20 0.998795 -0.0490688
    outer loop
      vertex -32 7.25 63
      vertex -39 7.26324 63.2695
      vertex -32 7.26324 63.2695
    endloop
  endfacet
  facet normal 9.55434e-20 0.998795 -0.0490688
    outer loop
      vertex -39 7.26324 63.2695
      vertex -32 7.25 63
      vertex -39 7.25 63
    endloop
  endfacet
  facet normal -1.54501e-19 -0.941499 -0.337016
    outer loop
      vertex -39 12.6316 63.7983
      vertex -32 12.5594 64
      vertex -39 12.5594 64
    endloop
  endfacet
  facet normal -1.54501e-19 -0.941499 -0.337016
    outer loop
      vertex -32 12.5594 64
      vertex -39 12.6316 63.7983
      vertex -32 12.6316 63.7983
    endloop
  endfacet
  facet normal 0 1 -0
    outer loop
      vertex -32 7.25 57
      vertex -39 7.25 63
      vertex -32 7.25 63
    endloop
  endfacet
  facet normal 0 1 0
    outer loop
      vertex -39 7.25 63
      vertex -32 7.25 57
      vertex -39 7.25 57
    endloop
  endfacet
  facet normal -6.28453e-19 -0.903926 0.427688
    outer loop
      vertex -39 12.4253 55.7037
      vertex -32 12.5407 55.9476
      vertex -39 12.5407 55.9476
    endloop
  endfacet
  facet normal -6.28453e-19 -0.903926 0.427688
    outer loop
      vertex -32 12.5407 55.9476
      vertex -39 12.4253 55.7037
      vertex -32 12.4253 55.7037
    endloop
  endfacet
  facet normal -2.94645e-19 0.970038 0.242954
    outer loop
      vertex -32 7.36841 56.2017
      vertex -39 7.30284 56.4635
      vertex -32 7.30284 56.4635
    endloop
  endfacet
  facet normal -2.94645e-19 0.970038 0.242954
    outer loop
      vertex -39 7.30284 56.4635
      vertex -32 7.36841 56.2017
      vertex -39 7.36841 56.2017
    endloop
  endfacet
  facet normal 0 -0.514223 0.857656
    outer loop
      vertex -39 11.5278 54.7135
      vertex -32 11.2963 54.5747
      vertex -32 11.5278 54.7135
    endloop
  endfacet
  facet normal 0 -0.514223 0.857656
    outer loop
      vertex -32 11.2963 54.5747
      vertex -39 11.5278 54.7135
      vertex -39 11.2963 54.5747
    endloop
  endfacet
  facet normal 0 -1 0
    outer loop
      vertex -39 12.75 57
      vertex -32 12.75 63
      vertex -39 12.75 63
    endloop
  endfacet
  facet normal 0 -1 -0
    outer loop
      vertex -32 12.75 63
      vertex -39 12.75 57
      vertex -32 12.75 57
    endloop
  endfacet
  facet normal -1.5945e-18 0.80326 0.595628
    outer loop
      vertex -32 7.87422 55.2554
      vertex -39 7.71346 55.4722
      vertex -32 7.71346 55.4722
    endloop
  endfacet
  facet normal -1.5945e-18 0.80326 0.595628
    outer loop
      vertex -39 7.71346 55.4722
      vertex -32 7.87422 55.2554
      vertex -39 7.87422 55.2554
    endloop
  endfacet
  facet normal 4.02853e-20 0.98918 -0.14671
    outer loop
      vertex -32 7.26324 63.2695
      vertex -39 7.30284 63.5365
      vertex -32 7.30284 63.5365
    endloop
  endfacet
  facet normal 4.02853e-20 0.98918 -0.14671
    outer loop
      vertex -39 7.30284 63.5365
      vertex -32 7.26324 63.2695
      vertex -39 7.26324 63.2695
    endloop
  endfacet
  facet normal 0 -0.671805 0.740728
    outer loop
      vertex -39 11.9445 55.0555
      vertex -32 11.7446 54.8742
      vertex -32 11.9445 55.0555
    endloop
  endfacet
  facet normal 0 -0.671805 0.740728
    outer loop
      vertex -32 11.7446 54.8742
      vertex -39 11.9445 55.0555
      vertex -39 11.7446 54.8742
    endloop
  endfacet
  facet normal -4.02853e-20 0.98918 0.14671
    outer loop
      vertex -32 7.30284 56.4635
      vertex -39 7.26324 56.7305
      vertex -32 7.26324 56.7305
    endloop
  endfacet
  facet normal -4.02853e-20 0.98918 0.14671
    outer loop
      vertex -39 7.26324 56.7305
      vertex -32 7.30284 56.4635
      vertex -39 7.30284 56.4635
    endloop
  endfacet
  facet normal -0 0.146737 0.989176
    outer loop
      vertex -39 9.73045 54.2632
      vertex -32 9.4635 54.3028
      vertex -32 9.73045 54.2632
    endloop
  endfacet
  facet normal 0 0.146737 0.989176
    outer loop
      vertex -32 9.4635 54.3028
      vertex -39 9.73045 54.2632
      vertex -39 9.4635 54.3028
    endloop
  endfacet
  facet normal -0 0.671695 0.740828
    outer loop
      vertex -39 8.25542 54.8742
      vertex -32 8.05546 55.0555
      vertex -32 8.25542 54.8742
    endloop
  endfacet
  facet normal 0 0.671695 0.740828
    outer loop
      vertex -32 8.05546 55.0555
      vertex -39 8.25542 54.8742
      vertex -39 8.05546 55.0555
    endloop
  endfacet
  facet normal -0 0.0489119 0.998803
    outer loop
      vertex -39 10 54.25
      vertex -32 9.73045 54.2632
      vertex -32 10 54.25
    endloop
  endfacet
  facet normal 0 0.0489119 0.998803
    outer loop
      vertex -32 9.73045 54.2632
      vertex -39 10 54.25
      vertex -39 9.73045 54.2632
    endloop
  endfacet
  facet normal -2.66452e-20 -0.998803 0.0489209
    outer loop
      vertex -39 12.7368 56.7305
      vertex -32 12.75 57
      vertex -39 12.75 57
    endloop
  endfacet
  facet normal -2.66452e-20 -0.998803 0.0489209
    outer loop
      vertex -32 12.75 57
      vertex -39 12.7368 56.7305
      vertex -32 12.7368 56.7305
    endloop
  endfacet
  facet normal -9.55434e-20 0.998795 0.0490688
    outer loop
      vertex -32 7.26324 56.7305
      vertex -39 7.25 57
      vertex -32 7.25 57
    endloop
  endfacet
  facet normal -9.55434e-20 0.998795 0.0490688
    outer loop
      vertex -39 7.25 57
      vertex -32 7.26324 56.7305
      vertex -39 7.26324 56.7305
    endloop
  endfacet
  facet normal -0 0.595555 0.803314
    outer loop
      vertex -39 8.47218 54.7135
      vertex -32 8.25542 54.8742
      vertex -32 8.47218 54.7135
    endloop
  endfacet
  facet normal 0 0.595555 0.803314
    outer loop
      vertex -32 8.25542 54.8742
      vertex -39 8.47218 54.7135
      vertex -39 8.25542 54.8742
    endloop
  endfacet
  facet normal -0 0.514256 0.857637
    outer loop
      vertex -39 8.70366 54.5747
      vertex -32 8.47218 54.7135
      vertex -32 8.70366 54.5747
    endloop
  endfacet
  facet normal 0 0.514256 0.857637
    outer loop
      vertex -32 8.47218 54.7135
      vertex -39 8.70366 54.5747
      vertex -39 8.47218 54.7135
    endloop
  endfacet
  facet normal 0 -0.243059 0.970012
    outer loop
      vertex -39 10.7983 54.3684
      vertex -32 10.5365 54.3028
      vertex -32 10.7983 54.3684
    endloop
  endfacet
  facet normal 0 -0.243059 0.970012
    outer loop
      vertex -32 10.5365 54.3028
      vertex -39 10.7983 54.3684
      vertex -39 10.5365 54.3028
    endloop
  endfacet
  facet normal 5.95079e-20 -0.970012 0.243059
    outer loop
      vertex -39 12.6316 56.2017
      vertex -32 12.6972 56.4635
      vertex -39 12.6972 56.4635
    endloop
  endfacet
  facet normal 5.95079e-20 -0.970012 0.243059
    outer loop
      vertex -32 12.6972 56.4635
      vertex -39 12.6316 56.2017
      vertex -32 12.6316 56.2017
    endloop
  endfacet
  facet normal -7.28157e-19 0.941542 0.336895
    outer loop
      vertex -32 7.45933 55.9476
      vertex -39 7.36841 56.2017
      vertex -32 7.36841 56.2017
    endloop
  endfacet
  facet normal -7.28157e-19 0.941542 0.336895
    outer loop
      vertex -39 7.36841 56.2017
      vertex -32 7.45933 55.9476
      vertex -39 7.45933 55.9476
    endloop
  endfacet
  facet normal -1.9444e-19 -0.941566 0.336829
    outer loop
      vertex -39 12.5407 55.9476
      vertex -32 12.6316 56.2017
      vertex -39 12.6316 56.2017
    endloop
  endfacet
  facet normal -1.9444e-19 -0.941566 0.336829
    outer loop
      vertex -32 12.6316 56.2017
      vertex -39 12.5407 55.9476
      vertex -32 12.5407 55.9476
    endloop
  endfacet
  facet normal -0 0.427602 0.903967
    outer loop
      vertex -39 8.94762 54.4593
      vertex -32 8.70366 54.5747
      vertex -32 8.94762 54.4593
    endloop
  endfacet
  facet normal 0 0.427602 0.903967
    outer loop
      vertex -32 8.70366 54.5747
      vertex -39 8.94762 54.4593
      vertex -39 8.70366 54.5747
    endloop
  endfacet
  facet normal -0 0.243076 0.970007
    outer loop
      vertex -39 9.4635 54.3028
      vertex -32 9.20172 54.3684
      vertex -32 9.4635 54.3028
    endloop
  endfacet
  facet normal 0 0.243076 0.970007
    outer loop
      vertex -32 9.20172 54.3684
      vertex -39 9.4635 54.3028
      vertex -39 9.20172 54.3684
    endloop
  endfacet
  facet normal 4.02853e-20 -0.98918 0.14671
    outer loop
      vertex -39 12.6972 56.4635
      vertex -32 12.7368 56.7305
      vertex -39 12.7368 56.7305
    endloop
  endfacet
  facet normal 4.02853e-20 -0.98918 0.14671
    outer loop
      vertex -32 12.7368 56.7305
      vertex -39 12.6972 56.4635
      vertex -32 12.6972 56.4635
    endloop
  endfacet
  facet normal -1.61127e-19 0.941528 -0.336934
    outer loop
      vertex -32 7.36841 63.7983
      vertex -39 7.44059 64
      vertex -32 7.44059 64
    endloop
  endfacet
  facet normal -1.61127e-19 0.941528 -0.336934
    outer loop
      vertex -39 7.44059 64
      vertex -32 7.36841 63.7983
      vertex -39 7.36841 63.7983
    endloop
  endfacet
  facet normal 2.94645e-19 0.970038 -0.242954
    outer loop
      vertex -32 7.30284 63.5365
      vertex -39 7.36841 63.7983
      vertex -32 7.36841 63.7983
    endloop
  endfacet
  facet normal 2.94645e-19 0.970038 -0.242954
    outer loop
      vertex -39 7.36841 63.7983
      vertex -32 7.30284 63.5365
      vertex -39 7.30284 63.5365
    endloop
  endfacet
  facet normal 1.9776e-19 -0.740728 0.671805
    outer loop
      vertex -39 11.9445 55.0555
      vertex -32 12.1258 55.2554
      vertex -39 12.1258 55.2554
    endloop
  endfacet
  facet normal 1.9776e-19 -0.740728 0.671805
    outer loop
      vertex -32 12.1258 55.2554
      vertex -39 11.9445 55.0555
      vertex -32 11.9445 55.0555
    endloop
  endfacet
  facet normal -4.02853e-20 -0.98918 -0.14671
    outer loop
      vertex -39 12.7368 63.2695
      vertex -32 12.6972 63.5365
      vertex -39 12.6972 63.5365
    endloop
  endfacet
  facet normal -4.02853e-20 -0.98918 -0.14671
    outer loop
      vertex -32 12.6972 63.5365
      vertex -39 12.7368 63.2695
      vertex -32 12.7368 63.2695
    endloop
  endfacet
  facet normal 5.97339e-19 0.903941 0.427658
    outer loop
      vertex -32 7.57472 55.7037
      vertex -39 7.45933 55.9476
      vertex -32 7.45933 55.9476
    endloop
  endfacet
  facet normal 5.97339e-19 0.903941 0.427658
    outer loop
      vertex -39 7.45933 55.9476
      vertex -32 7.57472 55.7037
      vertex -39 7.57472 55.7037
    endloop
  endfacet
  facet normal 2.66452e-20 -0.998803 -0.0489209
    outer loop
      vertex -39 12.75 63
      vertex -32 12.7368 63.2695
      vertex -39 12.7368 63.2695
    endloop
  endfacet
  facet normal 2.66452e-20 -0.998803 -0.0489209
    outer loop
      vertex -32 12.7368 63.2695
      vertex -39 12.75 63
      vertex -32 12.75 63
    endloop
  endfacet
  facet normal 6.499e-19 -0.803367 0.595485
    outer loop
      vertex -39 12.1258 55.2554
      vertex -32 12.2865 55.4722
      vertex -39 12.2865 55.4722
    endloop
  endfacet
  facet normal 6.499e-19 -0.803367 0.595485
    outer loop
      vertex -32 12.2865 55.4722
      vertex -39 12.1258 55.2554
      vertex -32 12.1258 55.2554
    endloop
  endfacet
  facet normal 0 -0.427688 0.903926
    outer loop
      vertex -39 11.2963 54.5747
      vertex -32 11.0524 54.4593
      vertex -32 11.2963 54.5747
    endloop
  endfacet
  facet normal 0 -0.427688 0.903926
    outer loop
      vertex -32 11.0524 54.4593
      vertex -39 11.2963 54.5747
      vertex -39 11.0524 54.4593
    endloop
  endfacet
  facet normal 1.4371e-18 -0.857656 0.514223
    outer loop
      vertex -39 12.2865 55.4722
      vertex -32 12.4253 55.7037
      vertex -39 12.4253 55.7037
    endloop
  endfacet
  facet normal 1.4371e-18 -0.857656 0.514223
    outer loop
      vertex -32 12.4253 55.7037
      vertex -39 12.2865 55.4722
      vertex -32 12.2865 55.4722
    endloop
  endfacet
  facet normal 2.98421e-19 0.740838 0.671683
    outer loop
      vertex -32 8.05546 55.0555
      vertex -39 7.87422 55.2554
      vertex -32 7.87422 55.2554
    endloop
  endfacet
  facet normal 2.98421e-19 0.740838 0.671683
    outer loop
      vertex -39 7.87422 55.2554
      vertex -32 8.05546 55.0555
      vertex -39 8.05546 55.0555
    endloop
  endfacet
  facet normal 0 -0.336829 0.941566
    outer loop
      vertex -39 11.0524 54.4593
      vertex -32 10.7983 54.3684
      vertex -32 11.0524 54.4593
    endloop
  endfacet
  facet normal 0 -0.336829 0.941566
    outer loop
      vertex -32 10.7983 54.3684
      vertex -39 11.0524 54.4593
      vertex -39 10.7983 54.3684
    endloop
  endfacet
  facet normal -0 0.336829 0.941566
    outer loop
      vertex -39 9.20172 54.3684
      vertex -32 8.94762 54.4593
      vertex -32 9.20172 54.3684
    endloop
  endfacet
  facet normal 0 0.336829 0.941566
    outer loop
      vertex -32 8.94762 54.4593
      vertex -39 9.20172 54.3684
      vertex -39 8.94762 54.4593
    endloop
  endfacet
  facet normal -5.95079e-20 -0.970012 -0.243059
    outer loop
      vertex -39 12.6972 63.5365
      vertex -32 12.6316 63.7983
      vertex -39 12.6316 63.7983
    endloop
  endfacet
  facet normal -5.95079e-20 -0.970012 -0.243059
    outer loop
      vertex -32 12.6316 63.7983
      vertex -39 12.6972 63.5365
      vertex -32 12.6972 63.5365
    endloop
  endfacet
  facet normal 0 -0.14671 0.98918
    outer loop
      vertex -39 10.5365 54.3028
      vertex -32 10.2695 54.2632
      vertex -32 10.5365 54.3028
    endloop
  endfacet
  facet normal 0 -0.14671 0.98918
    outer loop
      vertex -32 10.2695 54.2632
      vertex -39 10.5365 54.3028
      vertex -39 10.2695 54.2632
    endloop
  endfacet
  facet normal 0 -0.595485 0.803367
    outer loop
      vertex -39 11.7446 54.8742
      vertex -32 11.5278 54.7135
      vertex -32 11.7446 54.8742
    endloop
  endfacet
  facet normal 0 -0.595485 0.803367
    outer loop
      vertex -32 11.5278 54.7135
      vertex -39 11.7446 54.8742
      vertex -39 11.5278 54.7135
    endloop
  endfacet
  facet normal 1 0 0
    outer loop
      vertex -32 -26 64
      vertex -32 -12.75 57
      vertex -32 -12.75 63
    endloop
  endfacet
  facet normal 1 0 0
    outer loop
      vertex -32 -12.75 57
      vertex -32 -26 64
      vertex -32 -12.75 13
    endloop
  endfacet
  facet normal 1 0 0
    outer loop
      vertex -32 -26 6
      vertex -32 -12.75 13
      vertex -32 -26 64
    endloop
  endfacet
  facet normal 1 0 0
    outer loop
      vertex -32 -12.7368 63.2695
      vertex -32 -26 64
      vertex -32 -12.75 63
    endloop
  endfacet
  facet normal 1 0 0
    outer loop
      vertex -32 -12.6972 63.5365
      vertex -32 -26 64
      vertex -32 -12.7368 63.2695
    endloop
  endfacet
  facet normal 1 0 0
    outer loop
      vertex -32 -12.6316 63.7983
      vertex -32 -26 64
      vertex -32 -12.6972 63.5365
    endloop
  endfacet
  facet normal 1 -0 0
    outer loop
      vertex -32 -26 64
      vertex -32 -12.6316 63.7983
      vertex -32 -12.5594 64
    endloop
  endfacet
  facet normal 1 0 0
    outer loop
      vertex -32 -4.44075 49.4111
      vertex -32 -8.70366 54.5747
      vertex -32 -4.94975 48.9497
    endloop
  endfacet
  facet normal 1 0 0
    outer loop
      vertex -32 -7 26
      vertex -32 -7.26324 13.2695
      vertex -32 -7.25 13
    endloop
  endfacet
  facet normal 1 -0 0
    outer loop
      vertex -32 -8.94762 54.4593
      vertex -32 -4.94975 48.9497
      vertex -32 -8.70366 54.5747
    endloop
  endfacet
  facet normal 1 0 0
    outer loop
      vertex -32 -7 26
      vertex -32 -7.30284 13.5365
      vertex -32 -7.26324 13.2695
    endloop
  endfacet
  facet normal 1 0 0
    outer loop
      vertex -32 -4.94975 48.9497
      vertex -32 -8.94762 54.4593
      vertex -32 -5.41107 48.4408
    endloop
  endfacet
  facet normal 1 0 0
    outer loop
      vertex -32 -7 26
      vertex -32 -7.36841 13.7983
      vertex -32 -7.30284 13.5365
    endloop
  endfacet
  facet normal 1 -0 0
    outer loop
      vertex -32 -9.20172 54.3684
      vertex -32 -5.41107 48.4408
      vertex -32 -8.94762 54.4593
    endloop
  endfacet
  facet normal 1 0 0
    outer loop
      vertex -32 -7 26
      vertex -32 -7.45933 14.0524
      vertex -32 -7.36841 13.7983
    endloop
  endfacet
  facet normal 1 -0 0
    outer loop
      vertex -32 -9.4635 54.3028
      vertex -32 -5.41107 48.4408
      vertex -32 -9.20172 54.3684
    endloop
  endfacet
  facet normal 1 0 0
    outer loop
      vertex -32 -7 26
      vertex -32 -7.57472 14.2963
      vertex -32 -7.45933 14.0524
    endloop
  endfacet
  facet normal 1 0 0
    outer loop
      vertex -32 -5.41107 48.4408
      vertex -32 -9.4635 54.3028
      vertex -32 -5.82029 47.889
    endloop
  endfacet
  facet normal 1 0 0
    outer loop
      vertex -32 -7 26
      vertex -32 -7.71346 14.5278
      vertex -32 -7.57472 14.2963
    endloop
  endfacet
  facet normal 1 -0 0
    outer loop
      vertex -32 -9.73045 54.2632
      vertex -32 -5.82029 47.889
      vertex -32 -9.4635 54.3028
    endloop
  endfacet
  facet normal 1 0 0
    outer loop
      vertex -32 -7 26
      vertex -32 -7.87422 14.7446
      vertex -32 -7.71346 14.5278
    endloop
  endfacet
  facet normal 1 -0 0
    outer loop
      vertex -32 -10 54.25
      vertex -32 -5.82029 47.889
      vertex -32 -9.73045 54.2632
    endloop
  endfacet
  facet normal 1 0 0
    outer loop
      vertex -32 -7 26
      vertex -32 -8.05546 14.9445
      vertex -32 -7.87422 14.7446
    endloop
  endfacet
  facet normal 1 0 0
    outer loop
      vertex -32 -5.82029 47.889
      vertex -32 -10 54.25
      vertex -32 -6.17345 47.2998
    endloop
  endfacet
  facet normal 1 0 0
    outer loop
      vertex -32 -7 26
      vertex -32 -8.25542 15.1258
      vertex -32 -8.05546 14.9445
    endloop
  endfacet
  facet normal 1 0 0
    outer loop
      vertex -32 -10.2695 54.2632
      vertex -32 -6.17345 47.2998
      vertex -32 -10 54.25
    endloop
  endfacet
  facet normal 1 0 0
    outer loop
      vertex -32 -7 26
      vertex -32 -8.47218 15.2865
      vertex -32 -8.25542 15.1258
    endloop
  endfacet
  facet normal 1 0 0
    outer loop
      vertex -32 -6.17345 47.2998
      vertex -32 -10.2695 54.2632
      vertex -32 -6.46716 46.6788
    endloop
  endfacet
  facet normal 1 0 0
    outer loop
      vertex -32 -7 26
      vertex -32 -8.70366 15.4253
      vertex -32 -8.47218 15.2865
    endloop
  endfacet
  facet normal 1 0 0
    outer loop
      vertex -32 -10.5365 54.3028
      vertex -32 -6.46716 46.6788
      vertex -32 -10.2695 54.2632
    endloop
  endfacet
  facet normal 1 0 0
    outer loop
      vertex -32 -7 26
      vertex -32 -8.94762 15.5407
      vertex -32 -8.70366 15.4253
    endloop
  endfacet
  facet normal 1 0 0
    outer loop
      vertex -32 -10.7983 54.3684
      vertex -32 -6.46716 46.6788
      vertex -32 -10.5365 54.3028
    endloop
  endfacet
  facet normal 1 0 0
    outer loop
      vertex -32 -7 26
      vertex -32 -9.20172 15.6316
      vertex -32 -8.94762 15.5407
    endloop
  endfacet
  facet normal 1 0 0
    outer loop
      vertex -32 -6.46716 46.6788
      vertex -32 -10.7983 54.3684
      vertex -32 -6.69858 46.032
    endloop
  endfacet
  facet normal 1 0 0
    outer loop
      vertex -32 -7 26
      vertex -32 -9.4635 15.6972
      vertex -32 -9.20172 15.6316
    endloop
  endfacet
  facet normal 1 0 0
    outer loop
      vertex -32 -11.0524 54.4593
      vertex -32 -6.69858 46.032
      vertex -32 -10.7983 54.3684
    endloop
  endfacet
  facet normal 1 0 0
    outer loop
      vertex -32 -7 26
      vertex -32 -9.73045 15.7368
      vertex -32 -9.4635 15.6972
    endloop
  endfacet
  facet normal 1 0 0
    outer loop
      vertex -32 -6.69858 46.032
      vertex -32 -11.0524 54.4593
      vertex -32 -6.8655 45.3656
    endloop
  endfacet
  facet normal 1 0 0
    outer loop
      vertex -32 -7 26
      vertex -32 -10 15.75
      vertex -32 -9.73045 15.7368
    endloop
  endfacet
  facet normal 1 0 0
    outer loop
      vertex -32 -11.2963 54.5747
      vertex -32 -6.8655 45.3656
      vertex -32 -11.0524 54.4593
    endloop
  endfacet
  facet normal 1 0 0
    outer loop
      vertex -32 -7 26
      vertex -32 -10.2695 15.7368
      vertex -32 -10 15.75
    endloop
  endfacet
  facet normal 1 0 0
    outer loop
      vertex -32 -6.8655 45.3656
      vertex -32 -11.2963 54.5747
      vertex -32 -6.96629 44.6861
    endloop
  endfacet
  facet normal 1 0 0
    outer loop
      vertex -32 -7 26
      vertex -32 -10.5365 15.6972
      vertex -32 -10.2695 15.7368
    endloop
  endfacet
  facet normal 1 0 0
    outer loop
      vertex -32 -11.5278 54.7135
      vertex -32 -6.96629 44.6861
      vertex -32 -11.2963 54.5747
    endloop
  endfacet
  facet normal 1 0 0
    outer loop
      vertex -32 -7 26
      vertex -32 -10.7983 15.6316
      vertex -32 -10.5365 15.6972
    endloop
  endfacet
  facet normal 1 0 0
    outer loop
      vertex -32 -11.7446 54.8742
      vertex -32 -6.96629 44.6861
      vertex -32 -11.5278 54.7135
    endloop
  endfacet
  facet normal 1 0 0
    outer loop
      vertex -32 -7 26
      vertex -32 -11.0524 15.5407
      vertex -32 -10.7983 15.6316
    endloop
  endfacet
  facet normal 1 0 0
    outer loop
      vertex -32 -6.96629 44.6861
      vertex -32 -11.7446 54.8742
      vertex -32 -7 44
    endloop
  endfacet
  facet normal 1 0 0
    outer loop
      vertex -32 -7 26
      vertex -32 -11.2963 15.4253
      vertex -32 -11.0524 15.5407
    endloop
  endfacet
  facet normal 1 0 0
    outer loop
      vertex -32 -11.9445 55.0555
      vertex -32 -7 44
      vertex -32 -11.7446 54.8742
    endloop
  endfacet
  facet normal 1 0 0
    outer loop
      vertex -32 -7 26
      vertex -32 -11.5278 15.2865
      vertex -32 -11.2963 15.4253
    endloop
  endfacet
  facet normal 1 0 0
    outer loop
      vertex -32 -12.1258 55.2554
      vertex -32 -7 44
      vertex -32 -11.9445 55.0555
    endloop
  endfacet
  facet normal 1 0 0
    outer loop
      vertex -32 -7 26
      vertex -32 -11.7446 15.1258
      vertex -32 -11.5278 15.2865
    endloop
  endfacet
  facet normal 1 0 0
    outer loop
      vertex -32 -12.2865 55.4722
      vertex -32 -7 44
      vertex -32 -12.1258 55.2554
    endloop
  endfacet
  facet normal 1 0 0
    outer loop
      vertex -32 -7 26
      vertex -32 -11.9445 14.9445
      vertex -32 -11.7446 15.1258
    endloop
  endfacet
  facet normal 1 0 0
    outer loop
      vertex -32 -7 44
      vertex -32 -12.2865 55.4722
      vertex -32 -7 26
    endloop
  endfacet
  facet normal 1 0 0
    outer loop
      vertex -32 -7 26
      vertex -32 -12.1258 14.7446
      vertex -32 -11.9445 14.9445
    endloop
  endfacet
  facet normal 1 0 0
    outer loop
      vertex -32 -12.2865 14.5278
      vertex -32 -7 26
      vertex -32 -12.2865 55.4722
    endloop
  endfacet
  facet normal 1 0 0
    outer loop
      vertex -32 -7 26
      vertex -32 -12.2865 14.5278
      vertex -32 -12.1258 14.7446
    endloop
  endfacet
  facet normal 1 0 0
    outer loop
      vertex -32 -12.4253 55.7037
      vertex -32 -12.2865 14.5278
      vertex -32 -12.2865 55.4722
    endloop
  endfacet
  facet normal 1 0 0
    outer loop
      vertex -32 -12.4253 55.7037
      vertex -32 -12.4253 14.2963
      vertex -32 -12.2865 14.5278
    endloop
  endfacet
  facet normal 1 0 0
    outer loop
      vertex -32 -12.5407 55.9476
      vertex -32 -12.4253 14.2963
      vertex -32 -12.4253 55.7037
    endloop
  endfacet
  facet normal 1 0 0
    outer loop
      vertex -32 -12.5407 55.9476
      vertex -32 -12.5407 14.0524
      vertex -32 -12.4253 14.2963
    endloop
  endfacet
  facet normal 1 0 0
    outer loop
      vertex -32 -12.6316 56.2017
      vertex -32 -12.5407 14.0524
      vertex -32 -12.5407 55.9476
    endloop
  endfacet
  facet normal 1 0 0
    outer loop
      vertex -32 -12.6316 56.2017
      vertex -32 -12.6316 13.7983
      vertex -32 -12.5407 14.0524
    endloop
  endfacet
  facet normal 1 0 0
    outer loop
      vertex -32 -12.6972 56.4635
      vertex -32 -12.6316 13.7983
      vertex -32 -12.6316 56.2017
    endloop
  endfacet
  facet normal 1 0 0
    outer loop
      vertex -32 -12.6972 56.4635
      vertex -32 -12.6972 13.5365
      vertex -32 -12.6316 13.7983
    endloop
  endfacet
  facet normal 1 0 0
    outer loop
      vertex -32 -12.7368 56.7305
      vertex -32 -12.6972 13.5365
      vertex -32 -12.6972 56.4635
    endloop
  endfacet
  facet normal 1 0 0
    outer loop
      vertex -32 -12.7368 56.7305
      vertex -32 -12.7368 13.2695
      vertex -32 -12.6972 13.5365
    endloop
  endfacet
  facet normal 1 0 0
    outer loop
      vertex -32 -12.75 57
      vertex -32 -12.7368 13.2695
      vertex -32 -12.7368 56.7305
    endloop
  endfacet
  facet normal 1 0 0
    outer loop
      vertex -32 -12.7368 13.2695
      vertex -32 -12.75 57
      vertex -32 -12.75 13
    endloop
  endfacet
  facet normal 1 0 0
    outer loop
      vertex -32 -7.25 57
      vertex -32 7.25 57
      vertex -32 7.25 63
    endloop
  endfacet
  facet normal 1 0 0
    outer loop
      vertex -32 7.25 57
      vertex -32 7 44
      vertex -32 7.25 13
    endloop
  endfacet
  facet normal 1 -0 0
    outer loop
      vertex -32 7 26
      vertex -32 7.25 13
      vertex -32 7 44
    endloop
  endfacet
  facet normal 1 0 0
    outer loop
      vertex -32 7.25 57
      vertex -32 6.96629 44.6861
      vertex -32 7 44
    endloop
  endfacet
  facet normal 1 0 0
    outer loop
      vertex -32 7.25 57
      vertex -32 6.8655 45.3656
      vertex -32 6.96629 44.6861
    endloop
  endfacet
  facet normal 1 0 0
    outer loop
      vertex -32 7.25 57
      vertex -32 6.69858 46.032
      vertex -32 6.8655 45.3656
    endloop
  endfacet
  facet normal 1 0 0
    outer loop
      vertex -32 7.25 57
      vertex -32 6.46716 46.6788
      vertex -32 6.69858 46.032
    endloop
  endfacet
  facet normal 1 0 0
    outer loop
      vertex -32 7.25 57
      vertex -32 6.17345 47.2998
      vertex -32 6.46716 46.6788
    endloop
  endfacet
  facet normal 1 0 0
    outer loop
      vertex -32 -7.25 63
      vertex -32 7.25 63
      vertex -32 7.26324 63.2695
    endloop
  endfacet
  facet normal 1 0 0
    outer loop
      vertex -32 7.25 57
      vertex -32 5.82029 47.889
      vertex -32 6.17345 47.2998
    endloop
  endfacet
  facet normal 1 0 0
    outer loop
      vertex -32 7.25 57
      vertex -32 5.41107 48.4408
      vertex -32 5.82029 47.889
    endloop
  endfacet
  facet normal 1 0 0
    outer loop
      vertex -32 7.25 57
      vertex -32 4.94975 48.9497
      vertex -32 5.41107 48.4408
    endloop
  endfacet
  facet normal 1 0 0
    outer loop
      vertex -32 -7.26324 63.2695
      vertex -32 7.26324 63.2695
      vertex -32 7.30284 63.5365
    endloop
  endfacet
  facet normal 1 0 0
    outer loop
      vertex -32 7.25 57
      vertex -32 4.44075 49.4111
      vertex -32 4.94975 48.9497
    endloop
  endfacet
  facet normal 1 0 0
    outer loop
      vertex -32 7.25 57
      vertex -32 3.88899 49.8203
      vertex -32 4.44075 49.4111
    endloop
  endfacet
  facet normal 1 0 0
    outer loop
      vertex -32 7.25 57
      vertex -32 3.29978 50.1734
      vertex -32 3.88899 49.8203
    endloop
  endfacet
  facet normal 1 0 0
    outer loop
      vertex -32 -7.30284 63.5365
      vertex -32 7.30284 63.5365
      vertex -32 7.36841 63.7983
    endloop
  endfacet
  facet normal 1 0 0
    outer loop
      vertex -32 7.25 57
      vertex -32 2.67878 50.4672
      vertex -32 3.29978 50.1734
    endloop
  endfacet
  facet normal 1 0 0
    outer loop
      vertex -32 7.25 57
      vertex -32 2.03199 50.6986
      vertex -32 2.67878 50.4672
    endloop
  endfacet
  facet normal 1 0 0
    outer loop
      vertex -32 -7.36841 63.7983
      vertex -32 7.36841 63.7983
      vertex -32 7.44059 64
    endloop
  endfacet
  facet normal 1 0 0
    outer loop
      vertex -32 7.25 57
      vertex -32 1.36563 50.8655
      vertex -32 2.03199 50.6986
    endloop
  endfacet
  facet normal 1 0 0
    outer loop
      vertex -32 7.25 57
      vertex -32 0.686119 50.9663
      vertex -32 1.36563 50.8655
    endloop
  endfacet
  facet normal 1 0 0
    outer loop
      vertex -32 7.25 57
      vertex -32 0 51
      vertex -32 0.686119 50.9663
    endloop
  endfacet
  facet normal 1 0 0
    outer loop
      vertex -32 7.25 57
      vertex -32 -7.25 57
      vertex -32 0 51
    endloop
  endfacet
  facet normal 1 0 0
    outer loop
      vertex -32 0 51
      vertex -32 -7.25 57
      vertex -32 -0.68612 50.9663
    endloop
  endfacet
  facet normal 1 -0 0
    outer loop
      vertex -32 -7.26324 56.7305
      vertex -32 -0.68612 50.9663
      vertex -32 -7.25 57
    endloop
  endfacet
  facet normal 1 0 0
    outer loop
      vertex -32 -0.68612 50.9663
      vertex -32 -7.26324 56.7305
      vertex -32 -1.36563 50.8655
    endloop
  endfacet
  facet normal 1 -0 0
    outer loop
      vertex -32 -7.30284 56.4635
      vertex -32 -1.36563 50.8655
      vertex -32 -7.26324 56.7305
    endloop
  endfacet
  facet normal 1 0 0
    outer loop
      vertex -32 -1.36563 50.8655
      vertex -32 -7.30284 56.4635
      vertex -32 -2.03199 50.6986
    endloop
  endfacet
  facet normal 1 -0 0
    outer loop
      vertex -32 -7.36841 56.2017
      vertex -32 -2.03199 50.6986
      vertex -32 -7.30284 56.4635
    endloop
  endfacet
  facet normal 1 -0 0
    outer loop
      vertex -32 -7.45933 55.9476
      vertex -32 -2.03199 50.6986
      vertex -32 -7.36841 56.2017
    endloop
  endfacet
  facet normal 1 0 0
    outer loop
      vertex -32 -2.03199 50.6986
      vertex -32 -7.45933 55.9476
      vertex -32 -2.67878 50.4672
    endloop
  endfacet
  facet normal 1 0 0
    outer loop
      vertex -32 -3.88899 49.8203
      vertex -32 -8.25542 54.8742
      vertex -32 -4.44075 49.4111
    endloop
  endfacet
  facet normal 1 -0 0
    outer loop
      vertex -32 -8.25542 54.8742
      vertex -32 -3.88899 49.8203
      vertex -32 -8.05546 55.0555
    endloop
  endfacet
  facet normal 1 -0 0
    outer loop
      vertex -32 -8.05546 55.0555
      vertex -32 -3.88899 49.8203
      vertex -32 -7.87422 55.2554
    endloop
  endfacet
  facet normal 1 0 0
    outer loop
      vertex -32 -3.29978 50.1734
      vertex -32 -7.87422 55.2554
      vertex -32 -3.88899 49.8203
    endloop
  endfacet
  facet normal 1 -0 0
    outer loop
      vertex -32 -7.87422 55.2554
      vertex -32 -3.29978 50.1734
      vertex -32 -7.71346 55.4722
    endloop
  endfacet
  facet normal 1 0 0
    outer loop
      vertex -32 -2.67878 50.4672
      vertex -32 -7.71346 55.4722
      vertex -32 -3.29978 50.1734
    endloop
  endfacet
  facet normal 1 -0 0
    outer loop
      vertex -32 -7.71346 55.4722
      vertex -32 -2.67878 50.4672
      vertex -32 -7.57472 55.7037
    endloop
  endfacet
  facet normal 1 -0 0
    outer loop
      vertex -32 -7.57472 55.7037
      vertex -32 -2.67878 50.4672
      vertex -32 -7.45933 55.9476
    endloop
  endfacet
  facet normal 1 0 0
    outer loop
      vertex -32 7.25 63
      vertex -32 -7.25 63
      vertex -32 -7.25 57
    endloop
  endfacet
  facet normal 1 0 0
    outer loop
      vertex -32 7.26324 63.2695
      vertex -32 -7.26324 63.2695
      vertex -32 -7.25 63
    endloop
  endfacet
  facet normal 1 0 0
    outer loop
      vertex -32 7.30284 63.5365
      vertex -32 -7.30284 63.5365
      vertex -32 -7.26324 63.2695
    endloop
  endfacet
  facet normal 1 0 0
    outer loop
      vertex -32 7.36841 63.7983
      vertex -32 -7.36841 63.7983
      vertex -32 -7.30284 63.5365
    endloop
  endfacet
  facet normal 1 0 -0
    outer loop
      vertex -32 -7.36841 63.7983
      vertex -32 7.44059 64
      vertex -32 -7.44059 64
    endloop
  endfacet
  facet normal 1 0 0
    outer loop
      vertex -32 12.6316 56.2017
      vertex -32 26 64
      vertex -32 12.6972 56.4635
    endloop
  endfacet
  facet normal 1 0 0
    outer loop
      vertex -32 26 6
      vertex -32 12.7368 13.2695
      vertex -32 12.75 13
    endloop
  endfacet
  facet normal 1 0 0
    outer loop
      vertex -32 12.5407 55.9476
      vertex -32 26 64
      vertex -32 12.6316 56.2017
    endloop
  endfacet
  facet normal 1 0 0
    outer loop
      vertex -32 26 6
      vertex -32 12.6972 13.5365
      vertex -32 12.7368 13.2695
    endloop
  endfacet
  facet normal 1 0 0
    outer loop
      vertex -32 12.4253 55.7037
      vertex -32 26 64
      vertex -32 12.5407 55.9476
    endloop
  endfacet
  facet normal 1 0 0
    outer loop
      vertex -32 26 6
      vertex -32 12.6316 13.7983
      vertex -32 12.6972 13.5365
    endloop
  endfacet
  facet normal 1 0 0
    outer loop
      vertex -32 12.2865 55.4722
      vertex -32 26 64
      vertex -32 12.4253 55.7037
    endloop
  endfacet
  facet normal 1 0 0
    outer loop
      vertex -32 26 6
      vertex -32 12.5407 14.0524
      vertex -32 12.6316 13.7983
    endloop
  endfacet
  facet normal 1 0 0
    outer loop
      vertex -32 12.1258 55.2554
      vertex -32 26 64
      vertex -32 12.2865 55.4722
    endloop
  endfacet
  facet normal 1 0 0
    outer loop
      vertex -32 26 6
      vertex -32 12.4253 14.2963
      vertex -32 12.5407 14.0524
    endloop
  endfacet
  facet normal 1 0 0
    outer loop
      vertex -32 26 64
      vertex -32 12.1258 55.2554
      vertex -32 26 6
    endloop
  endfacet
  facet normal 1 0 0
    outer loop
      vertex -32 26 6
      vertex -32 12.2865 14.5278
      vertex -32 12.4253 14.2963
    endloop
  endfacet
  facet normal 1 -0 0
    outer loop
      vertex -32 12.1258 14.7446
      vertex -32 26 6
      vertex -32 12.1258 55.2554
    endloop
  endfacet
  facet normal 1 0 0
    outer loop
      vertex -32 26 6
      vertex -32 12.1258 14.7446
      vertex -32 12.2865 14.5278
    endloop
  endfacet
  facet normal 1 -0 0
    outer loop
      vertex -32 11.9445 55.0555
      vertex -32 12.1258 14.7446
      vertex -32 12.1258 55.2554
    endloop
  endfacet
  facet normal 1 0 0
    outer loop
      vertex -32 11.9445 55.0555
      vertex -32 11.9445 14.9445
      vertex -32 12.1258 14.7446
    endloop
  endfacet
  facet normal 1 -0 0
    outer loop
      vertex -32 11.7446 54.8742
      vertex -32 11.9445 14.9445
      vertex -32 11.9445 55.0555
    endloop
  endfacet
  facet normal 1 0 0
    outer loop
      vertex -32 11.7446 54.8742
      vertex -32 11.7446 15.1258
      vertex -32 11.9445 14.9445
    endloop
  endfacet
  facet normal 1 -0 0
    outer loop
      vertex -32 11.5278 54.7135
      vertex -32 11.7446 15.1258
      vertex -32 11.7446 54.8742
    endloop
  endfacet
  facet normal 1 0 0
    outer loop
      vertex -32 11.5278 54.7135
      vertex -32 11.5278 15.2865
      vertex -32 11.7446 15.1258
    endloop
  endfacet
  facet normal 1 -0 0
    outer loop
      vertex -32 11.2963 54.5747
      vertex -32 11.5278 15.2865
      vertex -32 11.5278 54.7135
    endloop
  endfacet
  facet normal 1 0 0
    outer loop
      vertex -32 11.2963 54.5747
      vertex -32 11.2963 15.4253
      vertex -32 11.5278 15.2865
    endloop
  endfacet
  facet normal 1 -0 0
    outer loop
      vertex -32 11.0524 54.4593
      vertex -32 11.2963 15.4253
      vertex -32 11.2963 54.5747
    endloop
  endfacet
  facet normal 1 0 0
    outer loop
      vertex -32 11.0524 54.4593
      vertex -32 11.0524 15.5407
      vertex -32 11.2963 15.4253
    endloop
  endfacet
  facet normal 1 -0 0
    outer loop
      vertex -32 10.7983 54.3684
      vertex -32 11.0524 15.5407
      vertex -32 11.0524 54.4593
    endloop
  endfacet
  facet normal 1 0 0
    outer loop
      vertex -32 10.7983 54.3684
      vertex -32 10.7983 15.6316
      vertex -32 11.0524 15.5407
    endloop
  endfacet
  facet normal 1 -0 0
    outer loop
      vertex -32 10.5365 54.3028
      vertex -32 10.7983 15.6316
      vertex -32 10.7983 54.3684
    endloop
  endfacet
  facet normal 1 0 0
    outer loop
      vertex -32 10.5365 54.3028
      vertex -32 10.5365 15.6972
      vertex -32 10.7983 15.6316
    endloop
  endfacet
  facet normal 1 -0 0
    outer loop
      vertex -32 10.2695 54.2632
      vertex -32 10.5365 15.6972
      vertex -32 10.5365 54.3028
    endloop
  endfacet
  facet normal 1 0 0
    outer loop
      vertex -32 10.2695 54.2632
      vertex -32 10.2695 15.7368
      vertex -32 10.5365 15.6972
    endloop
  endfacet
  facet normal 1 -0 0
    outer loop
      vertex -32 10 54.25
      vertex -32 10.2695 15.7368
      vertex -32 10.2695 54.2632
    endloop
  endfacet
  facet normal 1 0 0
    outer loop
      vertex -32 10 54.25
      vertex -32 10 15.75
      vertex -32 10.2695 15.7368
    endloop
  endfacet
  facet normal 1 0 0
    outer loop
      vertex -32 9.73045 54.2632
      vertex -32 10 15.75
      vertex -32 10 54.25
    endloop
  endfacet
  facet normal 1 0 0
    outer loop
      vertex -32 9.73045 54.2632
      vertex -32 9.73045 15.7368
      vertex -32 10 15.75
    endloop
  endfacet
  facet normal 1 0 0
    outer loop
      vertex -32 9.4635 54.3028
      vertex -32 9.73045 15.7368
      vertex -32 9.73045 54.2632
    endloop
  endfacet
  facet normal 1 0 0
    outer loop
      vertex -32 9.4635 54.3028
      vertex -32 9.4635 15.6972
      vertex -32 9.73045 15.7368
    endloop
  endfacet
  facet normal 1 0 0
    outer loop
      vertex -32 9.20172 54.3684
      vertex -32 9.4635 15.6972
      vertex -32 9.4635 54.3028
    endloop
  endfacet
  facet normal 1 0 0
    outer loop
      vertex -32 9.20172 54.3684
      vertex -32 9.20172 15.6316
      vertex -32 9.4635 15.6972
    endloop
  endfacet
  facet normal 1 0 0
    outer loop
      vertex -32 8.94762 54.4593
      vertex -32 9.20172 15.6316
      vertex -32 9.20172 54.3684
    endloop
  endfacet
  facet normal 1 0 0
    outer loop
      vertex -32 8.94762 54.4593
      vertex -32 8.94762 15.5407
      vertex -32 9.20172 15.6316
    endloop
  endfacet
  facet normal 1 0 0
    outer loop
      vertex -32 8.70366 54.5747
      vertex -32 8.94762 15.5407
      vertex -32 8.94762 54.4593
    endloop
  endfacet
  facet normal 1 0 0
    outer loop
      vertex -32 8.70366 54.5747
      vertex -32 8.70366 15.4253
      vertex -32 8.94762 15.5407
    endloop
  endfacet
  facet normal 1 0 0
    outer loop
      vertex -32 8.47218 54.7135
      vertex -32 8.70366 15.4253
      vertex -32 8.70366 54.5747
    endloop
  endfacet
  facet normal 1 0 0
    outer loop
      vertex -32 8.47218 54.7135
      vertex -32 8.47218 15.2865
      vertex -32 8.70366 15.4253
    endloop
  endfacet
  facet normal 1 0 0
    outer loop
      vertex -32 8.25542 54.8742
      vertex -32 8.47218 15.2865
      vertex -32 8.47218 54.7135
    endloop
  endfacet
  facet normal 1 0 0
    outer loop
      vertex -32 8.25542 54.8742
      vertex -32 8.25542 15.1258
      vertex -32 8.47218 15.2865
    endloop
  endfacet
  facet normal 1 0 0
    outer loop
      vertex -32 8.05546 55.0555
      vertex -32 8.25542 15.1258
      vertex -32 8.25542 54.8742
    endloop
  endfacet
  facet normal 1 0 0
    outer loop
      vertex -32 8.05546 55.0555
      vertex -32 8.05546 14.9445
      vertex -32 8.25542 15.1258
    endloop
  endfacet
  facet normal 1 0 0
    outer loop
      vertex -32 7.87422 55.2554
      vertex -32 8.05546 14.9445
      vertex -32 8.05546 55.0555
    endloop
  endfacet
  facet normal 1 0 0
    outer loop
      vertex -32 7.87422 55.2554
      vertex -32 7.87422 14.7446
      vertex -32 8.05546 14.9445
    endloop
  endfacet
  facet normal 1 0 0
    outer loop
      vertex -32 7.71346 55.4722
      vertex -32 7.87422 14.7446
      vertex -32 7.87422 55.2554
    endloop
  endfacet
  facet normal 1 0 0
    outer loop
      vertex -32 7.71346 55.4722
      vertex -32 7.71346 14.5278
      vertex -32 7.87422 14.7446
    endloop
  endfacet
  facet normal 1 0 0
    outer loop
      vertex -32 7.57472 55.7037
      vertex -32 7.71346 14.5278
      vertex -32 7.71346 55.4722
    endloop
  endfacet
  facet normal 1 0 0
    outer loop
      vertex -32 7.57472 55.7037
      vertex -32 7.57472 14.2963
      vertex -32 7.71346 14.5278
    endloop
  endfacet
  facet normal 1 0 0
    outer loop
      vertex -32 7.45933 55.9476
      vertex -32 7.57472 14.2963
      vertex -32 7.57472 55.7037
    endloop
  endfacet
  facet normal 1 0 0
    outer loop
      vertex -32 7.45933 55.9476
      vertex -32 7.45933 14.0524
      vertex -32 7.57472 14.2963
    endloop
  endfacet
  facet normal 1 0 0
    outer loop
      vertex -32 7.36841 56.2017
      vertex -32 7.45933 14.0524
      vertex -32 7.45933 55.9476
    endloop
  endfacet
  facet normal 1 0 0
    outer loop
      vertex -32 7.36841 56.2017
      vertex -32 7.36841 13.7983
      vertex -32 7.45933 14.0524
    endloop
  endfacet
  facet normal 1 0 0
    outer loop
      vertex -32 7.30284 56.4635
      vertex -32 7.36841 13.7983
      vertex -32 7.36841 56.2017
    endloop
  endfacet
  facet normal 1 0 0
    outer loop
      vertex -32 7.30284 56.4635
      vertex -32 7.30284 13.5365
      vertex -32 7.36841 13.7983
    endloop
  endfacet
  facet normal 1 0 0
    outer loop
      vertex -32 7.26324 56.7305
      vertex -32 7.30284 13.5365
      vertex -32 7.30284 56.4635
    endloop
  endfacet
  facet normal 1 0 0
    outer loop
      vertex -32 7.26324 56.7305
      vertex -32 7.26324 13.2695
      vertex -32 7.30284 13.5365
    endloop
  endfacet
  facet normal 1 0 0
    outer loop
      vertex -32 7.25 57
      vertex -32 7.26324 13.2695
      vertex -32 7.26324 56.7305
    endloop
  endfacet
  facet normal 1 0 0
    outer loop
      vertex -32 7.26324 13.2695
      vertex -32 7.25 57
      vertex -32 7.25 13
    endloop
  endfacet
  facet normal 1 0 0
    outer loop
      vertex -32 12.6972 56.4635
      vertex -32 26 64
      vertex -32 12.7368 56.7305
    endloop
  endfacet
  facet normal 1 0 0
    outer loop
      vertex -32 26 6
      vertex -32 12.75 13
      vertex -32 19.75 6
    endloop
  endfacet
  facet normal 1 0 0
    outer loop
      vertex -32 12.75 57
      vertex -32 26 64
      vertex -32 12.75 63
    endloop
  endfacet
  facet normal 1 0 0
    outer loop
      vertex -32 26 64
      vertex -32 12.7368 63.2695
      vertex -32 12.75 63
    endloop
  endfacet
  facet normal 1 0 0
    outer loop
      vertex -32 26 64
      vertex -32 12.6972 63.5365
      vertex -32 12.7368 63.2695
    endloop
  endfacet
  facet normal 1 0 0
    outer loop
      vertex -32 26 64
      vertex -32 12.6316 63.7983
      vertex -32 12.6972 63.5365
    endloop
  endfacet
  facet normal 1 0 -0
    outer loop
      vertex -32 12.6316 63.7983
      vertex -32 26 64
      vertex -32 12.5594 64
    endloop
  endfacet
  facet normal 1 0 0
    outer loop
      vertex -32 12.7368 56.7305
      vertex -32 26 64
      vertex -32 12.75 57
    endloop
  endfacet
  facet normal 1 0 0
    outer loop
      vertex -32 19.75 6
      vertex -32 12.75 13
      vertex -32 14.25 6
    endloop
  endfacet
  facet normal 1 -0 0
    outer loop
      vertex -32 12.75 7
      vertex -32 14.25 6
      vertex -32 12.75 13
    endloop
  endfacet
  facet normal 1 -0 0
    outer loop
      vertex -32 12.7368 6.73045
      vertex -32 14.25 6
      vertex -32 12.75 7
    endloop
  endfacet
  facet normal 1 -0 0
    outer loop
      vertex -32 12.6972 6.4635
      vertex -32 14.25 6
      vertex -32 12.7368 6.73045
    endloop
  endfacet
  facet normal 1 -0 0
    outer loop
      vertex -32 12.6316 6.20172
      vertex -32 14.25 6
      vertex -32 12.6972 6.4635
    endloop
  endfacet
  facet normal 1 0 0
    outer loop
      vertex -32 14.25 6
      vertex -32 12.6316 6.20172
      vertex -32 12.5594 6
    endloop
  endfacet
  facet normal 1 -0 0
    outer loop
      vertex -32 6.96629 25.3139
      vertex -32 7.25 13
      vertex -32 7 26
    endloop
  endfacet
  facet normal 1 -0 0
    outer loop
      vertex -32 6.8655 24.6344
      vertex -32 7.25 13
      vertex -32 6.96629 25.3139
    endloop
  endfacet
  facet normal 1 -0 0
    outer loop
      vertex -32 6.69858 23.968
      vertex -32 7.25 13
      vertex -32 6.8655 24.6344
    endloop
  endfacet
  facet normal 1 -0 0
    outer loop
      vertex -32 6.46716 23.3212
      vertex -32 7.25 13
      vertex -32 6.69858 23.968
    endloop
  endfacet
  facet normal 1 -0 0
    outer loop
      vertex -32 6.17345 22.7002
      vertex -32 7.25 13
      vertex -32 6.46716 23.3212
    endloop
  endfacet
  facet normal 1 -0 0
    outer loop
      vertex -32 5.82029 22.111
      vertex -32 7.25 13
      vertex -32 6.17345 22.7002
    endloop
  endfacet
  facet normal 1 -0 0
    outer loop
      vertex -32 5.41107 21.5592
      vertex -32 7.25 13
      vertex -32 5.82029 22.111
    endloop
  endfacet
  facet normal 1 -0 0
    outer loop
      vertex -32 4.94975 21.0503
      vertex -32 7.25 13
      vertex -32 5.41107 21.5592
    endloop
  endfacet
  facet normal 1 -0 0
    outer loop
      vertex -32 4.44075 20.5889
      vertex -32 7.25 13
      vertex -32 4.94975 21.0503
    endloop
  endfacet
  facet normal 1 -0 0
    outer loop
      vertex -32 3.88899 20.1797
      vertex -32 7.25 13
      vertex -32 4.44075 20.5889
    endloop
  endfacet
  facet normal 1 -0 0
    outer loop
      vertex -32 3.29978 19.8265
      vertex -32 7.25 13
      vertex -32 3.88899 20.1797
    endloop
  endfacet
  facet normal 1 -0 0
    outer loop
      vertex -32 2.67878 19.5328
      vertex -32 7.25 13
      vertex -32 3.29978 19.8265
    endloop
  endfacet
  facet normal 1 -0 0
    outer loop
      vertex -32 2.03199 19.3014
      vertex -32 7.25 13
      vertex -32 2.67878 19.5328
    endloop
  endfacet
  facet normal 1 -0 0
    outer loop
      vertex -32 1.36563 19.1345
      vertex -32 7.25 13
      vertex -32 2.03199 19.3014
    endloop
  endfacet
  facet normal 1 -0 0
    outer loop
      vertex -32 0.686119 19.0337
      vertex -32 7.25 13
      vertex -32 1.36563 19.1345
    endloop
  endfacet
  facet normal 1 -0 0
    outer loop
      vertex -32 0 19
      vertex -32 7.25 13
      vertex -32 0.686119 19.0337
    endloop
  endfacet
  facet normal 1 0 0
    outer loop
      vertex -32 -7.25 13
      vertex -32 7.25 13
      vertex -32 0 19
    endloop
  endfacet
  facet normal 1 0 0
    outer loop
      vertex -32 7.25 13
      vertex -32 -7.25 13
      vertex -32 7.25 7
    endloop
  endfacet
  facet normal 1 0 0
    outer loop
      vertex -32 -7.25 7
      vertex -32 7.25 7
      vertex -32 -7.25 13
    endloop
  endfacet
  facet normal 1 0 0
    outer loop
      vertex -32 7.25 7
      vertex -32 -7.25 7
      vertex -32 7.26324 6.73045
    endloop
  endfacet
  facet normal 1 0 0
    outer loop
      vertex -32 -7.26324 6.73045
      vertex -32 7.26324 6.73045
      vertex -32 -7.25 7
    endloop
  endfacet
  facet normal 1 0 0
    outer loop
      vertex -32 -7.25 13
      vertex -32 0 19
      vertex -32 -0.68612 19.0337
    endloop
  endfacet
  facet normal 1 0 0
    outer loop
      vertex -32 -7.25 13
      vertex -32 -0.68612 19.0337
      vertex -32 -1.36563 19.1345
    endloop
  endfacet
  facet normal 1 0 0
    outer loop
      vertex -32 -7.25 13
      vertex -32 -1.36563 19.1345
      vertex -32 -2.03199 19.3014
    endloop
  endfacet
  facet normal 1 0 0
    outer loop
      vertex -32 -7.25 13
      vertex -32 -2.03199 19.3014
      vertex -32 -2.67878 19.5328
    endloop
  endfacet
  facet normal 1 0 0
    outer loop
      vertex -32 -7.25 13
      vertex -32 -2.67878 19.5328
      vertex -32 -3.29978 19.8265
    endloop
  endfacet
  facet normal 1 0 0
    outer loop
      vertex -32 -7.25 13
      vertex -32 -3.29978 19.8265
      vertex -32 -3.88899 20.1797
    endloop
  endfacet
  facet normal 1 0 0
    outer loop
      vertex -32 -7.25 13
      vertex -32 -3.88899 20.1797
      vertex -32 -4.44075 20.5889
    endloop
  endfacet
  facet normal 1 0 0
    outer loop
      vertex -32 -7.25 13
      vertex -32 -4.44075 20.5889
      vertex -32 -4.94975 21.0503
    endloop
  endfacet
  facet normal 1 0 0
    outer loop
      vertex -32 -7.25 13
      vertex -32 -4.94975 21.0503
      vertex -32 -5.41107 21.5592
    endloop
  endfacet
  facet normal 1 -0 0
    outer loop
      vertex -32 -8.47218 54.7135
      vertex -32 -4.44075 49.4111
      vertex -32 -8.25542 54.8742
    endloop
  endfacet
  facet normal 1 -0 0
    outer loop
      vertex -32 -8.70366 54.5747
      vertex -32 -4.44075 49.4111
      vertex -32 -8.47218 54.7135
    endloop
  endfacet
  facet normal 1 0 0
    outer loop
      vertex -32 -7.25 13
      vertex -32 -6.96629 25.3139
      vertex -32 -7 26
    endloop
  endfacet
  facet normal 1 0 0
    outer loop
      vertex -32 -7.25 13
      vertex -32 -6.8655 24.6344
      vertex -32 -6.96629 25.3139
    endloop
  endfacet
  facet normal 1 0 0
    outer loop
      vertex -32 -7.25 13
      vertex -32 -6.69858 23.968
      vertex -32 -6.8655 24.6344
    endloop
  endfacet
  facet normal 1 0 0
    outer loop
      vertex -32 -7.25 13
      vertex -32 -6.46716 23.3212
      vertex -32 -6.69858 23.968
    endloop
  endfacet
  facet normal 1 0 0
    outer loop
      vertex -32 -7.25 13
      vertex -32 -6.17345 22.7002
      vertex -32 -6.46716 23.3212
    endloop
  endfacet
  facet normal 1 0 0
    outer loop
      vertex -32 -7.25 13
      vertex -32 -5.82029 22.111
      vertex -32 -6.17345 22.7002
    endloop
  endfacet
  facet normal 1 0 0
    outer loop
      vertex -32 -7.25 13
      vertex -32 -5.41107 21.5592
      vertex -32 -5.82029 22.111
    endloop
  endfacet
  facet normal 1 0 0
    outer loop
      vertex -32 7.26324 6.73045
      vertex -32 -7.26324 6.73045
      vertex -32 7.30284 6.4635
    endloop
  endfacet
  facet normal 1 0 0
    outer loop
      vertex -32 -7.30284 6.4635
      vertex -32 7.30284 6.4635
      vertex -32 -7.26324 6.73045
    endloop
  endfacet
  facet normal 1 0 0
    outer loop
      vertex -32 7.30284 6.4635
      vertex -32 -7.30284 6.4635
      vertex -32 7.36841 6.20172
    endloop
  endfacet
  facet normal 1 0 0
    outer loop
      vertex -32 -7.36841 6.20172
      vertex -32 7.36841 6.20172
      vertex -32 -7.30284 6.4635
    endloop
  endfacet
  facet normal 1 0 0
    outer loop
      vertex -32 7.36841 6.20172
      vertex -32 -7.36841 6.20172
      vertex -32 7.44059 6
    endloop
  endfacet
  facet normal 1 0 0
    outer loop
      vertex -32 7.44059 6
      vertex -32 -7.36841 6.20172
      vertex -32 -7.44059 6
    endloop
  endfacet
  facet normal 1 0 0
    outer loop
      vertex -32 -12.75 13
      vertex -32 -26 6
      vertex -32 -12.75 7
    endloop
  endfacet
  facet normal 1 0 0
    outer loop
      vertex -32 -12.75 7
      vertex -32 -26 6
      vertex -32 -12.7368 6.73045
    endloop
  endfacet
  facet normal 1 0 0
    outer loop
      vertex -32 -12.6316 6.20172
      vertex -32 -26 6
      vertex -32 -12.5594 6
    endloop
  endfacet
  facet normal 1 0 0
    outer loop
      vertex -32 -12.6972 6.4635
      vertex -32 -26 6
      vertex -32 -12.6316 6.20172
    endloop
  endfacet
  facet normal 1 0 0
    outer loop
      vertex -32 -12.7368 6.73045
      vertex -32 -26 6
      vertex -32 -12.6972 6.4635
    endloop
  endfacet
  facet normal -0 0 1
    outer loop
      vertex -39 26 64
      vertex -32 12.5594 64
      vertex -32 26 64
    endloop
  endfacet
  facet normal 0 0 1
    outer loop
      vertex -32 12.5594 64
      vertex -39 26 64
      vertex -39 12.5594 64
    endloop
  endfacet
  facet normal -0 0 1
    outer loop
      vertex -39 -12.5594 64
      vertex -32 -26 64
      vertex -32 -12.5594 64
    endloop
  endfacet
  facet normal 0 0 1
    outer loop
      vertex -32 -26 64
      vertex -39 -12.5594 64
      vertex -39 -26 64
    endloop
  endfacet
  facet normal -0 0 1
    outer loop
      vertex -39 7.44059 64
      vertex -32 -7.44059 64
      vertex -32 7.44059 64
    endloop
  endfacet
  facet normal 0 0 1
    outer loop
      vertex -32 -7.44059 64
      vertex -39 7.44059 64
      vertex -39 -7.44059 64
    endloop
  endfacet
  facet normal -1 0 0
    outer loop
      vertex -39 -25.6492 6
      vertex -39 -12.75 13
      vertex -39 -12.75 7
    endloop
  endfacet
  facet normal -1 0 0
    outer loop
      vertex -39 -26 6
      vertex -39 -12.75 13
      vertex -39 -25.6492 6
    endloop
  endfacet
  facet normal -1 -0 0
    outer loop
      vertex -39 -12.75 13
      vertex -39 -26 6
      vertex -39 -12.75 57
    endloop
  endfacet
  facet normal -1 -0 0
    outer loop
      vertex -39 -12.7368 6.73045
      vertex -39 -25.6492 6
      vertex -39 -12.75 7
    endloop
  endfacet
  facet normal -1 -0 0
    outer loop
      vertex -39 -12.6972 6.4635
      vertex -39 -25.6492 6
      vertex -39 -12.7368 6.73045
    endloop
  endfacet
  facet normal -1 -0 0
    outer loop
      vertex -39 -12.6316 6.20172
      vertex -39 -25.6492 6
      vertex -39 -12.6972 6.4635
    endloop
  endfacet
  facet normal -1 0 0
    outer loop
      vertex -39 -25.6492 6
      vertex -39 -12.6316 6.20172
      vertex -39 -12.5594 6
    endloop
  endfacet
  facet normal -1 -0 0
    outer loop
      vertex -39 -4.44075 20.5889
      vertex -39 -8.70366 15.4253
      vertex -39 -4.94975 21.0503
    endloop
  endfacet
  facet normal -1 0 0
    outer loop
      vertex -39 -7 44
      vertex -39 -7.26324 56.7305
      vertex -39 -7.25 57
    endloop
  endfacet
  facet normal -1 0 0
    outer loop
      vertex -39 -8.94762 15.5407
      vertex -39 -4.94975 21.0503
      vertex -39 -8.70366 15.4253
    endloop
  endfacet
  facet normal -1 0 0
    outer loop
      vertex -39 -7 44
      vertex -39 -7.30284 56.4635
      vertex -39 -7.26324 56.7305
    endloop
  endfacet
  facet normal -1 -0 0
    outer loop
      vertex -39 -4.94975 21.0503
      vertex -39 -8.94762 15.5407
      vertex -39 -5.41107 21.5592
    endloop
  endfacet
  facet normal -1 0 0
    outer loop
      vertex -39 -7 44
      vertex -39 -7.36841 56.2017
      vertex -39 -7.30284 56.4635
    endloop
  endfacet
  facet normal -1 0 0
    outer loop
      vertex -39 -9.20172 15.6316
      vertex -39 -5.41107 21.5592
      vertex -39 -8.94762 15.5407
    endloop
  endfacet
  facet normal -1 0 0
    outer loop
      vertex -39 -7 44
      vertex -39 -7.45933 55.9476
      vertex -39 -7.36841 56.2017
    endloop
  endfacet
  facet normal -1 0 0
    outer loop
      vertex -39 -9.4635 15.6972
      vertex -39 -5.41107 21.5592
      vertex -39 -9.20172 15.6316
    endloop
  endfacet
  facet normal -1 0 0
    outer loop
      vertex -39 -7 44
      vertex -39 -7.57472 55.7037
      vertex -39 -7.45933 55.9476
    endloop
  endfacet
  facet normal -1 -0 0
    outer loop
      vertex -39 -5.41107 21.5592
      vertex -39 -9.4635 15.6972
      vertex -39 -5.82029 22.111
    endloop
  endfacet
  facet normal -1 0 0
    outer loop
      vertex -39 -7 44
      vertex -39 -7.71346 55.4722
      vertex -39 -7.57472 55.7037
    endloop
  endfacet
  facet normal -1 0 0
    outer loop
      vertex -39 -9.73045 15.7368
      vertex -39 -5.82029 22.111
      vertex -39 -9.4635 15.6972
    endloop
  endfacet
  facet normal -1 0 0
    outer loop
      vertex -39 -7 44
      vertex -39 -7.87422 55.2554
      vertex -39 -7.71346 55.4722
    endloop
  endfacet
  facet normal -1 0 0
    outer loop
      vertex -39 -10 15.75
      vertex -39 -5.82029 22.111
      vertex -39 -9.73045 15.7368
    endloop
  endfacet
  facet normal -1 0 0
    outer loop
      vertex -39 -7 44
      vertex -39 -8.05546 55.0555
      vertex -39 -7.87422 55.2554
    endloop
  endfacet
  facet normal -1 -0 0
    outer loop
      vertex -39 -5.82029 22.111
      vertex -39 -10 15.75
      vertex -39 -6.17345 22.7002
    endloop
  endfacet
  facet normal -1 0 0
    outer loop
      vertex -39 -7 44
      vertex -39 -8.25542 54.8742
      vertex -39 -8.05546 55.0555
    endloop
  endfacet
  facet normal -1 0 0
    outer loop
      vertex -39 -10.2695 15.7368
      vertex -39 -6.17345 22.7002
      vertex -39 -10 15.75
    endloop
  endfacet
  facet normal -1 0 0
    outer loop
      vertex -39 -7 44
      vertex -39 -8.47218 54.7135
      vertex -39 -8.25542 54.8742
    endloop
  endfacet
  facet normal -1 -0 0
    outer loop
      vertex -39 -6.17345 22.7002
      vertex -39 -10.2695 15.7368
      vertex -39 -6.46716 23.3212
    endloop
  endfacet
  facet normal -1 0 0
    outer loop
      vertex -39 -7 44
      vertex -39 -8.70366 54.5747
      vertex -39 -8.47218 54.7135
    endloop
  endfacet
  facet normal -1 0 0
    outer loop
      vertex -39 -10.5365 15.6972
      vertex -39 -6.46716 23.3212
      vertex -39 -10.2695 15.7368
    endloop
  endfacet
  facet normal -1 0 0
    outer loop
      vertex -39 -7 44
      vertex -39 -8.94762 54.4593
      vertex -39 -8.70366 54.5747
    endloop
  endfacet
  facet normal -1 0 0
    outer loop
      vertex -39 -10.7983 15.6316
      vertex -39 -6.46716 23.3212
      vertex -39 -10.5365 15.6972
    endloop
  endfacet
  facet normal -1 0 0
    outer loop
      vertex -39 -7 44
      vertex -39 -9.20172 54.3684
      vertex -39 -8.94762 54.4593
    endloop
  endfacet
  facet normal -1 -0 0
    outer loop
      vertex -39 -6.46716 23.3212
      vertex -39 -10.7983 15.6316
      vertex -39 -6.69858 23.968
    endloop
  endfacet
  facet normal -1 0 0
    outer loop
      vertex -39 -7 44
      vertex -39 -9.4635 54.3028
      vertex -39 -9.20172 54.3684
    endloop
  endfacet
  facet normal -1 0 0
    outer loop
      vertex -39 -11.0524 15.5407
      vertex -39 -6.69858 23.968
      vertex -39 -10.7983 15.6316
    endloop
  endfacet
  facet normal -1 0 0
    outer loop
      vertex -39 -7 44
      vertex -39 -9.73045 54.2632
      vertex -39 -9.4635 54.3028
    endloop
  endfacet
  facet normal -1 -0 0
    outer loop
      vertex -39 -6.69858 23.968
      vertex -39 -11.0524 15.5407
      vertex -39 -6.8655 24.6344
    endloop
  endfacet
  facet normal -1 0 0
    outer loop
      vertex -39 -7 44
      vertex -39 -10 54.25
      vertex -39 -9.73045 54.2632
    endloop
  endfacet
  facet normal -1 0 0
    outer loop
      vertex -39 -11.2963 15.4253
      vertex -39 -6.8655 24.6344
      vertex -39 -11.0524 15.5407
    endloop
  endfacet
  facet normal -1 0 0
    outer loop
      vertex -39 -7 44
      vertex -39 -10.2695 54.2632
      vertex -39 -10 54.25
    endloop
  endfacet
  facet normal -1 -0 0
    outer loop
      vertex -39 -6.8655 24.6344
      vertex -39 -11.2963 15.4253
      vertex -39 -6.96629 25.3139
    endloop
  endfacet
  facet normal -1 0 0
    outer loop
      vertex -39 -7 44
      vertex -39 -10.5365 54.3028
      vertex -39 -10.2695 54.2632
    endloop
  endfacet
  facet normal -1 0 0
    outer loop
      vertex -39 -11.5278 15.2865
      vertex -39 -6.96629 25.3139
      vertex -39 -11.2963 15.4253
    endloop
  endfacet
  facet normal -1 0 0
    outer loop
      vertex -39 -7 44
      vertex -39 -10.7983 54.3684
      vertex -39 -10.5365 54.3028
    endloop
  endfacet
  facet normal -1 0 0
    outer loop
      vertex -39 -11.7446 15.1258
      vertex -39 -6.96629 25.3139
      vertex -39 -11.5278 15.2865
    endloop
  endfacet
  facet normal -1 0 0
    outer loop
      vertex -39 -7 44
      vertex -39 -11.0524 54.4593
      vertex -39 -10.7983 54.3684
    endloop
  endfacet
  facet normal -1 -0 0
    outer loop
      vertex -39 -6.96629 25.3139
      vertex -39 -11.7446 15.1258
      vertex -39 -7 26
    endloop
  endfacet
  facet normal -1 0 0
    outer loop
      vertex -39 -7 44
      vertex -39 -11.2963 54.5747
      vertex -39 -11.0524 54.4593
    endloop
  endfacet
  facet normal -1 0 0
    outer loop
      vertex -39 -11.9445 14.9445
      vertex -39 -7 26
      vertex -39 -11.7446 15.1258
    endloop
  endfacet
  facet normal -1 0 0
    outer loop
      vertex -39 -7 44
      vertex -39 -11.5278 54.7135
      vertex -39 -11.2963 54.5747
    endloop
  endfacet
  facet normal -1 0 0
    outer loop
      vertex -39 -12.1258 14.7446
      vertex -39 -7 26
      vertex -39 -11.9445 14.9445
    endloop
  endfacet
  facet normal -1 0 0
    outer loop
      vertex -39 -7 44
      vertex -39 -11.7446 54.8742
      vertex -39 -11.5278 54.7135
    endloop
  endfacet
  facet normal -1 0 0
    outer loop
      vertex -39 -12.2865 14.5278
      vertex -39 -7 26
      vertex -39 -12.1258 14.7446
    endloop
  endfacet
  facet normal -1 0 0
    outer loop
      vertex -39 -7 44
      vertex -39 -11.9445 55.0555
      vertex -39 -11.7446 54.8742
    endloop
  endfacet
  facet normal -1 -0 0
    outer loop
      vertex -39 -7 26
      vertex -39 -12.2865 14.5278
      vertex -39 -7 44
    endloop
  endfacet
  facet normal -1 0 0
    outer loop
      vertex -39 -7 44
      vertex -39 -12.1258 55.2554
      vertex -39 -11.9445 55.0555
    endloop
  endfacet
  facet normal -1 0 0
    outer loop
      vertex -39 -12.2865 55.4722
      vertex -39 -7 44
      vertex -39 -12.2865 14.5278
    endloop
  endfacet
  facet normal -1 0 0
    outer loop
      vertex -39 -7 44
      vertex -39 -12.2865 55.4722
      vertex -39 -12.1258 55.2554
    endloop
  endfacet
  facet normal -1 0 0
    outer loop
      vertex -39 -12.4253 14.2963
      vertex -39 -12.2865 55.4722
      vertex -39 -12.2865 14.5278
    endloop
  endfacet
  facet normal -1 0 0
    outer loop
      vertex -39 -12.4253 14.2963
      vertex -39 -12.4253 55.7037
      vertex -39 -12.2865 55.4722
    endloop
  endfacet
  facet normal -1 0 0
    outer loop
      vertex -39 -12.5407 14.0524
      vertex -39 -12.4253 55.7037
      vertex -39 -12.4253 14.2963
    endloop
  endfacet
  facet normal -1 0 0
    outer loop
      vertex -39 -12.5407 14.0524
      vertex -39 -12.5407 55.9476
      vertex -39 -12.4253 55.7037
    endloop
  endfacet
  facet normal -1 0 0
    outer loop
      vertex -39 -12.6316 13.7983
      vertex -39 -12.5407 55.9476
      vertex -39 -12.5407 14.0524
    endloop
  endfacet
  facet normal -1 0 0
    outer loop
      vertex -39 -12.6316 13.7983
      vertex -39 -12.6316 56.2017
      vertex -39 -12.5407 55.9476
    endloop
  endfacet
  facet normal -1 0 0
    outer loop
      vertex -39 -12.6972 13.5365
      vertex -39 -12.6316 56.2017
      vertex -39 -12.6316 13.7983
    endloop
  endfacet
  facet normal -1 0 0
    outer loop
      vertex -39 -12.6972 13.5365
      vertex -39 -12.6972 56.4635
      vertex -39 -12.6316 56.2017
    endloop
  endfacet
  facet normal -1 0 0
    outer loop
      vertex -39 -12.7368 13.2695
      vertex -39 -12.6972 56.4635
      vertex -39 -12.6972 13.5365
    endloop
  endfacet
  facet normal -1 0 0
    outer loop
      vertex -39 -12.7368 13.2695
      vertex -39 -12.7368 56.7305
      vertex -39 -12.6972 56.4635
    endloop
  endfacet
  facet normal -1 0 0
    outer loop
      vertex -39 -12.75 13
      vertex -39 -12.7368 56.7305
      vertex -39 -12.7368 13.2695
    endloop
  endfacet
  facet normal -1 -0 0
    outer loop
      vertex -39 -12.7368 56.7305
      vertex -39 -12.75 13
      vertex -39 -12.75 57
    endloop
  endfacet
  facet normal -1 0 0
    outer loop
      vertex -39 -7.25 13
      vertex -39 7.25 13
      vertex -39 7.25 7
    endloop
  endfacet
  facet normal -1 0 0
    outer loop
      vertex -39 7.25 13
      vertex -39 7 26
      vertex -39 7.25 57
    endloop
  endfacet
  facet normal -1 0 0
    outer loop
      vertex -39 7 44
      vertex -39 7.25 57
      vertex -39 7 26
    endloop
  endfacet
  facet normal -1 0 0
    outer loop
      vertex -39 7.25 13
      vertex -39 6.96629 25.3139
      vertex -39 7 26
    endloop
  endfacet
  facet normal -1 0 0
    outer loop
      vertex -39 7.25 13
      vertex -39 6.8655 24.6344
      vertex -39 6.96629 25.3139
    endloop
  endfacet
  facet normal -1 0 0
    outer loop
      vertex -39 7.25 13
      vertex -39 6.69858 23.968
      vertex -39 6.8655 24.6344
    endloop
  endfacet
  facet normal -1 0 0
    outer loop
      vertex -39 7.25 13
      vertex -39 6.46716 23.3212
      vertex -39 6.69858 23.968
    endloop
  endfacet
  facet normal -1 0 0
    outer loop
      vertex -39 7.25 13
      vertex -39 6.17345 22.7002
      vertex -39 6.46716 23.3212
    endloop
  endfacet
  facet normal -1 0 0
    outer loop
      vertex -39 -7.25 7
      vertex -39 7.25 7
      vertex -39 7.26324 6.73045
    endloop
  endfacet
  facet normal -1 0 0
    outer loop
      vertex -39 7.25 13
      vertex -39 5.82029 22.111
      vertex -39 6.17345 22.7002
    endloop
  endfacet
  facet normal -1 0 0
    outer loop
      vertex -39 7.25 13
      vertex -39 5.41107 21.5592
      vertex -39 5.82029 22.111
    endloop
  endfacet
  facet normal -1 0 0
    outer loop
      vertex -39 7.25 13
      vertex -39 4.94975 21.0503
      vertex -39 5.41107 21.5592
    endloop
  endfacet
  facet normal -1 0 0
    outer loop
      vertex -39 -7.26324 6.73045
      vertex -39 7.26324 6.73045
      vertex -39 7.30284 6.4635
    endloop
  endfacet
  facet normal -1 0 0
    outer loop
      vertex -39 7.25 13
      vertex -39 4.44075 20.5889
      vertex -39 4.94975 21.0503
    endloop
  endfacet
  facet normal -1 0 0
    outer loop
      vertex -39 7.25 13
      vertex -39 3.88899 20.1797
      vertex -39 4.44075 20.5889
    endloop
  endfacet
  facet normal -1 0 0
    outer loop
      vertex -39 7.25 13
      vertex -39 3.29978 19.8265
      vertex -39 3.88899 20.1797
    endloop
  endfacet
  facet normal -1 0 0
    outer loop
      vertex -39 -7.30284 6.4635
      vertex -39 7.30284 6.4635
      vertex -39 7.36841 6.20172
    endloop
  endfacet
  facet normal -1 0 0
    outer loop
      vertex -39 7.25 13
      vertex -39 2.67878 19.5328
      vertex -39 3.29978 19.8265
    endloop
  endfacet
  facet normal -1 0 0
    outer loop
      vertex -39 7.25 13
      vertex -39 2.03199 19.3014
      vertex -39 2.67878 19.5328
    endloop
  endfacet
  facet normal -1 0 0
    outer loop
      vertex -39 -7.36841 6.20172
      vertex -39 7.36841 6.20172
      vertex -39 7.44059 6
    endloop
  endfacet
  facet normal -1 0 0
    outer loop
      vertex -39 7.25 13
      vertex -39 1.36563 19.1345
      vertex -39 2.03199 19.3014
    endloop
  endfacet
  facet normal -1 0 0
    outer loop
      vertex -39 7.25 13
      vertex -39 0.686119 19.0337
      vertex -39 1.36563 19.1345
    endloop
  endfacet
  facet normal -1 0 0
    outer loop
      vertex -39 7.25 13
      vertex -39 0 19
      vertex -39 0.686119 19.0337
    endloop
  endfacet
  facet normal -1 0 0
    outer loop
      vertex -39 7.25 13
      vertex -39 -7.25 13
      vertex -39 0 19
    endloop
  endfacet
  facet normal -1 -0 0
    outer loop
      vertex -39 0 19
      vertex -39 -7.25 13
      vertex -39 -0.68612 19.0337
    endloop
  endfacet
  facet normal -1 0 0
    outer loop
      vertex -39 -7.26324 13.2695
      vertex -39 -0.68612 19.0337
      vertex -39 -7.25 13
    endloop
  endfacet
  facet normal -1 -0 0
    outer loop
      vertex -39 -0.68612 19.0337
      vertex -39 -7.26324 13.2695
      vertex -39 -1.36563 19.1345
    endloop
  endfacet
  facet normal -1 0 0
    outer loop
      vertex -39 -7.30284 13.5365
      vertex -39 -1.36563 19.1345
      vertex -39 -7.26324 13.2695
    endloop
  endfacet
  facet normal -1 -0 0
    outer loop
      vertex -39 -1.36563 19.1345
      vertex -39 -7.30284 13.5365
      vertex -39 -2.03199 19.3014
    endloop
  endfacet
  facet normal -1 0 0
    outer loop
      vertex -39 -7.36841 13.7983
      vertex -39 -2.03199 19.3014
      vertex -39 -7.30284 13.5365
    endloop
  endfacet
  facet normal -1 0 0
    outer loop
      vertex -39 -7.45933 14.0524
      vertex -39 -2.03199 19.3014
      vertex -39 -7.36841 13.7983
    endloop
  endfacet
  facet normal -1 -0 0
    outer loop
      vertex -39 -2.03199 19.3014
      vertex -39 -7.45933 14.0524
      vertex -39 -2.67878 19.5328
    endloop
  endfacet
  facet normal -1 -0 0
    outer loop
      vertex -39 -3.88899 20.1797
      vertex -39 -8.25542 15.1258
      vertex -39 -4.44075 20.5889
    endloop
  endfacet
  facet normal -1 0 0
    outer loop
      vertex -39 -8.25542 15.1258
      vertex -39 -3.88899 20.1797
      vertex -39 -8.05546 14.9445
    endloop
  endfacet
  facet normal -1 0 0
    outer loop
      vertex -39 -8.05546 14.9445
      vertex -39 -3.88899 20.1797
      vertex -39 -7.87422 14.7446
    endloop
  endfacet
  facet normal -1 -0 0
    outer loop
      vertex -39 -3.29978 19.8265
      vertex -39 -7.87422 14.7446
      vertex -39 -3.88899 20.1797
    endloop
  endfacet
  facet normal -1 0 0
    outer loop
      vertex -39 -7.87422 14.7446
      vertex -39 -3.29978 19.8265
      vertex -39 -7.71346 14.5278
    endloop
  endfacet
  facet normal -1 -0 0
    outer loop
      vertex -39 -2.67878 19.5328
      vertex -39 -7.71346 14.5278
      vertex -39 -3.29978 19.8265
    endloop
  endfacet
  facet normal -1 0 0
    outer loop
      vertex -39 -7.71346 14.5278
      vertex -39 -2.67878 19.5328
      vertex -39 -7.57472 14.2963
    endloop
  endfacet
  facet normal -1 0 0
    outer loop
      vertex -39 -7.57472 14.2963
      vertex -39 -2.67878 19.5328
      vertex -39 -7.45933 14.0524
    endloop
  endfacet
  facet normal -1 0 0
    outer loop
      vertex -39 7.25 7
      vertex -39 -7.25 7
      vertex -39 -7.25 13
    endloop
  endfacet
  facet normal -1 0 0
    outer loop
      vertex -39 7.26324 6.73045
      vertex -39 -7.26324 6.73045
      vertex -39 -7.25 7
    endloop
  endfacet
  facet normal -1 0 0
    outer loop
      vertex -39 7.30284 6.4635
      vertex -39 -7.30284 6.4635
      vertex -39 -7.26324 6.73045
    endloop
  endfacet
  facet normal -1 0 0
    outer loop
      vertex -39 7.36841 6.20172
      vertex -39 -7.36841 6.20172
      vertex -39 -7.30284 6.4635
    endloop
  endfacet
  facet normal -1 0 -0
    outer loop
      vertex -39 -7.36841 6.20172
      vertex -39 7.44059 6
      vertex -39 -7.44059 6
    endloop
  endfacet
  facet normal -1 0 0
    outer loop
      vertex -39 12.5407 14.0524
      vertex -39 25.6492 6
      vertex -39 12.6316 13.7983
    endloop
  endfacet
  facet normal -1 0 0
    outer loop
      vertex -39 26 64
      vertex -39 12.7368 56.7305
      vertex -39 12.75 57
    endloop
  endfacet
  facet normal -1 0 0
    outer loop
      vertex -39 12.4253 14.2963
      vertex -39 25.6492 6
      vertex -39 12.5407 14.0524
    endloop
  endfacet
  facet normal -1 0 0
    outer loop
      vertex -39 26 64
      vertex -39 12.6972 56.4635
      vertex -39 12.7368 56.7305
    endloop
  endfacet
  facet normal -1 0 0
    outer loop
      vertex -39 25.6492 6
      vertex -39 12.4253 14.2963
      vertex -39 26 6
    endloop
  endfacet
  facet normal -1 0 0
    outer loop
      vertex -39 26 64
      vertex -39 12.6316 56.2017
      vertex -39 12.6972 56.4635
    endloop
  endfacet
  facet normal -1 0 0
    outer loop
      vertex -39 12.2865 14.5278
      vertex -39 26 6
      vertex -39 12.4253 14.2963
    endloop
  endfacet
  facet normal -1 0 0
    outer loop
      vertex -39 26 64
      vertex -39 12.5407 55.9476
      vertex -39 12.6316 56.2017
    endloop
  endfacet
  facet normal -1 0 0
    outer loop
      vertex -39 12.1258 14.7446
      vertex -39 26 6
      vertex -39 12.2865 14.5278
    endloop
  endfacet
  facet normal -1 0 0
    outer loop
      vertex -39 26 64
      vertex -39 12.4253 55.7037
      vertex -39 12.5407 55.9476
    endloop
  endfacet
  facet normal -1 0 0
    outer loop
      vertex -39 26 6
      vertex -39 12.1258 14.7446
      vertex -39 26 64
    endloop
  endfacet
  facet normal -1 0 0
    outer loop
      vertex -39 26 64
      vertex -39 12.2865 55.4722
      vertex -39 12.4253 55.7037
    endloop
  endfacet
  facet normal -1 0 0
    outer loop
      vertex -39 12.1258 55.2554
      vertex -39 26 64
      vertex -39 12.1258 14.7446
    endloop
  endfacet
  facet normal -1 0 0
    outer loop
      vertex -39 26 64
      vertex -39 12.1258 55.2554
      vertex -39 12.2865 55.4722
    endloop
  endfacet
  facet normal -1 0 0
    outer loop
      vertex -39 11.9445 14.9445
      vertex -39 12.1258 55.2554
      vertex -39 12.1258 14.7446
    endloop
  endfacet
  facet normal -1 0 0
    outer loop
      vertex -39 11.9445 14.9445
      vertex -39 11.9445 55.0555
      vertex -39 12.1258 55.2554
    endloop
  endfacet
  facet normal -1 0 0
    outer loop
      vertex -39 11.7446 15.1258
      vertex -39 11.9445 55.0555
      vertex -39 11.9445 14.9445
    endloop
  endfacet
  facet normal -1 0 0
    outer loop
      vertex -39 11.7446 15.1258
      vertex -39 11.7446 54.8742
      vertex -39 11.9445 55.0555
    endloop
  endfacet
  facet normal -1 0 0
    outer loop
      vertex -39 11.5278 15.2865
      vertex -39 11.7446 54.8742
      vertex -39 11.7446 15.1258
    endloop
  endfacet
  facet normal -1 0 0
    outer loop
      vertex -39 11.5278 15.2865
      vertex -39 11.5278 54.7135
      vertex -39 11.7446 54.8742
    endloop
  endfacet
  facet normal -1 0 0
    outer loop
      vertex -39 11.2963 15.4253
      vertex -39 11.5278 54.7135
      vertex -39 11.5278 15.2865
    endloop
  endfacet
  facet normal -1 0 0
    outer loop
      vertex -39 11.2963 15.4253
      vertex -39 11.2963 54.5747
      vertex -39 11.5278 54.7135
    endloop
  endfacet
  facet normal -1 0 0
    outer loop
      vertex -39 11.0524 15.5407
      vertex -39 11.2963 54.5747
      vertex -39 11.2963 15.4253
    endloop
  endfacet
  facet normal -1 0 0
    outer loop
      vertex -39 11.0524 15.5407
      vertex -39 11.0524 54.4593
      vertex -39 11.2963 54.5747
    endloop
  endfacet
  facet normal -1 0 0
    outer loop
      vertex -39 10.7983 15.6316
      vertex -39 11.0524 54.4593
      vertex -39 11.0524 15.5407
    endloop
  endfacet
  facet normal -1 0 0
    outer loop
      vertex -39 10.7983 15.6316
      vertex -39 10.7983 54.3684
      vertex -39 11.0524 54.4593
    endloop
  endfacet
  facet normal -1 0 0
    outer loop
      vertex -39 10.5365 15.6972
      vertex -39 10.7983 54.3684
      vertex -39 10.7983 15.6316
    endloop
  endfacet
  facet normal -1 0 0
    outer loop
      vertex -39 10.5365 15.6972
      vertex -39 10.5365 54.3028
      vertex -39 10.7983 54.3684
    endloop
  endfacet
  facet normal -1 0 0
    outer loop
      vertex -39 10.2695 15.7368
      vertex -39 10.5365 54.3028
      vertex -39 10.5365 15.6972
    endloop
  endfacet
  facet normal -1 0 0
    outer loop
      vertex -39 10.2695 15.7368
      vertex -39 10.2695 54.2632
      vertex -39 10.5365 54.3028
    endloop
  endfacet
  facet normal -1 0 0
    outer loop
      vertex -39 10 15.75
      vertex -39 10.2695 54.2632
      vertex -39 10.2695 15.7368
    endloop
  endfacet
  facet normal -1 0 0
    outer loop
      vertex -39 10 15.75
      vertex -39 10 54.25
      vertex -39 10.2695 54.2632
    endloop
  endfacet
  facet normal -1 0 0
    outer loop
      vertex -39 9.73045 15.7368
      vertex -39 10 54.25
      vertex -39 10 15.75
    endloop
  endfacet
  facet normal -1 0 0
    outer loop
      vertex -39 9.73045 15.7368
      vertex -39 9.73045 54.2632
      vertex -39 10 54.25
    endloop
  endfacet
  facet normal -1 0 0
    outer loop
      vertex -39 9.4635 15.6972
      vertex -39 9.73045 54.2632
      vertex -39 9.73045 15.7368
    endloop
  endfacet
  facet normal -1 0 0
    outer loop
      vertex -39 9.4635 15.6972
      vertex -39 9.4635 54.3028
      vertex -39 9.73045 54.2632
    endloop
  endfacet
  facet normal -1 0 0
    outer loop
      vertex -39 9.20172 15.6316
      vertex -39 9.4635 54.3028
      vertex -39 9.4635 15.6972
    endloop
  endfacet
  facet normal -1 0 0
    outer loop
      vertex -39 9.20172 15.6316
      vertex -39 9.20172 54.3684
      vertex -39 9.4635 54.3028
    endloop
  endfacet
  facet normal -1 0 0
    outer loop
      vertex -39 8.94762 15.5407
      vertex -39 9.20172 54.3684
      vertex -39 9.20172 15.6316
    endloop
  endfacet
  facet normal -1 0 0
    outer loop
      vertex -39 8.94762 15.5407
      vertex -39 8.94762 54.4593
      vertex -39 9.20172 54.3684
    endloop
  endfacet
  facet normal -1 0 0
    outer loop
      vertex -39 8.70366 15.4253
      vertex -39 8.94762 54.4593
      vertex -39 8.94762 15.5407
    endloop
  endfacet
  facet normal -1 0 0
    outer loop
      vertex -39 8.70366 15.4253
      vertex -39 8.70366 54.5747
      vertex -39 8.94762 54.4593
    endloop
  endfacet
  facet normal -1 0 0
    outer loop
      vertex -39 8.47218 15.2865
      vertex -39 8.70366 54.5747
      vertex -39 8.70366 15.4253
    endloop
  endfacet
  facet normal -1 0 0
    outer loop
      vertex -39 8.47218 15.2865
      vertex -39 8.47218 54.7135
      vertex -39 8.70366 54.5747
    endloop
  endfacet
  facet normal -1 0 0
    outer loop
      vertex -39 8.25542 15.1258
      vertex -39 8.47218 54.7135
      vertex -39 8.47218 15.2865
    endloop
  endfacet
  facet normal -1 0 0
    outer loop
      vertex -39 8.25542 15.1258
      vertex -39 8.25542 54.8742
      vertex -39 8.47218 54.7135
    endloop
  endfacet
  facet normal -1 0 0
    outer loop
      vertex -39 8.05546 14.9445
      vertex -39 8.25542 54.8742
      vertex -39 8.25542 15.1258
    endloop
  endfacet
  facet normal -1 0 0
    outer loop
      vertex -39 8.05546 14.9445
      vertex -39 8.05546 55.0555
      vertex -39 8.25542 54.8742
    endloop
  endfacet
  facet normal -1 0 0
    outer loop
      vertex -39 7.87422 14.7446
      vertex -39 8.05546 55.0555
      vertex -39 8.05546 14.9445
    endloop
  endfacet
  facet normal -1 0 0
    outer loop
      vertex -39 7.87422 14.7446
      vertex -39 7.87422 55.2554
      vertex -39 8.05546 55.0555
    endloop
  endfacet
  facet normal -1 0 0
    outer loop
      vertex -39 7.71346 14.5278
      vertex -39 7.87422 55.2554
      vertex -39 7.87422 14.7446
    endloop
  endfacet
  facet normal -1 0 0
    outer loop
      vertex -39 7.71346 14.5278
      vertex -39 7.71346 55.4722
      vertex -39 7.87422 55.2554
    endloop
  endfacet
  facet normal -1 0 0
    outer loop
      vertex -39 7.57472 14.2963
      vertex -39 7.71346 55.4722
      vertex -39 7.71346 14.5278
    endloop
  endfacet
  facet normal -1 0 0
    outer loop
      vertex -39 7.57472 14.2963
      vertex -39 7.57472 55.7037
      vertex -39 7.71346 55.4722
    endloop
  endfacet
  facet normal -1 0 0
    outer loop
      vertex -39 7.45933 14.0524
      vertex -39 7.57472 55.7037
      vertex -39 7.57472 14.2963
    endloop
  endfacet
  facet normal -1 0 0
    outer loop
      vertex -39 7.45933 14.0524
      vertex -39 7.45933 55.9476
      vertex -39 7.57472 55.7037
    endloop
  endfacet
  facet normal -1 0 0
    outer loop
      vertex -39 7.36841 13.7983
      vertex -39 7.45933 55.9476
      vertex -39 7.45933 14.0524
    endloop
  endfacet
  facet normal -1 0 0
    outer loop
      vertex -39 7.36841 13.7983
      vertex -39 7.36841 56.2017
      vertex -39 7.45933 55.9476
    endloop
  endfacet
  facet normal -1 0 0
    outer loop
      vertex -39 7.30284 13.5365
      vertex -39 7.36841 56.2017
      vertex -39 7.36841 13.7983
    endloop
  endfacet
  facet normal -1 0 0
    outer loop
      vertex -39 7.30284 13.5365
      vertex -39 7.30284 56.4635
      vertex -39 7.36841 56.2017
    endloop
  endfacet
  facet normal -1 0 0
    outer loop
      vertex -39 7.26324 13.2695
      vertex -39 7.30284 56.4635
      vertex -39 7.30284 13.5365
    endloop
  endfacet
  facet normal -1 0 0
    outer loop
      vertex -39 7.26324 13.2695
      vertex -39 7.26324 56.7305
      vertex -39 7.30284 56.4635
    endloop
  endfacet
  facet normal -1 0 0
    outer loop
      vertex -39 7.25 13
      vertex -39 7.26324 56.7305
      vertex -39 7.26324 13.2695
    endloop
  endfacet
  facet normal -1 -0 0
    outer loop
      vertex -39 7.26324 56.7305
      vertex -39 7.25 13
      vertex -39 7.25 57
    endloop
  endfacet
  facet normal -1 0 0
    outer loop
      vertex -39 25.6492 6
      vertex -39 12.7368 6.73045
      vertex -39 12.75 7
    endloop
  endfacet
  facet normal -1 0 0
    outer loop
      vertex -39 25.6492 6
      vertex -39 12.6972 6.4635
      vertex -39 12.7368 6.73045
    endloop
  endfacet
  facet normal -1 0 0
    outer loop
      vertex -39 25.6492 6
      vertex -39 12.6316 6.20172
      vertex -39 12.6972 6.4635
    endloop
  endfacet
  facet normal -1 0 -0
    outer loop
      vertex -39 12.6316 6.20172
      vertex -39 25.6492 6
      vertex -39 12.5594 6
    endloop
  endfacet
  facet normal -1 0 0
    outer loop
      vertex -39 12.7368 13.2695
      vertex -39 25.6492 6
      vertex -39 12.75 13
    endloop
  endfacet
  facet normal -1 0 0
    outer loop
      vertex -39 12.75 13
      vertex -39 25.6492 6
      vertex -39 12.75 7
    endloop
  endfacet
  facet normal -1 0 0
    outer loop
      vertex -39 12.6972 13.5365
      vertex -39 25.6492 6
      vertex -39 12.7368 13.2695
    endloop
  endfacet
  facet normal -1 0 0
    outer loop
      vertex -39 12.6316 13.7983
      vertex -39 25.6492 6
      vertex -39 12.6972 13.5365
    endloop
  endfacet
  facet normal -1 0 0
    outer loop
      vertex -39 12.75 63
      vertex -39 26 64
      vertex -39 12.75 57
    endloop
  endfacet
  facet normal -1 0 0
    outer loop
      vertex -39 12.7368 63.2695
      vertex -39 26 64
      vertex -39 12.75 63
    endloop
  endfacet
  facet normal -1 0 0
    outer loop
      vertex -39 12.6972 63.5365
      vertex -39 26 64
      vertex -39 12.7368 63.2695
    endloop
  endfacet
  facet normal -1 0 0
    outer loop
      vertex -39 12.6316 63.7983
      vertex -39 26 64
      vertex -39 12.6972 63.5365
    endloop
  endfacet
  facet normal -1 -0 0
    outer loop
      vertex -39 26 64
      vertex -39 12.6316 63.7983
      vertex -39 12.5594 64
    endloop
  endfacet
  facet normal -1 0 0
    outer loop
      vertex -39 6.96629 44.6861
      vertex -39 7.25 57
      vertex -39 7 44
    endloop
  endfacet
  facet normal -1 0 0
    outer loop
      vertex -39 6.8655 45.3656
      vertex -39 7.25 57
      vertex -39 6.96629 44.6861
    endloop
  endfacet
  facet normal -1 0 0
    outer loop
      vertex -39 6.69858 46.032
      vertex -39 7.25 57
      vertex -39 6.8655 45.3656
    endloop
  endfacet
  facet normal -1 0 0
    outer loop
      vertex -39 6.46716 46.6788
      vertex -39 7.25 57
      vertex -39 6.69858 46.032
    endloop
  endfacet
  facet normal -1 0 0
    outer loop
      vertex -39 6.17345 47.2998
      vertex -39 7.25 57
      vertex -39 6.46716 46.6788
    endloop
  endfacet
  facet normal -1 0 0
    outer loop
      vertex -39 5.82029 47.889
      vertex -39 7.25 57
      vertex -39 6.17345 47.2998
    endloop
  endfacet
  facet normal -1 0 0
    outer loop
      vertex -39 5.41107 48.4408
      vertex -39 7.25 57
      vertex -39 5.82029 47.889
    endloop
  endfacet
  facet normal -1 0 0
    outer loop
      vertex -39 4.94975 48.9497
      vertex -39 7.25 57
      vertex -39 5.41107 48.4408
    endloop
  endfacet
  facet normal -1 0 0
    outer loop
      vertex -39 4.44075 49.4111
      vertex -39 7.25 57
      vertex -39 4.94975 48.9497
    endloop
  endfacet
  facet normal -1 0 0
    outer loop
      vertex -39 3.88899 49.8203
      vertex -39 7.25 57
      vertex -39 4.44075 49.4111
    endloop
  endfacet
  facet normal -1 0 0
    outer loop
      vertex -39 3.29978 50.1734
      vertex -39 7.25 57
      vertex -39 3.88899 49.8203
    endloop
  endfacet
  facet normal -1 0 0
    outer loop
      vertex -39 2.67878 50.4672
      vertex -39 7.25 57
      vertex -39 3.29978 50.1734
    endloop
  endfacet
  facet normal -1 0 0
    outer loop
      vertex -39 2.03199 50.6986
      vertex -39 7.25 57
      vertex -39 2.67878 50.4672
    endloop
  endfacet
  facet normal -1 0 0
    outer loop
      vertex -39 1.36563 50.8655
      vertex -39 7.25 57
      vertex -39 2.03199 50.6986
    endloop
  endfacet
  facet normal -1 0 0
    outer loop
      vertex -39 0.686119 50.9663
      vertex -39 7.25 57
      vertex -39 1.36563 50.8655
    endloop
  endfacet
  facet normal -1 0 0
    outer loop
      vertex -39 0 51
      vertex -39 7.25 57
      vertex -39 0.686119 50.9663
    endloop
  endfacet
  facet normal -1 0 0
    outer loop
      vertex -39 -7.25 57
      vertex -39 7.25 57
      vertex -39 0 51
    endloop
  endfacet
  facet normal -1 0 0
    outer loop
      vertex -39 7.25 57
      vertex -39 -7.25 57
      vertex -39 7.25 63
    endloop
  endfacet
  facet normal -1 0 0
    outer loop
      vertex -39 -7.25 63
      vertex -39 7.25 63
      vertex -39 -7.25 57
    endloop
  endfacet
  facet normal -1 0 0
    outer loop
      vertex -39 7.25 63
      vertex -39 -7.25 63
      vertex -39 7.26324 63.2695
    endloop
  endfacet
  facet normal -1 0 0
    outer loop
      vertex -39 -7.26324 63.2695
      vertex -39 7.26324 63.2695
      vertex -39 -7.25 63
    endloop
  endfacet
  facet normal -1 0 0
    outer loop
      vertex -39 -7.25 57
      vertex -39 0 51
      vertex -39 -0.68612 50.9663
    endloop
  endfacet
  facet normal -1 0 0
    outer loop
      vertex -39 -7.25 57
      vertex -39 -0.68612 50.9663
      vertex -39 -1.36563 50.8655
    endloop
  endfacet
  facet normal -1 0 0
    outer loop
      vertex -39 -7.25 57
      vertex -39 -1.36563 50.8655
      vertex -39 -2.03199 50.6986
    endloop
  endfacet
  facet normal -1 0 0
    outer loop
      vertex -39 -7.25 57
      vertex -39 -2.03199 50.6986
      vertex -39 -2.67878 50.4672
    endloop
  endfacet
  facet normal -1 0 0
    outer loop
      vertex -39 -7.25 57
      vertex -39 -2.67878 50.4672
      vertex -39 -3.29978 50.1734
    endloop
  endfacet
  facet normal -1 0 0
    outer loop
      vertex -39 -7.25 57
      vertex -39 -3.29978 50.1734
      vertex -39 -3.88899 49.8203
    endloop
  endfacet
  facet normal -1 0 0
    outer loop
      vertex -39 -7.25 57
      vertex -39 -3.88899 49.8203
      vertex -39 -4.44075 49.4111
    endloop
  endfacet
  facet normal -1 0 0
    outer loop
      vertex -39 -7.25 57
      vertex -39 -4.44075 49.4111
      vertex -39 -4.94975 48.9497
    endloop
  endfacet
  facet normal -1 0 0
    outer loop
      vertex -39 -7.25 57
      vertex -39 -4.94975 48.9497
      vertex -39 -5.41107 48.4408
    endloop
  endfacet
  facet normal -1 0 0
    outer loop
      vertex -39 -8.47218 15.2865
      vertex -39 -4.44075 20.5889
      vertex -39 -8.25542 15.1258
    endloop
  endfacet
  facet normal -1 0 0
    outer loop
      vertex -39 -8.70366 15.4253
      vertex -39 -4.44075 20.5889
      vertex -39 -8.47218 15.2865
    endloop
  endfacet
  facet normal -1 0 0
    outer loop
      vertex -39 -7.25 57
      vertex -39 -6.96629 44.6861
      vertex -39 -7 44
    endloop
  endfacet
  facet normal -1 0 0
    outer loop
      vertex -39 -7.25 57
      vertex -39 -6.8655 45.3656
      vertex -39 -6.96629 44.6861
    endloop
  endfacet
  facet normal -1 0 0
    outer loop
      vertex -39 -7.25 57
      vertex -39 -6.69858 46.032
      vertex -39 -6.8655 45.3656
    endloop
  endfacet
  facet normal -1 0 0
    outer loop
      vertex -39 -7.25 57
      vertex -39 -6.46716 46.6788
      vertex -39 -6.69858 46.032
    endloop
  endfacet
  facet normal -1 0 0
    outer loop
      vertex -39 -7.25 57
      vertex -39 -6.17345 47.2998
      vertex -39 -6.46716 46.6788
    endloop
  endfacet
  facet normal -1 0 0
    outer loop
      vertex -39 -7.25 57
      vertex -39 -5.82029 47.889
      vertex -39 -6.17345 47.2998
    endloop
  endfacet
  facet normal -1 0 0
    outer loop
      vertex -39 -7.25 57
      vertex -39 -5.41107 48.4408
      vertex -39 -5.82029 47.889
    endloop
  endfacet
  facet normal -1 0 0
    outer loop
      vertex -39 7.26324 63.2695
      vertex -39 -7.26324 63.2695
      vertex -39 7.30284 63.5365
    endloop
  endfacet
  facet normal -1 0 0
    outer loop
      vertex -39 -7.30284 63.5365
      vertex -39 7.30284 63.5365
      vertex -39 -7.26324 63.2695
    endloop
  endfacet
  facet normal -1 0 0
    outer loop
      vertex -39 7.30284 63.5365
      vertex -39 -7.30284 63.5365
      vertex -39 7.36841 63.7983
    endloop
  endfacet
  facet normal -1 0 0
    outer loop
      vertex -39 -7.36841 63.7983
      vertex -39 7.36841 63.7983
      vertex -39 -7.30284 63.5365
    endloop
  endfacet
  facet normal -1 0 0
    outer loop
      vertex -39 7.36841 63.7983
      vertex -39 -7.36841 63.7983
      vertex -39 7.44059 64
    endloop
  endfacet
  facet normal -1 -0 0
    outer loop
      vertex -39 7.44059 64
      vertex -39 -7.36841 63.7983
      vertex -39 -7.44059 64
    endloop
  endfacet
  facet normal -1 0 0
    outer loop
      vertex -39 -12.75 57
      vertex -39 -26 64
      vertex -39 -12.75 63
    endloop
  endfacet
  facet normal -1 0 0
    outer loop
      vertex -39 -12.75 63
      vertex -39 -26 64
      vertex -39 -12.7368 63.2695
    endloop
  endfacet
  facet normal -1 -0 0
    outer loop
      vertex -39 -12.75 57
      vertex -39 -26 6
      vertex -39 -26 64
    endloop
  endfacet
  facet normal -1 0 0
    outer loop
      vertex -39 -12.6316 63.7983
      vertex -39 -26 64
      vertex -39 -12.5594 64
    endloop
  endfacet
  facet normal -1 0 0
    outer loop
      vertex -39 -12.6972 63.5365
      vertex -39 -26 64
      vertex -39 -12.6316 63.7983
    endloop
  endfacet
  facet normal -1 0 0
    outer loop
      vertex -39 -12.7368 63.2695
      vertex -39 -26 64
      vertex -39 -12.6972 63.5365
    endloop
  endfacet
  facet normal -1.84406e-18 0.740893 -0.671623
    outer loop
      vertex -32 -5.41107 48.4408
      vertex -39 -4.94975 48.9497
      vertex -32 -4.94975 48.9497
    endloop
  endfacet
  facet normal -1.84406e-18 0.740893 -0.671623
    outer loop
      vertex -39 -4.94975 48.9497
      vertex -32 -5.41107 48.4408
      vertex -39 -5.41107 48.4408
    endloop
  endfacet
  facet normal 0 -0.595687 -0.803217
    outer loop
      vertex -39 3.88899 49.8203
      vertex -32 4.44075 49.4111
      vertex -32 3.88899 49.8203
    endloop
  endfacet
  facet normal -0 -0.595687 -0.803217
    outer loop
      vertex -32 4.44075 49.4111
      vertex -39 3.88899 49.8203
      vertex -39 4.44075 49.4111
    endloop
  endfacet
  facet normal -1.81647e-18 0.941548 -0.336879
    outer loop
      vertex -32 -6.69858 46.032
      vertex -39 -6.46716 46.6788
      vertex -32 -6.46716 46.6788
    endloop
  endfacet
  facet normal -1.81647e-18 0.941548 -0.336879
    outer loop
      vertex -39 -6.46716 46.6788
      vertex -32 -6.69858 46.032
      vertex -39 -6.69858 46.032
    endloop
  endfacet
  facet normal 2.0003e-18 -0.90399 -0.427554
    outer loop
      vertex -39 6.46716 46.6788
      vertex -32 6.17345 47.2998
      vertex -39 6.17345 47.2998
    endloop
  endfacet
  facet normal 2.0003e-18 -0.90399 -0.427554
    outer loop
      vertex -32 6.17345 47.2998
      vertex -39 6.46716 46.6788
      vertex -32 6.46716 46.6788
    endloop
  endfacet
  facet normal 0 1 -0
    outer loop
      vertex -32 -7 26
      vertex -39 -7 44
      vertex -32 -7 44
    endloop
  endfacet
  facet normal 0 1 0
    outer loop
      vertex -39 -7 44
      vertex -32 -7 26
      vertex -39 -7 26
    endloop
  endfacet
  facet normal 1.22418e-18 -0.803223 0.595678
    outer loop
      vertex -39 5.41107 21.5592
      vertex -32 5.82029 22.111
      vertex -39 5.82029 22.111
    endloop
  endfacet
  facet normal 1.22418e-18 -0.803223 0.595678
    outer loop
      vertex -32 5.82029 22.111
      vertex -39 5.41107 21.5592
      vertex -32 5.41107 21.5592
    endloop
  endfacet
  facet normal -0 0.24296 0.970036
    outer loop
      vertex -39 -1.36563 19.1345
      vertex -32 -2.03199 19.3014
      vertex -32 -1.36563 19.1345
    endloop
  endfacet
  facet normal 0 0.24296 0.970036
    outer loop
      vertex -32 -2.03199 19.3014
      vertex -39 -1.36563 19.1345
      vertex -39 -2.03199 19.3014
    endloop
  endfacet
  facet normal -0 0.336857 0.941556
    outer loop
      vertex -39 -2.03199 19.3014
      vertex -32 -2.67878 19.5328
      vertex -32 -2.03199 19.3014
    endloop
  endfacet
  facet normal 0 0.336857 0.941556
    outer loop
      vertex -32 -2.67878 19.5328
      vertex -39 -2.03199 19.3014
      vertex -39 -2.67878 19.5328
    endloop
  endfacet
  facet normal -2.54991e-18 0.941548 0.336879
    outer loop
      vertex -32 -6.46716 23.3212
      vertex -39 -6.69858 23.968
      vertex -32 -6.69858 23.968
    endloop
  endfacet
  facet normal -2.54991e-18 0.941548 0.336879
    outer loop
      vertex -39 -6.69858 23.968
      vertex -32 -6.46716 23.3212
      vertex -39 -6.46716 23.3212
    endloop
  endfacet
  facet normal 3.40257e-19 0.857724 0.51411
    outer loop
      vertex -32 -5.82029 22.111
      vertex -39 -6.17345 22.7002
      vertex -32 -6.17345 22.7002
    endloop
  endfacet
  facet normal 3.40257e-19 0.857724 0.51411
    outer loop
      vertex -39 -6.17345 22.7002
      vertex -32 -5.82029 22.111
      vertex -39 -5.82029 22.111
    endloop
  endfacet
  facet normal -0 0.0490576 0.998796
    outer loop
      vertex -39 0 19
      vertex -32 -0.68612 19.0337
      vertex -32 0 19
    endloop
  endfacet
  facet normal 0 0.0490576 0.998796
    outer loop
      vertex -32 -0.68612 19.0337
      vertex -39 0 19
      vertex -39 -0.68612 19.0337
    endloop
  endfacet
  facet normal 0 -0.0490577 0.998796
    outer loop
      vertex -39 0.686119 19.0337
      vertex -32 0 19
      vertex -32 0.686119 19.0337
    endloop
  endfacet
  facet normal 0 -0.0490577 0.998796
    outer loop
      vertex -32 0 19
      vertex -39 0.686119 19.0337
      vertex -39 0 19
    endloop
  endfacet
  facet normal 1.81647e-18 -0.941548 -0.336879
    outer loop
      vertex -39 6.69858 46.032
      vertex -32 6.46716 46.6788
      vertex -39 6.46716 46.6788
    endloop
  endfacet
  facet normal 1.81647e-18 -0.941548 -0.336879
    outer loop
      vertex -32 6.46716 46.6788
      vertex -39 6.69858 46.032
      vertex -32 6.69858 46.032
    endloop
  endfacet
  facet normal -0 0.671614 0.740901
    outer loop
      vertex -39 -4.44075 20.5889
      vertex -32 -4.94975 21.0503
      vertex -32 -4.44075 20.5889
    endloop
  endfacet
  facet normal 0 0.671614 0.740901
    outer loop
      vertex -32 -4.94975 21.0503
      vertex -39 -4.44075 20.5889
      vertex -39 -4.94975 21.0503
    endloop
  endfacet
  facet normal 0 -1 0
    outer loop
      vertex -39 7 26
      vertex -32 7 44
      vertex -39 7 44
    endloop
  endfacet
  facet normal 0 -1 -0
    outer loop
      vertex -32 7 44
      vertex -39 7 26
      vertex -32 7 26
    endloop
  endfacet
  facet normal -0 0.595687 0.803217
    outer loop
      vertex -39 -3.88899 20.1797
      vertex -32 -4.44075 20.5889
      vertex -32 -3.88899 20.1797
    endloop
  endfacet
  facet normal 0 0.595687 0.803217
    outer loop
      vertex -32 -4.44075 20.5889
      vertex -39 -3.88899 20.1797
      vertex -39 -4.44075 20.5889
    endloop
  endfacet
  facet normal 0 0.51404 -0.857766
    outer loop
      vertex -39 -3.88899 49.8203
      vertex -32 -3.29978 50.1734
      vertex -32 -3.88899 49.8203
    endloop
  endfacet
  facet normal 0 0.51404 -0.857766
    outer loop
      vertex -32 -3.29978 50.1734
      vertex -39 -3.88899 49.8203
      vertex -39 -3.29978 50.1734
    endloop
  endfacet
  facet normal 1.22418e-18 0.803223 -0.595678
    outer loop
      vertex -32 -5.82029 47.889
      vertex -39 -5.41107 48.4408
      vertex -32 -5.41107 48.4408
    endloop
  endfacet
  facet normal 1.22418e-18 0.803223 -0.595678
    outer loop
      vertex -39 -5.41107 48.4408
      vertex -32 -5.82029 47.889
      vertex -39 -5.82029 47.889
    endloop
  endfacet
  facet normal -1.10524e-18 0.989177 0.146724
    outer loop
      vertex -32 -6.8655 24.6344
      vertex -39 -6.96629 25.3139
      vertex -32 -6.96629 25.3139
    endloop
  endfacet
  facet normal -1.10524e-18 0.989177 0.146724
    outer loop
      vertex -39 -6.96629 25.3139
      vertex -32 -6.8655 24.6344
      vertex -39 -6.8655 24.6344
    endloop
  endfacet
  facet normal 0 0.0490576 -0.998796
    outer loop
      vertex -39 -0.68612 50.9663
      vertex -32 0 51
      vertex -32 -0.68612 50.9663
    endloop
  endfacet
  facet normal 0 0.0490576 -0.998796
    outer loop
      vertex -32 0 51
      vertex -39 -0.68612 50.9663
      vertex -39 0 51
    endloop
  endfacet
  facet normal -1.78394e-19 0.998795 0.0490736
    outer loop
      vertex -32 -6.96629 25.3139
      vertex -39 -7 26
      vertex -32 -7 26
    endloop
  endfacet
  facet normal -1.78394e-19 0.998795 0.0490736
    outer loop
      vertex -39 -7 26
      vertex -32 -6.96629 25.3139
      vertex -39 -6.96629 25.3139
    endloop
  endfacet
  facet normal 0 -0.146736 0.989176
    outer loop
      vertex -39 1.36563 19.1345
      vertex -32 0.686119 19.0337
      vertex -32 1.36563 19.1345
    endloop
  endfacet
  facet normal 0 -0.146736 0.989176
    outer loop
      vertex -32 0.686119 19.0337
      vertex -39 1.36563 19.1345
      vertex -39 0.686119 19.0337
    endloop
  endfacet
  facet normal 0 -0.427661 -0.903939
    outer loop
      vertex -39 2.67878 50.4672
      vertex -32 3.29978 50.1734
      vertex -32 2.67878 50.4672
    endloop
  endfacet
  facet normal -0 -0.427661 -0.903939
    outer loop
      vertex -32 3.29978 50.1734
      vertex -39 2.67878 50.4672
      vertex -39 3.29978 50.1734
    endloop
  endfacet
  facet normal -0 0.427542 0.903996
    outer loop
      vertex -39 -2.67878 19.5328
      vertex -32 -3.29978 19.8265
      vertex -32 -2.67878 19.5328
    endloop
  endfacet
  facet normal 0 0.427542 0.903996
    outer loop
      vertex -32 -3.29978 19.8265
      vertex -39 -2.67878 19.5328
      vertex -39 -3.29978 19.8265
    endloop
  endfacet
  facet normal -2.0003e-18 0.90399 -0.427554
    outer loop
      vertex -32 -6.46716 46.6788
      vertex -39 -6.17345 47.2998
      vertex -32 -6.17345 47.2998
    endloop
  endfacet
  facet normal -2.0003e-18 0.90399 -0.427554
    outer loop
      vertex -39 -6.17345 47.2998
      vertex -32 -6.46716 46.6788
      vertex -39 -6.46716 46.6788
    endloop
  endfacet
  facet normal 0 0.427661 -0.903939
    outer loop
      vertex -39 -3.29978 50.1734
      vertex -32 -2.67878 50.4672
      vertex -32 -3.29978 50.1734
    endloop
  endfacet
  facet normal 0 0.427661 -0.903939
    outer loop
      vertex -32 -2.67878 50.4672
      vertex -39 -3.29978 50.1734
      vertex -39 -2.67878 50.4672
    endloop
  endfacet
  facet normal 2.02032e-18 0.857724 -0.51411
    outer loop
      vertex -32 -6.17345 47.2998
      vertex -39 -5.82029 47.889
      vertex -32 -5.82029 47.889
    endloop
  endfacet
  facet normal 2.02032e-18 0.857724 -0.51411
    outer loop
      vertex -39 -5.82029 47.889
      vertex -32 -6.17345 47.2998
      vertex -39 -6.17345 47.2998
    endloop
  endfacet
  facet normal 0 0.336857 -0.941556
    outer loop
      vertex -39 -2.67878 50.4672
      vertex -32 -2.03199 50.6986
      vertex -32 -2.67878 50.4672
    endloop
  endfacet
  facet normal 0 0.336857 -0.941556
    outer loop
      vertex -32 -2.03199 50.6986
      vertex -39 -2.67878 50.4672
      vertex -39 -2.03199 50.6986
    endloop
  endfacet
  facet normal -2.02032e-18 -0.857724 -0.51411
    outer loop
      vertex -39 6.17345 47.2998
      vertex -32 5.82029 47.889
      vertex -39 5.82029 47.889
    endloop
  endfacet
  facet normal -2.02032e-18 -0.857724 -0.51411
    outer loop
      vertex -32 5.82029 47.889
      vertex -39 6.17345 47.2998
      vertex -32 6.17345 47.2998
    endloop
  endfacet
  facet normal 1.6863e-19 -0.998795 -0.0490736
    outer loop
      vertex -39 7 44
      vertex -32 6.96629 44.6861
      vertex -39 6.96629 44.6861
    endloop
  endfacet
  facet normal 1.6863e-19 -0.998795 -0.0490736
    outer loop
      vertex -32 6.96629 44.6861
      vertex -39 7 44
      vertex -32 7 44
    endloop
  endfacet
  facet normal -1.22418e-18 -0.803223 -0.595678
    outer loop
      vertex -39 5.82029 47.889
      vertex -32 5.41107 48.4408
      vertex -39 5.41107 48.4408
    endloop
  endfacet
  facet normal -1.22418e-18 -0.803223 -0.595678
    outer loop
      vertex -32 5.41107 48.4408
      vertex -39 5.82029 47.889
      vertex -32 5.82029 47.889
    endloop
  endfacet
  facet normal 0 -0.51404 -0.857766
    outer loop
      vertex -39 3.29978 50.1734
      vertex -32 3.88899 49.8203
      vertex -32 3.29978 50.1734
    endloop
  endfacet
  facet normal -0 -0.51404 -0.857766
    outer loop
      vertex -32 3.88899 49.8203
      vertex -39 3.29978 50.1734
      vertex -39 3.88899 49.8203
    endloop
  endfacet
  facet normal 1.84406e-18 -0.740893 -0.671623
    outer loop
      vertex -39 5.41107 48.4408
      vertex -32 4.94975 48.9497
      vertex -39 4.94975 48.9497
    endloop
  endfacet
  facet normal 1.84406e-18 -0.740893 -0.671623
    outer loop
      vertex -32 4.94975 48.9497
      vertex -39 5.41107 48.4408
      vertex -32 5.41107 48.4408
    endloop
  endfacet
  facet normal 0 -0.514147 0.857702
    outer loop
      vertex -39 3.88899 20.1797
      vertex -32 3.29978 19.8265
      vertex -32 3.88899 20.1797
    endloop
  endfacet
  facet normal 0 -0.514147 0.857702
    outer loop
      vertex -32 3.29978 19.8265
      vertex -39 3.88899 20.1797
      vertex -39 3.29978 19.8265
    endloop
  endfacet
  facet normal -9.03061e-19 0.970033 0.242974
    outer loop
      vertex -32 -6.69858 23.968
      vertex -39 -6.8655 24.6344
      vertex -32 -6.8655 24.6344
    endloop
  endfacet
  facet normal -9.03061e-19 0.970033 0.242974
    outer loop
      vertex -39 -6.8655 24.6344
      vertex -32 -6.69858 23.968
      vertex -39 -6.69858 23.968
    endloop
  endfacet
  facet normal 0 -0.336857 0.941556
    outer loop
      vertex -39 2.67878 19.5328
      vertex -32 2.03199 19.3014
      vertex -32 2.67878 19.5328
    endloop
  endfacet
  facet normal 0 -0.336857 0.941556
    outer loop
      vertex -32 2.03199 19.3014
      vertex -39 2.67878 19.5328
      vertex -39 2.03199 19.3014
    endloop
  endfacet
  facet normal 0 -0.427542 0.903996
    outer loop
      vertex -39 3.29978 19.8265
      vertex -32 2.67878 19.5328
      vertex -32 3.29978 19.8265
    endloop
  endfacet
  facet normal 0 -0.427542 0.903996
    outer loop
      vertex -32 2.67878 19.5328
      vertex -39 3.29978 19.8265
      vertex -39 2.67878 19.5328
    endloop
  endfacet
  facet normal 1.21008e-18 -0.989177 -0.146724
    outer loop
      vertex -39 6.96629 44.6861
      vertex -32 6.8655 45.3656
      vertex -39 6.8655 45.3656
    endloop
  endfacet
  facet normal 1.21008e-18 -0.989177 -0.146724
    outer loop
      vertex -32 6.8655 45.3656
      vertex -39 6.96629 44.6861
      vertex -32 6.96629 44.6861
    endloop
  endfacet
  facet normal 9.03061e-19 -0.970033 0.242974
    outer loop
      vertex -39 6.69858 23.968
      vertex -32 6.8655 24.6344
      vertex -39 6.8655 24.6344
    endloop
  endfacet
  facet normal 9.03061e-19 -0.970033 0.242974
    outer loop
      vertex -32 6.8655 24.6344
      vertex -39 6.69858 23.968
      vertex -32 6.69858 23.968
    endloop
  endfacet
  facet normal -0 0.146736 0.989176
    outer loop
      vertex -39 -0.68612 19.0337
      vertex -32 -1.36563 19.1345
      vertex -32 -0.68612 19.0337
    endloop
  endfacet
  facet normal 0 0.146736 0.989176
    outer loop
      vertex -32 -1.36563 19.1345
      vertex -39 -0.68612 19.0337
      vertex -39 -1.36563 19.1345
    endloop
  endfacet
  facet normal 0 -0.146736 -0.989176
    outer loop
      vertex -39 0.686119 50.9663
      vertex -32 1.36563 50.8655
      vertex -32 0.686119 50.9663
    endloop
  endfacet
  facet normal -0 -0.146736 -0.989176
    outer loop
      vertex -32 1.36563 50.8655
      vertex -39 0.686119 50.9663
      vertex -39 1.36563 50.8655
    endloop
  endfacet
  facet normal 0 0.671614 -0.740901
    outer loop
      vertex -39 -4.94975 48.9497
      vertex -32 -4.44075 49.4111
      vertex -32 -4.94975 48.9497
    endloop
  endfacet
  facet normal 0 0.671614 -0.740901
    outer loop
      vertex -32 -4.44075 49.4111
      vertex -39 -4.94975 48.9497
      vertex -39 -4.44075 49.4111
    endloop
  endfacet
  facet normal 0 -0.671614 -0.740901
    outer loop
      vertex -39 4.44075 49.4111
      vertex -32 4.94975 48.9497
      vertex -32 4.44075 49.4111
    endloop
  endfacet
  facet normal -0 -0.671614 -0.740901
    outer loop
      vertex -32 4.94975 48.9497
      vertex -39 4.44075 49.4111
      vertex -39 4.94975 48.9497
    endloop
  endfacet
  facet normal 0 -0.24296 -0.970036
    outer loop
      vertex -39 1.36563 50.8655
      vertex -32 2.03199 50.6986
      vertex -32 1.36563 50.8655
    endloop
  endfacet
  facet normal -0 -0.24296 -0.970036
    outer loop
      vertex -32 2.03199 50.6986
      vertex -39 1.36563 50.8655
      vertex -39 2.03199 50.6986
    endloop
  endfacet
  facet normal 0 0.595687 -0.803217
    outer loop
      vertex -39 -4.44075 49.4111
      vertex -32 -3.88899 49.8203
      vertex -32 -4.44075 49.4111
    endloop
  endfacet
  facet normal 0 0.595687 -0.803217
    outer loop
      vertex -32 -3.88899 49.8203
      vertex -39 -4.44075 49.4111
      vertex -39 -3.88899 49.8203
    endloop
  endfacet
  facet normal 0 -0.0490577 -0.998796
    outer loop
      vertex -39 0 51
      vertex -32 0.686119 50.9663
      vertex -32 0 51
    endloop
  endfacet
  facet normal -0 -0.0490577 -0.998796
    outer loop
      vertex -32 0.686119 50.9663
      vertex -39 0 51
      vertex -39 0.686119 50.9663
    endloop
  endfacet
  facet normal 1.208e-18 -0.970033 -0.242974
    outer loop
      vertex -39 6.8655 45.3656
      vertex -32 6.69858 46.032
      vertex -39 6.69858 46.032
    endloop
  endfacet
  facet normal 1.208e-18 -0.970033 -0.242974
    outer loop
      vertex -32 6.69858 46.032
      vertex -39 6.8655 45.3656
      vertex -32 6.8655 45.3656
    endloop
  endfacet
  facet normal -1.21008e-18 0.989177 -0.146724
    outer loop
      vertex -32 -6.96629 44.6861
      vertex -39 -6.8655 45.3656
      vertex -32 -6.8655 45.3656
    endloop
  endfacet
  facet normal -1.21008e-18 0.989177 -0.146724
    outer loop
      vertex -39 -6.8655 45.3656
      vertex -32 -6.96629 44.6861
      vertex -39 -6.96629 44.6861
    endloop
  endfacet
  facet normal 1.10524e-18 -0.989177 0.146724
    outer loop
      vertex -39 6.8655 24.6344
      vertex -32 6.96629 25.3139
      vertex -39 6.96629 25.3139
    endloop
  endfacet
  facet normal 1.10524e-18 -0.989177 0.146724
    outer loop
      vertex -32 6.96629 25.3139
      vertex -39 6.8655 24.6344
      vertex -32 6.8655 24.6344
    endloop
  endfacet
  facet normal 1.56143e-18 0.740893 0.671623
    outer loop
      vertex -32 -4.94975 21.0503
      vertex -39 -5.41107 21.5592
      vertex -32 -5.41107 21.5592
    endloop
  endfacet
  facet normal 1.56143e-18 0.740893 0.671623
    outer loop
      vertex -39 -5.41107 21.5592
      vertex -32 -4.94975 21.0503
      vertex -39 -4.94975 21.0503
    endloop
  endfacet
  facet normal -1.22418e-18 0.803223 0.595678
    outer loop
      vertex -32 -5.41107 21.5592
      vertex -39 -5.82029 22.111
      vertex -32 -5.82029 22.111
    endloop
  endfacet
  facet normal -1.22418e-18 0.803223 0.595678
    outer loop
      vertex -39 -5.82029 22.111
      vertex -32 -5.41107 21.5592
      vertex -39 -5.41107 21.5592
    endloop
  endfacet
  facet normal 1.78394e-19 -0.998795 0.0490736
    outer loop
      vertex -39 6.96629 25.3139
      vertex -32 7 26
      vertex -39 7 26
    endloop
  endfacet
  facet normal 1.78394e-19 -0.998795 0.0490736
    outer loop
      vertex -32 7 26
      vertex -39 6.96629 25.3139
      vertex -32 6.96629 25.3139
    endloop
  endfacet
  facet normal 9.05016e-19 0.90399 0.427554
    outer loop
      vertex -32 -6.17345 22.7002
      vertex -39 -6.46716 23.3212
      vertex -32 -6.46716 23.3212
    endloop
  endfacet
  facet normal 9.05016e-19 0.90399 0.427554
    outer loop
      vertex -39 -6.46716 23.3212
      vertex -32 -6.17345 22.7002
      vertex -39 -6.17345 22.7002
    endloop
  endfacet
  facet normal -0 0.514147 0.857702
    outer loop
      vertex -39 -3.29978 19.8265
      vertex -32 -3.88899 20.1797
      vertex -32 -3.29978 19.8265
    endloop
  endfacet
  facet normal 0 0.514147 0.857702
    outer loop
      vertex -32 -3.88899 20.1797
      vertex -39 -3.29978 19.8265
      vertex -39 -3.88899 20.1797
    endloop
  endfacet
  facet normal 0 0.146736 -0.989176
    outer loop
      vertex -39 -1.36563 50.8655
      vertex -32 -0.68612 50.9663
      vertex -32 -1.36563 50.8655
    endloop
  endfacet
  facet normal 0 0.146736 -0.989176
    outer loop
      vertex -32 -0.68612 50.9663
      vertex -39 -1.36563 50.8655
      vertex -39 -0.68612 50.9663
    endloop
  endfacet
  facet normal -1.208e-18 0.970033 -0.242974
    outer loop
      vertex -32 -6.8655 45.3656
      vertex -39 -6.69858 46.032
      vertex -32 -6.69858 46.032
    endloop
  endfacet
  facet normal -1.208e-18 0.970033 -0.242974
    outer loop
      vertex -39 -6.69858 46.032
      vertex -32 -6.8655 45.3656
      vertex -39 -6.8655 45.3656
    endloop
  endfacet
  facet normal 0 -0.595687 0.803217
    outer loop
      vertex -39 4.44075 20.5889
      vertex -32 3.88899 20.1797
      vertex -32 4.44075 20.5889
    endloop
  endfacet
  facet normal 0 -0.595687 0.803217
    outer loop
      vertex -32 3.88899 20.1797
      vertex -39 4.44075 20.5889
      vertex -39 3.88899 20.1797
    endloop
  endfacet
  facet normal -3.40257e-19 -0.857724 0.51411
    outer loop
      vertex -39 5.82029 22.111
      vertex -32 6.17345 22.7002
      vertex -39 6.17345 22.7002
    endloop
  endfacet
  facet normal -3.40257e-19 -0.857724 0.51411
    outer loop
      vertex -32 6.17345 22.7002
      vertex -39 5.82029 22.111
      vertex -32 5.82029 22.111
    endloop
  endfacet
  facet normal 0 -0.671614 0.740901
    outer loop
      vertex -39 4.94975 21.0503
      vertex -32 4.44075 20.5889
      vertex -32 4.94975 21.0503
    endloop
  endfacet
  facet normal 0 -0.671614 0.740901
    outer loop
      vertex -32 4.44075 20.5889
      vertex -39 4.94975 21.0503
      vertex -39 4.44075 20.5889
    endloop
  endfacet
  facet normal -1.56143e-18 -0.740893 0.671623
    outer loop
      vertex -39 4.94975 21.0503
      vertex -32 5.41107 21.5592
      vertex -39 5.41107 21.5592
    endloop
  endfacet
  facet normal -1.56143e-18 -0.740893 0.671623
    outer loop
      vertex -32 5.41107 21.5592
      vertex -39 4.94975 21.0503
      vertex -32 4.94975 21.0503
    endloop
  endfacet
  facet normal -1.6863e-19 0.998795 -0.0490736
    outer loop
      vertex -32 -7 44
      vertex -39 -6.96629 44.6861
      vertex -32 -6.96629 44.6861
    endloop
  endfacet
  facet normal -1.6863e-19 0.998795 -0.0490736
    outer loop
      vertex -39 -6.96629 44.6861
      vertex -32 -7 44
      vertex -39 -7 44
    endloop
  endfacet
  facet normal 0 -0.336857 -0.941556
    outer loop
      vertex -39 2.03199 50.6986
      vertex -32 2.67878 50.4672
      vertex -32 2.03199 50.6986
    endloop
  endfacet
  facet normal -0 -0.336857 -0.941556
    outer loop
      vertex -32 2.67878 50.4672
      vertex -39 2.03199 50.6986
      vertex -39 2.67878 50.4672
    endloop
  endfacet
  facet normal 0 0.24296 -0.970036
    outer loop
      vertex -39 -2.03199 50.6986
      vertex -32 -1.36563 50.8655
      vertex -32 -2.03199 50.6986
    endloop
  endfacet
  facet normal 0 0.24296 -0.970036
    outer loop
      vertex -32 -1.36563 50.8655
      vertex -39 -2.03199 50.6986
      vertex -39 -1.36563 50.8655
    endloop
  endfacet
  facet normal 0 -0.24296 0.970036
    outer loop
      vertex -39 2.03199 19.3014
      vertex -32 1.36563 19.1345
      vertex -32 2.03199 19.3014
    endloop
  endfacet
  facet normal 0 -0.24296 0.970036
    outer loop
      vertex -32 1.36563 19.1345
      vertex -39 2.03199 19.3014
      vertex -39 1.36563 19.1345
    endloop
  endfacet
  facet normal -9.05016e-19 -0.90399 0.427554
    outer loop
      vertex -39 6.17345 22.7002
      vertex -32 6.46716 23.3212
      vertex -39 6.46716 23.3212
    endloop
  endfacet
  facet normal -9.05016e-19 -0.90399 0.427554
    outer loop
      vertex -32 6.46716 23.3212
      vertex -39 6.17345 22.7002
      vertex -32 6.17345 22.7002
    endloop
  endfacet
  facet normal 2.54991e-18 -0.941548 0.336879
    outer loop
      vertex -39 6.46716 23.3212
      vertex -32 6.69858 23.968
      vertex -39 6.69858 23.968
    endloop
  endfacet
  facet normal 2.54991e-18 -0.941548 0.336879
    outer loop
      vertex -32 6.69858 23.968
      vertex -39 6.46716 23.3212
      vertex -32 6.46716 23.3212
    endloop
  endfacet
  facet normal -1 0 0
    outer loop
      vertex -34.5 -14.25 0
      vertex -34.5 -19.75 0
      vertex -34.5 -14.25 6
    endloop
  endfacet
  facet normal -1 0 0
    outer loop
      vertex -34.5 -23.5 -40.4
      vertex -34.5 -14.25 0
      vertex -34.5 7.94931 0
    endloop
  endfacet
  facet normal -1 -0 0
    outer loop
      vertex -34.5 -14.25 0
      vertex -34.5 -23.5 -40.4
      vertex -34.5 -19.75 0
    endloop
  endfacet
  facet normal -1 -0 0
    outer loop
      vertex -34.5 -19.75 0
      vertex -34.5 -23.5 -40.4
      vertex -34.5 -23.5 0
    endloop
  endfacet
  facet normal -1 -0 0
    outer loop
      vertex -34.5 -14.25 6
      vertex -34.5 -19.75 0
      vertex -34.5 -19.75 6
    endloop
  endfacet
  facet normal 0 -1 0
    outer loop
      vertex -34.5 -23.5 -40.4
      vertex -29.5 -23.5 0
      vertex -34.5 -23.5 0
    endloop
  endfacet
  facet normal 0 -1 -0
    outer loop
      vertex -29.5 -23.5 0
      vertex -34.5 -23.5 -40.4
      vertex -29.5 -23.5 -40.4
    endloop
  endfacet
  facet normal -2.80062e-16 0.789096 -0.61427
    outer loop
      vertex -29.5 -23.5 -40.4
      vertex -34.5 7.94931 0
      vertex -29.5 7.94931 0
    endloop
  endfacet
  facet normal -2.80062e-16 0.789096 -0.61427
    outer loop
      vertex -34.5 7.94931 0
      vertex -29.5 -23.5 -40.4
      vertex -34.5 -23.5 -40.4
    endloop
  endfacet
  facet normal 1 0 0
    outer loop
      vertex -29.5 -14.2974 6
      vertex -29.5 -19.7026 6
      vertex -29.5 -14.2974 0
    endloop
  endfacet
  facet normal 1 0 0
    outer loop
      vertex -29.5 -19.7026 0
      vertex -29.5 -14.2974 0
      vertex -29.5 -19.7026 6
    endloop
  endfacet
  facet normal 1 0 0
    outer loop
      vertex -29.5 -23.5 -40.4
      vertex -29.5 -14.2974 0
      vertex -29.5 -19.7026 0
    endloop
  endfacet
  facet normal 1 0 0
    outer loop
      vertex -29.5 -23.5 -40.4
      vertex -29.5 -19.7026 0
      vertex -29.5 -23.5 0
    endloop
  endfacet
  facet normal 1 -0 0
    outer loop
      vertex -29.5 -14.2974 0
      vertex -29.5 -23.5 -40.4
      vertex -29.5 7.94931 0
    endloop
  endfacet
  facet normal -1 0 0
    outer loop
      vertex -34.5 23.5 -40.4
      vertex -34.5 26 0
      vertex -34.5 59.62 6
    endloop
  endfacet
  facet normal -1 -0 0
    outer loop
      vertex -34.5 26 0
      vertex -34.5 23.5 -40.4
      vertex -34.5 23.5 0
    endloop
  endfacet
  facet normal -1 -0 0
    outer loop
      vertex -34.5 59.62 6
      vertex -34.5 26 0
      vertex -34.5 26 6
    endloop
  endfacet
  facet normal 0 -1 0
    outer loop
      vertex -34.5 23.5 -40.4
      vertex -29.5 23.5 0
      vertex -34.5 23.5 0
    endloop
  endfacet
  facet normal 0 -1 -0
    outer loop
      vertex -29.5 23.5 0
      vertex -34.5 23.5 -40.4
      vertex -29.5 23.5 -40.4
    endloop
  endfacet
  facet normal -5.8582e-17 0.789096 -0.61427
    outer loop
      vertex -29.5 23.5 -40.4
      vertex -34.5 59.62 6
      vertex -29.5 59.62 6
    endloop
  endfacet
  facet normal -5.8582e-17 0.789096 -0.61427
    outer loop
      vertex -34.5 59.62 6
      vertex -29.5 23.5 -40.4
      vertex -34.5 23.5 -40.4
    endloop
  endfacet
  facet normal 1 0 0
    outer loop
      vertex -29.5 26 0
      vertex -29.5 59.62 6
      vertex -29.5 26 6
    endloop
  endfacet
  facet normal 1 -0 0
    outer loop
      vertex -29.5 26 0
      vertex -29.5 23.5 -40.4
      vertex -29.5 59.62 6
    endloop
  endfacet
  facet normal 1 0 0
    outer loop
      vertex -29.5 23.5 -40.4
      vertex -29.5 26 0
      vertex -29.5 23.5 0
    endloop
  endfacet
endsolid OpenSCAD_Model
